ord_id,order_dt,cust_fname,cust_lname,location,product_info,qty
ORD-20261002-3262,02/10/2062 22:04,Roshni,tiwari,"ahmedabad, gujarat",Electronics|Laptop Stand|749,2
ORD-20261002-2797,02/10/2026 00:49,saanvi,Parmar,"Surat, Gujarat",Electronics|Laptop Stand|749, 1 
ORD-20261002-0423,2026-10-02 17:07:16,Neel,thakkar,"Pune, Maharashtra",Electronics|Wireless Earbuds|1299,2
ORD-20261002-1105,02-10-2026 15:18,Arjun,pillai,"Chennai, Tamil Nadu",Electronics|Laptop Stand|749,1
ORD-20261002-2948,02/10/2026 12:13,Payal,RATHOD,"Hyderabad, Telangana",Electronics|Bluetooth Speaker|1799,3
ORD-20261002-4490,2026-10-02 19:20:33,SHAURYA,Khanna,"lucknow, uttar pradesh",Electronics|Laptop Stand|749,2.0
ORD-20261002-2260,2026-10-02 18:12:44,  Jay ,Mukherjee,"mumbai, maharashtra",Fashion|Running Shoes|2199,1
ORD-20261002-1524,02/10/2026 18:56,  Kriti ,PARMAR,"CHENNAI, TAMIL NADU",Beauty|Sunscreen|449,3
ORD-20261002-1755,2026-10-02 18:23:15,Riya,  Chopra ,N/A,Home And Kitchen|Steel Water Bottle|399,2
ORD-20261002-0764,02/10/2026 20:52,Swati,Chauhan,"Kolkata, West Bengal",Beauty|Sunscreen|449,one
ORD-20261002-0314,02-10-2026 11:12,  Reyansh ,pawar,"Mumbai, Maharashtra",Sports|Cricket Bat|1599,2
ORD-20261002-3265,02/10/2026 21:17,Vivaan,Chopra,"Mumbai, Maharashtra",Electronics|Wireless Earbuds|1299,1
ORD-20261002-1706,02/10/2026 17:54,Saanvi,chaudhary,"Bengaluru, Karnataka",Home And Kitchen|Steel Water Bottle|399,4
ORD-20261002-2360,2026-10-02 21:24:41,ROSHNI,Agarwal,"Delhi, Delhi",Electronics|Power Bank|899,1
ORD-20261002-1146,02-10-2026 09:18,Sneha,Gupta,"mysuru, karnataka",Sports|Football|799,1
ORD-20261002-0259,2026-10-02 08:43:11,AANYA,SHAH,"Kolkata, West Bengal",Beauty|Sunscreen|449,1
ORD-20261002-0658,2026-10-02 21:52:42,Diya,GUPTA,"Coimbatore, Tamil Nadu",Home And Kitchen|Steel Water Bottle|399,3
ORD-20261002-4402,2026-10-02 18:05:36,Kriti,SAXENA,"Jaipur, Rajasthan",Sports|Football|799, 1 
ORD-20261002-0174,02/10/2026 19:48,Tanvi,parmar,"Bengaluru, Karnataka",Electronics|Smart Watch|2499,1
ORD-20261002-4698,02/10/2026 13:13,Kabir,Rathod,"Chennai, Tamil Nadu",Electronics|Bluetooth Speaker|1799,2
ORD-20261002-4348,02-10-2026 14:41,VARUN,Thakkar,"LUCKNOW, UTTAR PRADESH",Electronics|Laptop Stand|749,1
ORD-20261002-0886,2026-10-02 20:14:13,Ritu,das,"bengaluru, karnataka",Home And Kitchen|Steel Water Bottle|399,1
ORD-20261002-0706,2026-10-02 12:39:32,Tushar,  Verma ,"Bengaluru, Karnataka",Beauty|Lipstick|399,1
ORD-20261002-0403,2026-10-02 12:46:55,Vihaan,Kapoor,"Surat, Gujarat",Electronics|Wireless Earbuds|1299,1
ORD-20261002-2378,02/10/2026 22:57,Myra,Desai,"Bengaluru, Karnataka",Home And Kitchen|Storage Box|299,1
ORD-20261002-4378,02-10-2026 19:51,Pranav,Kapoor,"Surat, Gujarat",Sports|Football|799,1
ORD-20261002-4455,02/10/2026 13:27,Riya,  Mukherjee ,"DELHI, DELHI",Home And Kitchen|Non Stick Pan|1099,2
ORD-20261002-3311,2026-10-02 14:40:23,Rudra,Patel,"Kolkata, West Bengal",Fashion|Cotton Kurta|799,2
ORD-20261002-4622,02-10-2026 12:57,Pooja,Shah,"Kolkata, West Bengal",Sports|Cricket Bat|1599,1.0
ORD-20261002-1177,2026-10-02 09:48:31,Priya,Chopra,"Bengaluru, Karnataka",Home And Kitchen|Non Stick Pan|1099,1
ORD-20261002-2124,30/02/2026 00:54,Sneha,kalavadia,"Delhi, Delhi",Electronics|Wireless Earbuds|1299,3
ORD-20261002-0463,2026-10-02 10:35:50,SAI,sinha,"Chennai, Tamil Nadu",Electronics|Power Bank|899,1
ORD-20261002-4167,02/10/2026 21:36,Suresh,Shah,"Chennai, Tamil Nadu",Sports|Yoga Mat|699,3
ORD-20261002-1757,02-10-2026 21:01,Ayaan,Mukherjee,"surat, gujarat",Home And Kitchen|Non Stick Pan|1099,2
ORD-20261002-2746,02/10/2026 21:49,nikhil,Gupta,"  Pune, Maharashtra ",Home And Kitchen|Non Stick Pan|1099,5
ORD-20261002-3476,02-10-2026 03:04,  Simran ,parmar,"DELHI, DELHI",Electronics|Bluetooth Speaker|1799,3
ORD-20261002-2835,02/10/2026 04:44,Tanvi,Mehta,"Mysuru, Karnataka",Electronics|Smart Watch|2499,4
ORD-20261002-4246,,Sneha,Malhotra,"Jaipur, Rajasthan",Beauty|Sunscreen|449, 1 
ORD-20261002-4253,02/10/2026 10:05,Shreya,Khanna,"Vadodara, Gujarat",Fashion|Cotton Kurta|799,1.0
ORD-20261002-0023,02-10-2026 09:02,Roshni,Rathod,"Delhi, Delhi",Sports|Dumbbell Set|1899,1
ORD-20261002-0668,02/10/2026 18:34,Diya,PATEL,"  Pune, Maharashtra ",Electronics|Bluetooth Speaker|1799,1.0
ORD-20261002-0586,2026-10-02 21:40:59,Sara,  Saxena ,"kolkata, west bengal",Fashion|Sunglasses|999,2
ORD-20261002-1887,2026-10-02 14:51:11,om,  Thakkar ,"  Jaipur, Rajasthan ",Sports|Skipping Rope|199, 2 
ORD-20261002-0786,2026-10-02 18:27:17,vivaan,Menon,"  Jaipur, Rajasthan ",Electronics|Laptop Stand|749,1
ORD-20261002-1016,2026-10-02 20:59:12,tushar,Pawar,"  Lucknow, Uttar Pradesh ",Beauty|Perfume|1299,1
ORD-20261002-1953,02/10/2026 08:44,Sara,  Desai ,"Bengaluru, Karnataka",Fashion|Leather Wallet|499,1
ORD-20261002-4711,02/10/2026 14:05,Sai,iyer,"Hyderabad, Telangana",Sports|Football|799, 1 
ORD-20261002-0195,2026-10-02 19:43:42,Aditi,Patel,"  Kolkata, West Bengal ",Electronics|Laptop Stand|749,1
ORD-20261002-2180,N/A,Palak,Patil,"Lucknow, Uttar Pradesh",Electronics|Smart Watch|2499,2
ORD-20261002-0537,2026-10-02 20:34:55,harsh,Arora,"mumbai, maharashtra",Sports|Dumbbell Set|1899, 3 
ORD-20261002-4815,02-10-2026 08:16,roshni,  Modi ,"DELHI, DELHI",Beauty|Sunscreen|449,2
ORD-20261002-2583,02/10/2026 22:38,Jay,  Khanna ,,Home And Kitchen|Non Stick Pan|1099,1
ORD-20261002-4044,2026-10-02 11:39:04,kabir,Trivedi,"hyderabad, telangana",Beauty|Face Wash|249,1
,2026-10-02 03:58:03,  Megha ,Reddy,"BENGALURU, KARNATAKA",Sports|Skipping Rope|199,3
ORD-20261002-3581,02/10/2026 23:03,Kriti,Pawar,"Pune, Maharashtra",Sports|Yoga Mat|699,1
ORD-20261002-2910,02/10/2026 22:12,Yash,Khanna,"mumbai, maharashtra",Electronics|Power Bank|899,1
ORD-20261002-3703,02/10/2026 13:17,Saanvi,Patel,"Ahmedabad, Gujarat",Electronics|Bluetooth Speaker|1799, 1 
ORD-20261002-4071,02/10/2026 01:08,  Krupa ,Saxena,"Chennai, Tamil Nadu",Home And Kitchen|Bedsheet Set|1499,2.0
ORD-20261002-2540,02/10/2026 18:54,Khushi,bansal,"Hyderabad, Telangana",Fashion|Denim Jeans|1199,2
ORD-20261002-1525,02/10/2026 13:44,Kunal,  Ghosh ,"Mysuru, Karnataka",Beauty|Perfume|1299,1
ORD-20261002-1072,02-10-2026 19:23,Krishna,Gupta,"Chennai, Tamil Nadu",Beauty|Lipstick|399,3
ORD-20261002-2685,2026-10-02 06:28:40,Nidhi,Vyas,"surat, gujarat",Beauty|Face Wash|249,1
ORD-20261002-2565,02/10/2026 07:33,Suresh,kumar,"MUMBAI, MAHARASHTRA",Home And Kitchen|Wall Clock|649,1
ORD-20261002-3924,2026-10-02 13:28:29,palak,Khanna,"Delhi, Delhi",Electronics|Wireless Earbuds|1299,2
ORD-20261002-4473,02/10/2026 19:46,Rajesh,Bose,N/A,Beauty|Sunscreen|449,3.0
ORD-20261002-1720,02-10-2026 12:43,aditi,Ghosh,"coimbatore, tamil nadu",Home And Kitchen|Storage Box|299,6
ORD-20261002-1491,2026-10-02 07:24:10,Aadhya,Iyer,"  Kolkata, West Bengal ",Home And Kitchen|Steel Water Bottle|399, 6 
ORD-20261002-3699,02/10/2026 18:30,ARJUN,  Rao ,"Surat, Gujarat",Electronics|Wireless Earbuds|1299,3
ORD-20261002-0304,02/10/2026 21:06,Varun,Yadav,"surat, gujarat",Electronics|Laptop Stand|749,1
ORD-20261002-3200,02-10-2026 15:52,  Pooja ,Gupta,"chennai, tamil nadu",Sports|Cricket Bat|1599,1
ORD-20261002-0555,2026-10-02 18:47:47,Payal,pillai,"PUNE, MAHARASHTRA",Home And Kitchen|Wall Clock|649,1
ORD-20261002-1556,02-10-2026 14:15,suresh,Srivastava,"Pune, Maharashtra",Beauty|Perfume|1299,1
ORD-20261002-3127,02/10/2026 23:38,ROSHNI,Khanna,"Delhi, Delhi",Electronics|Bluetooth Speaker|1799,two
ORD-20261002-1815,2026-10-02 10:34:34,  Pooja ,Parmar,,Home And Kitchen|Bedsheet Set|1499,1
ORD-20261002-1147,2026-10-02 22:19:24,Megha,kalavadia,"Kolkata, West Bengal",Fashion|Running Shoes|2199,2
ORD-20261002-1639,2026-10-02 07:31:35,Krupa,Chauhan,"Delhi, Delhi",Beauty|Hair Serum|549,3
ORD-20261002-1193,2026-10-02 15:44:18,Riya,Patil,"Mysuru, Karnataka",Electronics|Laptop Stand|749,4
ORD-20261002-3763,02/10/2062 01:51,Vihaan,Verma,"Vadodara, Gujarat",Beauty|Hair Serum|549,1
ORD-20261002-1303,02/10/2026 11:11,Ritu,Yadav,"surat, gujarat",Electronics|Laptop Stand|749,1
ORD-20261002-4175,02/10/2026 20:56,Myra,Bansal,"Chennai, Tamil Nadu",Fashion|Cotton Kurta|799,1
ORD-20261002-0936,02/10/2026 13:45,Rudra,Kulkarni,"Jaipur, Rajasthan",Electronics|Wireless Earbuds|1299, 2 
ORD-20261002-2891,02/10/2026 22:30,Parth,Singh,"CHENNAI, TAMIL NADU",Beauty|Lipstick|399,2
ORD-20261002-4601,02/10/2026 21:03,  Tanvi ,  Mehta ,"Mysuru, Karnataka",Sports|Skipping Rope|199,2
ORD-20261002-3443,2026-10-02 23:03:04,KHUSHI,sinha,"Coimbatore, Tamil Nadu",Electronics|Bluetooth Speaker|1799,1
ORD-20261002-1768,02/10/2026 20:27,Aadhya,Joshi,"Delhi, Delhi",Electronics|Bluetooth Speaker|1799,1
ORD-20261002-2349,2026-10-02 20:35:48,Kavya,Chauhan,"ahmedabad, gujarat",Fashion|Running Shoes|2199,1
ORD-20261002-2250,02/10/2026 09:23,sara,rao,"Mumbai, Maharashtra",Home And Kitchen|Bedsheet Set|1499,3.0
ORD-20261002-2036,02/10/2026 11:55,  Sneha ,Mehta,"Bengaluru, Karnataka",Electronics|Bluetooth Speaker|1799,1
ORD-20261002-1509,02/10/2026 22:55,Mihir,Sinha,"lucknow, uttar pradesh",Beauty|Lipstick|399,2
ORD-20261002-2214,02/10/2026 15:09,rahul,mukherjee,"  Chennai, Tamil Nadu ",Fashion|Running Shoes|2199, 1 
ORD-20261002-1836,02/10/2026 20:55,Pranav,ARORA,"Mumbai, Maharashtra",Fashion|Leather Wallet|499,5
ORD-20261002-2756,2026-10-02 20:13:24,kunal,Ghosh,"MYSURU, KARNATAKA",Home And Kitchen|Bedsheet Set|1499,3
ORD-20261002-0078,02/10/2026 19:20,Atharv,Rao,"  Pune, Maharashtra ",Electronics|Bluetooth Speaker|1799,1.0
ORD-20261002-0071,02/10/2026 18:31,jay,Pawar,"Mumbai, Maharashtra",Fashion|Running Shoes|2199,1
ORD-20261002-3659,02-10-2026 23:25,Shaurya,Kulkarni,"pune, maharashtra",Sports|Cricket Bat|1599,1
ORD-20261002-2047,02-10-2026 20:39,PARTH,Singh,"Delhi, Delhi",Home And Kitchen|Steel Water Bottle|399, 2 
ORD-20261002-1406,02/10/2026 17:34,Swati,Das,"delhi, delhi",Sports|Yoga Mat|699,2
ORD-20261002-0120,,Dhruv,  Dubey ,"Nagpur, Maharashtra",Electronics|Bluetooth Speaker|1799,2
ORD-20261002-1190,02/10/2026 01:08,vivaan,Arora,"Ahmedabad, Gujarat",Sports|Skipping Rope|199,3
ORD-20261002-0154,2026-10-02 21:56:09,Riya,,"Pune, Maharashtra",Beauty|Hair Serum|549,3
ORD-20261002-4163,02-10-2026 22:14,Tushar,,"Vadodara, Gujarat",Beauty|Perfume|1299,1
ORD-20261002-3773,2026-10-02 07:43:08,Isha,Kalavadia,"Bengaluru, Karnataka",Fashion|Cotton Kurta|799,2
ORD-20261002-2656,02/10/2026 18:46,Nikhil,PATEL,"Delhi, Delhi",Home And Kitchen|Non Stick Pan|1099,2
ORD-20261002-4510,02-10-2026 16:03,Shaurya,Solanki,"Delhi, Delhi",Home And Kitchen|Storage Box|299,3
ORD-20261002-0627,02/10/2026 21:56,ANJALI,Kalavadia,"Mumbai, Maharashtra",Home And Kitchen|Wall Clock|649,1
ORD-20261002-0957,02/10/2026 13:05,Ananya,Iyer,"BENGALURU, KARNATAKA",Sports|Football|799, 2 
ORD-20261002-1606,02/10/2026 13:10,diya,Trivedi,"Bengaluru, Karnataka",Fashion|Denim Jeans|1199,4
ORD-20261002-4688,02/10/2026 21:35,krishna,Bose,,Sports|Dumbbell Set|1899,2
ORD-20261002-4809,02/10/2026 22:37,Vikas,VYAS,"Hyderabad, Telangana",Beauty|Face Wash|249,4
ORD-20261002-4506,02-10-2026 20:56,Kunal,Vyas,"  Mumbai, Maharashtra ",Sports|Cricket Bat|1599,1
ORD-20261002-3993,2026-10-02 19:41:21,Varun,Pillai,"Kolkata, West Bengal",Sports|Cricket Bat|1599,1
ORD-20261002-4319,2026-10-02 10:08:13,kriti,  Rao ,"PUNE, MAHARASHTRA",Home And Kitchen|Non Stick Pan|1099,1
ORD-20261002-2101,02/10/2026 10:46,rahul,Vyas,"Jaipur, Rajasthan",Home And Kitchen|Storage Box|299,2
ORD-20261002-4658,2026-10-02 17:26:45,amit,Parmar,"Lucknow, Uttar Pradesh",Home And Kitchen|Wall Clock|649,
ORD-20261002-2194,02/10/2026 22:39,null,  Patel ,"Surat, Gujarat",Fashion|Running Shoes|2199,1
ORD-20261002-4397,02-10-2026 12:01,megha,Thakkar,"Mumbai, Maharashtra",Sports|Skipping Rope|199,
ORD-20261002-3724,02/10/2026 05:12,reyansh,trivedi,"Kolkata, West Bengal",Electronics|Power Bank|899,
ORD-20261002-2012,02/10/2026 06:40,Ishaan,Desai,"Chennai, Tamil Nadu",Fashion|Cotton Kurta|799,1
ORD-20261002-2927,02-10-2026 12:27,Rajesh,Mishra,"Jaipur, Rajasthan",Fashion|Denim Jeans|1199,2
ORD-20261002-1579,02/10/2026 17:06,Neel,Pillai,"chennai, tamil nadu",Fashion|Leather Wallet|499,1
ORD-20261002-4496,2026-10-02 12:54:16,TANVI,Mehta,"Mysuru, Karnataka",Fashion|Denim Jeans|1199, 2 
ORD-20261002-2692,2026-10-02 02:02:46,Anjali,rathod,"KOLKATA, WEST BENGAL",Fashion|Leather Wallet|499,1.0
ORD-20261002-0156,02/10/2026 21:40,Sai,modi,"Mumbai, Maharashtra",Electronics|Smart Watch|2499,1
ORD-20261002-0771,2026-10-02 11:27:14,kriti,Menon,"vadodara, gujarat",Electronics|Laptop Stand|749,1
ORD-20261002-2466,02/10/2026 10:20,Gaurav,modi,"Kolkata, West Bengal",Sports|Skipping Rope|199,1
ORD-20261002-3439,02-10-2026 20:56,Ritu,CHAUDHARY,"Mumbai, Maharashtra",Sports|Cricket Bat|1599,3.0
ORD-20261002-4762,02/10/2026 13:50,VIHAAN,Parmar,"Chennai, Tamil Nadu",Home And Kitchen|Steel Water Bottle|399,1
ORD-20261002-1615,02/10/2026 09:44,sara,Chauhan,"Mumbai, Maharashtra",Electronics|Smart Watch|2499,2
ORD-20261002-4724,02/10/2026 20:00,Bhavna,Bhatt,"Delhi, Delhi",Beauty|Hair Serum|549,1
ORD-20261002-4509,2026-10-02 13:51:40,Suresh,Vyas,"Ahmedabad, Gujarat",Fashion|Cotton Kurta|799,1
ORD-20261002-2220,02/10/2026 17:21,  Jay ,vyas,"Lucknow, Uttar Pradesh",Beauty|Lipstick|399,3
ORD-20261002-4204,02/10/2026 17:32,Shaurya,verma,"MUMBAI, MAHARASHTRA",Home And Kitchen|Storage Box|299,1
ORD-20261002-4657,02/10/2026 08:01,reyansh,Ghosh,"Vadodara, Gujarat",Fashion|Running Shoes|2199,2
ORD-20261002-4847,02-10-2026 22:03,Rahul,patil,"  Mumbai, Maharashtra ",Electronics|Power Bank|899,3
ORD-20261002-1379,02/10/2026 13:16,navya,Kulkarni,"  Pune, Maharashtra ",Electronics|Laptop Stand|749,5
ORD-20261002-3642,02/10/2026 17:00,  Jay ,Das,"Surat, Gujarat",Fashion|Leather Wallet|499,1
ORD-20261002-2453,2026-10-02 17:45:49,NAVYA,  Gupta ,"Delhi, Delhi",Sports|Skipping Rope|199,1.0
,2026-10-02 20:42:20,Swati,DAS,"Hyderabad, Telangana",Electronics|Bluetooth Speaker|1799,3
ORD-20261002-3991,2026-10-02 20:40:05,,saxena,"kolkata, west bengal",Sports|Cricket Bat|1599,2
ORD-20261002-0614,2026-10-02 15:36:54,Bhavna,Thakkar,"MUMBAI, MAHARASHTRA",Electronics|Bluetooth Speaker|1799,2
ORD-20261002-1071,02/10/2026 12:52,shaurya,chaudhary,"ahmedabad, gujarat",Electronics|Smart Watch|2499,1
ORD-20261002-1783,02/10/2026 21:25,null,malhotra,"Delhi, Delhi",Electronics|Laptop Stand|749,4
ORD-20261002-1263,2026-10-02 12:08:13,Rudra,Sharma,"Delhi, Delhi",Fashion|Cotton Kurta|799,
ORD-20261002-0235,02/10/2026 18:46,krupa,Trivedi,"Kolkata, West Bengal",Beauty|Sunscreen|449,2
ORD-20261002-2674,02/10/2026 10:21,  Neel ,Mukherjee,"Vadodara, Gujarat",Electronics|Laptop Stand|749,1.0
ORD-20261002-1746,02/10/2026 20:08,khushi,Saxena,"MUMBAI, MAHARASHTRA",Home And Kitchen|Storage Box|299,1
ORD-20261002-4802,2026-10-02 18:43:19,dhruv,gupta,"Delhi, Delhi",Sports|Yoga Mat|699,1
ORD-20261002-1294,2026-10-02 10:56:33,Aadhya,Agarwal,"Hyderabad, Telangana",Electronics|Laptop Stand|749,2
ORD-20261002-0940,2026-10-02 21:23:42,Dev,reddy,"Coimbatore, Tamil Nadu",Home And Kitchen|Wall Clock|649,2
ORD-20261002-2266,2026-10-02 21:55:30,Vikas,modi,"Delhi, Delhi",Sports|Football|799,1
ORD-20261002-4079,02/10/2026 14:03,  Mansi ,Bose,"kolkata, west bengal",Fashion|Running Shoes|2199,5
ORD-20261002-2259,2026-10-02 23:04:40,Aanya,Srivastava,"Surat, Gujarat",Electronics|Bluetooth Speaker|1799,1
ORD-20261002-3913,02-10-2026 23:59,gaurav,Mishra,"mumbai, maharashtra",Electronics|Laptop Stand|749,1
ORD-20261002-3016,02/10/2026 19:20,Kabir,Bose,"Ahmedabad, Gujarat",Home And Kitchen|Steel Water Bottle|399,5
ORD-20261002-3521,2026-10-02 20:17:55,SNEHA,Reddy,"Vadodara, Gujarat",Fashion|Denim Jeans|1199,2
ORD-20261002-0566,02/10/2026 17:59,  Rudra ,Pillai,"Ahmedabad, Gujarat",Beauty|Lipstick|399,1
ORD-20261002-2913,02/10/2026 23:46,rajesh,Saxena,"AHMEDABAD, GUJARAT",Beauty|Perfume|1299,1
ORD-20261002-4308,2026-10-02 13:43:08,Navya,Nair,"Ahmedabad, Gujarat",Home And Kitchen|Bedsheet Set|1499,1.0
ORD-20261002-3350,02/10/2026 11:55,pari,Mehta,"HYDERABAD, TELANGANA",Beauty|Lipstick|399,2
ORD-20261002-0086,2026-10-02 18:17:09,saanvi,ghosh,"Ahmedabad, Gujarat",Electronics|Bluetooth Speaker|1799,1
ORD-20261002-2790,,Yash,mehta,"Bengaluru, Karnataka",Sports|Yoga Mat|699,1
ORD-20261002-3996,2026-10-02 16:07:31,Megha,yadav,"Kolkata, West Bengal",Electronics|Laptop Stand|749,1
ORD-20261002-4753,N/A,Ritu,mehta,"Ahmedabad, Gujarat",Home And Kitchen|Non Stick Pan|1099,3
ORD-20261002-3937,02/10/2026 19:39,Anika,srivastava,"  Mysuru, Karnataka ",Sports|Football|799,2
ORD-20261002-3374,2026-10-02 22:15:22,KUNAL,DUBEY,"Pune, Maharashtra",,3
ORD-20261002-3219,2026-10-02 17:36:01,Varun,Dubey,"bengaluru, karnataka",Electronics|Power Bank|899,1
ORD-20261002-0201,2026-10-02 23:46:43,Rajesh,Mishra,"Bengaluru, Karnataka",Sports|Yoga Mat|699,1
ORD-20261002-3327,02-10-2026 16:12,Megha,Yadav,"Kolkata, West Bengal",Sports|Cricket Bat|1599,1
ORD-20261002-0597,02/10/2026 10:03,sara,Saxena,"Kolkata, West Bengal",Beauty|Hair Serum|549,1
ORD-20261002-1603,02/10/2026 19:41,pooja,Thakkar,"Kolkata, West Bengal",Home And Kitchen|Non Stick Pan|1099,2
ORD-20261002-4706,02/10/2026 22:27,Sneha,Bhatt,"Ahmedabad, Gujarat",Fashion|Leather Wallet|499,6
ORD-20261002-0216,02/10/2026 13:25,Amit,Arora,"Jaipur, Rajasthan",Sports|Dumbbell Set|1899, 1 
ORD-20261002-2864,02/10/2026 08:42,Vihaan,  Chauhan ,"Hyderabad, Telangana",Electronics|Smart Watch|2499,4
ORD-20261002-2233,02/10/2026 11:39,  Kriti ,Nair,"COIMBATORE, TAMIL NADU",Home And Kitchen|Steel Water Bottle|399,2
ORD-20261002-0290,02/10/2026 11:43,Varun,Mukherjee,"Surat, Gujarat",Fashion|Running Shoes|2199,4
ORD-20261002-4025,2026-10-02 10:41:40,pooja,Srivastava,"BENGALURU, KARNATAKA",Home And Kitchen|Bedsheet Set|1499,0
ORD-20261002-2324,02/10/2026 17:42,,Das,"DELHI, DELHI",Home And Kitchen|Steel Water Bottle|399,1
ORD-20261002-3827,02-10-2026 20:57,Mansi,,"Vadodara, Gujarat",Home And Kitchen|Bedsheet Set|1499,6
ORD-20261002-0747,02/10/2026 22:43,  Kavya ,Trivedi,"Ahmedabad, Gujarat",Electronics|Smart Watch|2499,1
ORD-20261002-1212,2026-10-02 10:54:55,amit,patel,"bengaluru, karnataka",Fashion|Cotton Kurta|799,
ORD-20261002-2945,02/10/2026 21:16,Aditi,bhatt,"Ahmedabad, Gujarat",Home And Kitchen|Storage Box|299, 1 
ORD-20261002-1637,2026-10-02 19:19:41,gaurav,  Reddy ,"bengaluru, karnataka",Home And Kitchen|Storage Box|299,4
ORD-20261002-4666,2026-10-02 08:15:04,  Diya ,Pawar,"DELHI, DELHI",Electronics|Smart Watch|2499,3
ORD-20261002-3489,02/10/2026 22:15,SAANVI,Agarwal,"  Delhi, Delhi ",Fashion|Running Shoes|2199,3
ORD-20261002-4185,2026-10-02 19:45:46,  Rohan ,Mishra,"surat, gujarat",Electronics|Bluetooth Speaker|1799,1
ORD-20261002-0157,2026-10-02 21:55:00,Saanvi,IYER,"coimbatore, tamil nadu",Beauty|Perfume|1299,1
ORD-20261002-1918,02-10-2026 21:19,,Sinha,"Chennai, Tamil Nadu",Home And Kitchen|Storage Box|299,1
ORD-20261002-1456,02/10/2026 22:41,  Saanvi ,  Malhotra ,"pune, maharashtra",Electronics|Wireless Earbuds|1299,2
ORD-20261002-3468,02/10/2026 20:12,  Ayaan ,Sinha,"Mumbai, Maharashtra",Home And Kitchen|Storage Box|299,1
ORD-20261002-1058,02/10/2026 11:12,Rajesh,Verma,"Kolkata, West Bengal",Home And Kitchen|Non Stick Pan|1099,2
ORD-20261002-2855,02-10-2026 19:33,Sara,Saxena,"Kolkata, West Bengal",Electronics|Smart Watch|2499,2
ORD-20261002-1970,02/10/2026 22:30,Diya,  Chopra ,"Kolkata, West Bengal",Electronics|Smart Watch|2499,2
ORD-20261002-1737,2026-10-02 02:52:55,Rajesh,Jain,"mumbai, maharashtra",Beauty|Face Wash|249,3.0
ORD-20261002-0149,2026-10-02 17:49:18,Myra,chaudhary,"lucknow, uttar pradesh",Fashion|Running Shoes|2199,2
ORD-20261002-1507,02-10-2026 21:03,Rahul,  Vyas ,"Mumbai, Maharashtra",Fashion|Leather Wallet|499,1
ORD-20261002-1221,02/10/2026 15:37,  Advik ,Mehta,"vadodara, gujarat",Sports|Football|799,2
ORD-20261002-4561,02-10-2026 09:23,navya,menon,"Kolkata, West Bengal",Home And Kitchen|Storage Box|299,1
ORD-20261002-1194,02/10/2026 13:40,isha,Chaudhary,,Home And Kitchen|Bedsheet Set|1499,1
ORD-20261002-4470,2026-10-02 21:41:11,Gaurav,Das,"Pune, Maharashtra",Sports|Dumbbell Set|1899,1
ORD-20261002-1125,02/10/2026 12:02,suresh,iyer,"DELHI, DELHI",Home And Kitchen|Non Stick Pan|1099,1
ORD-20261002-2221,02/10/2026 17:57,Ishaan,desai,"jaipur, rajasthan",Electronics|Laptop Stand|749,2
ORD-20261002-3780,02/10/2026 14:27,YASH,trivedi,"lucknow, uttar pradesh",Sports|Football|799,1
ORD-20261002-2762,2026-10-02 20:19:26,Reyansh,agarwal,"Coimbatore, Tamil Nadu",Sports|Dumbbell Set|1899,one
ORD-20261002-0472,02-10-2026 18:12,  Neha ,Modi,"Ahmedabad, Gujarat",Home And Kitchen|Storage Box|299,2
ORD-20261002-0545,2026-10-02 17:45:19,kavya,Mehta,"KOLKATA, WEST BENGAL",Home And Kitchen|Wall Clock|649, 1 
ORD-20261002-3317,02/10/2025 20:46,KRUPA,Solanki,"Delhi, Delhi",Home And Kitchen|Steel Water Bottle|399,3
ORD-20261002-3492,2026-10-02 15:23:53,ishaan,Mishra,"Hyderabad, Telangana",Electronics|Bluetooth Speaker|1799,4
ORD-20261002-3918,02/10/2026 19:29,SHREYA,Menon,"Mumbai, Maharashtra",Fashion|Denim Jeans|1199,3.0
ORD-20261002-4673,02/10/2026 14:30,Aadhya,patil,"Mumbai, Maharashtra",Fashion|Cotton Kurta|799,1
ORD-20261002-3923,02/10/2026 14:23,  Aditi ,patil,"  Bengaluru, Karnataka ",Electronics|Wireless Earbuds|1299,1.0
ORD-20261002-2814,02/10/2026 12:08,Ayaan,  Sinha ,"MUMBAI, MAHARASHTRA",Sports|Skipping Rope|199,1
ORD-20261002-1760,02/10/2026 21:41,DIVYA,Desai,"Mysuru, Karnataka",Electronics|Power Bank|899,1
ORD-20261002-2287,02/10/2026 13:21,PRANAV,Rathod,"Ahmedabad, Gujarat",Home And Kitchen|Bedsheet Set|1499, 1 
ORD-20261002-0820,2026-10-02 14:09:33,nidhi,Rao,"Jaipur, Rajasthan",Fashion|Sunglasses|999,2
ORD-20261002-4625,02/10/2026 02:27,Vihaan,,"Mumbai, Maharashtra",Fashion|Denim Jeans|1199,2
ORD-20261002-1327,02-10-2026 19:59,om,Kapoor,"PUNE, MAHARASHTRA",Sports|Football|799,1
ORD-20261002-4665,02/10/2026 12:15,Deepak,Joshi,"delhi, delhi",Fashion|Leather Wallet|499,3
ORD-20261002-1684,02-10-2026 11:40,Nikhil,CHAUHAN,"MUMBAI, MAHARASHTRA",Home And Kitchen|Steel Water Bottle|399,1
ORD-20261002-1283,2026-10-02 10:34:48,krupa,Menon,"Vadodara, Gujarat",Sports|Football|799,1
ORD-20261002-3242,02/10/2026 16:04,shaurya,patel,"Ahmedabad, Gujarat",Home And Kitchen|Wall Clock|649,2
ORD-20261002-3794,02/10/2026 07:23,null,Pandya,"Bengaluru, Karnataka",Electronics|Smart Watch|2499,1
ORD-20261002-3140,02/10/2026 21:24,sneha,Verma,"Jaipur, Rajasthan",Beauty|Hair Serum|549,2
ORD-20261002-4512,02/10/2026 00:28,Karan,Kulkarni,"Ahmedabad, Gujarat",Sports|Skipping Rope|199,1
ORD-20261002-2811,02/10/2026 11:12,om,DESAI,"Bengaluru, Karnataka",Electronics|Bluetooth Speaker|1799,1
ORD-20261002-4771,2026-10-02 18:46:03,Neha,Singh,"Kolkata, West Bengal",Sports|Yoga Mat|699,2
ORD-20261002-0576,02-10-2026 14:13,Krishna,Kalavadia,"  Surat, Gujarat ",,1
ORD-20261002-0712,2026-10-02 23:23:33,Myra,khanna,"Delhi, Delhi",Beauty|Hair Serum|549,1
ORD-20261002-3563,2026-10-02 19:44:11,simran,Singh,"Lucknow, Uttar Pradesh",Electronics|Bluetooth Speaker|1799,1
ORD-20261002-0809,02/10/2026 00:45,Ishaan,Mishra,"  Hyderabad, Telangana ",Fashion|Running Shoes|2199,1
ORD-20261002-3368,02/10/2026 08:33,Krishna,  Nair ,"DELHI, DELHI",Sports|Cricket Bat|1599,1
ORD-20261002-4207,2026-10-02 19:53:54,ARJUN,Kumar,"PUNE, MAHARASHTRA",Sports|Dumbbell Set|1899,2
ORD-20261002-0688,02-10-2026 11:24,Ritu,Rathod,"ahmedabad, gujarat",Sports|Football|799,1
ORD-20261002-2430,2026-10-02 20:01:15,Bhavna,solanki,"Ahmedabad, Gujarat",Electronics|Laptop Stand|749,2
ORD-20261002-3972,02/10/2026 06:41,KOMAL,patel,"Lucknow, Uttar Pradesh",Sports|Dumbbell Set|1899,1
ORD-20261002-4432,02/10/2026 02:47,Priya,Menon,"  Pune, Maharashtra ",Fashion|Cotton Kurta|799,2
ORD-20261002-2063,2026-10-02 16:06:44,Pooja,Sharma,"Jaipur, Rajasthan",Fashion|Denim Jeans|1199,3
ORD-20261002-2922,02/10/2026 23:40,DIVYA,Kulkarni,"Chennai, Tamil Nadu",Fashion|Denim Jeans|1199,1
ORD-20261002-0644,,Pranav,Solanki,"bengaluru, karnataka",Sports|Skipping Rope|199,2
ORD-20261002-4407,02/10/2026 06:37,Simran,Dubey,"Hyderabad, Telangana",Home And Kitchen|Non Stick Pan|1099,1
ORD-20261002-2242,02/10/2026 17:41,  Deepak ,Singh,"Delhi, Delhi",Electronics|Bluetooth Speaker|1799,2
ORD-20261002-2326,02/10/2026 12:43,Neel,TRIVEDI,"Chennai, Tamil Nadu",Sports|Football|799,1
ORD-20261002-1107,2026-10-02 20:08:23,aryan,,"Hyderabad, Telangana",Home And Kitchen|Steel Water Bottle|399,2
ORD-20261002-1179,02/10/2026 11:03,Hetal,Shah,"  Chennai, Tamil Nadu ",Electronics|Laptop Stand|749,1
ORD-20261002-4370,2026-10-02 20:29:26,PRIYA,PAWAR,"KOLKATA, WEST BENGAL",Home And Kitchen|Steel Water Bottle|399,2.0
ORD-20261002-1308,02/10/2026 13:20,Roshni,Modi,"  Pune, Maharashtra ",Electronics|Laptop Stand|749,1
ORD-20261002-2981,2026-10-02 19:03:05,manish,,"HYDERABAD, TELANGANA",Home And Kitchen|Non Stick Pan|1099,1
ORD-20261002-4816,02-10-2026 15:36,Aanya,  Bose ,"Vadodara, Gujarat",Beauty|Face Wash|249,1
ORD-20261002-3192,2026-10-02 17:37:55,navya,MISHRA,"mumbai, maharashtra",Sports|Dumbbell Set|1899,1
ORD-20261002-4108,2026-10-02 21:38:41,pranav,Rathod,"Chennai, Tamil Nadu",Beauty|Face Wash|249,1
ORD-20261002-2792,02-10-2026 16:08,Krishna,Chauhan,"  Chennai, Tamil Nadu ",Sports|Yoga Mat|699,1
ORD-20261002-4375,02-10-2026 12:38,ROHAN,Shah,"Delhi, Delhi",Home And Kitchen|Bedsheet Set|1499,0
ORD-20261002-0096,02-10-2026 21:58,Kunal,saxena,"  Kolkata, West Bengal ",Electronics|Power Bank|899,0
ORD-20261002-3962,02/10/2026 07:22,Diya,Vyas,"Coimbatore, Tamil Nadu",Beauty|Lipstick|399,2.0
ORD-20261002-2951,02/10/2026 12:10,Aryan,  Kulkarni ,"kolkata, west bengal",Sports|Football|799,2
ORD-20261002-2624,2026-10-02 19:10:56,  Anjali ,patel,"mumbai, maharashtra",Home And Kitchen|Non Stick Pan|1099,5
ORD-20261002-1939,02/10/2026 20:46,Vivaan,Tiwari,"Vadodara, Gujarat",Home And Kitchen|Steel Water Bottle|399,6
ORD-20261002-0008,02/10/2026 09:22,Kriti,Arora,"  Chennai, Tamil Nadu ",Beauty|Perfume|1299,3
ORD-20261002-2789,02/10/2026 21:28,manish,tiwari,"  Mumbai, Maharashtra ",Home And Kitchen|Wall Clock|649,4
ORD-20261002-1304,02/10/2026 13:17,Dhruv,Kapoor,"kolkata, west bengal",Electronics|Wireless Earbuds|1299,1
ORD-20261002-0238,02/10/2026 18:37,Ishaan,  Reddy ,"delhi, delhi",Fashion|Sunglasses|999,1
ORD-20261002-1276,02/10/2026 15:22,Nikhil,Reddy,"Surat, Gujarat",Electronics|Bluetooth Speaker|1799,2
ORD-20261002-1926,31/02/2026 21:38,Krishna,Chaudhary,"Bengaluru, Karnataka",Home And Kitchen|Steel Water Bottle|399,1
ORD-20261002-2116,02-10-2026 12:17,manish,Bhatt,"Kolkata, West Bengal",Sports|Skipping Rope|199,4.0
ORD-20261002-0202,2026-10-02 21:10:32,  Hetal ,Solanki,"Coimbatore, Tamil Nadu",Home And Kitchen|Bedsheet Set|1499,3
ORD-20261002-4257,02/10/2026 14:24,Priya,Trivedi,"Delhi, Delhi",,2
ORD-20261002-3189,2026-10-02 09:15:30,Kavya,Arora,N/A,Electronics|Laptop Stand|749,2
ORD-20261002-3022,2026-10-02 16:07:35,pari,Ghosh,"lucknow, uttar pradesh",Electronics|Laptop Stand|749,2
ORD-20261002-3665,02/10/2026 16:12,priya,Sharma,"jaipur, rajasthan",Home And Kitchen|Bedsheet Set|1499,2
ORD-20261002-3421,02/10/2026 19:10,  Pooja ,,"mumbai, maharashtra",Electronics|Wireless Earbuds|1299,6
ORD-20261002-2323,02-10-2026 12:19,  Palak ,Tiwari,"Delhi, Delhi",Sports|Cricket Bat|1599,
ORD-20261002-2689,02/10/2026 22:52,Ayaan,Thakkar,"Lucknow, Uttar Pradesh",Fashion|Denim Jeans|1199, 1 
ORD-20261002-3128,02/10/2026 19:09,Shreya,Saxena,"Mumbai, Maharashtra",Home And Kitchen|Storage Box|299,1
ORD-20261002-2918,2026-10-02 14:23:15,Varun,  Sharma ,"coimbatore, tamil nadu",Home And Kitchen|Storage Box|299,4
ORD-20261002-0110,02/10/2026 20:06,Reyansh,Desai,N/A,Home And Kitchen|Non Stick Pan|1099,1
ORD-20261002-2497,2026-10-02 20:27:41,Amit,  Ghosh ,"  Pune, Maharashtra ",Home And Kitchen|Wall Clock|649,1
ORD-20261002-1585,02/10/2026 22:26,Shaurya,Sinha,"Coimbatore, Tamil Nadu",Fashion|Cotton Kurta|799,one
ORD-20261002-3546,02/10/2026 09:44,Sai,MISHRA,"Coimbatore, Tamil Nadu",Home And Kitchen|Bedsheet Set|1499,4
ORD-20261002-0127,02/10/2026 15:03,AARAV,Parmar,N/A,Fashion|Running Shoes|2199,1
ORD-20261002-2571,02-10-2026 15:08,Vihaan,Yadav,"Chennai, Tamil Nadu",Home And Kitchen|Non Stick Pan|1099,1
ORD-20261002-3533,2026-10-02 19:37:55,,Gupta,"Ahmedabad, Gujarat",Electronics|Bluetooth Speaker|1799,1
ORD-20261002-3832,02-10-2026 13:24,Tanvi,chauhan,"kolkata, west bengal",Home And Kitchen|Storage Box|299,4
ORD-20261002-3101,02-10-2026 18:59,Swati,solanki,"Mysuru, Karnataka",Electronics|Wireless Earbuds|1299,1.0
ORD-20261002-1910,02-10-2026 11:31,Swati,  Mishra ,"Hyderabad, Telangana",Electronics|Smart Watch|2499,3
ORD-20261002-4337,2026-10-02 17:41:22,Yash,chauhan,"nagpur, maharashtra",Fashion|Leather Wallet|499,3
ORD-20261002-3966,02/10/2026 03:14,  Rudra ,chauhan,"Mumbai, Maharashtra",Fashion|Cotton Kurta|799,3
ORD-20261002-0767,02/10/2026 15:45,deepak,Srivastava,"mumbai, maharashtra",Electronics|Bluetooth Speaker|1799,2.0
ORD-20261002-1389,02/10/2026 19:44,  Yash ,DAS,"Pune, Maharashtra",Beauty|Hair Serum|549,5
ORD-20261002-3353,2026-10-02 10:12:29,Manish,Sharma,"Mumbai, Maharashtra",Beauty|Sunscreen|449,1
ORD-20261002-4272,2026-10-02 12:08:11,Roshni,Shah,"Jaipur, Rajasthan",Electronics|Smart Watch|2499,5
ORD-20261002-4376,2026-10-02 21:32:23,  Dhruv ,,"chennai, tamil nadu",Home And Kitchen|Storage Box|299,5
ORD-20261002-2745,02-10-2026 20:55,nidhi,Patel,"BENGALURU, KARNATAKA",Fashion|Sunglasses|999, 1 
ORD-20261002-0172,2026-10-02 15:50:05,Nisha,modi,"Ahmedabad, Gujarat",Sports|Yoga Mat|699,1
ORD-20261002-0097,2026-10-02 12:06:46,Divya,DESAI,"Vadodara, Gujarat",Beauty|Perfume|1299,4.0
ORD-20261002-0330,02/10/2026 20:23,Saanvi,Das,"mumbai, maharashtra",Fashion|Denim Jeans|1199,2
ORD-20261002-2601,2026-10-02 14:23:57,aditi,Agarwal,"  Hyderabad, Telangana ",Beauty|Perfume|1299, 1 
ORD-20261002-3383,02/10/2026 19:49,pari,Rathod,"Mumbai, Maharashtra",Home And Kitchen|Steel Water Bottle|399,2
ORD-20261002-3863,2026-10-02 01:19:49,KAVYA,BOSE,"ahmedabad, gujarat",Electronics|Power Bank|899,1
ORD-20261002-4334,02/10/2026 17:46,Dev,Saxena,"Mumbai, Maharashtra",Beauty|Face Wash|249,2
ORD-20261002-2664,02/10/2026 16:17,  Karan ,Rao,"Mumbai, Maharashtra",Home And Kitchen|Non Stick Pan|1099,1
ORD-20261002-3829,2026-10-02 10:59:03,rahul,Mishra,"  Vadodara, Gujarat ",Fashion|Cotton Kurta|799, 1 
ORD-20261002-0486,02/10/2026 21:46,myra,Nair,"Bengaluru, Karnataka",Sports|Dumbbell Set|1899,1
ORD-20261002-2292,2026-10-02 22:54:28,Janvi,Sharma,"kolkata, west bengal",Sports|Football|799,1
ORD-20261002-2313,02/10/2026 11:55,pari,Joshi,"pune, maharashtra",Fashion|Denim Jeans|1199,
ORD-20261002-2580,02/10/2026 19:47,Navya,Solanki,"  Jaipur, Rajasthan ",Home And Kitchen|Storage Box|299,3
ORD-20261002-4393,02/10/2026 12:59,Tanvi,Parmar,"Bengaluru, Karnataka",Fashion|Denim Jeans|1199,3
ORD-20261002-0225,02/10/2026 15:36,AYAAN,srivastava,"Jaipur, Rajasthan",Fashion|Leather Wallet|499,1
ORD-20261002-4120,02/10/2026 14:40,Swati,desai,"Bengaluru, Karnataka",Home And Kitchen|Wall Clock|649,2
ORD-20261002-3362,02/10/2026 21:51,Om,Das,"Kolkata, West Bengal",Fashion|Running Shoes|2199,3
ORD-20261002-2875,02-10-2026 14:03,jay,sinha,"hyderabad, telangana",Fashion|Sunglasses|999,2
ORD-20261002-2253,02/10/2026 14:09,ADVIK,Rathod,"JAIPUR, RAJASTHAN",Beauty|Face Wash|249,1.0
ORD-20261002-0384,2026-10-02 14:59:45,  Anika ,Ghosh,"Delhi, Delhi",Sports|Yoga Mat|699,1
ORD-20261002-0246,02-10-2026 09:40,  Varun ,Rao,"Jaipur, Rajasthan",Electronics|Power Bank|899,2
ORD-20261002-3898,02/10/2026 20:55,Reyansh,CHAUHAN,"  Chennai, Tamil Nadu ",Home And Kitchen|Non Stick Pan|1099, 1 
ORD-20261002-4400,02-10-2026 09:55,SWATI,Solanki,"Pune, Maharashtra",Home And Kitchen|Steel Water Bottle|399,1
ORD-20261002-2919,02/10/2026 22:53,Anika,Iyer,"Mumbai, Maharashtra",Beauty|Hair Serum|549,2
ORD-20261002-0209,02/10/2026 21:02,Priya,Ghosh,"Delhi, Delhi",Fashion|Cotton Kurta|799,2
ORD-20261002-2204,02/10/2026 07:15,ayaan,Sinha,"Delhi, Delhi",Sports|Yoga Mat|699,4
ORD-20261002-1365,02/10/2026 13:17,  Aditya ,mishra,"Jaipur, Rajasthan",Beauty|Lipstick|399,1
ORD-20261002-2994,2026-10-02 05:15:02,Komal,,"  Delhi, Delhi ",Home And Kitchen|Storage Box|299,1
ORD-20261002-3113,02/10/2026 15:38,riya,Jain,"Pune, Maharashtra",Home And Kitchen|Storage Box|299,1
ORD-20261002-2183,02/10/2026 22:24,neha,  Mishra ,"kolkata, west bengal",Home And Kitchen|Wall Clock|649,1
ORD-20261002-3244,02-10-2026 22:15,Vihaan,VYAS,,Home And Kitchen|Storage Box|299,3
ORD-20261002-4513,02/10/2026 10:03,  Vikas ,Kalavadia,"  Delhi, Delhi ",Home And Kitchen|Storage Box|299,1
ORD-20261002-2401,2026-10-02 20:24:49,Kriti,Joshi,"Delhi, Delhi",Home And Kitchen|Steel Water Bottle|399,2
ORD-20261002-0109,02/10/2026 20:21,Rudra,  Pawar ,"Delhi, Delhi",Home And Kitchen|Storage Box|299,3
ORD-20261002-1508,02/10/2026 21:01,  Komal ,vyas,"NAGPUR, MAHARASHTRA",Beauty|Face Wash|249,4
ORD-20261002-2885,02-10-2026 21:09,Khushi,YADAV,"surat, gujarat",Home And Kitchen|Wall Clock|649,5
ORD-20261002-3690,02/10/2026 17:48,SARA,SAXENA,"Kolkata, West Bengal",Home And Kitchen|Bedsheet Set|1499,1
ORD-20261002-1792,02-10-2026 11:14,deepak,chopra,"kolkata, west bengal",Fashion|Denim Jeans|1199,6
ORD-20261002-3634,02/10/2026 08:10,Parth,Pillai,"Coimbatore, Tamil Nadu",Sports|Yoga Mat|699,2
ORD-20261002-4295,2026-10-02 22:29:03,  Khushi ,  Dubey ,"bengaluru, karnataka",Electronics|Wireless Earbuds|1299, 6 
ORD-20261002-2258,2026-10-02 13:02:20,Shaurya,Tiwari,"Jaipur, Rajasthan",Electronics|Wireless Earbuds|1299,1
ORD-20261002-3608,2026-10-02 19:25:39,pranav,nair,"Jaipur, Rajasthan",Home And Kitchen|Non Stick Pan|1099,2
ORD-20261002-1083,02/10/2025 17:51,ADITI,Kumar,"vadodara, gujarat",Electronics|Laptop Stand|749,5
ORD-20261002-3435,02-10-2026 13:48,neha,Desai,"CHENNAI, TAMIL NADU",Fashion|Sunglasses|999,2
ORD-20261002-2990,2026-10-02 20:50:11,  Ananya ,  Thakkar ,"Jaipur, Rajasthan",Home And Kitchen|Wall Clock|649,1
ORD-20261002-4515,02/10/2026 14:23,AARAV,Mehta,"DELHI, DELHI",Home And Kitchen|Bedsheet Set|1499,3
ORD-20261002-2920,2026-10-02 22:30:36,Neel,Trivedi,"Chennai, Tamil Nadu",Fashion|Sunglasses|999,2
ORD-20261002-3478,02/10/2026 20:10,simran,Dubey,"Bengaluru, Karnataka",Home And Kitchen|Wall Clock|649,1
ORD-20261002-4845,02/10/2026 14:09,  Sara ,desai,"Delhi, Delhi",Electronics|Smart Watch|2499,1
ORD-20261002-2632,02/10/2026 08:24,Vivaan,Desai,"Chennai, Tamil Nadu",Fashion|Sunglasses|999,5
ORD-20261002-0101,02/10/2026 14:35,Aadhya,Patil,"Mumbai, Maharashtra",Electronics|Wireless Earbuds|1299,
ORD-20261002-2968,02/10/2026 12:01,nikhil,Iyer,"Kolkata, West Bengal",Sports|Dumbbell Set|1899,2
ORD-20261002-4571,02/10/2026 17:47,reyansh,desai,"Lucknow, Uttar Pradesh",Fashion|Denim Jeans|1199,0
ORD-20261002-0893,2026-10-02 08:40:53,Manish,gupta,"Delhi, Delhi",Home And Kitchen|Storage Box|299,1
ORD-20261002-1489,02/10/2026 20:57,Krupa,modi,"Hyderabad, Telangana",Sports|Dumbbell Set|1899,1
ORD-20261002-4454,02/10/2026 09:21,YASH,Joshi,"Bengaluru, Karnataka",Fashion|Leather Wallet|499,1
ORD-20261002-0897,2026-10-02 15:43:21,Navya,Sinha,"Delhi, Delhi",Fashion|Running Shoes|2199,1
ORD-20261002-0924,2026-10-02 18:09:17,anjali,Singh,"  Hyderabad, Telangana ",Sports|Cricket Bat|1599,0
ORD-20261002-3361,02/10/2026 21:07,NIDHI,Kumar,"Pune, Maharashtra",Fashion|Sunglasses|999,1
ORD-20261002-2630,2026-10-02 07:11:21,aadhya,nair,"Bengaluru, Karnataka",Fashion|Running Shoes|2199,1
ORD-20261002-1064,02-10-2026 11:00,Advik,trivedi,"Hyderabad, Telangana",Electronics|Wireless Earbuds|1299,1
ORD-20261002-0571,2026-10-02 14:45:42,Arjun,kulkarni,"Mumbai, Maharashtra",Electronics|Power Bank|899,3
ORD-20261002-4800,2026-10-02 21:20:30,null,Modi,"Delhi, Delhi",Electronics|Smart Watch|2499,1
ORD-20261002-3625,02-10-2026 13:10,jay,KHANNA,"  Jaipur, Rajasthan ",Home And Kitchen|Non Stick Pan|1099,2
ORD-20261002-2493,02/10/2026 12:47,Manish,Yadav,"Mumbai, Maharashtra",Electronics|Bluetooth Speaker|1799,1
ORD-20261002-4008,2026-10-02 12:08:10,riya,GHOSH,"Bengaluru, Karnataka",Sports|Yoga Mat|699,1
ORD-20261002-1644,2026-10-02 06:48:43,manish,Yadav,"MUMBAI, MAHARASHTRA",Fashion|Cotton Kurta|799,1
ORD-20261002-0217,2026-10-02 22:50:42,Aanya,mehta,"Mumbai, Maharashtra",Electronics|Laptop Stand|749,1
ORD-20261002-2273,02/10/2026 11:12,AANYA,Trivedi,"Delhi, Delhi",Beauty|Hair Serum|549,6
ORD-20261002-3702,2026-10-02 12:24:27,Dhruv,Chauhan,"Ahmedabad, Gujarat",Fashion|Denim Jeans|1199,1
ORD-20261002-2113,2026-10-02 12:38:16,MANSI,,"Mumbai, Maharashtra",Electronics|Laptop Stand|749,2
ORD-20261002-2320,02-10-2026 13:32,  Nisha ,Trivedi,"CHENNAI, TAMIL NADU",Sports|Football|799,
ORD-20261002-4232,2026-10-02 11:40:30,Shaurya,Tiwari,"Jaipur, Rajasthan",Electronics|Bluetooth Speaker|1799,3
ORD-20261002-4315,02/10/2026 22:26,Riya,Menon,"bengaluru, karnataka",Home And Kitchen|Steel Water Bottle|399,1
ORD-20261002-3155,02/10/2026 14:52,Vikas,Thakkar,"Ahmedabad, Gujarat",Sports|Football|799,1
ORD-20261002-1242,2026-10-02 22:38:38,Rudra,Pawar,"  Delhi, Delhi ",Sports|Football|799,1
ORD-20261002-1873,02/10/2026 12:10,Rohan,iyer,"SURAT, GUJARAT",Electronics|Power Bank|899,2.0
ORD-20261002-0521,02/10/2026 11:48,VIHAAN,YADAV,"Jaipur, Rajasthan",Sports|Yoga Mat|699,6
ORD-20261002-2942,2026-10-02 18:46:40,parth,Parmar,,Beauty|Perfume|1299,1
ORD-20261002-3133,02/10/2026 18:04,Simran,KAPOOR,"  Mysuru, Karnataka ",Home And Kitchen|Steel Water Bottle|399,2
ORD-20261002-0363,02/10/2026 20:57,Nikhil,Vyas,"pune, maharashtra",Home And Kitchen|Steel Water Bottle|399,1
ORD-20261002-4500,2026-10-02 20:58:23,Hetal,kapoor,"chennai, tamil nadu",Fashion|Cotton Kurta|799,3
ORD-20261002-1351,02/10/2026 20:49,  Bhavna ,Tiwari,"  Coimbatore, Tamil Nadu ",Home And Kitchen|Steel Water Bottle|399, 1 
ORD-20261002-2517,2026-10-02 07:05:34,,SHARMA,"mumbai, maharashtra",Fashion|Sunglasses|999,2
ORD-20261002-3803,2026-10-02 11:35:00,SAI,Sinha,"Chennai, Tamil Nadu",Sports|Cricket Bat|1599,1
ORD-20261002-2699,2026-10-02 20:51:53,ritu,Bhatt,"mysuru, karnataka",Beauty|Sunscreen|449,
ORD-20261002-4355,02/10/2026 22:47,Tushar,Ghosh,"Jaipur, Rajasthan",Electronics|Power Bank|899,2
ORD-20261002-0832,2026-10-02 14:41:53,Reyansh,Desai,"SURAT, GUJARAT",Fashion|Denim Jeans|1199,1
ORD-20261002-4794,2026-10-02 13:55:45,PRIYA,SHARMA,"Mumbai, Maharashtra",Electronics|Power Bank|899,1
ORD-20261002-2872,02/10/2026 11:11,Krupa,Joshi,"Mysuru, Karnataka",Home And Kitchen|Non Stick Pan|1099,1
ORD-20261002-1731,02/10/2026 23:30,KAVYA,Kumar,"Ahmedabad, Gujarat",Fashion|Cotton Kurta|799,2
ORD-20261002-1335,2026-10-02 18:24:55,Anjali,  Desai ,"pune, maharashtra",Beauty|Hair Serum|549,1
ORD-20261002-3062,2026-10-02 20:07:08,komal,,"Delhi, Delhi",Home And Kitchen|Non Stick Pan|1099,2
ORD-20261002-3398,02-10-2026 18:39,Om,TRIVEDI,"Surat, Gujarat",Sports|Cricket Bat|1599, 2 
ORD-20261002-2126,02/10/2062 19:03,Neha,Kumar,"delhi, delhi",Beauty|Hair Serum|549,3
ORD-20261002-2591,2026-10-02 21:43:41,Rudra,pawar,"Delhi, Delhi",Beauty|Face Wash|249,1
ORD-20261002-1772,02/10/2026 17:18,Roshni,rao,"Mysuru, Karnataka",Electronics|Wireless Earbuds|1299,1
ORD-20261002-1737,2026-10-02 02:52:55,Rajesh,Jain,"mumbai, maharashtra",Beauty|Face Wash|249,3.0
ORD-20261002-0189,2026-10-02 09:36:00,neha,Pawar,"Chennai, Tamil Nadu",Sports|Dumbbell Set|1899,4
ORD-20261002-2916,02/10/2026 19:58,  Vikas ,Thakkar,"  Mumbai, Maharashtra ",Beauty|Hair Serum|549,2
ORD-20261002-4373,02/10/2026 13:00,dhwani,Mehta,"bengaluru, karnataka",Fashion|Leather Wallet|499,1
ORD-20261002-3596,2026-10-02 13:21:58,  Arjun ,Bhatt,"SURAT, GUJARAT",Fashion|Sunglasses|999, 1 
ORD-20261002-2377,02/10/2026 09:12,Nikhil,Bhatt,"Coimbatore, Tamil Nadu",Fashion|Denim Jeans|1199,2
ORD-20261002-0762,02/10/2062 20:22,kabir,Arora,"jaipur, rajasthan",Fashion|Denim Jeans|1199,1
ORD-20261002-4605,,Deepak,Sharma,"Chennai, Tamil Nadu",Fashion|Leather Wallet|499,1
ORD-20261002-3821,02/10/2026 13:01,Harsh,Pillai,"Bengaluru, Karnataka",Electronics|Wireless Earbuds|1299,1
ORD-20261002-2505,02/10/2026 17:04,Sara,Mehta,"Kolkata, West Bengal",Fashion|Leather Wallet|499,2
ORD-20261002-2752,02-10-2026 22:28,Dev,Reddy,"Coimbatore, Tamil Nadu",Fashion|Denim Jeans|1199,5
ORD-20261002-0910,02/10/2026 17:24,SARA,  Tiwari ,"SURAT, GUJARAT",Electronics|Wireless Earbuds|1299,2
ORD-20261002-0781,02/10/2026 12:13,Isha,Thakkar,"  Delhi, Delhi ",Home And Kitchen|Non Stick Pan|1099,1
ORD-20261002-1809,02-10-2026 22:05,  Janvi ,  Rao ,"  Mumbai, Maharashtra ",Fashion|Cotton Kurta|799,1
ORD-20261002-4201,02/10/2026 00:51,atharv,Vyas,"Nagpur, Maharashtra",Beauty|Sunscreen|449,4
ORD-20261002-4677,02/10/2026 20:19,Priya,Bansal,"mumbai, maharashtra",Electronics|Power Bank|899,1
ORD-20261002-2791,02-10-2026 20:04,Myra,  Verma ,"bengaluru, karnataka",Electronics|Smart Watch|2499,3
ORD-20261002-1229,02/10/2026 16:31,SAI,Vyas,"Vadodara, Gujarat",Fashion|Leather Wallet|499,1
ORD-20261002-1943,02/10/2026 21:00,Harsh,Dubey,"Chennai, Tamil Nadu",Home And Kitchen|Non Stick Pan|1099,1
ORD-20261002-2171,02/10/2026 11:03,  Varun ,sharma,"Lucknow, Uttar Pradesh",Fashion|Denim Jeans|1199,1
ORD-20261002-2536,02/10/2026 06:14,  Krishna ,Bhatt,,Beauty|Hair Serum|549,1
ORD-20261002-3984,02/10/2026 08:41,Amit,Singh,"  Surat, Gujarat ",Home And Kitchen|Storage Box|299,1
ORD-20261002-0498,02/10/2026 14:35,simran,mishra,"Kolkata, West Bengal",Sports|Cricket Bat|1599,1.0
ORD-20261002-0123,02/10/2026 22:45,  Priya ,Mishra,"  Nagpur, Maharashtra ",Sports|Football|799,2
ORD-20261002-1611,2026-10-02 10:37:53,Gaurav,das,"Hyderabad, Telangana",Home And Kitchen|Bedsheet Set|1499,1
ORD-20261002-2598,02/10/2026 19:05,Gaurav,Agarwal,"Hyderabad, Telangana",Home And Kitchen|Steel Water Bottle|399,4
ORD-20261002-3680,02-10-2026 18:46,REYANSH,mukherjee,"pune, maharashtra",Electronics|Bluetooth Speaker|1799,3
ORD-20261002-1862,02-10-2026 11:08,Jay,Khanna,"  Mumbai, Maharashtra ",Sports|Skipping Rope|199,1.0
ORD-20261002-4721,02-10-2026 16:31,tushar,,"Lucknow, Uttar Pradesh",Home And Kitchen|Steel Water Bottle|399,1
ORD-20261002-1260,2026-10-02 23:52:24,RAHUL,Chaudhary,"Bengaluru, Karnataka",Fashion|Denim Jeans|1199,2
ORD-20261002-2510,02/10/2026 22:27,Dhwani,Khanna,"Mumbai, Maharashtra",Home And Kitchen|Bedsheet Set|1499,1
ORD-20261002-0288,02/10/2026 21:16,Aditya,Saxena,"LUCKNOW, UTTAR PRADESH",Beauty|Face Wash|249,1
ORD-20261002-2503,2026-10-02 18:24:23,Janvi,reddy,"BENGALURU, KARNATAKA",Electronics|Laptop Stand|749,3
ORD-20261002-3007,02/10/2026 04:52,reyansh,Iyer,"Bengaluru, Karnataka",Home And Kitchen|Non Stick Pan|1099,2
ORD-20261002-2877,02-10-2026 19:29,AARAV,Trivedi,"Nagpur, Maharashtra",Home And Kitchen|Wall Clock|649, 1 
ORD-20261002-0662,02-10-2026 21:41,Rajesh,Dubey,"Bengaluru, Karnataka",Beauty|Lipstick|399,5
ORD-20261002-3633,2026-10-02 21:13:21,atharv,Sinha,"Hyderabad, Telangana",Fashion|Running Shoes|2199,2
ORD-20261002-1070,02-10-2026 14:19,Varun,Shah,"  Delhi, Delhi ",Electronics|Laptop Stand|749,1
ORD-20261002-0696,02/10/2026 17:25,Deepak,Bhatt,"Surat, Gujarat",Beauty|Lipstick|399,2
ORD-20261002-2492,02-10-2026 16:22,gaurav,Singh,"Vadodara, Gujarat",Home And Kitchen|Storage Box|299,1
ORD-20261002-0715,2026-10-02 23:06:39,vivaan,Desai,"mumbai, maharashtra",Home And Kitchen|Storage Box|299,1
ORD-20261002-3145,2026-10-02 19:55:43,Nidhi,THAKKAR,"Vadodara, Gujarat",Sports|Yoga Mat|699,4
ORD-20261002-3210,2026-10-02 20:55:54,HARSH,Yadav,"Mysuru, Karnataka",Beauty|Face Wash|249,2
ORD-20261002-3934,02/10/2026 08:51,Megha,  Yadav ,"Kolkata, West Bengal",Electronics|Power Bank|899,5
ORD-20261002-2159,02/10/2026 17:05,Arjun,Gupta,"  Bengaluru, Karnataka ",Fashion|Sunglasses|999,4
ORD-20261002-4091,02/10/2026 18:16,KARAN,Pandya,"delhi, delhi",Electronics|Power Bank|899,2
ORD-20261002-3491,2026-10-02 13:02:46,nidhi,  Yadav ,"Coimbatore, Tamil Nadu",Fashion|Sunglasses|999,2
ORD-20261002-4143,2026-10-02 19:00:53,Jay,Modi,"Ahmedabad, Gujarat",Fashion|Leather Wallet|499,1
ORD-20261002-4203,02/10/2026 09:22,  Nisha ,Kulkarni,"Mumbai, Maharashtra",Home And Kitchen|Steel Water Bottle|399,1
ORD-20261002-1439,02/10/2026 21:21,Harsh,Thakkar,"  Mumbai, Maharashtra ",Fashion|Denim Jeans|1199,6
ORD-20261002-1400,02/10/2026 20:43,Sara,Chauhan,"Mumbai, Maharashtra",Home And Kitchen|Bedsheet Set|1499,1.0
ORD-20261002-0604,02-10-2026 10:01,Navya,Pandya,"lucknow, uttar pradesh",Beauty|Hair Serum|549,3
ORD-20261002-1280,2026-10-02 15:36:36,Saanvi,Chaudhary,"pune, maharashtra",Beauty|Lipstick|399,1
ORD-20261002-2513,02-10-2026 16:09,Aditi,Pandya,"Delhi, Delhi",Fashion|Leather Wallet|499,1
ORD-20261002-4692,2026-10-02 17:32:22,Shreya,chaudhary,"Nagpur, Maharashtra",Fashion|Sunglasses|999,0
ORD-20261002-3169,02/10/2026 22:14,PARTH,Kalavadia,"Kolkata, West Bengal",Electronics|Wireless Earbuds|1299,
ORD-20261002-1246,02/10/2026 17:46,Kriti,Menon,"vadodara, gujarat",Beauty|Lipstick|399,1
ORD-20261002-0345,02/10/2026 11:46,Rohan,Chopra,"Chennai, Tamil Nadu",Electronics|Power Bank|899,1
ORD-20261002-1571,2026-10-02 13:20:22,Sara,Kapoor,"Coimbatore, Tamil Nadu",Home And Kitchen|Storage Box|299,1
ORD-20261002-3620,02/10/2026 18:34,Anjali,parmar,"Vadodara, Gujarat",Electronics|Smart Watch|2499,1
ORD-20261002-3894,02/10/2026 19:42,Anjali,patil,"Vadodara, Gujarat",Fashion|Running Shoes|2199,1
ORD-20261002-4345,02-10-2026 22:13,Advik,Chauhan,"  Nagpur, Maharashtra ",Home And Kitchen|Non Stick Pan|1099,4
ORD-20261002-4596,2026-10-02 07:05:11,shreya,Pillai,"jaipur, rajasthan",Beauty|Hair Serum|549,1
ORD-20261002-0722,02-10-2026 19:54,Ayaan,Reddy,"SURAT, GUJARAT",Electronics|Bluetooth Speaker|1799,4
ORD-20261002-4570,02-10-2026 21:43,AADHYA,jain,"Delhi, Delhi",Home And Kitchen|Steel Water Bottle|399,1
ORD-20261002-3668,02/10/2026 12:16,Navya,Srivastava,"chennai, tamil nadu",Sports|Football|799,5
ORD-20261002-2653,2026-10-02 17:39:49,Kavya,Kalavadia,"Hyderabad, Telangana",Fashion|Running Shoes|2199,2
ORD-20261002-4637,2026-10-02 20:39:06,Varun,  Shah ,"MUMBAI, MAHARASHTRA",Sports|Cricket Bat|1599,4
ORD-20261002-3373,2026-10-02 19:48:11,  Nisha ,Sinha,"  Surat, Gujarat ",Home And Kitchen|Storage Box|299,1
ORD-20261002-3845,02/10/2026 16:02,Khushi,,"Chennai, Tamil Nadu",Fashion|Sunglasses|999,1
ORD-20261002-2815,02/10/2026 19:22,Parth,Agarwal,"vadodara, gujarat",Sports|Yoga Mat|699,1
ORD-20261002-2087,2026-10-02 09:59:26,Manish,Nair,"kolkata, west bengal",Fashion|Cotton Kurta|799,1
ORD-20261002-4117,2026-10-02 14:18:42,deepak,Khanna,"Nagpur, Maharashtra",Home And Kitchen|Non Stick Pan|1099,1
ORD-20261002-2329,02/10/2026 19:18,  Ishaan ,Bansal,"JAIPUR, RAJASTHAN",Electronics|Power Bank|899,2
ORD-20261002-3422,2026-10-02 17:50:02,Neel,THAKKAR,"Hyderabad, Telangana",Sports|Dumbbell Set|1899,2
ORD-20261002-3142,02/10/2026 14:02,Nikhil,Modi,"SURAT, GUJARAT",Sports|Dumbbell Set|1899,2
ORD-20261002-4341,02/10/2026 09:40,SHAURYA,Parmar,"Coimbatore, Tamil Nadu",Home And Kitchen|Storage Box|299,3
ORD-20261002-2252,02-10-2026 15:47,Gaurav,Reddy,"Hyderabad, Telangana",Electronics|Smart Watch|2499,2
ORD-20261002-2614,02/10/2026 22:14,Varun,sharma,"LUCKNOW, UTTAR PRADESH",Electronics|Laptop Stand|749,
ORD-20261002-1288,2026-10-02 14:57:54,Kunal,  Menon ,"Mumbai, Maharashtra",Electronics|Laptop Stand|749,1
ORD-20261002-2611,2026-10-02 20:58:57,Mansi,Solanki,"Delhi, Delhi",Sports|Skipping Rope|199,3
ORD-20261002-2545,02-10-2026 18:43,Jay,kulkarni,"Hyderabad, Telangana",Electronics|Wireless Earbuds|1299,2
ORD-20261002-0960,02/10/2026 15:12,Navya,Khanna,"Hyderabad, Telangana",Electronics|Laptop Stand|749,2.0
ORD-20261002-2817,02/10/2026 14:21,anika,sinha,"NAGPUR, MAHARASHTRA",Home And Kitchen|Bedsheet Set|1499,1
ORD-20261002-0107,02/10/2026 21:36,Rahul,Dubey,"Jaipur, Rajasthan",Home And Kitchen|Non Stick Pan|1099,2
ORD-20261002-0919,02-10-2026 22:17,varun,Chauhan,"hyderabad, telangana",Home And Kitchen|Bedsheet Set|1499,1
ORD-20261002-4284,02/10/2026 19:09,Kavya,Tiwari,"Delhi, Delhi",Home And Kitchen|Wall Clock|649,2
ORD-20261002-4036,2026-10-02 11:26:11,Nikhil,  Joshi ,"delhi, delhi",Sports|Dumbbell Set|1899,3
ORD-20261002-3070,02/10/2026 07:16,Swati,desai,"  Mumbai, Maharashtra ",Electronics|Bluetooth Speaker|1799,3
ORD-20261002-2195,2026-10-02 12:33:21,Shaurya,Reddy,"Vadodara, Gujarat",Fashion|Leather Wallet|499,1
ORD-20261002-0471,2026-10-02 13:24:35,  Neha ,SOLANKI,"  Bengaluru, Karnataka ",Home And Kitchen|Non Stick Pan|1099,2
ORD-20261002-3258,02/10/2026 11:47,amit,Chopra,"Bengaluru, Karnataka",Fashion|Sunglasses|999,1
ORD-20261002-1403,02/10/2026 21:41,  Yash ,ghosh,"Ahmedabad, Gujarat",Home And Kitchen|Steel Water Bottle|399,6
ORD-20261002-3006,2026-10-02 21:38:41,  Sneha ,Rao,"Ahmedabad, Gujarat",Electronics|Smart Watch|2499,1
ORD-20261002-2185,02/10/2026 19:42,  Ayaan ,KULKARNI,"Bengaluru, Karnataka",Home And Kitchen|Non Stick Pan|1099,2
ORD-20261002-4088,02-10-2026 10:42,Myra,Solanki,"Pune, Maharashtra",Fashion|Leather Wallet|499,1
ORD-20261002-1239,02/10/2026 14:05,VIHAAN,  Parmar ,"Chennai, Tamil Nadu",Electronics|Laptop Stand|749,0
ORD-20261002-2376,02/10/2026 15:15,Pranav,Rathod,"Ahmedabad, Gujarat",Home And Kitchen|Wall Clock|649,2
ORD-20261002-2881,02-10-2026 01:20,Dhwani,vyas,"Delhi, Delhi",Home And Kitchen|Wall Clock|649,
ORD-20261002-0651,2026-10-02 10:52:23,Gaurav,reddy,"Mysuru, Karnataka",Fashion|Leather Wallet|499,1
ORD-20261002-4208,02/10/2026 15:32,Shreya,Dubey,"Ahmedabad, Gujarat",Home And Kitchen|Steel Water Bottle|399,4
ORD-20261002-4566,2026-10-02 19:03:15,Rajesh,Menon,"Hyderabad, Telangana",Electronics|Wireless Earbuds|1299,3
ORD-20261002-4635,02/10/2026 17:18,rajesh,Yadav,"Surat, Gujarat",Fashion|Denim Jeans|1199,1
ORD-20261002-3740,2026-10-02 05:23:21,DIVYA,  Desai ,"Ahmedabad, Gujarat",Sports|Yoga Mat|699,2
ORD-20261002-4374,02/10/2026 07:07,Neel,Solanki,"KOLKATA, WEST BENGAL",Sports|Yoga Mat|699,1
ORD-20261002-2608,02/10/2026 19:34,Ananya,yadav,"mumbai, maharashtra",Fashion|Sunglasses|999,2
ORD-20261002-4214,02-10-2026 19:11,Varun,jain,"Jaipur, Rajasthan",Home And Kitchen|Bedsheet Set|1499,1
ORD-20261002-4302,2026-10-02 08:21:48,Khushi,Kalavadia,"Pune, Maharashtra",Fashion|Cotton Kurta|799,1
ORD-20261002-0026,2026-10-02 19:09:19,null,Shah,"Mumbai, Maharashtra",Beauty|Hair Serum|549,1
ORD-20261002-4517,2026-10-02 21:06:11,Payal,Sinha,"hyderabad, telangana",Home And Kitchen|Steel Water Bottle|399,2
ORD-20261002-0852,2026-10-02 08:48:15,Deepak,Solanki,"Mumbai, Maharashtra",Home And Kitchen|Steel Water Bottle|399,1
ORD-20261002-0055,02/10/2026 14:37,Gaurav,Singh,"vadodara, gujarat",Home And Kitchen|Storage Box|299,1
ORD-20261002-2784,02-10-2026 22:27,diya,Patil,"KOLKATA, WEST BENGAL",Fashion|Cotton Kurta|799,1.0
ORD-20261002-2126,02/10/2062 19:03,Neha,Kumar,"delhi, delhi",Beauty|Hair Serum|549,3
ORD-20261002-1538,02/10/2026 14:57,  Sara ,Singh,"bengaluru, karnataka",Sports|Dumbbell Set|1899,1
ORD-20261002-4153,02/10/2026 14:51,Sara,Arora,"Hyderabad, Telangana",Electronics|Laptop Stand|749,1
ORD-20261002-2254,02/10/2026 19:36,rahul,JAIN,"Pune, Maharashtra",Beauty|Lipstick|399,1
ORD-20261002-2976,02/10/2026 21:03,  Aarav ,thakkar,"Hyderabad, Telangana",Electronics|Laptop Stand|749,1
ORD-20261002-1928,02/10/2026 20:59,Manish,Gupta,"Delhi, Delhi",Sports|Skipping Rope|199,6
ORD-20261002-2308,02/10/2026 14:02,GAURAV,PAWAR,"Vadodara, Gujarat",Home And Kitchen|Storage Box|299,4
ORD-20261002-1824,2026-10-02 19:37:32,Roshni,Joshi,"Delhi, Delhi",Fashion|Cotton Kurta|799,1
ORD-20261002-0713,02/10/2026 20:26,Navya,Reddy,"mysuru, karnataka",Home And Kitchen|Non Stick Pan|1099,1
ORD-20261002-1477,02/10/2026 09:30,neel,Trivedi,"chennai, tamil nadu",Beauty|Face Wash|249,1
ORD-20261002-0889,02/10/2026 23:40,Simran,Jain,"Nagpur, Maharashtra",Electronics|Power Bank|899,1
ORD-20261002-4215,02/10/2026 10:31,Atharv,  Saxena ,"Chennai, Tamil Nadu",Electronics|Laptop Stand|749,1
ORD-20261002-1158,02-10-2026 07:09,ISHAAN,CHAUHAN,"Kolkata, West Bengal",Electronics|Smart Watch|2499,1
ORD-20261002-4436,02-10-2026 17:08,Sara,Pandya,"KOLKATA, WEST BENGAL",Beauty|Face Wash|249, 1 
ORD-20261002-0840,02/10/2026 10:31,Aanya,  Pandya ,"Chennai, Tamil Nadu",Electronics|Bluetooth Speaker|1799,2
ORD-20261002-0907,02/10/2026 22:23,Tanvi,thakkar,"coimbatore, tamil nadu",Beauty|Sunscreen|449,1
ORD-20261002-2064,2026-10-02 19:43:11,Vivaan,Pawar,"MUMBAI, MAHARASHTRA",Electronics|Smart Watch|2499,1
ORD-20261002-1610,2026-10-02 13:15:06,neha,Saxena,"Mumbai, Maharashtra",Home And Kitchen|Storage Box|299,2
ORD-20261002-0831,02/10/2026 13:44,REYANSH,Rao,"mysuru, karnataka",Home And Kitchen|Bedsheet Set|1499,1
ORD-20261002-1290,2026-10-02 22:29:43,KRITI,Nair,"  Mumbai, Maharashtra ",Fashion|Sunglasses|999,1
ORD-20261002-1656,02-10-2026 15:30,komal,Dubey,"Delhi, Delhi",Home And Kitchen|Wall Clock|649,1
ORD-20261002-2631,02/10/2026 12:07,kriti,  Rao ,"chennai, tamil nadu",Beauty|Sunscreen|449,2
ORD-20261002-3059,02/10/2026 16:30,Harsh,Khanna,"Mumbai, Maharashtra",Electronics|Smart Watch|2499,1
ORD-20261002-0899,2026-10-02 06:30:50,Reyansh,Dubey,"Mumbai, Maharashtra",Home And Kitchen|Non Stick Pan|1099,1
ORD-20261002-4314,02-10-2026 13:49,Manish,Jain,"hyderabad, telangana",Beauty|Hair Serum|549,1
ORD-20261002-3512,02/10/2026 19:34,KRUPA,  Kalavadia ,"Nagpur, Maharashtra",Sports|Cricket Bat|1599,2
ORD-20261002-2494,2026-10-02 18:50:43,Aryan,Pandya,"Mumbai, Maharashtra",Electronics|Wireless Earbuds|1299,2
ORD-20261002-0500,2026-10-02 18:28:25,Kabir,REDDY,"  Hyderabad, Telangana ",Home And Kitchen|Steel Water Bottle|399,1.0
ORD-20261002-3719,02/10/2026 20:56,Reyansh,patel,"Jaipur, Rajasthan",Home And Kitchen|Wall Clock|649,2
ORD-20261002-4061,02/10/2026 13:57,Dhruv,khanna,"mumbai, maharashtra",Fashion|Cotton Kurta|799,1
ORD-20261002-3458,02/10/2026 19:50,Vikas,Malhotra,"Delhi, Delhi",Fashion|Sunglasses|999,1
ORD-20261002-4518,02-10-2026 12:56,TUSHAR,,"Ahmedabad, Gujarat",Beauty|Hair Serum|549,2
ORD-20261002-3055,2026-10-02 10:05:19,nisha,Sharma,"Bengaluru, Karnataka",Beauty|Lipstick|399,5
ORD-20261002-4661,2026-10-02 08:46:07,Divya,Das,"Surat, Gujarat",Home And Kitchen|Non Stick Pan|1099, 1 
ORD-20261002-2856,2026-10-02 21:31:20,Megha,Nair,"chennai, tamil nadu",Electronics|Power Bank|899,1.0
ORD-20261002-4307,02-10-2026 11:42,Advik,bansal,"Kolkata, West Bengal",,1
ORD-20261002-0143,02/10/2026 19:45,NISHA,GHOSH,"Mumbai, Maharashtra",Sports|Football|799,3
ORD-20261002-1976,02/10/2026 12:09,VIHAAN,  Trivedi ,"Ahmedabad, Gujarat",Electronics|Power Bank|899,1
ORD-20261002-3314,02/10/2026 11:10,Bhavna,dubey,"Lucknow, Uttar Pradesh",Beauty|Sunscreen|449,2
ORD-20261002-1267,02/10/2026 14:28,DIVYA,kulkarni,"Chennai, Tamil Nadu",Home And Kitchen|Bedsheet Set|1499,2
ORD-20261002-2679,02/10/2026 12:29,  Rajesh ,Srivastava,"Pune, Maharashtra",Home And Kitchen|Steel Water Bottle|399,2
ORD-20261002-4222,2026-10-02 10:32:03,Neha,Arora,"Delhi, Delhi",Electronics|Laptop Stand|749,3
ORD-20261002-3520,02-10-2026 10:21,komal,,"  Kolkata, West Bengal ",Home And Kitchen|Non Stick Pan|1099,1
ORD-20261002-1661,02/10/2026 09:15,KRUPA,chaudhary,"  Mumbai, Maharashtra ",Home And Kitchen|Bedsheet Set|1499,1
ORD-20261002-0244,02/10/2026 22:45,kriti,Ghosh,"mysuru, karnataka",Sports|Yoga Mat|699,2
ORD-20261002-1896,2026-10-02 20:23:37,Vihaan,Saxena,"Chennai, Tamil Nadu",Beauty|Perfume|1299,3
ORD-20261002-0909,02/10/2026 10:19,Krishna,Dubey,"delhi, delhi",Sports|Yoga Mat|699,2
ORD-20261002-3221,02-10-2026 12:02,Neha,Solanki,"vadodara, gujarat",Home And Kitchen|Steel Water Bottle|399,6
ORD-20261002-2911,02/10/2026 04:22,varun,PANDYA,"COIMBATORE, TAMIL NADU",Sports|Cricket Bat|1599,
ORD-20261002-0350,02/10/2026 13:27,jay,Trivedi,"Mysuru, Karnataka",Sports|Cricket Bat|1599,2.0
ORD-20261002-4604,2026-10-02 21:39:10,Navya,Bansal,"mumbai, maharashtra",Beauty|Lipstick|399,4
ORD-20261002-1827,02/10/2026 18:41,Ayaan,Mukherjee,"Surat, Gujarat",Electronics|Laptop Stand|749,1
ORD-20261002-3343,2026-10-02 17:38:39,  Sneha ,Desai,"Mumbai, Maharashtra",Electronics|Power Bank|899,1
ORD-20261002-0780,02/10/2026 22:46,amit,Iyer,"delhi, delhi",Electronics|Laptop Stand|749,5
ORD-20261002-1385,2026-10-02 06:40:07,Kunal,ghosh,,Home And Kitchen|Storage Box|299,6
ORD-20261002-4310,02/10/2026 20:29,Nisha,Sinha,"chennai, tamil nadu",Electronics|Laptop Stand|749,2
ORD-20261002-4761,02-10-2026 06:19,Payal,mishra,"Lucknow, Uttar Pradesh",Electronics|Wireless Earbuds|1299,2
ORD-20261002-0733,02/10/2026 16:44,Komal,GHOSH,"Surat, Gujarat",Home And Kitchen|Wall Clock|649,4
ORD-20261002-4502,2026-10-02 07:28:52,Simran,Jain,"Chennai, Tamil Nadu",Electronics|Smart Watch|2499,2
ORD-20261002-4717,02-10-2026 22:12,Anjali,Bansal,"JAIPUR, RAJASTHAN",Fashion|Leather Wallet|499,2
ORD-20261002-2201,2026-10-02 20:58:15,Atharv,das,"hyderabad, telangana",Electronics|Laptop Stand|749,1
ORD-20261002-4230,02-10-2026 21:15,Dhruv,Menon,"Ahmedabad, Gujarat",Fashion|Cotton Kurta|799,1
ORD-20261002-2123,N/A,Palak,Thakkar,"BENGALURU, KARNATAKA",Electronics|Smart Watch|2499,2
ORD-20261002-3912,2026-10-02 12:51:07,  Ananya ,chaudhary,"  Ahmedabad, Gujarat ",Fashion|Denim Jeans|1199,3
ORD-20261002-4301,02-10-2026 19:15,Riya,Srivastava,"Hyderabad, Telangana",Fashion|Cotton Kurta|799,1
ORD-20261002-1934,2026-10-02 08:17:07,Shaurya,Rao,N/A,Sports|Cricket Bat|1599,1
ORD-20261002-3964,02/10/2026 17:29,Nisha,Nair,"Bengaluru, Karnataka",Fashion|Cotton Kurta|799,2
ORD-20261002-1313,2026-10-02 11:12:19,shaurya,Solanki,"  Surat, Gujarat ",Sports|Football|799, 4 
ORD-20261002-4503,02/10/2026 20:23,MEGHA,Thakkar,"Mumbai, Maharashtra",Fashion|Sunglasses|999,2
ORD-20261002-3922,02/10/2062 09:17,Vivaan,Modi,"Mumbai, Maharashtra",Fashion|Denim Jeans|1199,1
ORD-20261002-3296,02/10/2026 11:58,NISHA,jain,"Mumbai, Maharashtra",Beauty|Sunscreen|449,4
ORD-20261002-2528,02-10-2026 20:00,Vikas,Das,"Chennai, Tamil Nadu",Home And Kitchen|Bedsheet Set|1499,1
ORD-20261002-0969,02/10/2026 21:39,Deepak,Srivastava,"Mumbai, Maharashtra",Home And Kitchen|Non Stick Pan|1099,4
ORD-20261002-2248,2026-10-02 11:03:50,Ishaan,kumar,"NAGPUR, MAHARASHTRA",Beauty|Face Wash|249,1
ORD-20261002-3434,02/10/2026 03:53,  Hetal ,Kalavadia,"Coimbatore, Tamil Nadu",Electronics|Laptop Stand|749,1
ORD-20261002-2530,2026-10-02 08:53:27,Diya,Singh,"Bengaluru, Karnataka",Electronics|Wireless Earbuds|1299,3
ORD-20261002-4268,02/10/2026 12:23,aarav,bhatt,"Hyderabad, Telangana",Electronics|Power Bank|899,1
ORD-20261002-0174,02/10/2026 19:48,Tanvi,parmar,"Bengaluru, Karnataka",Electronics|Smart Watch|2499,1
ORD-20261002-0758,02-10-2026 23:37,bhavna,tiwari,"Coimbatore, Tamil Nadu",Electronics|Power Bank|899, 1 
ORD-20261002-2909,02/10/2026 18:49,Dhruv,  Desai ,"Hyderabad, Telangana",Sports|Dumbbell Set|1899,2
ORD-20261002-2965,02/10/2026 09:05,vihaan,Rathod,"Mumbai, Maharashtra",Beauty|Hair Serum|549,1
ORD-20261002-2058,2026-10-02 21:27:18,  Yash ,Nair,"Mumbai, Maharashtra",Electronics|Wireless Earbuds|1299,1
ORD-20261002-2280,02/10/2026 20:46,  Tushar ,MODI,"coimbatore, tamil nadu",Electronics|Wireless Earbuds|1299,1.0
ORD-20261002-3936,02/10/2026 12:04,JAY,Iyer,"MYSURU, KARNATAKA",Fashion|Cotton Kurta|799, 1 
ORD-20261002-4780,2026-10-02 12:08:29,,Menon,"Mumbai, Maharashtra",Sports|Cricket Bat|1599,1
ORD-20261002-1612,02/10/2026 21:31,megha,Das,"vadodara, gujarat",Sports|Skipping Rope|199,4
ORD-20261002-1487,02-10-2026 20:13,janvi,Gupta,"LUCKNOW, UTTAR PRADESH",Fashion|Running Shoes|2199,2
ORD-20261002-0698,2026-10-02 20:17:16,tanvi,Parmar,"BENGALURU, KARNATAKA",Electronics|Wireless Earbuds|1299,2
ORD-20261002-3308,2026-10-02 22:44:14,myra,Desai,"bengaluru, karnataka",Electronics|Wireless Earbuds|1299,3
ORD-20261002-0307,2026-10-02 20:59:31,shreya,CHAUHAN,"Pune, Maharashtra",Electronics|Wireless Earbuds|1299,1
ORD-20261002-4119,02/10/2026 20:18,Jay,Chopra,"Surat, Gujarat",Beauty|Sunscreen|449,2
ORD-20261002-4716,02/10/2026 21:54,  Ananya ,Chaudhary,"Lucknow, Uttar Pradesh",Sports|Football|799,1
ORD-20261002-2702,2026-10-02 12:32:22,deepak,NAIR,"Coimbatore, Tamil Nadu",Home And Kitchen|Steel Water Bottle|399,1
ORD-20261002-2075,2026-10-02 17:39:30,Megha,  Ghosh ,"DELHI, DELHI",Fashion|Leather Wallet|499,1
ORD-20261002-3275,2026-10-02 05:04:25,Komal,dubey,"Mysuru, Karnataka",Electronics|Laptop Stand|749,4
ORD-20261002-2162,02/10/2026 11:52,  Ishaan ,Jain,"PUNE, MAHARASHTRA",Home And Kitchen|Wall Clock|649,3
ORD-20261002-3878,2026-10-02 17:47:31,Bhavna,gupta,"delhi, delhi",Home And Kitchen|Wall Clock|649,5
ORD-20261002-0677,02/10/2026 10:57,rajesh,Menon,"Hyderabad, Telangana",Home And Kitchen|Wall Clock|649, 1 
ORD-20261002-0799,02/10/2026 20:58,Varun,Kumar,"Mysuru, Karnataka",Home And Kitchen|Bedsheet Set|1499,2.0
ORD-20261002-2936,02/10/2026 10:06,RAHUL,sharma,"  Delhi, Delhi ",Beauty|Face Wash|249,4.0
ORD-20261002-1256,2026-10-02 08:35:43,bhavna,Kumar,"Mumbai, Maharashtra",Home And Kitchen|Non Stick Pan|1099,1
ORD-20261002-2600,02/10/2026 12:59,krishna,  Chauhan ,"hyderabad, telangana",Electronics|Wireless Earbuds|1299,2
ORD-20261002-0824,02/10/2026 09:58,Kunal,mehta,"kolkata, west bengal",Home And Kitchen|Non Stick Pan|1099,1
ORD-20261002-4812,2026-10-02 12:13:52,Simran,TIWARI,"Jaipur, Rajasthan",Electronics|Smart Watch|2499,5
ORD-20261002-3334,2026-10-02 10:16:50,vikas,Pillai,"  Surat, Gujarat ",Home And Kitchen|Bedsheet Set|1499,2
ORD-20261002-4806,02/10/2026 18:24,SNEHA,Menon,"  Mysuru, Karnataka ",,1
ORD-20261002-3150,2026-10-02 12:16:08,Tanvi,Patil,"  Hyderabad, Telangana ",Sports|Yoga Mat|699,2
ORD-20261002-4234,02/10/2026 21:51,Komal,Kulkarni,"Surat, Gujarat",Beauty|Sunscreen|449,4
ORD-20261002-0954,2026-10-02 21:35:23,Kriti,Pillai,"Chennai, Tamil Nadu",Sports|Cricket Bat|1599,2
ORD-20261002-3759,02/10/2026 18:58,vikas,PATIL,"Mumbai, Maharashtra",Electronics|Laptop Stand|749,1
ORD-20261002-2437,02/10/2026 17:40,Krishna,PATIL,"Bengaluru, Karnataka",Electronics|Laptop Stand|749,1
ORD-20261002-2140,02/10/2026 12:02,Palak,Yadav,"mumbai, maharashtra",Electronics|Smart Watch|2499,1
,02/10/2026 15:27,hetal,Patel,"Mumbai, Maharashtra",Home And Kitchen|Steel Water Bottle|399,1
ORD-20261002-3514,02/10/2026 16:13,Megha,Reddy,"Mumbai, Maharashtra",Home And Kitchen|Storage Box|299,1
ORD-20261002-2467,2026-10-02 22:40:44,DIVYA,Kumar,"  Delhi, Delhi ",Sports|Skipping Rope|199,1
ORD-20261002-2925,2026-10-02 20:21:43,NIKHIL,MEHTA,"Mumbai, Maharashtra",Beauty|Perfume|1299,2
ORD-20261002-0069,02-10-2026 15:40,Atharv,BANSAL,"Surat, Gujarat",Sports|Skipping Rope|199,2
ORD-20261002-3997,02-10-2026 00:43,Neel,Verma,"Pune, Maharashtra",Sports|Football|799, 5 
ORD-20261002-0178,2026-10-02 10:39:29,  Sara ,Saxena,"Kolkata, West Bengal",Home And Kitchen|Wall Clock|649,2
ORD-20261002-3056,2026-10-02 18:56:08,ADITYA,Shah,"Bengaluru, Karnataka",Electronics|Wireless Earbuds|1299,2
ORD-20261002-1590,2026-10-02 00:20:00,advik,Vyas,"Jaipur, Rajasthan",Beauty|Sunscreen|449,1
ORD-20261002-4347,02/10/2026 12:40,  Priya ,BANSAL,"Mumbai, Maharashtra",Home And Kitchen|Bedsheet Set|1499,1
ORD-20261002-0464,2026-10-02 20:11:40,Myra,DESAI,"BENGALURU, KARNATAKA",Beauty|Hair Serum|549,3
ORD-20261002-4837,2026-10-02 20:28:19,  Neha ,Gupta,"Bengaluru, Karnataka",Electronics|Bluetooth Speaker|1799,1
ORD-20261002-1582,02/10/2026 13:17,Anika,Shah,"Pune, Maharashtra",Electronics|Bluetooth Speaker|1799,1
ORD-20261002-4838,N/A,Jay,Verma,"Delhi, Delhi",Electronics|Laptop Stand|749,1
ORD-20261002-3051,2026-10-02 11:02:58,nidhi,  Chopra ,"chennai, tamil nadu",Sports|Dumbbell Set|1899,6
ORD-20261002-1395,02/10/2026 14:54,Isha,pandya,"Ahmedabad, Gujarat",Sports|Dumbbell Set|1899,2
ORD-20261002-0660,02/10/2026 15:30,Pranav,Kumar,"Ahmedabad, Gujarat",Electronics|Wireless Earbuds|1299,4.0
ORD-20261002-1871,02/10/2026 12:51,MANISH,Mehta,"HYDERABAD, TELANGANA",Electronics|Smart Watch|2499,1
ORD-20261002-4024,2026-10-02 12:34:55,Dhwani,ARORA,"Mumbai, Maharashtra",Home And Kitchen|Storage Box|299,4
ORD-20261002-2691,02/10/2026 11:13,GAURAV,  Vyas ,"Delhi, Delhi",,3
ORD-20261002-2451,,atharv,Sharma,"Mysuru, Karnataka",Home And Kitchen|Bedsheet Set|1499,2
ORD-20261002-2672,2026-10-02 12:25:23,Karan,sinha,"Hyderabad, Telangana",Home And Kitchen|Non Stick Pan|1099,1
ORD-20261002-3379,02-10-2026 21:01,bhavna,Tiwari,"Coimbatore, Tamil Nadu",Fashion|Leather Wallet|499,2
ORD-20261002-1955,02/10/2026 13:35,Varun,  Mukherjee ,"SURAT, GUJARAT",Home And Kitchen|Storage Box|299,1
ORD-20261002-1906,02/10/2026 22:53,nikhil,CHOPRA,"HYDERABAD, TELANGANA",Home And Kitchen|Non Stick Pan|1099, 1 
ORD-20261002-1033,02/10/2026 20:44,RIYA,Patel,"BENGALURU, KARNATAKA",Home And Kitchen|Storage Box|299,2
ORD-20261002-1858,02-10-2026 20:45,jay,Kapoor,"Bengaluru, Karnataka",Home And Kitchen|Wall Clock|649,1
ORD-20261002-3762,2026-10-02 23:12:08,Krishna,Saxena,"Coimbatore, Tamil Nadu",Sports|Yoga Mat|699,1
ORD-20261002-4639,02-10-2026 14:40,Aarav,  Menon ,"Pune, Maharashtra",Fashion|Running Shoes|2199,4
ORD-20261002-2705,02/10/2026 10:36,Rahul,Parmar,"Hyderabad, Telangana",Electronics|Laptop Stand|749,2
ORD-20261002-4229,02/10/2026 14:39,aryan,  Pandya ,"MUMBAI, MAHARASHTRA",Electronics|Smart Watch|2499,3
ORD-20261002-4273,02/10/2026 17:00,Vikas,Patel,"Delhi, Delhi",Fashion|Cotton Kurta|799,2
ORD-20261002-3939,2026-10-02 15:04:45,PAYAL,saxena,"Jaipur, Rajasthan",Fashion|Denim Jeans|1199,1
ORD-20261002-1723,02/10/2026 13:48,Divya,Agarwal,"MUMBAI, MAHARASHTRA",Electronics|Wireless Earbuds|1299,4
ORD-20261002-4429,2026-10-02 11:12:40,Tanvi,Pawar,"HYDERABAD, TELANGANA",Beauty|Hair Serum|549,1
ORD-20261002-4415,2026-10-02 16:18:42,  Ananya ,Shah,"Ahmedabad, Gujarat",Home And Kitchen|Bedsheet Set|1499,1
ORD-20261002-2558,02/10/2026 16:00,Gaurav,parmar,"Kolkata, West Bengal",Electronics|Smart Watch|2499,1
ORD-20261002-1258,02/10/2062 17:38,khushi,bansal,"HYDERABAD, TELANGANA",Sports|Dumbbell Set|1899,1
ORD-20261002-1420,2026-10-02 21:01:46,  Aditi ,mehta,"jaipur, rajasthan",Electronics|Laptop Stand|749,1
ORD-20261002-4647,02/10/2026 09:40,AYAAN,Desai,"surat, gujarat",Beauty|Perfume|1299,1
ORD-20261002-4100,02/10/2026 11:57,kunal,Bansal,"Hyderabad, Telangana",Fashion|Cotton Kurta|799,1
ORD-20261002-2488,02/10/2026 05:29,Tanvi,Agarwal,"HYDERABAD, TELANGANA",Home And Kitchen|Storage Box|299,1
ORD-20261002-2281,2026-10-02 13:23:35,Dhwani,  Agarwal ,"  Chennai, Tamil Nadu ",Beauty|Face Wash|249,1
ORD-20261002-4065,02/10/2026 10:21,  Kavya ,Vyas,"Delhi, Delhi",Fashion|Leather Wallet|499,1
ORD-20261002-1065,2026-10-02 22:02:41,  Nisha ,Kulkarni,"Kolkata, West Bengal",Fashion|Leather Wallet|499,2
ORD-20261002-4053,2026-10-02 08:37:09,mansi,Sharma,"lucknow, uttar pradesh",Fashion|Running Shoes|2199,2
ORD-20261002-4387,2026-10-02 08:58:50,rajesh,verma,"Mumbai, Maharashtra",Fashion|Leather Wallet|499,4
ORD-20261002-2053,02/10/2026 16:02,  Anika ,Reddy,"DELHI, DELHI",Electronics|Smart Watch|2499,1
ORD-20261002-2030,02/10/2026 11:55,Krupa,Desai,"MUMBAI, MAHARASHTRA",Fashion|Cotton Kurta|799,1
ORD-20261002-3284,,Mansi,Kapoor,"Delhi, Delhi",Home And Kitchen|Wall Clock|649, 5 
ORD-20261002-2947,2026-10-02 11:43:14,KABIR,Kulkarni,"Kolkata, West Bengal",Electronics|Bluetooth Speaker|1799,1
ORD-20261002-2198,02/10/2026 01:33,Ishaan,Ghosh,"hyderabad, telangana",Home And Kitchen|Storage Box|299,1
ORD-20261002-0245,2026-10-02 06:58:22,JANVI,reddy,"BENGALURU, KARNATAKA",Electronics|Bluetooth Speaker|1799,2
ORD-20261002-3782,2026-10-02 21:30:53,Jay,Desai,"Coimbatore, Tamil Nadu",Home And Kitchen|Storage Box|299,2
ORD-20261002-1973,2026-10-02 20:56:13,Pranav,Kapoor,"Surat, Gujarat",Fashion|Sunglasses|999,4
ORD-20261002-1785,02-10-2026 07:29,Anika,Malhotra,"Mysuru, Karnataka",Sports|Football|799,2
ORD-20261002-3738,2026-10-02 15:01:52,Vikas,Tiwari,"Mumbai, Maharashtra",Beauty|Sunscreen|449,1
ORD-20261002-1426,02-10-2026 19:40,Aditi,Patel,"  Bengaluru, Karnataka ",Electronics|Power Bank|899,1
ORD-20261002-2384,2026-10-02 15:04:19,Karan,  Shah ,"Bengaluru, Karnataka",Home And Kitchen|Non Stick Pan|1099,2
ORD-20261002-4817,02/10/2026 23:15,Priya,Srivastava,"Coimbatore, Tamil Nadu",Home And Kitchen|Bedsheet Set|1499,1
ORD-20261002-3998,02/10/2026 18:39,  Shreya ,Nair,"Mumbai, Maharashtra",Electronics|Power Bank|899,2
ORD-20261002-4101,02-10-2026 17:12,NEHA,  Mukherjee ,"mysuru, karnataka",Home And Kitchen|Steel Water Bottle|399,1.0
ORD-20261002-0085,2026-10-02 16:18:06,Bhavna,Kumar,"Nagpur, Maharashtra",Sports|Cricket Bat|1599,1
ORD-20261002-1305,02-10-2026 22:00,REYANSH,Gupta,"Nagpur, Maharashtra",Fashion|Leather Wallet|499,3
ORD-20261002-1952,02/10/2026 03:26,Priya,Mehta,"Coimbatore, Tamil Nadu",Home And Kitchen|Bedsheet Set|1499,2
ORD-20261002-3905,2026-10-02 21:48:50,ananya,KALAVADIA,"Bengaluru, Karnataka",Electronics|Smart Watch|2499,1
ORD-20261002-2081,02/10/2026 21:00,Priya,DUBEY,"Delhi, Delhi",Fashion|Running Shoes|2199,3
ORD-20261002-2149,2026-10-02 13:23:30,Priya,solanki,"VADODARA, GUJARAT",Home And Kitchen|Non Stick Pan|1099,1
ORD-20261002-3355,02/10/2026 20:53,Hetal,Dubey,"Delhi, Delhi",Sports|Cricket Bat|1599,3
ORD-20261002-2216,2026-10-02 23:58:06,Karan,kulkarni,"Jaipur, Rajasthan",Home And Kitchen|Bedsheet Set|1499,6
ORD-20261002-2605,02/10/2026 07:55,Deepak,  Yadav ,"Lucknow, Uttar Pradesh",Home And Kitchen|Bedsheet Set|1499,3
ORD-20261002-0717,02/10/2026 09:23,Khushi,Yadav,"  Coimbatore, Tamil Nadu ",Sports|Yoga Mat|699,3
ORD-20261002-4740,02/10/2026 23:54,Tanvi,Chauhan,"Bengaluru, Karnataka",Beauty|Hair Serum|549,1
ORD-20261002-3598,2026-10-02 13:52:28,Aryan,Desai,"Delhi, Delhi",Home And Kitchen|Bedsheet Set|1499,2
ORD-20261002-4145,02/10/2026 21:24,deepak,  Solanki ,"mumbai, maharashtra",Electronics|Wireless Earbuds|1299,3
ORD-20261002-0398,02/10/2026 22:26,Anika,Reddy,"delhi, delhi",Sports|Cricket Bat|1599,1
ORD-20261002-3916,2026-10-02 22:13:08,Janvi,Dubey,"Kolkata, West Bengal",Sports|Yoga Mat|699,4
ORD-20261002-4383,2026-10-02 16:46:52,Om,Jain,"Surat, Gujarat",Electronics|Wireless Earbuds|1299,6
ORD-20261002-2029,02/10/2026 14:59,Dhwani,Yadav,"Surat, Gujarat",Beauty|Sunscreen|449,1
ORD-20261002-2025,02/10/2026 10:59,shaurya,Ghosh,"delhi, delhi",Fashion|Cotton Kurta|799, 1 
ORD-20261002-3316,2026-10-02 23:06:25,Myra,vyas,"Bengaluru, Karnataka",Electronics|Bluetooth Speaker|1799,1
ORD-20261002-1655,02/10/2026 11:29,Shreya,  Srivastava ,"Ahmedabad, Gujarat",Home And Kitchen|Wall Clock|649,1
ORD-20261002-4620,02-10-2026 15:14,Priya,Chopra,"  Hyderabad, Telangana ",Fashion|Running Shoes|2199,4
ORD-20261002-0751,02/10/2026 11:47,Mansi,Agarwal,"delhi, delhi",Fashion|Cotton Kurta|799,5
ORD-20261002-0050,02/10/2026 15:59,rohan,Patel,"chennai, tamil nadu",Sports|Skipping Rope|199,1
ORD-20261002-1957,2026-10-02 21:48:32,parth,Agarwal,"Vadodara, Gujarat",Home And Kitchen|Bedsheet Set|1499,2
ORD-20261002-1433,2026-10-02 20:09:10,om,malhotra,"Bengaluru, Karnataka",Home And Kitchen|Bedsheet Set|1499,1
ORD-20261002-1168,02-10-2026 11:48,Aryan,ghosh,"Vadodara, Gujarat",Beauty|Sunscreen|449,2
ORD-20261002-4082,2026-10-02 20:05:40,Hetal,  Chauhan ,"Vadodara, Gujarat",Home And Kitchen|Wall Clock|649,2
ORD-20261002-1764,2026-10-02 19:48:36,  Shaurya ,Rathod,"PUNE, MAHARASHTRA",Sports|Dumbbell Set|1899,6
ORD-20261002-4014,02/10/2026 19:56,KOMAL,mukherjee,"CHENNAI, TAMIL NADU",Home And Kitchen|Steel Water Bottle|399,2
ORD-20261002-0278,02-10-2026 13:22,neel,Saxena,"LUCKNOW, UTTAR PRADESH",Home And Kitchen|Bedsheet Set|1499,5
ORD-20261002-0492,2026-10-02 05:36:18,swati,desai,"PUNE, MAHARASHTRA",Electronics|Laptop Stand|749,1
ORD-20261002-3013,02/10/2026 10:59,Rudra,  Pillai ,"Ahmedabad, Gujarat",Beauty|Hair Serum|549,2.0
ORD-20261002-2278,02/10/2026 20:06,Komal,BANSAL,,Home And Kitchen|Bedsheet Set|1499, 5 
ORD-20261002-3544,02/10/2026 19:25,Anjali,Patel,"Delhi, Delhi",Home And Kitchen|Storage Box|299,1
ORD-20261002-2048,02/10/2026 11:33,Advik,Vyas,"Jaipur, Rajasthan",Home And Kitchen|Storage Box|299,1.0
ORD-20261002-2496,02/10/2026 23:30,megha,Dubey,"Hyderabad, Telangana",Fashion|Leather Wallet|499,1
ORD-20261002-2930,2026-10-02 20:38:38,Jay,  Parmar ,"Pune, Maharashtra",Sports|Dumbbell Set|1899,1
ORD-20261002-1282,02/10/2026 11:54,isha,  Mishra ,"Lucknow, Uttar Pradesh",Electronics|Power Bank|899,2
ORD-20261002-4734,02/10/2026 17:20,Yash,Arora,"Mumbai, Maharashtra",Fashion|Denim Jeans|1199,1
ORD-20261002-3875,02/10/2026 19:17,Kunal,verma,"Ahmedabad, Gujarat",Fashion|Leather Wallet|499,1
ORD-20261002-2121,02/10/2026 20:07,Pranav,kapoor,"surat, gujarat",Home And Kitchen|Non Stick Pan|1099,1
ORD-20261002-1823,02/10/2026 16:36,  Kriti ,  Malhotra ,"Hyderabad, Telangana",Home And Kitchen|Non Stick Pan|1099,1
ORD-20261002-4678,02/10/2026 20:32,null,Bansal,"Chennai, Tamil Nadu",Beauty|Sunscreen|449,1
ORD-20261002-1742,02/10/2026 18:44,Priya,Srivastava,"Chennai, Tamil Nadu",Beauty|Sunscreen|449,3.0
ORD-20261002-2539,2026-10-02 20:36:22,Ishaan,Kapoor,"Chennai, Tamil Nadu",Sports|Dumbbell Set|1899,2
ORD-20261002-0054,02-10-2026 06:45,Yash,Thakkar,"Mumbai, Maharashtra",Beauty|Perfume|1299,2
ORD-20261002-0146,02/10/2026 17:33,Kriti,Menon,"VADODARA, GUJARAT",Home And Kitchen|Wall Clock|649,1
ORD-20261002-3135,02-10-2026 22:08,Neha,desai,"Ahmedabad, Gujarat",Electronics|Power Bank|899,1
ORD-20261002-0191,02-10-2026 16:39,  Yash ,Tiwari,"ahmedabad, gujarat",Electronics|Smart Watch|2499,1
ORD-20261002-3338,02/10/2026 20:32,Reyansh,Joshi,"Nagpur, Maharashtra",Electronics|Smart Watch|2499,1
ORD-20261002-4551,2026-10-02 01:40:45,mihir,Saxena,"Chennai, Tamil Nadu",Sports|Football|799,1
ORD-20261002-4210,02/10/2026 14:23,  Roshni ,Singh,"Ahmedabad, Gujarat",Fashion|Denim Jeans|1199,2
ORD-20261002-4265,2026-10-02 22:07:59,  Dhruv ,Patil,"  Pune, Maharashtra ",Home And Kitchen|Steel Water Bottle|399,1
ORD-20261002-4644,02-10-2026 05:46,Riya,,"Lucknow, Uttar Pradesh",Electronics|Power Bank|899,3
ORD-20261002-2234,02/10/2026 21:53,Manish,Bhatt,"hyderabad, telangana",Sports|Football|799,2
ORD-20261002-3331,02/10/2026 19:06,  Mansi ,Pillai,"Ahmedabad, Gujarat",Electronics|Power Bank|899,1
ORD-20261002-0232,02/10/2026 06:55,Tushar,Singh,"Vadodara, Gujarat",Fashion|Running Shoes|2199,2
ORD-20261002-0024,02/10/2026 20:58,Harsh,patil,,Sports|Dumbbell Set|1899,3
ORD-20261002-3570,02/10/2026 17:33,shaurya,Menon,"Mumbai, Maharashtra",Beauty|Hair Serum|549,1
ORD-20261002-4289,2026-10-02 11:58:19,suresh,PARMAR,"Surat, Gujarat",Electronics|Wireless Earbuds|1299,1
ORD-20261002-1618,02/10/2026 13:48,,dubey,"Jaipur, Rajasthan",Fashion|Leather Wallet|499,1
ORD-20261002-2052,2026-10-02 14:03:05,Om,gupta,"  Bengaluru, Karnataka ",Fashion|Denim Jeans|1199,4
ORD-20261002-3044,2026-10-02 09:44:35,karan,,"chennai, tamil nadu",Electronics|Smart Watch|2499,4
ORD-20261002-0220,2026-10-02 22:02:31,harsh,Mehta,"Mumbai, Maharashtra",Electronics|Bluetooth Speaker|1799,1
ORD-20261002-1770,02-10-2026 23:07,Parth,Nair,"Pune, Maharashtra",Electronics|Laptop Stand|749,4
ORD-20261002-3156,02/10/2026 16:20,Neha,chopra,"delhi, delhi",Electronics|Wireless Earbuds|1299,1
ORD-20261002-1478,2026-10-02 20:17:04,Diya,Nair,"PUNE, MAHARASHTRA",Electronics|Wireless Earbuds|1299,0
ORD-20261002-3249,02/10/2026 11:01,  Jay ,Das,"Hyderabad, Telangana",Fashion|Sunglasses|999,2
ORD-20261002-0421,2026-10-02 20:32:21,Rajesh,Bansal,"PUNE, MAHARASHTRA",Home And Kitchen|Wall Clock|649,1
ORD-20261002-1917,02-10-2026 17:57,Tanvi,jain,"vadodara, gujarat",Beauty|Face Wash|249,1
ORD-20261002-4643,2026-10-02 06:35:04,priya,Gupta,"  Chennai, Tamil Nadu ",Fashion|Sunglasses|999,2
ORD-20261002-4719,02/10/2026 22:38,Priya,Khanna,"  Delhi, Delhi ",Electronics|Smart Watch|2499,1
ORD-20261002-3385,02-10-2026 22:00,Priya,Ghosh,"DELHI, DELHI",Beauty|Face Wash|249,1
ORD-20261002-1442,02/10/2026 22:13,dhruv,Parmar,"Delhi, Delhi",Sports|Football|799,
ORD-20261002-0827,2026-10-02 11:03:44,Dhruv,CHAUHAN,"Ahmedabad, Gujarat",Electronics|Laptop Stand|749,-1
ORD-20261002-1631,02-10-2026 07:47,Shreya,Desai,"Bengaluru, Karnataka",Electronics|Wireless Earbuds|1299,2
ORD-20261002-1015,2026-10-02 11:36:28,  Dev ,Tiwari,"  Chennai, Tamil Nadu ",Sports|Football|799,1
ORD-20261002-0753,02/10/2026 20:58,divya,Patil,"Delhi, Delhi",Electronics|Bluetooth Speaker|1799,1
ORD-20261002-0813,02/10/2026 10:12,Vikas,  Modi ,"  Delhi, Delhi ",Fashion|Cotton Kurta|799,1
ORD-20261002-0016,02/10/2026 21:02,Khushi,  Arora ,"Surat, Gujarat",Sports|Yoga Mat|699, 1 
ORD-20261002-0105,2026-10-02 09:50:35,Tushar,,"AHMEDABAD, GUJARAT",Electronics|Bluetooth Speaker|1799,1
ORD-20261002-0050,02/10/2026 15:59,rohan,Patel,"chennai, tamil nadu",Sports|Skipping Rope|199,1
ORD-20261002-3511,02-10-2026 13:20,bhavna,  Pandya ,"Chennai, Tamil Nadu",Sports|Yoga Mat|699,1
ORD-20261002-1796,2026-10-02 14:43:59,Reyansh,Desai,"Surat, Gujarat",Electronics|Bluetooth Speaker|1799, 2 
ORD-20261002-3325,02-10-2026 11:06,Ayaan,Das,"kolkata, west bengal",Sports|Football|799,3
ORD-20261002-2282,02-10-2026 11:44,Parth,Saxena,"Jaipur, Rajasthan",Home And Kitchen|Non Stick Pan|1099,3
ORD-20261002-3469,02/10/2026 22:15,komal,  Joshi ,"Delhi, Delhi",Fashion|Denim Jeans|1199,3
ORD-20261002-1232,02/10/2026 08:28,Priya,Trivedi,"bengaluru, karnataka",Sports|Yoga Mat|699,1
ORD-20261002-3172,02/10/2026 09:45,shaurya,Pandya,"Chennai, Tamil Nadu",Sports|Skipping Rope|199,4
ORD-20261002-0908,02-10-2026 12:49,null,Vyas,"  Mumbai, Maharashtra ",Electronics|Smart Watch|2499,2
ORD-20261002-3337,02-10-2026 23:16,megha,Das,"  Pune, Maharashtra ",Beauty|Hair Serum|549,3
ORD-20261002-0234,02-10-2026 08:15,Vivaan,Dubey,"Jaipur, Rajasthan",Sports|Yoga Mat|699,1
ORD-20261002-1670,02-10-2026 15:34,sara,Thakkar,"Mumbai, Maharashtra",Electronics|Wireless Earbuds|1299,3
ORD-20261002-0139,02/10/2026 11:17,KHUSHI,Rathod,"mumbai, maharashtra",Beauty|Lipstick|399,4
ORD-20261002-3920,02/10/2026 12:27,hetal,Sinha,"kolkata, west bengal",Beauty|Face Wash|249,2
ORD-20261002-2765,02-10-2026 23:30,Harsh,kapoor,"Bengaluru, Karnataka",Beauty|Sunscreen|449,2
ORD-20261002-4144,02/10/2026 15:56,Varun,solanki,"bengaluru, karnataka",Fashion|Denim Jeans|1199,1
ORD-20261002-0547,02/10/2026 18:21,Palak,,"Pune, Maharashtra",Electronics|Power Bank|899,5
ORD-20261002-1444,2026-10-02 15:45:53,Atharv,Sharma,"surat, gujarat",Fashion|Sunglasses|999,1
ORD-20261002-4530,2026-10-02 21:34:21,AADHYA,Chaudhary,"chennai, tamil nadu",Electronics|Smart Watch|2499,-1
ORD-20261002-1322,2026-10-02 21:47:07,anika,THAKKAR,"Kolkata, West Bengal",Sports|Yoga Mat|699, 1 
ORD-20261002-0533,2026-10-02 09:24:51,Parth,  Singh ,"Delhi, Delhi",Home And Kitchen|Non Stick Pan|1099,1
ORD-20261002-1068,2026-10-02 19:40:00,mihir,SHARMA,"Delhi, Delhi",Electronics|Power Bank|899,2
ORD-20261002-0646,31/02/2026 18:30,  Khushi ,Patil,"jaipur, rajasthan",Beauty|Face Wash|249,5
ORD-20261002-1944,02/10/2026 16:55,Kabir,Kulkarni,"Ahmedabad, Gujarat",Beauty|Sunscreen|449,1
ORD-20261002-3679,02/10/2026 16:08,Deepak,Sharma,"chennai, tamil nadu",Electronics|Bluetooth Speaker|1799,1
ORD-20261002-1931,2026-10-02 08:54:32,Reyansh,Modi,"Chennai, Tamil Nadu",Sports|Football|799,2
ORD-20261002-3692,2026-10-02 21:15:07,ARJUN,chopra,"Chennai, Tamil Nadu",Electronics|Laptop Stand|749,2
ORD-20261002-0818,02/10/2026 19:28,  Mansi ,Chaudhary,"Chennai, Tamil Nadu",Home And Kitchen|Wall Clock|649,1
ORD-20261002-3518,02/10/2026 21:33,  Om ,Bansal,"bengaluru, karnataka",Beauty|Hair Serum|549,4
ORD-20261002-2563,02/10/2026 19:44,ayaan,Khanna,"Mumbai, Maharashtra",Electronics|Power Bank|899,
ORD-20261002-3125,02-10-2026 09:15,Atharv,  Tiwari ,"PUNE, MAHARASHTRA",Home And Kitchen|Storage Box|299,4
ORD-20261002-0211,2026-10-02 20:34:48,,  Pandya ,"surat, gujarat",Fashion|Running Shoes|2199,1.0
ORD-20261002-2452,2026-10-02 17:24:23,Rajesh,CHAUDHARY,"Hyderabad, Telangana",Home And Kitchen|Steel Water Bottle|399, 5 
ORD-20261002-0192,02/10/2026 21:52,RUDRA,Pawar,"DELHI, DELHI",Sports|Dumbbell Set|1899,1
ORD-20261002-3141,2026-10-02 21:09:53,Rohan,GUPTA,"Pune, Maharashtra",Sports|Football|799,2
ORD-20261002-2955,02/10/2026 10:52,tanvi,Jain,"  Vadodara, Gujarat ",Sports|Dumbbell Set|1899,2
ORD-20261002-0034,2026-10-02 09:56:36,Priya,Joshi,"Delhi, Delhi",Electronics|Bluetooth Speaker|1799,-2
ORD-20261002-4703,2026-10-02 20:08:34,Rudra,Desai,"Mumbai, Maharashtra",Sports|Skipping Rope|199,3
ORD-20261002-1972,2026-10-02 18:11:27,Nikhil,Menon,"Bengaluru, Karnataka",Home And Kitchen|Bedsheet Set|1499,6
ORD-20261002-3837,02-10-2026 17:46,vikas,Nair,"Jaipur, Rajasthan",Electronics|Bluetooth Speaker|1799,2
ORD-20261002-2251,2026-10-02 15:27:44,Dev,Kapoor,"Mumbai, Maharashtra",Fashion|Denim Jeans|1199,1
ORD-20261002-0411,02-10-2026 19:39,manish,menon,"Surat, Gujarat",Fashion|Denim Jeans|1199,6
ORD-20261002-4223,2026-10-02 18:13:44,diya,  Kalavadia ,"Ahmedabad, Gujarat",Electronics|Bluetooth Speaker|1799,5
ORD-20261002-1088,2026-10-02 14:37:41,Om,Pillai,"delhi, delhi",Home And Kitchen|Wall Clock|649,1
ORD-20261002-2742,2026-10-02 17:55:48,Dhwani,Patel,"Nagpur, Maharashtra",Sports|Cricket Bat|1599,2
ORD-20261002-1299,2026-10-02 11:00:42,MANISH,Pawar,"NAGPUR, MAHARASHTRA",Fashion|Running Shoes|2199,1
ORD-20261002-3908,2026-10-02 11:57:04,Arjun,Tiwari,"Lucknow, Uttar Pradesh",Electronics|Laptop Stand|749,1
ORD-20261002-1188,02-10-2026 21:27,vihaan,Pawar,"MUMBAI, MAHARASHTRA",Electronics|Laptop Stand|749,2
ORD-20261002-1495,2026-10-02 19:52:31,null,  Gupta ,"Bengaluru, Karnataka",Home And Kitchen|Steel Water Bottle|399,2
ORD-20261002-2059,2026-10-02 21:00:47,anika,  Kapoor ,"Surat, Gujarat",Fashion|Running Shoes|2199,0
ORD-20261002-0441,02/10/2026 13:55,Rajesh,mukherjee,"nagpur, maharashtra",Beauty|Perfume|1299,5
ORD-20261002-0207,02-10-2026 20:34,shreya,mehta,"Bengaluru, Karnataka",Electronics|Smart Watch|2499,1
ORD-20261002-2550,02/10/2026 20:57,Simran,Dubey,"Bengaluru, Karnataka",Beauty|Sunscreen|449,5
ORD-20261002-1562,02-10-2026 15:03,Shreya,Chauhan,"MUMBAI, MAHARASHTRA",Electronics|Bluetooth Speaker|1799,1
ORD-20261002-4226,02-10-2026 17:29,suresh,Das,"Lucknow, Uttar Pradesh",Fashion|Leather Wallet|499,1
ORD-20261002-1762,2026-10-02 18:24:24,PARI,Rathod,"Hyderabad, Telangana",Fashion|Leather Wallet|499,2
ORD-20261002-4244,2026-10-02 19:18:09,Bhavna,Iyer,"Hyderabad, Telangana",Electronics|Power Bank|899,1
ORD-20261002-3580,02/10/2026 15:47,palak,arora,"Delhi, Delhi",Beauty|Lipstick|399,1
ORD-20261002-2230,2026-10-02 20:24:24,riya,Patel,"ahmedabad, gujarat",Electronics|Laptop Stand|749,6
ORD-20261002-2841,02-10-2026 18:03,Vikas,Nair,"hyderabad, telangana",Electronics|Bluetooth Speaker|1799,3
ORD-20261002-0058,2026-10-02 15:29:00,MANISH,Bhatt,"Kolkata, West Bengal",Electronics|Smart Watch|2499,1
ORD-20261002-1689,2026-10-02 00:38:44,Navya,Bansal,"Mumbai, Maharashtra",Sports|Cricket Bat|1599,2
ORD-20261002-1351,02/10/2026 20:49,  Bhavna ,Tiwari,"  Coimbatore, Tamil Nadu ",Home And Kitchen|Steel Water Bottle|399, 1 
ORD-20261002-0193,02-10-2026 20:04,Vivaan,Modi,"Vadodara, Gujarat",Home And Kitchen|Storage Box|299,2
ORD-20261002-2483,02/10/2026 21:04,Parth,Chauhan,"hyderabad, telangana",Home And Kitchen|Storage Box|299,4
ORD-20261002-4406,02/10/2026 22:52,Anika,Mehta,"surat, gujarat",Electronics|Bluetooth Speaker|1799,4
ORD-20261002-3165,02/10/2026 14:27,Shreya,Menon,"Mumbai, Maharashtra",Fashion|Cotton Kurta|799,2
ORD-20261002-2462,2026-10-02 21:42:25,  Payal ,desai,"nagpur, maharashtra",Home And Kitchen|Bedsheet Set|1499,1
ORD-20261002-3330,02/10/2026 19:11,Vivaan,Shah,"Chennai, Tamil Nadu",Home And Kitchen|Storage Box|299,1
ORD-20261002-3667,N/A,Aadhya,Saxena,"Mysuru, Karnataka",Home And Kitchen|Steel Water Bottle|399,2
ORD-20261002-1840,02-10-2026 07:08,Shaurya,Bansal,"BENGALURU, KARNATAKA",Beauty|Perfume|1299,1.0
ORD-20261002-2476,02/10/2026 13:12,  Deepak ,Iyer,"bengaluru, karnataka",Beauty|Sunscreen|449,1
ORD-20261002-1541,2026-10-02 13:27:58,Kunal,vyas,"Chennai, Tamil Nadu",Fashion|Running Shoes|2199,
ORD-20261002-4169,2026-10-02 12:35:53,Nikhil,bose,"  Surat, Gujarat ",Home And Kitchen|Storage Box|299,1
ORD-20261002-2720,02/10/2026 17:39,Nisha,sinha,"Vadodara, Gujarat",Beauty|Hair Serum|549,1
ORD-20261002-3893,02/10/2026 15:40,Karan,Jain,,Electronics|Power Bank|899,3
ORD-20261002-2241,2026-10-02 05:19:55,Rudra,Shah,"Coimbatore, Tamil Nadu",,4
ORD-20261002-3075,02/10/2026 22:48,ARYAN,Pillai,"Mumbai, Maharashtra",Sports|Skipping Rope|199,1
ORD-20261002-1885,02/10/2026 09:52,Kriti,  Pillai ,"Mysuru, Karnataka",Electronics|Smart Watch|2499, 1 
ORD-20261002-0653,2026-10-02 01:14:06,  Simran ,Kalavadia,"kolkata, west bengal",Electronics|Laptop Stand|749,1
ORD-20261002-3380,02/10/2026 19:56,Atharv,Joshi,"Ahmedabad, Gujarat",Sports|Yoga Mat|699,5
ORD-20261002-3777,02/10/2026 14:09,  Yash ,Modi,"Chennai, Tamil Nadu",Electronics|Laptop Stand|749,2
ORD-20261002-0726,2026-10-02 06:39:50,  Reyansh ,Singh,"  Bengaluru, Karnataka ",Sports|Skipping Rope|199,1
ORD-20261002-2867,02-10-2026 13:01,Reyansh,REDDY,"Mumbai, Maharashtra",Fashion|Cotton Kurta|799,1
ORD-20261002-4829,02/10/2026 10:01,HETAL,Solanki,"jaipur, rajasthan",Electronics|Wireless Earbuds|1299,1
ORD-20261002-4137,2026-10-02 13:55:19,Bhavna,pawar,"Surat, Gujarat",Electronics|Bluetooth Speaker|1799,2
ORD-20261002-0273,02-10-2026 07:45,AYAAN,Nair,"kolkata, west bengal",Electronics|Bluetooth Speaker|1799, 2 
ORD-20261002-1728,02/10/2026 13:15,Advik,Joshi,"mumbai, maharashtra",Electronics|Laptop Stand|749,1
ORD-20261002-3565,2026-10-02 07:34:23,tanvi,PANDYA,"SURAT, GUJARAT",Electronics|Smart Watch|2499, 4 
ORD-20261002-2865,02/10/2026 15:27,ROSHNI,Modi,"Pune, Maharashtra",Fashion|Sunglasses|999,1
ORD-20261002-2543,02/10/2026 19:36,Pari,,"pune, maharashtra",Home And Kitchen|Non Stick Pan|1099,1.0
ORD-20261002-0135,2026-10-02 20:39:31,bhavna,,"Chennai, Tamil Nadu",Fashion|Leather Wallet|499,5.0
ORD-20261002-3470,02-10-2026 14:34,Advik,Vyas,"Jaipur, Rajasthan",Electronics|Smart Watch|2499,2
ORD-20261002-4488,02/10/2026 20:12,Karan,SOLANKI,"  Ahmedabad, Gujarat ",Home And Kitchen|Non Stick Pan|1099,2
ORD-20261002-4824,02/10/2026 22:10,Roshni,bhatt,"CHENNAI, TAMIL NADU",Electronics|Smart Watch|2499,1
ORD-20261002-0095,02/10/2026 11:15,Anika,  Jain ,"DELHI, DELHI",Home And Kitchen|Bedsheet Set|1499,3
ORD-20261002-1265,02/10/2026 10:04,Vivaan,Arora,"Jaipur, Rajasthan",Beauty|Lipstick|399,5
ORD-20261002-2424,02-10-2026 16:44,Kabir,SINGH,"  Lucknow, Uttar Pradesh ",Electronics|Power Bank|899,1
ORD-20261002-4116,2026-10-02 13:09:13,Aditya,BOSE,"BENGALURU, KARNATAKA",Fashion|Sunglasses|999,1
ORD-20261002-0089,02/10/2025 04:49,Parth,Solanki,"pune, maharashtra",Electronics|Wireless Earbuds|1299,1
ORD-20261002-3222,2026-10-02 13:17:47,Krupa,Modi,"MUMBAI, MAHARASHTRA",Electronics|Wireless Earbuds|1299,1
ORD-20261002-1380,2026-10-02 19:05:21,Manish,  Tiwari ,"bengaluru, karnataka",Fashion|Cotton Kurta|799, 1 
ORD-20261002-1812,02/10/2026 20:17,Suresh,Thakkar,"Pune, Maharashtra",Electronics|Laptop Stand|749,1
ORD-20261002-3389,02-10-2026 10:30,Advik,Khanna,"Kolkata, West Bengal",Fashion|Sunglasses|999,1
ORD-20261002-1560,02/10/2026 12:46,Manish,Mehta,"Ahmedabad, Gujarat",Electronics|Bluetooth Speaker|1799,6
ORD-20261002-1052,02-10-2026 11:45,Gaurav,Srivastava,"KOLKATA, WEST BENGAL",Electronics|Power Bank|899,1
ORD-20261002-1718,02/10/2026 20:28,Anjali,Modi,"Hyderabad, Telangana",Sports|Skipping Rope|199,2
ORD-20261002-4361,2026-10-02 21:50:40,Suresh,Sinha,"AHMEDABAD, GUJARAT",Home And Kitchen|Wall Clock|649,1
ORD-20261002-3419,02-10-2026 11:52,Varun,Modi,"Surat, Gujarat",Home And Kitchen|Bedsheet Set|1499,4
ORD-20261002-2603,2026-10-02 07:25:00,Manish,Mehta,"LUCKNOW, UTTAR PRADESH",Electronics|Wireless Earbuds|1299,1
ORD-20261002-1901,02/10/2026 05:08,Harsh,  Kapoor ,"  Pune, Maharashtra ",Home And Kitchen|Storage Box|299,3
ORD-20261002-1215,02/10/2026 19:16,  Tushar ,tiwari,"Chennai, Tamil Nadu",Home And Kitchen|Wall Clock|649,1
ORD-20261002-0281,02/10/2026 12:09,shaurya,Joshi,"bengaluru, karnataka",Home And Kitchen|Steel Water Bottle|399,4
ORD-20261002-2164,02-10-2026 20:58,Advik,Dubey,"Bengaluru, Karnataka",Beauty|Hair Serum|549,3
ORD-20261002-4475,02-10-2026 08:25,AMIT,Kalavadia,"Chennai, Tamil Nadu",Electronics|Laptop Stand|749, 1 
ORD-20261002-4633,2026-10-02 19:02:27,Krishna,nair,"hyderabad, telangana",Home And Kitchen|Storage Box|299,1
,2026-10-02 07:59:42,Rohan,patel,"  Vadodara, Gujarat ",Electronics|Smart Watch|2499,2
ORD-20261002-0986,02/10/2026 12:25,Varun,mukherjee,"Surat, Gujarat",Home And Kitchen|Wall Clock|649,1
ORD-20261002-1024,2026-10-02 13:39:07,Ayaan,thakkar,"Mumbai, Maharashtra",Beauty|Face Wash|249,2
ORD-20261002-2596,02-10-2026 21:29,MYRA,Joshi,"Lucknow, Uttar Pradesh",Electronics|Laptop Stand|749,1
ORD-20261002-4322,02/10/2026 20:59,tushar,Chopra,"HYDERABAD, TELANGANA",Beauty|Perfume|1299,2
ORD-20261002-4010,02/10/2026 21:17,Sneha,PANDYA,"Jaipur, Rajasthan",Fashion|Cotton Kurta|799,2
ORD-20261002-4320,02-10-2026 08:00,Ananya,dubey,"Ahmedabad, Gujarat",Sports|Cricket Bat|1599,2
ORD-20261002-1784,2026-10-02 12:44:47,Vikas,patil,"Vadodara, Gujarat",Home And Kitchen|Storage Box|299,1
ORD-20261002-2723,02-10-2026 15:27,Dhruv,mishra,"Surat, Gujarat",Fashion|Running Shoes|2199,1
ORD-20261002-2034,02/10/2026 22:50,Tanvi,Tiwari,"pune, maharashtra",Home And Kitchen|Steel Water Bottle|399,4
ORD-20261002-2969,02/10/2026 12:12,  Reyansh ,MODI,"Ahmedabad, Gujarat",Electronics|Power Bank|899,1
ORD-20261002-2851,02/10/2026 14:21,Kabir,Vyas,"Bengaluru, Karnataka",Home And Kitchen|Steel Water Bottle|399,6
ORD-20261002-1166,02/10/2026 23:54,  Suresh ,  Iyer ,"  Delhi, Delhi ",Home And Kitchen|Wall Clock|649,-1
ORD-20261002-2232,02-10-2026 18:03,Sara,arora,"Mumbai, Maharashtra",Beauty|Sunscreen|449,3
ORD-20261002-2487,02/10/2026 17:15,NIDHI,kapoor,"Hyderabad, Telangana",Fashion|Running Shoes|2199,2.0
ORD-20261002-4422,02-10-2026 20:38,NIKHIL,arora,N/A,Beauty|Lipstick|399,1
ORD-20261002-0375,2026-10-02 13:03:35,  Komal ,singh,"delhi, delhi",Fashion|Denim Jeans|1199,2
ORD-20261002-4131,02-10-2026 21:17,  Arjun ,Nair,"  Chennai, Tamil Nadu ",Home And Kitchen|Steel Water Bottle|399,3
ORD-20261002-2440,02/10/2026 18:24,Pari,Bose,"  Hyderabad, Telangana ",Home And Kitchen|Non Stick Pan|1099,6
ORD-20261002-1103,02/10/2026 15:33,Isha,Chopra,"Lucknow, Uttar Pradesh",Beauty|Face Wash|249,1
ORD-20261002-1766,2026-10-02 07:31:01,Pranav,joshi,"  Delhi, Delhi ",Electronics|Bluetooth Speaker|1799,2
ORD-20261002-2937,2026-10-02 19:16:52,mansi,Arora,"Delhi, Delhi",Beauty|Lipstick|399,2
ORD-20261002-2348,02/10/2025 14:54,RIYA,Saxena,,Fashion|Sunglasses|999,
ORD-20261002-2581,02/10/2026 23:51,  Yash ,iyer,"Surat, Gujarat",Sports|Football|799,1
ORD-20261002-3676,2026-10-02 00:39:05,Manish,nair,"ahmedabad, gujarat",Electronics|Power Bank|899,3
ORD-20261002-2043,02/10/2026 10:55,kunal,Bhatt,"Chennai, Tamil Nadu",Electronics|Wireless Earbuds|1299,2
ORD-20261002-4592,2026-10-02 13:19:50,HARSH,Bhatt,"Bengaluru, Karnataka",Fashion|Leather Wallet|499,1
ORD-20261002-1167,2026-10-02 12:53:32,Tushar,sharma,"Delhi, Delhi",Home And Kitchen|Wall Clock|649,1
ORD-20261002-4162,02/10/2026 21:47,RITU,bose,"Surat, Gujarat",Fashion|Cotton Kurta|799,-1
ORD-20261002-2245,2026-10-02 21:55:10,neel,pawar,"Mumbai, Maharashtra",Fashion|Sunglasses|999,1
ORD-20261002-0705,02/10/2026 09:21,HETAL,Jain,"Chennai, Tamil Nadu",Beauty|Hair Serum|549,3
ORD-20261002-0851,02/10/2026 14:43,Mihir,Kumar,"surat, gujarat",Sports|Football|799,2
ORD-20261002-3831,02-10-2026 06:31,pari,Reddy,"  Ahmedabad, Gujarat ",Beauty|Lipstick|399,6
ORD-20261002-4197,02/10/2026 20:53,advik,Chauhan,"Nagpur, Maharashtra",Fashion|Running Shoes|2199,2
ORD-20261002-3730,02-10-2026 06:04,  Karan ,  Kapoor ,"Jaipur, Rajasthan",Electronics|Power Bank|899,2
ORD-20261002-0068,02/10/2026 06:21,Vikas,Modi,"DELHI, DELHI",Fashion|Sunglasses|999,1
ORD-20261002-2504,N/A,Khushi,Mukherjee,"DELHI, DELHI",Electronics|Laptop Stand|749,1
ORD-20261002-4287,2026-10-02 19:20:08,,Jain,"Vadodara, Gujarat",Electronics|Smart Watch|2499, 1 
ORD-20261002-1855,2026-10-02 13:45:37,Megha,SINGH,"Mysuru, Karnataka",Electronics|Smart Watch|2499,3
ORD-20261002-1830,02/10/2026 12:01,Krishna,parmar,"Pune, Maharashtra",Home And Kitchen|Steel Water Bottle|399,1
ORD-20261002-1636,02/10/2026 13:22,neel,Nair,"Mysuru, Karnataka",Home And Kitchen|Non Stick Pan|1099,4
ORD-20261002-2437,02/10/2026 17:40,Krishna,PATIL,"Bengaluru, Karnataka",Electronics|Laptop Stand|749,1
ORD-20261002-1989,02/10/2026 21:26,SARA,Kapoor,"  Coimbatore, Tamil Nadu ",Home And Kitchen|Non Stick Pan|1099,2
ORD-20261002-3954,2026-10-02 08:46:42,komal,  Modi ,"Chennai, Tamil Nadu",Electronics|Power Bank|899,1
ORD-20261002-2838,2026-10-02 16:32:19,Karan,Joshi,"vadodara, gujarat",Electronics|Power Bank|899,1
ORD-20261002-1411,02/10/2026 21:04,Hetal,Bhatt,"hyderabad, telangana",Home And Kitchen|Storage Box|299,2
ORD-20261002-0504,2026-10-02 23:16:28,Swati,Solanki,"Pune, Maharashtra",Fashion|Sunglasses|999,3
ORD-20261002-2727,02/10/2026 09:28,Ishaan,chaudhary,"Mysuru, Karnataka",Beauty|Lipstick|399,1
ORD-20261002-4372,02/10/2026 20:26,Janvi,Reddy,"Bengaluru, Karnataka",Electronics|Power Bank|899,1
ORD-20261002-3453,2026-10-02 19:01:10,Pranav,Patel,"Bengaluru, Karnataka",Beauty|Hair Serum|549,2
ORD-20261002-1500,31/02/2026 18:22,mansi,Kalavadia,"  Hyderabad, Telangana ",Fashion|Sunglasses|999, 3 
ORD-20261002-1860,02/10/2026 19:34,Pooja,mukherjee,"Bengaluru, Karnataka",Beauty|Hair Serum|549,2.0
ORD-20261002-2599,2026-10-02 13:18:22,Yash,Desai,"  Mumbai, Maharashtra ",Home And Kitchen|Non Stick Pan|1099,3
ORD-20261002-1867,02-10-2026 00:43,Anika,  Rao ,"  Mysuru, Karnataka ",Fashion|Leather Wallet|499,1
ORD-20261002-3480,02-10-2026 12:32,Megha,Das,"Vadodara, Gujarat",Home And Kitchen|Non Stick Pan|1099,2
ORD-20261002-3655,2026-10-02 15:39:39,  Diya ,  Pandya ,"Pune, Maharashtra",Beauty|Hair Serum|549,3
ORD-20261002-0048,02/10/2026 18:41,Karan,menon,"bengaluru, karnataka",Electronics|Wireless Earbuds|1299,three
ORD-20261002-4476,02/10/2026 02:22,krishna,CHAUHAN,"  Chennai, Tamil Nadu ",Home And Kitchen|Non Stick Pan|1099,2
ORD-20261002-4841,02/10/2026 15:17,Divya,,"BENGALURU, KARNATAKA",Electronics|Wireless Earbuds|1299,2
ORD-20261002-4251,02-10-2026 23:29,Ananya,Bansal,"Lucknow, Uttar Pradesh",Sports|Skipping Rope|199,4
ORD-20261002-3442,02/10/2026 17:31,Simran,joshi,"Bengaluru, Karnataka",Sports|Cricket Bat|1599,1
ORD-20261002-1051,02/10/2026 06:34,PRANAV,  Mishra ,"kolkata, west bengal",Home And Kitchen|Storage Box|299,1
ORD-20261002-3994,02/10/2026 12:01,Dev,saxena,"chennai, tamil nadu",Home And Kitchen|Bedsheet Set|1499,0
ORD-20261002-4009,02/10/2026 14:17,Kriti,  Saxena ,"jaipur, rajasthan",Electronics|Bluetooth Speaker|1799,2
ORD-20261002-1890,02/10/2026 10:14,  Krupa ,Bansal,"chennai, tamil nadu",Electronics|Smart Watch|2499,1
ORD-20261002-0850,02/10/2026 15:22,Vivaan,NAIR,"  Pune, Maharashtra ",Home And Kitchen|Bedsheet Set|1499,1
ORD-20261002-0942,02/10/2026 22:41,amit,DUBEY,"Hyderabad, Telangana",Home And Kitchen|Wall Clock|649,1
ORD-20261002-2111,02/10/2026 19:46,Atharv,Kapoor,"Kolkata, West Bengal",Beauty|Perfume|1299, 5 
ORD-20261002-3621,02/10/2026 12:47,Kunal,SHARMA,"mysuru, karnataka",Beauty|Sunscreen|449,1
ORD-20261002-2602,02/10/2026 12:09,mihir,  Menon ,"Lucknow, Uttar Pradesh",Home And Kitchen|Bedsheet Set|1499,2
ORD-20261002-1449,2026-10-02 13:48:47,Payal,Desai,,Sports|Football|799,2
ORD-20261002-3599,02/10/2026 19:10,Komal,srivastava,"Pune, Maharashtra",Fashion|Sunglasses|999,1
ORD-20261002-4737,02-10-2026 11:26,Rajesh,SAXENA,"pune, maharashtra",Home And Kitchen|Bedsheet Set|1499,2
ORD-20261002-4255,2026-10-02 11:04:40,Anjali,Srivastava,"ahmedabad, gujarat",Electronics|Bluetooth Speaker|1799, 1 
ORD-20261002-1169,02/10/2026 11:17,Aadhya,  Khanna ,"Kolkata, West Bengal",Sports|Yoga Mat|699,2
ORD-20261002-2931,02/10/2026 21:12,Shaurya,Mishra,"Delhi, Delhi",Fashion|Leather Wallet|499, 1 
ORD-20261002-1522,02/10/2026 13:16,Palak,Jain,"bengaluru, karnataka",Electronics|Power Bank|899,1
ORD-20261002-2892,02/10/2026 18:19,aadhya,Shah,"MUMBAI, MAHARASHTRA",Electronics|Laptop Stand|749,2
ORD-20261002-4298,02/10/2026 12:57,rahul,Vyas,"mumbai, maharashtra",Home And Kitchen|Storage Box|299,2
ORD-20261002-2438,02/10/2026 19:28,Nisha,srivastava,"Pune, Maharashtra",Sports|Football|799,1
ORD-20261002-1668,02/10/2026 20:09,Tanvi,Pawar,"  Chennai, Tamil Nadu ",Electronics|Bluetooth Speaker|1799,2
ORD-20261002-3517,2026-10-02 19:57:59,Anika,Chaudhary,"Ahmedabad, Gujarat",Home And Kitchen|Steel Water Bottle|399,2
ORD-20261002-3571,02/10/2026 19:31,KHUSHI,Rao,"kolkata, west bengal",Sports|Football|799,3
ORD-20261002-0591,02/10/2026 11:23,atharv,Desai,"Jaipur, Rajasthan",Beauty|Hair Serum|549,1
ORD-20261002-2775,02/10/2026 10:15,tushar,Kapoor,"Delhi, Delhi",Sports|Yoga Mat|699,4
ORD-20261002-1118,2026-10-02 08:05:58,tanvi,Srivastava,"Ahmedabad, Gujarat",Electronics|Power Bank|899,1
ORD-20261002-1978,02/10/2026 06:32,SWATI,Jain,"coimbatore, tamil nadu",Fashion|Denim Jeans|1199,2
ORD-20261002-1149,2026-10-02 17:51:16,Vikas,Modi,"Kolkata, West Bengal",Sports|Dumbbell Set|1899,1
ORD-20261002-4552,02/10/2026 15:18,Dev,Bansal,"kolkata, west bengal",Home And Kitchen|Bedsheet Set|1499,3.0
ORD-20261002-2138,02/10/2026 20:13,Aditi,sharma,"Delhi, Delhi",Home And Kitchen|Steel Water Bottle|399,4
ORD-20261002-2083,02/10/2026 09:14,Karan,shah,"  Chennai, Tamil Nadu ",Fashion|Denim Jeans|1199,2
ORD-20261002-3274,02/10/2026 13:42,NEHA,Vyas,"Vadodara, Gujarat",Home And Kitchen|Storage Box|299,1
ORD-20261002-0674,02/10/2026 20:36,Navya,Desai,"NAGPUR, MAHARASHTRA",Home And Kitchen|Bedsheet Set|1499,1
ORD-20261002-0106,02-10-2026 10:11,  Dhwani ,Ghosh,"  Vadodara, Gujarat ",Fashion|Sunglasses|999,2
ORD-20261002-3975,02/10/2026 20:00,Pari,Patel,"vadodara, gujarat",Electronics|Bluetooth Speaker|1799,2
ORD-20261002-4395,02-10-2026 19:00,  Nisha ,Modi,"Ahmedabad, Gujarat",Beauty|Hair Serum|549,1
ORD-20261002-4286,02/10/2026 13:06,Sara,desai,"Nagpur, Maharashtra",Electronics|Wireless Earbuds|1299,1.0
ORD-20261002-0669,02-10-2026 08:53,Anjali,Bansal,"Jaipur, Rajasthan",Fashion|Cotton Kurta|799,4
ORD-20261002-0543,02/10/2026 19:44,DHWANI,mukherjee,"mysuru, karnataka",Fashion|Denim Jeans|1199,1
ORD-20261002-1954,02/10/2026 19:17,Saanvi,,"Pune, Maharashtra",Home And Kitchen|Steel Water Bottle|399,3
ORD-20261002-2192,02/10/2026 04:59,ananya,Dubey,"delhi, delhi",Electronics|Laptop Stand|749, 1 
ORD-20261002-4610,2026-10-02 16:02:33,  Atharv ,,"Mumbai, Maharashtra",Sports|Yoga Mat|699,6
ORD-20261002-4239,02/10/2026 20:22,Isha,Jain,"Mumbai, Maharashtra",Electronics|Laptop Stand|749,1
ORD-20261002-4433,02/10/2026 06:19,  Janvi ,saxena,"Vadodara, Gujarat",Beauty|Lipstick|399,2
ORD-20261002-3756,2026-10-02 22:25:19,Komal,Yadav,"Bengaluru, Karnataka",Fashion|Cotton Kurta|799,1
ORD-20261002-4199,2026-10-02 17:40:03,Parth,nair,"Coimbatore, Tamil Nadu",Sports|Skipping Rope|199,1
ORD-20261002-1230,02/10/2026 12:21,  Yash ,Desai,"Bengaluru, Karnataka",Home And Kitchen|Storage Box|299,
ORD-20261002-4034,02/10/2026 20:57,ritu,Vyas,"Coimbatore, Tamil Nadu",Home And Kitchen|Storage Box|299,1
ORD-20261002-3584,02/10/2026 17:49,Tushar,Sharma,"Delhi, Delhi",Electronics|Laptop Stand|749, 2 
ORD-20261002-4519,02/10/2026 08:57,  Reyansh ,Shah,"bengaluru, karnataka",Home And Kitchen|Wall Clock|649,1
ORD-20261002-1270,2026-10-02 17:42:19,gaurav,Kulkarni,"Chennai, Tamil Nadu",Electronics|Wireless Earbuds|1299,5
ORD-20261002-1133,2026-10-02 07:39:01,  Kabir ,MODI,"Pune, Maharashtra",Beauty|Sunscreen|449,2
ORD-20261002-1251,02/10/2026 13:58,shaurya,Chauhan,"Mumbai, Maharashtra",Home And Kitchen|Storage Box|299,1
ORD-20261002-3612,02/10/2026 04:05,Anjali,desai,"Bengaluru, Karnataka",Fashion|Running Shoes|2199,1
ORD-20261002-1407,02/10/2026 17:14,Simran,Nair,"SURAT, GUJARAT",Home And Kitchen|Storage Box|299,2
ORD-20261002-0701,2026-10-02 09:48:25,Kriti,Modi,"Mumbai, Maharashtra",Home And Kitchen|Bedsheet Set|1499,2
ORD-20261002-2405,02/10/2026 13:25,sneha,sinha,"mumbai, maharashtra",Fashion|Sunglasses|999,5
ORD-20261002-0360,2026-10-02 17:44:48,Priya,PANDYA,"Surat, Gujarat",Home And Kitchen|Bedsheet Set|1499,1
ORD-20261002-1909,02/10/2026 20:41,Hetal,Khanna,"Surat, Gujarat",Beauty|Perfume|1299,1
ORD-20261002-0595,02/10/2026 21:44,Yash,Patil,"Hyderabad, Telangana",Electronics|Wireless Earbuds|1299,2
ORD-20261002-1001,2026-10-02 13:38:39,Aryan,Kulkarni,"  Kolkata, West Bengal ",Sports|Skipping Rope|199,1.0
ORD-20261002-2338,2026-10-02 12:41:14,shreya,Nair,"coimbatore, tamil nadu",Beauty|Face Wash|249,1
ORD-20261002-1515,02/10/2026 20:37,Anika,Mehta,"Surat, Gujarat",Electronics|Smart Watch|2499,1
ORD-20261002-1773,2026-10-02 13:58:10,Amit,VYAS,"Bengaluru, Karnataka",Sports|Football|799,2
ORD-20261002-1422,2026-10-02 18:43:46,Mihir,CHAUDHARY,"  Jaipur, Rajasthan ",Sports|Skipping Rope|199,5
ORD-20261002-2079,02-10-2026 16:57,dhruv,Rao,"nagpur, maharashtra",Home And Kitchen|Bedsheet Set|1499,1
ORD-20261002-2946,02/10/2026 21:45,PAYAL,Mishra,"hyderabad, telangana",Sports|Yoga Mat|699,3
ORD-20261002-3400,2026-10-02 14:40:12,Saanvi,  Chopra ,"Bengaluru, Karnataka",Home And Kitchen|Wall Clock|649,1.0
ORD-20261002-3429,02-10-2026 19:22,Karan,Verma,"Lucknow, Uttar Pradesh",Beauty|Hair Serum|549,1
ORD-20261002-4247,02-10-2026 09:21,  Aarav ,Pillai,"Nagpur, Maharashtra",Electronics|Power Bank|899,1.0
ORD-20261002-0759,02/10/2026 11:18,Navya,BANSAL,"mumbai, maharashtra",Electronics|Wireless Earbuds|1299,1
ORD-20261002-1854,2026-10-02 15:15:54,Karan,  Kulkarni ,"Jaipur, Rajasthan",Sports|Skipping Rope|199,6
ORD-20261002-1752,02/10/2026 06:51,tanvi,patil,"hyderabad, telangana",Home And Kitchen|Non Stick Pan|1099,3
ORD-20261002-1961,02-10-2026 07:42,Komal,MEHTA,"coimbatore, tamil nadu",Home And Kitchen|Steel Water Bottle|399,
ORD-20261002-2668,02/10/2026 22:54,  Isha ,Srivastava,"chennai, tamil nadu",Fashion|Sunglasses|999,1
ORD-20261002-2567,02/10/2026 22:19,sara,Sinha,"Bengaluru, Karnataka",Home And Kitchen|Non Stick Pan|1099,2
ORD-20261002-2150,02/10/2026 20:08,Atharv,  Thakkar ,,Fashion|Sunglasses|999,1
ORD-20261002-0241,02/10/2026 16:54,anjali,Solanki,"Bengaluru, Karnataka",,2.0
ORD-20261002-3950,02/10/2026 12:28,Navya,pawar,"CHENNAI, TAMIL NADU",Home And Kitchen|Steel Water Bottle|399,1
ORD-20261002-2040,2026-10-02 09:19:15,ISHA,Chaudhary,"Bengaluru, Karnataka",Home And Kitchen|Steel Water Bottle|399,1
ORD-20261002-3377,02/10/2026 17:56,Karan,Chauhan,"Ahmedabad, Gujarat",Fashion|Running Shoes|2199,1
ORD-20261002-3652,02-10-2026 09:42,  Sara ,tiwari,"Bengaluru, Karnataka",Beauty|Perfume|1299,1
ORD-20261002-1788,2026-10-02 13:47:50,bhavna,yadav,"kolkata, west bengal",Beauty|Sunscreen|449,2
ORD-20261002-2741,31/02/2026 08:10,  Komal ,Bansal,"  Coimbatore, Tamil Nadu ",Home And Kitchen|Non Stick Pan|1099,1
ORD-20261002-3484,02/10/2026 16:47,Harsh,  Kulkarni ,"Hyderabad, Telangana",Home And Kitchen|Bedsheet Set|1499,1
ORD-20261002-0362,02/10/2026 21:00,tushar,Mukherjee,"Hyderabad, Telangana",Beauty|Perfume|1299,2
ORD-20261002-2993,02/10/2026 21:11,varun,rao,"ahmedabad, gujarat",Home And Kitchen|Storage Box|299,1
ORD-20261002-3323,02/10/2026 15:00,  Jay ,Das,"Surat, Gujarat",Sports|Dumbbell Set|1899,
ORD-20261002-1467,02/10/2026 23:00,REYANSH,Joshi,"Kolkata, West Bengal",Sports|Skipping Rope|199,5
ORD-20261002-3807,02-10-2026 19:17,SWATI,Trivedi,"Delhi, Delhi",Home And Kitchen|Bedsheet Set|1499,-1
ORD-20261002-4600,02/10/2026 14:55,  Rahul ,  Singh ,"Delhi, Delhi",Fashion|Denim Jeans|1199,3
ORD-20261002-3846,2026-10-02 08:14:15,null,BANSAL,"Mumbai, Maharashtra",Electronics|Laptop Stand|749,2
ORD-20261002-1924,2026-10-02 20:40:28,RAJESH,  Bose ,"Ahmedabad, Gujarat",Electronics|Wireless Earbuds|1299,1
ORD-20261002-2190,02/10/2026 22:37,Shaurya,Solanki,"Mumbai, Maharashtra",Sports|Dumbbell Set|1899,3
ORD-20261002-4178,02/10/2026 12:50,Reyansh,bhatt,"nagpur, maharashtra",Fashion|Sunglasses|999,5
ORD-20261002-3662,2026-10-02 19:03:24,Priya,Desai,"Kolkata, West Bengal",Fashion|Leather Wallet|499,1
ORD-20261002-1654,02/10/2026 21:51,gaurav,Modi,"Kolkata, West Bengal",Home And Kitchen|Wall Clock|649,3
ORD-20261002-3202,02/10/2026 22:07,Parth,Bhatt,"vadodara, gujarat",Sports|Dumbbell Set|1899,3
ORD-20261002-3587,02/10/2026 07:41,NAVYA,SINHA,"Delhi, Delhi",Sports|Yoga Mat|699,1
ORD-20261002-1658,02/10/2026 12:51,  Tanvi ,Pillai,"  Hyderabad, Telangana ",Electronics|Wireless Earbuds|1299,1
ORD-20261002-4296,2026-10-02 12:38:49,Sara,Patel,"Mysuru, Karnataka",Fashion|Denim Jeans|1199,1
ORD-20261002-4769,02-10-2026 22:30,ROSHNI,Trivedi,"Hyderabad, Telangana",Electronics|Laptop Stand|749,1
ORD-20261002-1856,02/10/2026 10:25,Atharv,Vyas,"Nagpur, Maharashtra",Fashion|Leather Wallet|499,1
ORD-20261002-0239,02-10-2026 18:15,Tanvi,Srivastava,"  Bengaluru, Karnataka ",Electronics|Power Bank|899,1
ORD-20261002-0541,2026-10-02 19:02:09,simran,Das,"jaipur, rajasthan",Beauty|Sunscreen|449, 6 
ORD-20261002-4252,2026-10-02 22:51:29,Simran,Pawar,"delhi, delhi",Electronics|Smart Watch|2499, 1 
ORD-20261002-3239,02/10/2026 10:39,  Vikas ,  Patil ,"Mumbai, Maharashtra",Beauty|Sunscreen|449,2
ORD-20261002-1022,02/10/2026 06:53,Kriti,parmar,"AHMEDABAD, GUJARAT",Beauty|Hair Serum|549,5
ORD-20261002-3049,2026-10-02 17:29:47,Arjun,Gupta,"Pune, Maharashtra",Beauty|Face Wash|249,2.0
ORD-20261002-0647,02/10/2026 06:33,bhavna,Mukherjee,"Chennai, Tamil Nadu",Fashion|Cotton Kurta|799,2
ORD-20261002-0001,N/A,Rohan,  Dubey ,"Bengaluru, Karnataka",Fashion|Leather Wallet|499,2
ORD-20261002-0530,02/10/2026 15:15,Hetal,  Khanna ,"CHENNAI, TAMIL NADU",Electronics|Wireless Earbuds|1299,1.0
ORD-20261002-3217,2026-10-02 04:07:20,Kriti,  Patil ,"Delhi, Delhi",Electronics|Laptop Stand|749,1
ORD-20261002-1035,02/10/2026 13:05,Anika,Arora,"PUNE, MAHARASHTRA",Electronics|Laptop Stand|749,2
ORD-20261002-3031,02/10/2026 16:44,Om,Yadav,"chennai, tamil nadu",Sports|Skipping Rope|199,1
ORD-20261002-3130,2026-10-02 22:52:12,Khushi,bansal,"Ahmedabad, Gujarat",Sports|Football|799,2
ORD-20261002-4075,02/10/2026 21:33,Rudra,Patel,"CHENNAI, TAMIL NADU",Sports|Yoga Mat|699,1.0
ORD-20261002-0517,2026-10-02 11:56:46,  Neha ,mishra,"Kolkata, West Bengal",Electronics|Power Bank|899,2
ORD-20261002-3503,02/10/2026 09:31,Reyansh,Pawar,"mumbai, maharashtra",Fashion|Sunglasses|999,1
ORD-20261002-2511,02/10/2026 13:10,Varun,Patil,"Mumbai, Maharashtra",Home And Kitchen|Bedsheet Set|1499,3
ORD-20261002-2353,2026-10-02 06:26:17,Kriti,Modi,"Mumbai, Maharashtra",Sports|Cricket Bat|1599,4
ORD-20261002-1309,2026-10-02 17:45:33,Vivaan,KUMAR,"delhi, delhi",Home And Kitchen|Steel Water Bottle|399,4
ORD-20261002-4793,02/10/2026 13:55,Priya,Singh,"Mumbai, Maharashtra",Fashion|Leather Wallet|499,2
ORD-20261002-2465,02/10/2026 20:15,Kriti,Agarwal,"coimbatore, tamil nadu",Electronics|Smart Watch|2499,2
ORD-20261002-3231,02/10/2026 14:53,Dev,thakkar,"  Jaipur, Rajasthan ",Beauty|Lipstick|399,2
ORD-20261002-3432,02/10/2026 08:03,ADVIK,Parmar,"Bengaluru, Karnataka",Sports|Football|799,2
ORD-20261002-2677,02/10/2026 17:13,ADITI,THAKKAR,"Kolkata, West Bengal",Home And Kitchen|Steel Water Bottle|399,2
ORD-20261002-3028,2026-10-02 21:22:30,  Neel ,,"Pune, Maharashtra",Electronics|Wireless Earbuds|1299,
ORD-20261002-2770,02-10-2026 06:16,Dhwani,Dubey,"Hyderabad, Telangana",Home And Kitchen|Wall Clock|649,1
ORD-20261002-2160,02/10/2026 11:18,Aryan,Dubey,"LUCKNOW, UTTAR PRADESH",Sports|Yoga Mat|699,1
ORD-20261002-2099,02/10/2026 16:53,Tanvi,Mehta,"  Mysuru, Karnataka ",Home And Kitchen|Bedsheet Set|1499,1
ORD-20261002-2069,02/10/2026 11:30,RAJESH,Bansal,"BENGALURU, KARNATAKA",Fashion|Denim Jeans|1199,2
ORD-20261002-2508,02/10/2026 12:19,simran,BOSE,"Lucknow, Uttar Pradesh",Beauty|Sunscreen|449,1
ORD-20261002-0585,02/10/2026 11:07,payal,Rao,"lucknow, uttar pradesh",Home And Kitchen|Steel Water Bottle|399,1
ORD-20261002-3589,02-10-2026 18:35,Krupa,CHAUHAN,"  Pune, Maharashtra ",Electronics|Power Bank|899,1
ORD-20261002-0598,2026-10-02 08:09:00,Isha,Menon,"Lucknow, Uttar Pradesh",Home And Kitchen|Bedsheet Set|1499,1
ORD-20261002-3170,02-10-2026 19:41,krupa,Mukherjee,"Kolkata, West Bengal",Home And Kitchen|Storage Box|299,0
ORD-20261002-2569,02-10-2026 12:08,NIDHI,Mukherjee,"Mumbai, Maharashtra",Sports|Cricket Bat|1599,1
ORD-20261002-1884,2026-10-02 03:40:53,Aanya,trivedi,"  Delhi, Delhi ",Fashion|Sunglasses|999,2
ORD-20261002-3881,2026-10-02 21:20:54,roshni,Mishra,"Hyderabad, Telangana",Electronics|Wireless Earbuds|1299,1
ORD-20261002-4122,2026-10-02 00:36:27,Navya,Pawar,"kolkata, west bengal",Home And Kitchen|Steel Water Bottle|399,1
ORD-20261002-2061,02/10/2026 15:35,deepak,Bhatt,"HYDERABAD, TELANGANA",Electronics|Power Bank|899,2
ORD-20261002-2695,02/10/2026 21:48,Deepak,patil,"  Bengaluru, Karnataka ",Beauty|Sunscreen|449,4
ORD-20261002-4305,2026-10-02 09:28:17,Anjali,Singh,"hyderabad, telangana",Beauty|Face Wash|249,1.0
ORD-20261002-4489,2026-10-02 12:40:13,Divya,Agarwal,"Chennai, Tamil Nadu",Home And Kitchen|Steel Water Bottle|399,2
ORD-20261002-3365,2026-10-02 12:56:59,Palak,Shah,"Chennai, Tamil Nadu",Sports|Yoga Mat|699,1
ORD-20261002-4498,2026-10-02 11:42:12,Varun,Solanki,"Bengaluru, Karnataka",Sports|Dumbbell Set|1899,2
ORD-20261002-4139,02/10/2026 19:32,Nidhi,sinha,"Hyderabad, Telangana",Fashion|Running Shoes|2199,2
ORD-20261002-0879,02/10/2026 22:47,Vikas,Thakkar,"Ahmedabad, Gujarat",Home And Kitchen|Bedsheet Set|1499,1
ORD-20261002-3927,02/10/2026 20:01,ishaan,  Bose ,"Chennai, Tamil Nadu",Home And Kitchen|Bedsheet Set|1499,2
ORD-20261002-3974,02-10-2026 11:50,Dhruv,Dubey,"NAGPUR, MAHARASHTRA",Fashion|Denim Jeans|1199,2
ORD-20261002-0349,2026-10-02 07:10:09,Saanvi,Gupta,"Hyderabad, Telangana",Electronics|Bluetooth Speaker|1799,2
ORD-20261002-4283,2026-10-02 15:32:55,Jay,Das,"Surat, Gujarat",Sports|Dumbbell Set|1899,3
ORD-20261002-3483,2026-10-02 08:43:42,divya,Bose,"Chennai, Tamil Nadu",Home And Kitchen|Storage Box|299,1
ORD-20261002-0899,2026-10-02 06:30:50,Reyansh,Dubey,"Mumbai, Maharashtra",Home And Kitchen|Non Stick Pan|1099,1
ORD-20261002-4733,02/10/2026 15:32,SAI,  Sinha ,"Chennai, Tamil Nadu",Beauty|Perfume|1299,1
ORD-20261002-2062,02/10/2026 17:38,Mansi,Nair,"delhi, delhi",Beauty|Hair Serum|549,3
ORD-20261002-0279,2026-10-02 22:26:09,karan,Patil,"Mumbai, Maharashtra",Home And Kitchen|Storage Box|299,1
ORD-20261002-4799,02-10-2026 16:48,aadhya,Yadav,"nagpur, maharashtra",Fashion|Denim Jeans|1199,2
,02/10/2026 09:30,Ayaan,Reddy,"Surat, Gujarat",Electronics|Wireless Earbuds|1299,1
ORD-20261002-4630,2026-10-02 07:22:53,  Dev ,Verma,"DELHI, DELHI",Home And Kitchen|Bedsheet Set|1499,1
ORD-20261002-3440,2026-10-02 14:44:41,Anika,Arora,"  Bengaluru, Karnataka ",Fashion|Denim Jeans|1199,1
ORD-20261002-2939,2026-10-02 14:28:37,gaurav,CHAUDHARY,"Chennai, Tamil Nadu",Fashion|Cotton Kurta|799,2
ORD-20261002-4170,2026-10-02 12:27:05,vivaan,Desai,"Chennai, Tamil Nadu",Home And Kitchen|Bedsheet Set|1499,1
ORD-20261002-2112,,PARTH,singh,"  Delhi, Delhi ",Electronics|Smart Watch|2499,4
ORD-20261002-2523,02/10/2026 10:31,Anjali,saxena,"kolkata, west bengal",Home And Kitchen|Bedsheet Set|1499,2
ORD-20261002-2176,30/02/2026 21:54,ADITYA,Sinha,"  Bengaluru, Karnataka ",Electronics|Smart Watch|2499,1
ORD-20261002-4581,2026-10-02 22:47:04,ARYAN,Dubey,"Lucknow, Uttar Pradesh",Sports|Football|799,1
ORD-20261002-0495,02/10/2026 16:34,OM,Agarwal,"Jaipur, Rajasthan",Electronics|Laptop Stand|749,3
ORD-20261002-1453,02-10-2026 22:28,Janvi,Tiwari,"Bengaluru, Karnataka",Home And Kitchen|Steel Water Bottle|399,1
ORD-20261002-1734,2026-10-02 16:29:35,  Pranav ,  Mukherjee ,"Hyderabad, Telangana",Fashion|Leather Wallet|499,3
ORD-20261002-0134,2026-10-02 10:15:36,hetal,Kapoor,"Chennai, Tamil Nadu",Fashion|Leather Wallet|499,4
ORD-20261002-1106,2026-10-02 20:34:28,Roshni,patil,"Jaipur, Rajasthan",Home And Kitchen|Storage Box|299,3
ORD-20261002-4597,2026-10-02 22:45:23,aadhya,  Kalavadia ,"LUCKNOW, UTTAR PRADESH",Beauty|Sunscreen|449,
ORD-20261002-1600,2026-10-02 17:14:03,Hetal,Patil,"Kolkata, West Bengal",Electronics|Bluetooth Speaker|1799,2
ORD-20261002-4559,2026-10-02 07:36:26,Ritu,PATEL,"Mumbai, Maharashtra",Home And Kitchen|Bedsheet Set|1499, 3 
ORD-20261002-1117,2026-10-02 19:00:49,Neel,Iyer,"Vadodara, Gujarat",Home And Kitchen|Wall Clock|649,2
ORD-20261002-3306,02-10-2026 15:14,Arjun,Solanki,"Bengaluru, Karnataka",Electronics|Bluetooth Speaker|1799,3
ORD-20261002-3293,2026-10-02 17:42:36,janvi,gupta,"Lucknow, Uttar Pradesh",Electronics|Smart Watch|2499,1
ORD-20261002-3534,2026-10-02 20:13:24,PARI,  Sinha ,"Pune, Maharashtra",Sports|Skipping Rope|199,1
ORD-20261002-0878,02-10-2026 07:54,karan,SRIVASTAVA,"Bengaluru, Karnataka",Fashion|Cotton Kurta|799,3
ORD-20261002-4084,02/10/2026 21:42,Hetal,Mukherjee,"Lucknow, Uttar Pradesh",Sports|Dumbbell Set|1899,4
ORD-20261002-4062,02/10/2026 01:31,Om,  Gupta ,"Ahmedabad, Gujarat",Fashion|Running Shoes|2199,1
ORD-20261002-4528,02/10/2026 22:01,aditi,Kumar,"Jaipur, Rajasthan",Sports|Dumbbell Set|1899,5
ORD-20261002-4379,02/10/2026 13:33,pari,Trivedi,"Ahmedabad, Gujarat",Sports|Skipping Rope|199,1
ORD-20261002-1289,02-10-2026 15:03,anika,Modi,"Delhi, Delhi",Sports|Football|799,1
ORD-20261002-1330,02/10/2026 10:39,  Nisha ,srivastava,"Mumbai, Maharashtra",Beauty|Face Wash|249,1
ORD-20261002-0682,02/10/2026 13:08,Megha,Yadav,"  Delhi, Delhi ",Beauty|Sunscreen|449,2
ORD-20261002-0227,2026-10-02 19:14:47,  Payal ,DUBEY,"Chennai, Tamil Nadu",Home And Kitchen|Storage Box|299,1
ORD-20261002-3196,2026-10-02 17:07:46,Krupa,,"Delhi, Delhi",Fashion|Denim Jeans|1199,1
ORD-20261002-2203,02/10/2026 12:41,varun,mukherjee,"mumbai, maharashtra",Home And Kitchen|Bedsheet Set|1499,2
ORD-20261002-3684,02/10/2026 15:54,simran,Joshi,"Bengaluru, Karnataka",Fashion|Sunglasses|999,2
ORD-20261002-1219,02-10-2026 01:29,karan,Kulkarni,"Coimbatore, Tamil Nadu",Home And Kitchen|Steel Water Bottle|399,1
ORD-20261002-0964,02/10/2026 21:42,megha,Chopra,"delhi, delhi",Electronics|Bluetooth Speaker|1799,1
ORD-20261002-1514,02/10/2026 18:43,Riya,Bhatt,"HYDERABAD, TELANGANA",Electronics|Bluetooth Speaker|1799,4
ORD-20261002-0749,02/10/2026 22:42,Om,Kapoor,"Nagpur, Maharashtra",Home And Kitchen|Steel Water Bottle|399,3
ORD-20261002-2572,02-10-2026 14:58,TANVI,Patil,"Hyderabad, Telangana",Electronics|Bluetooth Speaker|1799,1
ORD-20261002-1004,2026-10-02 16:00:00,Anika,Gupta,"Kolkata, West Bengal",Home And Kitchen|Bedsheet Set|1499,2
ORD-20261002-1663,02/10/2026 10:19,JANVI,Gupta,"Lucknow, Uttar Pradesh",Fashion|Running Shoes|2199,3
ORD-20261002-1392,02/10/2026 12:05,Roshni,Bose,"Hyderabad, Telangana",Beauty|Hair Serum|549,3
ORD-20261002-4797,2026-10-02 10:46:36,  Parth ,BHATT,"jaipur, rajasthan",Fashion|Leather Wallet|499,1
ORD-20261002-3082,2026-10-02 12:38:29,Harsh,kalavadia,"  Delhi, Delhi ",Fashion|Sunglasses|999,1
ORD-20261002-1402,02/10/2026 16:41,Megha,Parmar,"Delhi, Delhi",Electronics|Power Bank|899,2
ORD-20261002-3173,02/10/2026 19:59,vihaan,khanna,"Mumbai, Maharashtra",Sports|Skipping Rope|199,1
ORD-20261002-0461,02-10-2026 14:40,neha,  Tiwari ,"Chennai, Tamil Nadu",Home And Kitchen|Wall Clock|649,2
ORD-20261002-4193,02-10-2026 14:30,shaurya,Mishra,"Lucknow, Uttar Pradesh",Sports|Yoga Mat|699,1
ORD-20261002-2651,2026-10-02 19:25:38,Suresh,Chauhan,"lucknow, uttar pradesh",Electronics|Laptop Stand|749,2
ORD-20261002-0380,02-10-2026 21:02,vihaan,Thakkar,"Mumbai, Maharashtra",Home And Kitchen|Storage Box|299,2.0
ORD-20261002-1891,30/02/2026 20:35,hetal,JAIN,"Ahmedabad, Gujarat",Home And Kitchen|Non Stick Pan|1099,1
ORD-20261002-2293,2026-10-02 22:37:39,SARA,Desai,"Nagpur, Maharashtra",Home And Kitchen|Steel Water Bottle|399,2
ORD-20261002-3454,02/10/2026 15:41,KRUPA,Modi,"Delhi, Delhi",Sports|Skipping Rope|199,1
ORD-20261002-1913,02/10/2026 18:52,  Parth ,JOSHI,"  Coimbatore, Tamil Nadu ",Home And Kitchen|Storage Box|299,2
ORD-20261002-0975,02/10/2026 23:02,  Shreya ,nair,"  Mumbai, Maharashtra ",Sports|Dumbbell Set|1899,1
ORD-20261002-2786,02/10/2026 04:38,shaurya,Bansal,"Delhi, Delhi",Home And Kitchen|Steel Water Bottle|399,4
ORD-20261002-1681,2026-10-02 11:18:10,Krupa,GUPTA,"LUCKNOW, UTTAR PRADESH",Beauty|Perfume|1299,3
ORD-20261002-0613,02/10/2026 17:30,Ishaan,Iyer,"  Ahmedabad, Gujarat ",Fashion|Denim Jeans|1199,3
ORD-20261002-2399,2026-10-02 16:09:12,Ishaan,solanki,"Mysuru, Karnataka",Fashion|Denim Jeans|1199,2
ORD-20261002-2268,02-10-2026 20:10,Aditi,Joshi,"  Mumbai, Maharashtra ",Electronics|Bluetooth Speaker|1799,3
ORD-20261002-2986,02/10/2026 21:03,ADITI,  Vyas ,"Surat, Gujarat",Electronics|Wireless Earbuds|1299, 1 
ORD-20261002-1254,,,Desai,N/A,Fashion|Sunglasses|999,1
ORD-20261002-1415,2026-10-02 21:52:31,  Aarav ,  Parmar ,"Delhi, Delhi",Electronics|Smart Watch|2499,4
ORD-20261002-2573,02/10/2026 23:59,Vikas,CHOPRA,"chennai, tamil nadu",Beauty|Hair Serum|549,1
ORD-20261002-2100,2026-10-02 17:56:11,Ayaan,thakkar,"Lucknow, Uttar Pradesh",Electronics|Bluetooth Speaker|1799,1
ORD-20261002-1228,2026-10-02 18:22:13,Ishaan,Nair,"KOLKATA, WEST BENGAL",Home And Kitchen|Non Stick Pan|1099,2
ORD-20261002-4720,02-10-2026 17:48,Karan,Reddy,"Vadodara, Gujarat",Fashion|Denim Jeans|1199,1
ORD-20261002-0873,02/10/2026 14:20,Rajesh,Verma,"Kolkata, West Bengal",Sports|Football|799,2
ORD-20261002-2167,02-10-2026 12:45,Mansi,Thakkar,"surat, gujarat",Electronics|Power Bank|899,5
ORD-20261002-0869,2026-10-02 03:44:10,  Swati ,Mishra,"Jaipur, Rajasthan",Sports|Yoga Mat|699,1
ORD-20261002-1438,2026-10-02 11:41:19,HARSH,parmar,"  Jaipur, Rajasthan ",Home And Kitchen|Bedsheet Set|1499,
ORD-20261002-3805,02/10/2026 19:36,,Joshi,"delhi, delhi",Sports|Skipping Rope|199,1
ORD-20261002-2133,02/10/2026 17:54,Shreya,Solanki,"Mysuru, Karnataka",Home And Kitchen|Steel Water Bottle|399,1
ORD-20261002-1008,02/10/2026 20:03,Aditi,  Rao ,"Kolkata, West Bengal",Sports|Skipping Rope|199,1
ORD-20261002-0491,02/10/2026 18:13,varun,Yadav,"SURAT, GUJARAT",Sports|Football|799,1
ORD-20261002-3965,02/10/2026 19:23,  Divya ,  Modi ,"  Coimbatore, Tamil Nadu ",Beauty|Hair Serum|549,3
ORD-20261002-1794,02-10-2026 23:56,Aditya,  Mishra ,"Delhi, Delhi",Fashion|Running Shoes|2199,1
ORD-20261002-1697,2026-10-02 22:10:51,tanvi,  Verma ,"Bengaluru, Karnataka",Fashion|Leather Wallet|499,1
ORD-20261002-0911,2026-10-02 18:12:07,Parth,Menon,"Mumbai, Maharashtra",Beauty|Hair Serum|549,3
ORD-20261002-3557,02/10/2026 17:51,PARTH,Arora,"Pune, Maharashtra",Sports|Football|799,4
ORD-20261002-2369,02/10/2026 16:32,Isha,Rathod,"Mumbai, Maharashtra",Home And Kitchen|Non Stick Pan|1099,2
ORD-20261002-3956,02/10/2026 09:46,kabir,  Das ,"DELHI, DELHI",Sports|Skipping Rope|199,1.0
ORD-20261002-2301,02/10/2026 21:27,  Tanvi ,Dubey,"BENGALURU, KARNATAKA",Home And Kitchen|Bedsheet Set|1499,1
ORD-20261002-1863,2026-10-02 03:18:10,kavya,Thakkar,"Ahmedabad, Gujarat",,1.0
ORD-20261002-1535,02/10/2026 20:19,atharv,pillai,"Chennai, Tamil Nadu",Home And Kitchen|Bedsheet Set|1499,4
ORD-20261002-4227,02/10/2026 10:49,  Nisha ,  Nair ,"Bengaluru, Karnataka",Home And Kitchen|Non Stick Pan|1099,4
ORD-20261002-2409,2026-10-02 19:26:16,ANIKA,sharma,"Delhi, Delhi",Beauty|Hair Serum|549,1
ORD-20261002-0620,02-10-2026 09:53,NIKHIL,joshi,"delhi, delhi",Electronics|Wireless Earbuds|1299,1
ORD-20261002-2006,02/10/2026 21:27,Payal,Bhatt,"Hyderabad, Telangana",Fashion|Running Shoes|2199,3
ORD-20261002-0125,02-10-2026 09:48,Kabir,,"Bengaluru, Karnataka",Beauty|Lipstick|399, 4 
ORD-20261002-4766,2026-10-02 22:45:53,ADITYA,Mishra,"Delhi, Delhi",Sports|Football|799, 2 
ORD-20261002-1614,02/10/2026 22:58,Aryan,Solanki,"Delhi, Delhi",Sports|Skipping Rope|199,1
ORD-20261002-3768,2026-10-02 09:37:24,  Aryan ,Dubey,N/A,Electronics|Wireless Earbuds|1299,5
ORD-20261002-3270,2026-10-02 19:41:45,Dev,  Thakkar ,"Jaipur, Rajasthan",Sports|Cricket Bat|1599,1
ORD-20261002-2243,02/10/2026 20:19,SIMRAN,Joshi,"Bengaluru, Karnataka",Electronics|Wireless Earbuds|1299,2.0
ORD-20261002-0111,02/10/2026 22:10,ananya,PAWAR,"mysuru, karnataka",Home And Kitchen|Storage Box|299,1
ORD-20261002-1151,02/10/2026 12:35,Divya,Dubey,"Chennai, Tamil Nadu",Home And Kitchen|Wall Clock|649,2
ORD-20261002-1578,2026-10-02 12:47:29,Myra,Bansal,"Chennai, Tamil Nadu",Fashion|Sunglasses|999,1
ORD-20261002-4713,02/10/2026 13:42,Megha,Thakkar,"Mumbai, Maharashtra",Fashion|Running Shoes|2199,1
ORD-20261002-1714,2026-10-02 16:54:56,payal,  Dubey ,"  Ahmedabad, Gujarat ",Beauty|Lipstick|399,1
ORD-20261002-0721,2026-10-02 22:43:09,NEHA,Reddy,"Delhi, Delhi",Fashion|Running Shoes|2199,1
ORD-20261002-3198,02/10/2026 14:53,Manish,Parmar,"Delhi, Delhi",Sports|Yoga Mat|699,1
ORD-20261002-0488,02-10-2026 21:57,Jay,Kapoor,"Delhi, Delhi",Fashion|Running Shoes|2199, 1 
ORD-20261002-1441,2026-10-02 11:47:44,Aditi,Pillai,"Pune, Maharashtra",Home And Kitchen|Steel Water Bottle|399,1
ORD-20261002-2373,2026-10-02 16:09:36,pranav,mishra,"kolkata, west bengal",Fashion|Cotton Kurta|799,2
ORD-20261002-0184,02/10/2026 19:24,Deepak,Sinha,"Delhi, Delhi",Fashion|Running Shoes|2199,1
ORD-20261002-1835,2026-10-02 08:18:39,Saanvi,Srivastava,"Coimbatore, Tamil Nadu",Electronics|Wireless Earbuds|1299,
ORD-20261002-0999,2026-10-02 10:27:45,  Yash ,  Pawar ,"Kolkata, West Bengal",Home And Kitchen|Steel Water Bottle|399,5
ORD-20261002-4238,02/10/2062 07:03,Anika,Desai,"CHENNAI, TAMIL NADU",Fashion|Denim Jeans|1199,1
ORD-20261002-1596,02/10/2026 22:08,Aanya,Kapoor,"Vadodara, Gujarat",Beauty|Lipstick|399,1
ORD-20261002-3663,02-10-2026 12:39,,Saxena,"Jaipur, Rajasthan",Beauty|Sunscreen|449,4
ORD-20261002-3873,02/10/2026 09:05,Tanvi,CHOPRA,"Vadodara, Gujarat",Home And Kitchen|Wall Clock|649,1
ORD-20261002-3255,2026-10-02 17:26:26,Payal,RAO,"BENGALURU, KARNATAKA",Home And Kitchen|Non Stick Pan|1099, 2 
ORD-20261002-2636,02-10-2026 10:38,  Nikhil ,Sinha,"  Jaipur, Rajasthan ",Home And Kitchen|Wall Clock|649,4
ORD-20261002-2909,02/10/2026 18:49,Dhruv,  Desai ,"Hyderabad, Telangana",Sports|Dumbbell Set|1899,2
ORD-20261002-4414,02/10/2026 21:22,anjali,Yadav,"Hyderabad, Telangana",Electronics|Power Bank|899,3
ORD-20261002-4338,02/10/2026 12:30,,YADAV,"Lucknow, Uttar Pradesh",Home And Kitchen|Bedsheet Set|1499,3
ORD-20261002-3098,02-10-2026 22:56,Riya,Shah,"  Delhi, Delhi ",Home And Kitchen|Wall Clock|649,2
ORD-20261002-1572,02/10/2026 20:41,Neha,  Singh ,"LUCKNOW, UTTAR PRADESH",Beauty|Hair Serum|549,1
ORD-20261002-4349,2026-10-02 13:54:14,  Aadhya ,menon,"Pune, Maharashtra",Fashion|Leather Wallet|499,3
ORD-20261002-1565,02/10/2026 12:20,dhwani,  Chaudhary ,"coimbatore, tamil nadu",Home And Kitchen|Non Stick Pan|1099,2
ORD-20261002-4206,02/10/2026 12:42,Manish,Pandya,"Hyderabad, Telangana",Sports|Dumbbell Set|1899,1
ORD-20261002-3277,02-10-2026 02:54,,Gupta,"jaipur, rajasthan",Electronics|Power Bank|899,2
ORD-20261002-2045,2026-10-02 00:19:34,ananya,Bansal,"Mumbai, Maharashtra",Electronics|Bluetooth Speaker|1799,3
ORD-20261002-3638,02/10/2026 20:29,Divya,Sharma,"Surat, Gujarat",Electronics|Bluetooth Speaker|1799,2
ORD-20261002-4731,2026-10-02 11:26:56,simran,Saxena,"Mysuru, Karnataka",Home And Kitchen|Bedsheet Set|1499,2
ORD-20261002-4543,2026-10-02 10:11:26,  Payal ,Sinha,"Chennai, Tamil Nadu",Home And Kitchen|Bedsheet Set|1499,2
ORD-20261002-0675,02-10-2026 22:38,Divya,JOSHI,"ahmedabad, gujarat",Electronics|Laptop Stand|749,5
ORD-20261002-0130,2026-10-02 13:30:41,Diya,Bansal,"Ahmedabad, Gujarat",Electronics|Laptop Stand|749,1
ORD-20261002-2122,02/10/2026 16:32,Advik,trivedi,"Hyderabad, Telangana",Home And Kitchen|Bedsheet Set|1499,1
ORD-20261002-3315,02/10/2025 20:19,Deepak,Patel,"Hyderabad, Telangana",, 5 
ORD-20261002-3728,2026-10-02 16:37:51,  Karan ,gupta,"bengaluru, karnataka",Sports|Yoga Mat|699,2
ORD-20261002-0386,02/10/2026 09:38,gaurav,Reddy,"Bengaluru, Karnataka",Electronics|Wireless Earbuds|1299,1
ORD-20261002-1800,2026-10-02 19:33:37,Suresh,  Menon ,"Pune, Maharashtra",Fashion|Sunglasses|999,1
ORD-20261002-3396,02/10/2026 18:47,Nisha,Agarwal,"Kolkata, West Bengal",Home And Kitchen|Storage Box|299,2
ORD-20261002-0649,02/10/2026 14:24,Bhavna,Arora,"  Vadodara, Gujarat ",Electronics|Wireless Earbuds|1299,1
ORD-20261002-0641,02-10-2026 18:13,NEEL,Reddy,"Kolkata, West Bengal",Beauty|Hair Serum|549,4
ORD-20261002-3034,02-10-2026 20:05,janvi,Kalavadia,"Kolkata, West Bengal",Home And Kitchen|Non Stick Pan|1099,1
ORD-20261002-1528,02/10/2026 16:18,Navya,patel,"Lucknow, Uttar Pradesh",Electronics|Wireless Earbuds|1299,1
ORD-20261002-2284,2026-10-02 14:54:40,Nisha,  Verma ,"Surat, Gujarat",Electronics|Bluetooth Speaker|1799,6.0
ORD-20261002-3585,2026-10-02 09:22:29,Vivaan,tiwari,"Kolkata, West Bengal",Beauty|Face Wash|249,1
ORD-20261002-4132,02/10/2026 12:49,Amit,Iyer,,Sports|Yoga Mat|699,2
ORD-20261002-3910,02/10/2026 15:23,Varun,Iyer,"Chennai, Tamil Nadu",Sports|Skipping Rope|199,3
ORD-20261002-3498,02-10-2026 22:59,Sara,Parmar,"DELHI, DELHI",Home And Kitchen|Wall Clock|649,3
ORD-20261002-2078,,Nisha,Nair,"bengaluru, karnataka",Sports|Dumbbell Set|1899,1
ORD-20261002-2216,2026-10-02 23:58:06,Karan,kulkarni,"Jaipur, Rajasthan",Home And Kitchen|Bedsheet Set|1499,6
ORD-20261002-1555,2026-10-02 18:57:49,Suresh,Solanki,"Bengaluru, Karnataka",Beauty|Face Wash|249, 4 
ORD-20261002-1769,2026-10-02 20:42:08,  Pooja ,Khanna,"  Jaipur, Rajasthan ",Beauty|Perfume|1299,1.0
ORD-20261002-4105,02/10/2026 07:25,Aryan,MODI,N/A,Fashion|Cotton Kurta|799,3
ORD-20261002-1671,2026-10-02 13:52:22,Saanvi,  Arora ,"Delhi, Delhi",Home And Kitchen|Non Stick Pan|1099,1
ORD-20261002-2519,2026-10-02 20:40:33,Vihaan,kulkarni,"Hyderabad, Telangana",Beauty|Perfume|1299,1
ORD-20261002-0863,02/10/2026 17:55,Varun,Solanki,"Bengaluru, Karnataka",Fashion|Denim Jeans|1199,2
ORD-20261002-2454,02/10/2026 10:51,Riya,Iyer,"Ahmedabad, Gujarat",Electronics|Laptop Stand|749,1
ORD-20261002-3235,2026-10-02 04:44:32,ADVIK,Pawar,"Delhi, Delhi",Sports|Skipping Rope|199,3
ORD-20261002-4040,02/10/2026 12:52,Parth,Kalavadia,"Bengaluru, Karnataka",Beauty|Face Wash|249,1
ORD-20261002-0267,02/10/2026 14:07,Gaurav,Joshi,"mumbai, maharashtra",Electronics|Bluetooth Speaker|1799,1
ORD-20261002-0289,02/10/2026 03:52,Payal,Solanki,"delhi, delhi",Home And Kitchen|Wall Clock|649,1
ORD-20261002-2213,2026-10-02 11:22:05,  Kriti ,Reddy,"delhi, delhi",Beauty|Hair Serum|549,2
ORD-20261002-1039,02-10-2026 21:25,Rajesh,SINHA,"Delhi, Delhi",Fashion|Leather Wallet|499,2
ORD-20261002-3618,02/10/2062 17:17,Anika,  Pillai ,"coimbatore, tamil nadu",Electronics|Wireless Earbuds|1299,1
ORD-20261002-3792,2026-10-02 21:39:19,khushi,Rao,"Hyderabad, Telangana",Home And Kitchen|Non Stick Pan|1099,1
ORD-20261002-0339,02/10/2026 22:10,Vikas,  Patil ,"Mumbai, Maharashtra",Home And Kitchen|Non Stick Pan|1099,4
ORD-20261002-2300,2026-10-02 21:26:36,,Bose,"Surat, Gujarat",Electronics|Smart Watch|2499,1
ORD-20261002-1139,2026-10-02 15:35:45,Aditya,Shah,"pune, maharashtra",Fashion|Running Shoes|2199,1
ORD-20261002-0262,02/10/2026 21:09,Rahul,Ghosh,"Pune, Maharashtra",Electronics|Power Bank|899,1
ORD-20261002-3885,02/10/2026 08:04,  Rajesh ,Bose,,Home And Kitchen|Non Stick Pan|1099,1
ORD-20261002-1482,02/10/2026 12:40,krupa,Tiwari,"Vadodara, Gujarat",Home And Kitchen|Wall Clock|649,1
ORD-20261002-2729,02/10/2026 19:49,,Pawar,"delhi, delhi",Sports|Yoga Mat|699,1
ORD-20261002-3547,02/10/2026 10:57,Manish,Nair,"Hyderabad, Telangana",Home And Kitchen|Steel Water Bottle|399,3
ORD-20261002-4083,,nidhi,patel,"Bengaluru, Karnataka",Electronics|Smart Watch|2499,2
ORD-20261002-4096,02/10/2026 16:12,rudra,Pawar,"Surat, Gujarat",Electronics|Power Bank|899,3
ORD-20261002-0018,2026-10-02 23:40:07,Krupa,bansal,"Ahmedabad, Gujarat",Fashion|Cotton Kurta|799,2
ORD-20261002-0783,02/10/2026 20:34,Suresh,Dubey,"lucknow, uttar pradesh",, 4 
ORD-20261002-0083,02/10/2026 20:08,Myra,Trivedi,"Pune, Maharashtra",Sports|Dumbbell Set|1899,1
ORD-20261002-4611,02-10-2026 08:39,megha,Thakkar,"Mumbai, Maharashtra",Sports|Skipping Rope|199,1
ORD-20261002-1159,02/10/2026 19:34,,saxena,"Jaipur, Rajasthan",Home And Kitchen|Storage Box|299,3
ORD-20261002-0446,02-10-2026 11:12,Reyansh,Desai,"Surat, Gujarat",Beauty|Face Wash|249,1
ORD-20261002-2802,2026-10-02 22:08:44,Palak,Pawar,"mysuru, karnataka",Electronics|Smart Watch|2499,1
ORD-20261002-4456,02/10/2026 12:19,Deepak,Mishra,"Ahmedabad, Gujarat",Beauty|Perfume|1299,1
ORD-20261002-3264,02/10/2026 13:29,bhavna,kalavadia,"Bengaluru, Karnataka",Electronics|Wireless Earbuds|1299,4
ORD-20261002-0774,02-10-2026 13:18,Hetal,Kalavadia,"Mumbai, Maharashtra",Home And Kitchen|Bedsheet Set|1499,2
ORD-20261002-0956,02-10-2026 14:54,Sai,Srivastava,"Mumbai, Maharashtra",Fashion|Cotton Kurta|799,4
ORD-20261002-3590,2026-10-02 21:37:25,  Om ,Menon,"Chennai, Tamil Nadu",Home And Kitchen|Steel Water Bottle|399,4
ORD-20261002-1882,02/10/2026 14:32,Om,Kapoor,"Bengaluru, Karnataka",Beauty|Face Wash|249,6
ORD-20261002-2356,02/10/2026 17:57,aryan,Malhotra,"lucknow, uttar pradesh",Electronics|Smart Watch|2499,
ORD-20261002-2187,2026-10-02 20:08:29,Divya,Patil,"mumbai, maharashtra",Home And Kitchen|Steel Water Bottle|399,2.0
ORD-20261002-2035,02-10-2026 02:48,Komal,Chaudhary,"Bengaluru, Karnataka",Sports|Dumbbell Set|1899,1
ORD-20261002-1243,02/10/2026 23:24,Krupa,Reddy,"AHMEDABAD, GUJARAT",Sports|Football|799,1
ORD-20261002-3461,02-10-2026 02:20,Gaurav,Nair,"Chennai, Tamil Nadu",Beauty|Lipstick|399,1
ORD-20261002-0843,02/10/2026 10:36,Saanvi,Shah,"Coimbatore, Tamil Nadu",Beauty|Hair Serum|549,1
ORD-20261002-4752,2026-10-02 19:18:03,Kriti,Verma,"Lucknow, Uttar Pradesh",Electronics|Smart Watch|2499,1
ORD-20261002-2319,02/10/2026 18:58,kriti,parmar,"Pune, Maharashtra",Beauty|Hair Serum|549,1
ORD-20261002-0792,2026-10-02 22:09:11,  Saanvi ,Agarwal,"Ahmedabad, Gujarat",Home And Kitchen|Storage Box|299,1
ORD-20261002-1649,02-10-2026 16:20,Aryan,dubey,"lucknow, uttar pradesh",Home And Kitchen|Bedsheet Set|1499,3
ORD-20261002-3421,02/10/2026 19:10,  Pooja ,,"mumbai, maharashtra",Electronics|Wireless Earbuds|1299,6
ORD-20261002-3804,02/10/2026 23:29,Shreya,chauhan,"Mumbai, Maharashtra",Home And Kitchen|Wall Clock|649,1.0
ORD-20261002-4655,2026-10-02 12:56:10,Reyansh,  Shah ,"  Delhi, Delhi ",Beauty|Sunscreen|449,1
ORD-20261002-0874,02/10/2026 15:32,Palak,chaudhary,"Delhi, Delhi",Fashion|Running Shoes|2199,1
ORD-20261002-0801,02/10/2026 21:10,Pranav,RATHOD,"Ahmedabad, Gujarat",Sports|Skipping Rope|199,1
ORD-20261002-3600,2026-10-02 14:21:02,Pranav,Khanna,"  Pune, Maharashtra ",Electronics|Bluetooth Speaker|1799,1
ORD-20261002-1082,2026-10-02 12:38:07,Kabir,Saxena,,Beauty|Perfume|1299,2
ORD-20261002-2100,2026-10-02 17:56:11,Ayaan,thakkar,"Lucknow, Uttar Pradesh",Electronics|Bluetooth Speaker|1799,1
ORD-20261002-0800,2026-10-02 12:24:23,KOMAL,reddy,"Delhi, Delhi",Electronics|Wireless Earbuds|1299,1
ORD-20261002-0687,2026-10-02 08:41:32,Varun,Agarwal,"  Pune, Maharashtra ",Sports|Cricket Bat|1599,1.0
ORD-20261002-1547,02/10/2026 19:24,  Pranav ,Chaudhary,"Chennai, Tamil Nadu",Beauty|Lipstick|399,1
ORD-20261002-4520,2026-10-02 14:26:50,Swati,  Verma ,"Hyderabad, Telangana",Home And Kitchen|Non Stick Pan|1099,1
ORD-20261002-0665,02/10/2026 21:44,ARJUN,Bhatt,"surat, gujarat",Home And Kitchen|Storage Box|299,2
ORD-20261002-0710,02/10/2026 19:51,TUSHAR,Singh,"Vadodara, Gujarat",Home And Kitchen|Storage Box|299,1
ORD-20261002-0822,02/10/2026 19:21,Anika,Ghosh,"CHENNAI, TAMIL NADU",Beauty|Perfume|1299,4
ORD-20261002-4281,02/10/2026 20:55,Neel,Das,"  Surat, Gujarat ",Home And Kitchen|Bedsheet Set|1499, 1 
ORD-20261002-2066,02/10/2026 15:17,aryan,MODI,"DELHI, DELHI",Home And Kitchen|Steel Water Bottle|399,1
ORD-20261002-4656,02/10/2026 02:36,Atharv,  Thakkar ,"hyderabad, telangana",Home And Kitchen|Wall Clock|649,1
ORD-20261002-3948,02-10-2026 08:27,Janvi,Tiwari,"bengaluru, karnataka",Electronics|Power Bank|899,5
ORD-20261002-0659,2026-10-02 07:17:37,Pooja,ghosh,"Surat, Gujarat",Sports|Skipping Rope|199, 1 
ORD-20261002-0151,2026-10-02 12:45:13,aryan,Nair,"Delhi, Delhi",Fashion|Leather Wallet|499,1
ORD-20261002-1148,02/10/2026 16:57,Deepak,Menon,,Electronics|Power Bank|899,3
ORD-20261002-3462,02/10/2026 16:11,Reyansh,mishra,"Delhi, Delhi",Sports|Dumbbell Set|1899,1
ORD-20261002-3553,02/10/2026 14:04,  Tushar ,Khanna,"lucknow, uttar pradesh",Home And Kitchen|Wall Clock|649, 3 
ORD-20261002-0692,02-10-2026 18:54,Krupa,Vyas,"  Pune, Maharashtra ",Electronics|Power Bank|899,2
ORD-20261002-4807,2026-10-02 06:42:15,Swati,desai,"Bengaluru, Karnataka",Sports|Skipping Rope|199,6
ORD-20261002-1032,02/10/2026 22:00,Neha,reddy,"  Jaipur, Rajasthan ",Sports|Dumbbell Set|1899,5
ORD-20261002-1849,02/10/2026 19:49,Harsh,  Menon ,"Kolkata, West Bengal",Electronics|Smart Watch|2499,2
ORD-20261002-1447,02/10/2026 21:49,Tushar,TRIVEDI,"Delhi, Delhi",Home And Kitchen|Bedsheet Set|1499,1
ORD-20261002-2049,2026-10-02 12:37:14,Isha,Verma,"chennai, tamil nadu",Fashion|Cotton Kurta|799,2.0
ORD-20261002-0369,02/10/2026 18:20,Isha,Mishra,"Lucknow, Uttar Pradesh",Beauty|Hair Serum|549,2
ORD-20261002-0342,2026-10-02 14:10:40,Bhavna,Shah,"kolkata, west bengal",Fashion|Leather Wallet|499,5
ORD-20261002-0215,02/10/2026 22:07,jay,joshi,"  Jaipur, Rajasthan ",Electronics|Laptop Stand|749,1
ORD-20261002-3183,02-10-2026 19:14,Aanya,Yadav,"kolkata, west bengal",Home And Kitchen|Bedsheet Set|1499,1
ORD-20261002-1011,2026-10-02 14:17:54,Advik,das,"Delhi, Delhi",Beauty|Sunscreen|449,1
,02/10/2026 22:59,,patel,"Hyderabad, Telangana",Sports|Cricket Bat|1599,5
ORD-20261002-2154,02/10/2026 18:50,  Nikhil ,Bhatt,"Coimbatore, Tamil Nadu",Home And Kitchen|Bedsheet Set|1499,3
ORD-20261002-4508,2026-10-02 19:00:08,Bhavna,PARMAR,"  Mumbai, Maharashtra ",Electronics|Laptop Stand|749,2
ORD-20261002-2238,02/10/2026 22:00,Nikhil,Iyer,"Kolkata, West Bengal",Sports|Football|799,3
ORD-20261002-1328,02-10-2026 13:53,Parth,SRIVASTAVA,"Nagpur, Maharashtra",Fashion|Sunglasses|999,4
ORD-20261002-3348,2026-10-02 07:00:48,Aditya,Pawar,"Pune, Maharashtra",Sports|Dumbbell Set|1899,1
ORD-20261002-2246,02/10/2026 17:34,Priya,PARMAR,"Lucknow, Uttar Pradesh",Beauty|Sunscreen|449,2
ORD-20261002-3194,02-10-2026 00:38,reyansh,pillai,"HYDERABAD, TELANGANA",Home And Kitchen|Bedsheet Set|1499,4
ORD-20261002-4240,02/10/2026 12:03,Amit,,"kolkata, west bengal",Sports|Yoga Mat|699,2
ORD-20261002-1814,2026-10-02 09:37:26,nikhil,bhatt,"Coimbatore, Tamil Nadu",Electronics|Wireless Earbuds|1299,3
ORD-20261002-2828,2026-10-02 10:11:24,Sneha,  Jain ,"JAIPUR, RAJASTHAN",Home And Kitchen|Steel Water Bottle|399,-1
ORD-20261002-4712,2026-10-02 18:34:48,palak,vyas,"Mumbai, Maharashtra",Electronics|Laptop Stand|749,1
ORD-20261002-4395,02-10-2026 19:00,  Nisha ,Modi,"Ahmedabad, Gujarat",Beauty|Hair Serum|549,1
ORD-20261002-2579,02-10-2026 09:13,Nikhil,iyer,"  Kolkata, West Bengal ",Fashion|Leather Wallet|499,1
ORD-20261002-4358,02/10/2026 11:44,Aanya,Mehta,"jaipur, rajasthan",Beauty|Sunscreen|449,2
ORD-20261002-2459,2026-10-02 09:47:04,Payal,Das,"Hyderabad, Telangana",Sports|Dumbbell Set|1899,1
ORD-20261002-3475,2026-10-02 16:24:17,Nikhil,Gupta,"Pune, Maharashtra",Electronics|Smart Watch|2499,1
ORD-20261002-0884,02/10/2026 20:24,Mansi,Modi,"Hyderabad, Telangana",Home And Kitchen|Wall Clock|649,1
ORD-20261002-4381,02-10-2026 20:23,Anika,Agarwal,"Chennai, Tamil Nadu",Electronics|Smart Watch|2499,4
ORD-20261002-1959,02-10-2026 08:55,Priya,sinha,"Delhi, Delhi",Home And Kitchen|Steel Water Bottle|399, 3 
ORD-20261002-0371,02/10/2026 22:22,Roshni,iyer,"Bengaluru, Karnataka",Home And Kitchen|Wall Clock|649,4
ORD-20261002-0755,30/02/2026 15:20,Kriti,Modi,"Mumbai, Maharashtra",Sports|Skipping Rope|199,2
ORD-20261002-0817,02-10-2026 21:13,ANIKA,Mehta,"Delhi, Delhi",Fashion|Leather Wallet|499,4
ORD-20261002-3578,02/10/2026 22:50,Khushi,  Modi ,"Jaipur, Rajasthan",Beauty|Perfume|1299,2
ORD-20261002-4192,02/10/2026 14:45,SAANVI,Desai,"bengaluru, karnataka",Home And Kitchen|Bedsheet Set|1499, 2 
ORD-20261002-1564,02/10/2026 12:51,aanya,Arora,"PUNE, MAHARASHTRA",Fashion|Denim Jeans|1199,1
ORD-20261002-1694,2026-10-02 21:01:45,Rudra,PAWAR,"delhi, delhi",Sports|Football|799,2
ORD-20261002-1969,02/10/2026 18:32,Sara,Kumar,"kolkata, west bengal",Home And Kitchen|Storage Box|299,1
ORD-20261002-0513,2026-10-02 18:07:24,  Shreya ,  Rao ,"Mumbai, Maharashtra",Fashion|Cotton Kurta|799,2
ORD-20261002-0524,02/10/2026 16:13,Deepak,Chopra,"  Kolkata, West Bengal ",Electronics|Wireless Earbuds|1299, 3 
ORD-20261002-0166,2026-10-02 20:02:39,Ananya,saxena,"coimbatore, tamil nadu",Home And Kitchen|Storage Box|299,1
ORD-20261002-3322,2026-10-02 19:24:22,  Hetal ,Saxena,"Kolkata, West Bengal",Electronics|Power Bank|899, 1 
ORD-20261002-0926,02/10/2026 12:41,Saanvi,  Patel ,,Beauty|Hair Serum|549,1
ORD-20261002-1249,2026-10-02 20:28:35,Khushi,bansal,"Hyderabad, Telangana",Electronics|Wireless Earbuds|1299,1
ORD-20261002-2626,2026-10-02 18:33:22,Sai,Saxena,N/A,Beauty|Perfume|1299,2
ORD-20261002-0902,02/10/2026 17:12,PRANAV,Chaudhary,"Chennai, Tamil Nadu",Home And Kitchen|Storage Box|299,1
ORD-20261002-4464,02-10-2026 10:30,Shaurya,Rathod,"  Bengaluru, Karnataka ",Electronics|Bluetooth Speaker|1799,1
ORD-20261002-1012,02/10/2026 08:06,  Nisha ,Chauhan,"Kolkata, West Bengal",Beauty|Sunscreen|449,1
ORD-20261002-4696,2026-10-02 18:43:22,Navya,Bansal,"  Mumbai, Maharashtra ",Sports|Football|799,4
ORD-20261002-0579,02/10/2026 14:39,Vihaan,  Dubey ,"Jaipur, Rajasthan",Fashion|Sunglasses|999,3
ORD-20261002-4679,02/10/2026 16:31,nisha,Bhatt,"Lucknow, Uttar Pradesh",Fashion|Cotton Kurta|799,3
ORD-20261002-4811,02/10/2026 08:40,Tanvi,Kumar,"Ahmedabad, Gujarat",Home And Kitchen|Wall Clock|649,4
ORD-20261002-0322,02/10/2026 20:00,Tushar,parmar,"Jaipur, Rajasthan",Electronics|Power Bank|899,1
ORD-20261002-2153,02/10/2026 17:53,Megha,Yadav,"kolkata, west bengal",Fashion|Leather Wallet|499,6
ORD-20261002-2929,02/10/2026 13:22,MANSI,mishra,"delhi, delhi",Electronics|Bluetooth Speaker|1799,1
ORD-20261002-1207,02/10/2026 18:49,karan,Thakkar,"Jaipur, Rajasthan",Sports|Skipping Rope|199,1
ORD-20261002-2694,02-10-2026 08:56,rajesh,Bansal,"Pune, Maharashtra",Electronics|Power Bank|899,3
ORD-20261002-0778,02/10/2026 21:35,Krupa,saxena,"Coimbatore, Tamil Nadu",Home And Kitchen|Non Stick Pan|1099,1
ORD-20261002-1128,02/10/2026 20:40,,Mehta,"  Chennai, Tamil Nadu ",Electronics|Laptop Stand|749,1
ORD-20261002-1716,02/10/2025 01:50,Khushi,Bansal,"Hyderabad, Telangana",Fashion|Leather Wallet|499,3
ORD-20261002-4155,2026-10-02 21:43:17,Divya,Kulkarni,"Chennai, Tamil Nadu",Sports|Cricket Bat|1599,1
ORD-20261002-4249,02/10/2026 22:08,Pari,Agarwal,"pune, maharashtra",Fashion|Leather Wallet|499,3
ORD-20261002-2433,02/10/2026 09:43,Neel,Patel,"Jaipur, Rajasthan",Electronics|Power Bank|899,1.0
ORD-20261002-4685,02/10/2026 10:33,  Simran ,THAKKAR,"kolkata, west bengal",Home And Kitchen|Bedsheet Set|1499,1
ORD-20261002-2042,02-10-2026 19:22,Hetal,  Menon ,"delhi, delhi",Home And Kitchen|Wall Clock|649, 2 
ORD-20261002-1030,2026-10-02 13:46:43,Varun,Tiwari,"Mysuru, Karnataka",Fashion|Cotton Kurta|799,2
ORD-20261002-4819,02-10-2026 23:56,Ishaan,Ghosh,"Mumbai, Maharashtra",Sports|Yoga Mat|699,3
ORD-20261002-2887,02/10/2026 16:00,null,Agarwal,"Mumbai, Maharashtra",Fashion|Running Shoes|2199,3
ORD-20261002-0087,02/10/2026 07:10,Parth,Agarwal,"Vadodara, Gujarat",Beauty|Sunscreen|449,1
ORD-20261002-0039,02/10/2026 22:43,Shreya,Mehta,"Bengaluru, Karnataka",Fashion|Denim Jeans|1199,1
ORD-20261002-4441,02-10-2026 13:41,POOJA,Parmar,"chennai, tamil nadu",Beauty|Hair Serum|549,2
ORD-20261002-3836,02-10-2026 19:13,Krishna,Kumar,"  Hyderabad, Telangana ",Home And Kitchen|Steel Water Bottle|399,1
ORD-20261002-4755,2026-10-02 11:28:23,arjun,jain,"Nagpur, Maharashtra",Beauty|Perfume|1299,2
ORD-20261002-0694,02/10/2026 12:54,Shaurya,Pillai,"BENGALURU, KARNATAKA",Electronics|Smart Watch|2499,
ORD-20261002-1988,02/10/2026 16:17,Mihir,Bansal,"Hyderabad, Telangana",Electronics|Wireless Earbuds|1299,1
ORD-20261002-0794,2026-10-02 20:20:49,mihir,agarwal,"Lucknow, Uttar Pradesh",Electronics|Laptop Stand|749,2
ORD-20261002-2514,02/10/2026 18:26,Kunal,Kumar,"Kolkata, West Bengal",Sports|Yoga Mat|699,1
ORD-20261002-0734,02/10/2026 19:20,kriti,Arora,"Chennai, Tamil Nadu",Fashion|Leather Wallet|499,2
ORD-20261002-2678,02/10/2026 10:22,neha,Mishra,"KOLKATA, WEST BENGAL",Electronics|Wireless Earbuds|1299,1
ORD-20261002-0561,02-10-2026 07:20,Rohan,Arora,"Surat, Gujarat",Fashion|Running Shoes|2199,3
ORD-20261002-3929,2026-10-02 13:51:56,Rudra,Patil,"  Hyderabad, Telangana ",Home And Kitchen|Wall Clock|649,1
ORD-20261002-2122,02/10/2026 16:32,Advik,trivedi,"Hyderabad, Telangana",Home And Kitchen|Bedsheet Set|1499,1
ORD-20261002-2073,02/10/2026 21:32,Pranav,Vyas,"Kolkata, West Bengal",Electronics|Power Bank|899,1
ORD-20261002-4493,02/10/2026 13:21,Atharv,Vyas,"Nagpur, Maharashtra",Fashion|Cotton Kurta|799,2
ORD-20261002-4483,2026-10-02 11:50:25,DEV,Pillai,"mysuru, karnataka",Beauty|Perfume|1299,2
ORD-20261002-2781,02-10-2026 12:48,Suresh,trivedi,"BENGALURU, KARNATAKA",Fashion|Denim Jeans|1199,4
ORD-20261002-2341,02/10/2026 14:50,Pari,Kulkarni,"Jaipur, Rajasthan",Electronics|Wireless Earbuds|1299,2
ORD-20261002-0836,2026-10-02 20:44:37,Swati,  Trivedi ,"delhi, delhi",Electronics|Power Bank|899,3
ORD-20261002-2074,2026-10-02 20:39:16,  Kavya ,  Jain ,"chennai, tamil nadu",Fashion|Running Shoes|2199,1
ORD-20261002-1448,02/10/2026 20:46,Krupa,Iyer,"Mysuru, Karnataka",Home And Kitchen|Bedsheet Set|1499,1
ORD-20261002-3280,02/10/2026 22:07,Nikhil,Kalavadia,"KOLKATA, WEST BENGAL",Beauty|Lipstick|399,2
ORD-20261002-0982,02/10/2026 09:35,Janvi,Nair,"Chennai, Tamil Nadu",Beauty|Lipstick|399,-1
ORD-20261002-3654,02/10/2026 22:02,saanvi,Arora,"Mumbai, Maharashtra",Sports|Dumbbell Set|1899,1
ORD-20261002-2688,2026-10-02 17:13:00,Hetal,Agarwal,"Delhi, Delhi",Electronics|Power Bank|899, 1 
ORD-20261002-1431,02/10/2026 23:45,Vikas,Modi,"Delhi, Delhi",Electronics|Bluetooth Speaker|1799,1
ORD-20261002-4482,02/10/2026 12:56,Dev,,"Surat, Gujarat",Electronics|Smart Watch|2499,1
ORD-20261002-4388,2026-10-02 15:10:51,GAURAV,Mishra,"Kolkata, West Bengal",Fashion|Cotton Kurta|799,3
ORD-20261002-4325,02/10/2026 19:02,Vivaan,Pawar,"Mysuru, Karnataka",Sports|Dumbbell Set|1899,1
ORD-20261002-3925,2026-10-02 07:50:49,pranav,kapoor,"  Surat, Gujarat ",Electronics|Bluetooth Speaker|1799,3
ORD-20261002-1331,02/10/2026 09:13,Vivaan,malhotra,"ahmedabad, gujarat",Beauty|Lipstick|399,1
ORD-20261002-2018,02/10/2026 23:40,shaurya,  Joshi ,"Bengaluru, Karnataka",,4
ORD-20261002-2005,02-10-2026 15:21,Khushi,Rathod,"Mumbai, Maharashtra",Beauty|Hair Serum|549,1
ORD-20261002-2575,02/10/2026 13:24,Janvi,Gupta,"  Lucknow, Uttar Pradesh ",Electronics|Bluetooth Speaker|1799,1
ORD-20261002-2147,02/10/2026 13:03,  Krupa ,gupta,"Lucknow, Uttar Pradesh",Electronics|Power Bank|899,3.0
ORD-20261002-3045,02/10/2026 11:36,nikhil,Mukherjee,"kolkata, west bengal",Home And Kitchen|Steel Water Bottle|399,1
ORD-20261002-2914,02/10/2026 20:20,ANANYA,Thakkar,,Fashion|Cotton Kurta|799,5
ORD-20261002-2158,2026-10-02 22:41:24,PARTH,verma,"bengaluru, karnataka",Fashion|Cotton Kurta|799,3
ORD-20261002-3951,2026-10-02 17:33:14,Aditi,  Singh ,"lucknow, uttar pradesh",Home And Kitchen|Storage Box|299, 3 
ORD-20261002-2207,2026-10-02 06:25:39,Deepak,Sharma,"Chennai, Tamil Nadu",Home And Kitchen|Storage Box|299,1
ORD-20261002-1828,2026-10-02 11:19:18,sneha,  Yadav ,"Mumbai, Maharashtra",Electronics|Wireless Earbuds|1299,3
ORD-20261002-4750,2026-10-02 20:47:06,Rajesh,Mukherjee,"Lucknow, Uttar Pradesh",Fashion|Running Shoes|2199,1
ORD-20261002-3414,02/10/2026 11:55,Hetal,menon,"delhi, delhi",Beauty|Hair Serum|549,1
ORD-20261002-3903,02/10/2026 08:04,KAVYA,modi,"vadodara, gujarat",Electronics|Bluetooth Speaker|1799,2
ORD-20261002-4092,N/A,Mihir,Yadav,"Ahmedabad, Gujarat",Fashion|Cotton Kurta|799,1
ORD-20261002-0295,02/10/2026 01:07,Hetal,Patil,"  Mumbai, Maharashtra ",Home And Kitchen|Non Stick Pan|1099,1
ORD-20261002-3745,02/10/2026 11:21,Pooja,Ghosh,"Surat, Gujarat",Home And Kitchen|Wall Clock|649,4
ORD-20261002-3588,02-10-2026 23:54,Vivaan,Das,"hyderabad, telangana",Fashion|Sunglasses|999,2
ORD-20261002-4749,02/10/2026 20:23,,Kalavadia,"Kolkata, West Bengal",Electronics|Wireless Earbuds|1299,1
ORD-20261002-2109,2026-10-02 22:36:10,kavya,DUBEY,"Ahmedabad, Gujarat",Fashion|Sunglasses|999,
ORD-20261002-0171,02-10-2026 09:26,Dhwani,Desai,"Mumbai, Maharashtra",Home And Kitchen|Bedsheet Set|1499,2
ORD-20261002-2971,02/10/2026 19:55,Tanvi,Kapoor,"Pune, Maharashtra",Sports|Football|799,3
ORD-20261002-3731,02/10/2026 16:18,ritu,Chopra,"  Ahmedabad, Gujarat ",Beauty|Lipstick|399,5
ORD-20261002-0176,02-10-2026 21:40,Sneha,,"vadodara, gujarat",Electronics|Wireless Earbuds|1299,1
ORD-20261002-3054,02/10/2026 23:49,Vikas,Vyas,"hyderabad, telangana",Home And Kitchen|Wall Clock|649,1
ORD-20261002-2434,02/10/2026 21:34,  Roshni ,  Dubey ,"Pune, Maharashtra",Home And Kitchen|Non Stick Pan|1099,2
ORD-20261002-1468,2026-10-02 14:17:37,Kriti,Pillai,"coimbatore, tamil nadu",Electronics|Wireless Earbuds|1299,2
ORD-20261002-2264,02/10/2026 12:29,NISHA,verma,"SURAT, GUJARAT",Electronics|Smart Watch|2499,3
ORD-20261002-0544,02/10/2026 20:44,Karan,Nair,"DELHI, DELHI",Electronics|Wireless Earbuds|1299,3.0
ORD-20261002-3163,02/10/2026 10:57,aanya,Kapoor,"Mumbai, Maharashtra",Sports|Dumbbell Set|1899,5
ORD-20261002-3426,02/10/2026 17:07,Ananya,Tiwari,"Ahmedabad, Gujarat",Electronics|Smart Watch|2499,4
ORD-20261002-1037,02-10-2026 14:59,Nikhil,srivastava,"Hyderabad, Telangana",Fashion|Running Shoes|2199,
ORD-20261002-4028,02/10/2026 21:39,Palak,Solanki,"MUMBAI, MAHARASHTRA",Sports|Cricket Bat|1599,1
ORD-20261002-0915,02/10/2026 11:16,Varun,Srivastava,"Ahmedabad, Gujarat",Home And Kitchen|Wall Clock|649,1
ORD-20261002-3000,02/10/2026 23:00,Harsh,Saxena,"mysuru, karnataka",Electronics|Wireless Earbuds|1299,4
ORD-20261002-3689,2026-10-02 17:09:16,krupa,malhotra,,Electronics|Smart Watch|2499,1
ORD-20261002-1340,2026-10-02 14:37:55,  Rudra ,Pawar,"Delhi, Delhi",Sports|Yoga Mat|699,3
ORD-20261002-0009,2026-10-02 08:11:15,Ritu,Kumar,"  Chennai, Tamil Nadu ",Beauty|Face Wash|249,1
ORD-20261002-1992,02/10/2026 00:56,POOJA,solanki,"  Chennai, Tamil Nadu ",Sports|Football|799,1
ORD-20261002-1518,02/10/2026 13:01,Bhavna,Desai,"Lucknow, Uttar Pradesh",Home And Kitchen|Bedsheet Set|1499,3
ORD-20261002-2883,02/10/2026 17:18,Manish,Pawar,"  Mumbai, Maharashtra ",Beauty|Sunscreen|449,1
ORD-20261002-2693,2026-10-02 09:42:47,bhavna,Iyer,"Delhi, Delhi",Home And Kitchen|Storage Box|299,5
ORD-20261002-4726,02/10/2026 21:31,Suresh,IYER,"bengaluru, karnataka",Sports|Football|799,2
ORD-20261002-4344,02/10/2026 21:09,swati,IYER,"Pune, Maharashtra",Home And Kitchen|Steel Water Bottle|399,3
ORD-20261002-0188,02/10/2026 06:04,TANVI,kapoor,"PUNE, MAHARASHTRA",Home And Kitchen|Bedsheet Set|1499,4
ORD-20261002-0015,02/10/2026 15:23,neel,Sinha,"Ahmedabad, Gujarat",Fashion|Cotton Kurta|799,2
ORD-20261002-3628,2026-10-02 21:35:32,ANIKA,KALAVADIA,"Bengaluru, Karnataka",Sports|Football|799,3
ORD-20261002-0768,02/10/2026 03:27,aditi,Srivastava,"Lucknow, Uttar Pradesh",Electronics|Laptop Stand|749,2
ORD-20261002-1779,02/10/2026 22:37,Aryan,Chaudhary,"Mysuru, Karnataka",Electronics|Power Bank|899,2
ORD-20261002-3976,02/10/2026 08:40,bhavna,kalavadia,"pune, maharashtra",Sports|Yoga Mat|699,5
ORD-20261002-4016,02-10-2026 17:02,Pranav,Dubey,"Bengaluru, Karnataka",Fashion|Sunglasses|999,0
ORD-20261002-2975,02/10/2026 11:01,Payal,iyer,"Hyderabad, Telangana",Sports|Skipping Rope|199,1
ORD-20261002-3775,2026-10-02 14:03:28,Rohan,chauhan,"Bengaluru, Karnataka",Beauty|Face Wash|249,1.0
ORD-20261002-3043,02-10-2026 15:01,Rajesh,gupta,"surat, gujarat",Electronics|Smart Watch|2499,2
ORD-20261002-4022,02-10-2026 21:33,  Riya ,RAO,"MUMBAI, MAHARASHTRA",Fashion|Leather Wallet|499,1
ORD-20261002-3168,02/10/2026 07:51,atharv,Chaudhary,"  Nagpur, Maharashtra ",Fashion|Leather Wallet|499,2
ORD-20261002-1097,02/10/2026 22:18,ADITYA,Pillai,"chennai, tamil nadu",Fashion|Running Shoes|2199,1
ORD-20261002-0592,2026-10-02 12:34:39,Neel,Chaudhary,"Lucknow, Uttar Pradesh",Electronics|Bluetooth Speaker|1799,3
ORD-20261002-2625,02/10/2026 20:55,  Aryan ,  Mishra ,"Surat, Gujarat",Home And Kitchen|Storage Box|299,2.0
ORD-20261002-4205,02/10/2026 13:32,Harsh,singh,"Delhi, Delhi",Home And Kitchen|Wall Clock|649,1
ORD-20261002-2067,02/10/2026 22:34,Anjali,Rao,"LUCKNOW, UTTAR PRADESH",Home And Kitchen|Wall Clock|649,3
ORD-20261002-2335,2026-10-02 11:59:18,roshni,Thakkar,"  Bengaluru, Karnataka ",Fashion|Cotton Kurta|799,1
ORD-20261002-2416,2026-10-02 23:14:59,aryan,Dubey,"LUCKNOW, UTTAR PRADESH",Fashion|Cotton Kurta|799,1
ORD-20261002-4458,02/10/2026 21:37,  Reyansh ,Bose,"  Pune, Maharashtra ",Home And Kitchen|Wall Clock|649,5
ORD-20261002-4421,02/10/2026 20:20,Advik,menon,"  Surat, Gujarat ",Fashion|Sunglasses|999,2.0
ORD-20261002-4275,02-10-2026 19:09,Aanya,  Mishra ,"DELHI, DELHI",Home And Kitchen|Storage Box|299,3.0
ORD-20261002-3797,02/10/2026 19:12,MANISH,Iyer,"  Mumbai, Maharashtra ",Beauty|Perfume|1299,1
ORD-20261002-3153,2026-10-02 08:12:32,Swati,Singh,"coimbatore, tamil nadu",Electronics|Bluetooth Speaker|1799,1
ORD-20261002-4147,2026-10-02 12:19:39,Bhavna,Chaudhary,"Hyderabad, Telangana",Sports|Cricket Bat|1599,1
ORD-20261002-0359,02/10/2026 17:58,null,Vyas,"bengaluru, karnataka",Home And Kitchen|Wall Clock|649,1
ORD-20261002-3594,02/10/2026 13:19,Tanvi,,"hyderabad, telangana",Electronics|Bluetooth Speaker|1799,2
ORD-20261002-2816,02/10/2026 10:38,Aanya,  Patel ,"Delhi, Delhi",,3
ORD-20261002-2156,2026-10-02 13:03:40,MYRA,Kulkarni,"  Pune, Maharashtra ",Home And Kitchen|Non Stick Pan|1099,1
ORD-20261002-3992,02/10/2026 17:15,  Atharv ,Kapoor,"  Kolkata, West Bengal ",Beauty|Face Wash|249, 2 
ORD-20261002-1736,02/10/2026 12:49,  Gaurav ,Chauhan,"  Kolkata, West Bengal ",Home And Kitchen|Storage Box|299,1
ORD-20261002-3001,02/10/2026 17:46,Kabir,,"kolkata, west bengal",Electronics|Bluetooth Speaker|1799,1
ORD-20261002-2705,02/10/2026 10:36,Rahul,Parmar,"Hyderabad, Telangana",Electronics|Laptop Stand|749,2
ORD-20261002-0275,02/10/2026 14:20,Mansi,Patel,,Sports|Dumbbell Set|1899,1
ORD-20261002-2425,2026-10-02 13:41:26,Kavya,Saxena,"Mumbai, Maharashtra",Home And Kitchen|Storage Box|299,-2
ORD-20261002-0635,02-10-2026 17:42,Neel,Agarwal,"Lucknow, Uttar Pradesh",Fashion|Cotton Kurta|799,1
ORD-20261002-4557,02/10/2026 18:11,  Yash ,Pillai,"Pune, Maharashtra",Home And Kitchen|Non Stick Pan|1099,1
ORD-20261002-3482,02-10-2026 14:22,Mihir,kalavadia,"nagpur, maharashtra",Fashion|Leather Wallet|499,1
ORD-20261002-1805,2026-10-02 20:04:02,parth,patel,"Ahmedabad, Gujarat",Home And Kitchen|Steel Water Bottle|399,1
ORD-20261002-3452,02/10/2026 16:49,tanvi,Parmar,"Bengaluru, Karnataka",Fashion|Running Shoes|2199,2
ORD-20261002-1584,2026-10-02 08:36:53,nisha,kumar,"bengaluru, karnataka",Home And Kitchen|Storage Box|299,2
ORD-20261002-2983,02-10-2026 15:58,SAANVI,Reddy,"chennai, tamil nadu",Electronics|Smart Watch|2499,1
ORD-20261002-1938,02/10/2026 14:20,arjun,Nair,"Chennai, Tamil Nadu",Sports|Skipping Rope|199,1
ORD-20261002-4403,02/10/2026 19:17,Jay,Kapoor,"delhi, delhi",Fashion|Leather Wallet|499,1
ORD-20261002-0212,2026-10-02 11:56:22,DEEPAK,Trivedi,"MUMBAI, MAHARASHTRA",Home And Kitchen|Storage Box|299,2
ORD-20261002-0838,02-10-2026 23:25,  Roshni ,Shah,"Lucknow, Uttar Pradesh",Fashion|Denim Jeans|1199,2
ORD-20261002-2274,02/10/2026 11:01,Roshni,mukherjee,"  Bengaluru, Karnataka ",Home And Kitchen|Non Stick Pan|1099,1
ORD-20261002-0821,2026-10-02 17:39:45,  Myra ,sharma,"nagpur, maharashtra",Electronics|Power Bank|899,1
ORD-20261002-4072,02/10/2026 04:43,bhavna,Dubey,"Jaipur, Rajasthan",Sports|Cricket Bat|1599,1
ORD-20261002-0186,2026-10-02 17:44:15,yash,rao,"Nagpur, Maharashtra",Home And Kitchen|Bedsheet Set|1499,1
ORD-20261002-0302,02/10/2026 18:16,Rahul,Mehta,"Kolkata, West Bengal",Electronics|Power Bank|899,5
ORD-20261002-2297,2026-10-02 13:31:47,Divya,Solanki,"Delhi, Delhi",Beauty|Perfume|1299, 1 
ORD-20261002-2905,2026-10-02 11:07:43,Vikas,Nair,"Hyderabad, Telangana",Home And Kitchen|Non Stick Pan|1099,1.0
ORD-20261002-3688,02-10-2026 19:28,Aditi,Sinha,"nagpur, maharashtra",Electronics|Laptop Stand|749,1
ORD-20261002-2426,N/A,Sai,SOLANKI,"Ahmedabad, Gujarat",Electronics|Smart Watch|2499, 1 
ORD-20261002-3748,02/10/2026 19:51,varun,Pawar,"Delhi, Delhi",Beauty|Sunscreen|449,1
ORD-20261002-0057,2026-10-02 14:34:02,Aanya,Kulkarni,"Nagpur, Maharashtra",Fashion|Leather Wallet|499,2
ORD-20261002-3087,2026-10-02 18:46:31,Aanya,Trivedi,"Delhi, Delhi",Fashion|Cotton Kurta|799,5
ORD-20261002-1027,02-10-2026 05:40,RIYA,NAIR,"DELHI, DELHI",Sports|Football|799,2
ORD-20261002-1591,02/10/2026 16:31,diya,Kalavadia,"Kolkata, West Bengal",Electronics|Power Bank|899,1
ORD-20261002-0309,2026-10-02 12:04:52,Atharv,Tiwari,"lucknow, uttar pradesh",Beauty|Lipstick|399,2
ORD-20261002-0233,02/10/2026 19:34,null,Bansal,"  Nagpur, Maharashtra ",Sports|Yoga Mat|699,1
ORD-20261002-4191,2026-10-02 11:15:04,Varun,Modi,"Delhi, Delhi",Home And Kitchen|Wall Clock|649,6
ORD-20261002-1991,2026-10-02 14:14:25,Aditi,Thakkar,"Ahmedabad, Gujarat",Electronics|Wireless Earbuds|1299,-5
ORD-20261002-3378,02/10/2026 12:08,Sai,chaudhary,"DELHI, DELHI",Fashion|Leather Wallet|499,1
ORD-20261002-1403,02/10/2026 21:41,  Yash ,ghosh,"Ahmedabad, Gujarat",Home And Kitchen|Steel Water Bottle|399,6
ORD-20261002-0255,02-10-2026 13:04,Sai,Solanki,"PUNE, MAHARASHTRA",Sports|Skipping Rope|199,1
ORD-20261002-0170,02-10-2026 22:58,Palak,Bhatt,"NAGPUR, MAHARASHTRA",Beauty|Face Wash|249,2
ORD-20261002-2389,02/10/2026 10:34,Dhruv,dubey,"nagpur, maharashtra",Beauty|Lipstick|399,1
ORD-20261002-1320,02-10-2026 16:14,Reyansh,Pawar,"  Mumbai, Maharashtra ",Electronics|Smart Watch|2499, 2 
ORD-20261002-4796,02/10/2026 22:08,navya,MISHRA,"Delhi, Delhi",Sports|Yoga Mat|699,1
ORD-20261002-4514,2026-10-02 19:19:57,Deepak,RATHOD,"Pune, Maharashtra",Fashion|Sunglasses|999,2
ORD-20261002-2587,02-10-2026 23:24,parth,SINGH,"delhi, delhi",Electronics|Smart Watch|2499,1
ORD-20261002-2004,2026-10-02 17:04:05,Neha,Arora,"mumbai, maharashtra",Home And Kitchen|Wall Clock|649,1
ORD-20261002-0573,02/10/2026 19:59,MYRA,Iyer,"chennai, tamil nadu",Home And Kitchen|Storage Box|299,1
ORD-20261002-3710,02/10/2026 16:35,Riya,SOLANKI,"Delhi, Delhi",Home And Kitchen|Wall Clock|649,1
ORD-20261002-1903,2026-10-02 09:27:03,Sai,desai,,Sports|Football|799,1
ORD-20261002-2491,2026-10-02 12:47:31,krupa,kapoor,"MUMBAI, MAHARASHTRA",Fashion|Cotton Kurta|799,1
ORD-20261002-2146,02/10/2026 22:39,  Bhavna ,das,"mumbai, maharashtra",Electronics|Power Bank|899,6
ORD-20261002-0697,02/10/2026 03:09,Anjali,kapoor,"delhi, delhi",Beauty|Hair Serum|549,1
ORD-20261002-3123,2026-10-02 07:50:27,RAHUL,Pandya,"vadodara, gujarat",Home And Kitchen|Non Stick Pan|1099,two
ORD-20261002-1914,02/10/2026 17:17,Isha,Jain,"Mumbai, Maharashtra",Sports|Football|799, 1 
ORD-20261002-2404,2026-10-02 13:53:40,Tushar,  Parmar ,"AHMEDABAD, GUJARAT",Home And Kitchen|Bedsheet Set|1499,1
ORD-20261002-0868,02/10/2026 16:13,  Aanya ,Trivedi,"Delhi, Delhi",Home And Kitchen|Storage Box|299, 3 
ORD-20261002-1494,2026-10-02 11:01:28,Ayaan,Vyas,"Kolkata, West Bengal",Electronics|Power Bank|899,1
ORD-20261002-2686,2026-10-02 20:12:58,Aditi,Kulkarni,"hyderabad, telangana",Home And Kitchen|Wall Clock|649,2
ORD-20261002-2240,2026-10-02 11:02:43,Myra,  Mehta ,"Bengaluru, Karnataka",Beauty|Sunscreen|449,2
ORD-20261002-0433,02/10/2026 18:25,  Rohan ,  Chauhan ,"Mumbai, Maharashtra",Sports|Yoga Mat|699,1
ORD-20261002-4243,02/10/2026 18:06,nidhi,PATEL,"Bengaluru, Karnataka",Home And Kitchen|Steel Water Bottle|399,1
ORD-20261002-3557,02/10/2026 17:51,PARTH,Arora,"Pune, Maharashtra",Sports|Football|799,4
ORD-20261002-4810,02-10-2026 17:41,bhavna,Modi,"Jaipur, Rajasthan",Home And Kitchen|Storage Box|299,1
ORD-20261002-2862,2026-10-02 20:35:10,Krishna,kalavadia,"Hyderabad, Telangana",Beauty|Perfume|1299,1
ORD-20261002-2904,02/10/2026 12:27,BHAVNA,Chaudhary,"  Mumbai, Maharashtra ",Home And Kitchen|Steel Water Bottle|399,2
ORD-20261002-0046,02-10-2026 07:28,Pranav,PAWAR,"Bengaluru, Karnataka",Home And Kitchen|Wall Clock|649,3
ORD-20261002-0242,2026-10-02 18:19:41,Manish,verma,"Chennai, Tamil Nadu",Beauty|Lipstick|399,2
ORD-20261002-3886,02/10/2026 12:50,Palak,Dubey,"Mumbai, Maharashtra",Home And Kitchen|Storage Box|299,1
ORD-20261002-1098,2026-10-02 21:46:33,GAURAV,pillai,"DELHI, DELHI",Sports|Skipping Rope|199,1
ORD-20261002-1174,2026-10-02 22:28:11,  Hetal ,  Sinha ,"kolkata, west bengal",Sports|Football|799,1
ORD-20261002-0432,2026-10-02 21:51:39,Pooja,JAIN,"Delhi, Delhi",Home And Kitchen|Wall Clock|649,1.0
ORD-20261002-2522,2026-10-02 19:39:07,  Jay ,Yadav,"Mumbai, Maharashtra",Home And Kitchen|Non Stick Pan|1099,4
ORD-20261002-2537,2026-10-02 14:39:42,Tanvi,Rao,"  Chennai, Tamil Nadu ",Beauty|Hair Serum|549,1
ORD-20261002-3761,02-10-2026 21:00,  Diya ,  Sharma ,"  Pune, Maharashtra ",Fashion|Sunglasses|999,1
ORD-20261002-0088,02/10/2026 12:13,Reyansh,Parmar,"Coimbatore, Tamil Nadu",Sports|Yoga Mat|699,1
ORD-20261002-1293,2026-10-02 13:21:21,SNEHA,,"jaipur, rajasthan",Electronics|Power Bank|899, 2 
ORD-20261002-3020,02-10-2026 20:53,Hetal,sinha,"DELHI, DELHI",Home And Kitchen|Storage Box|299,1
ORD-20261002-0549,2026-10-02 21:45:42,Mihir,Nair,"DELHI, DELHI",Home And Kitchen|Steel Water Bottle|399,1
ORD-20261002-3401,02/10/2026 11:16,MANISH,Iyer,"Mumbai, Maharashtra",Sports|Football|799,2
ORD-20261002-0839,02/10/2026 15:17,amit,Rao,"Mumbai, Maharashtra",Fashion|Cotton Kurta|799,2
ORD-20261002-2261,2026-10-02 14:55:24,saanvi,Sinha,"kolkata, west bengal",Sports|Yoga Mat|699,4
ORD-20261002-1947,02/10/2026 18:34,Megha,Joshi,"bengaluru, karnataka",Sports|Dumbbell Set|1899,2
ORD-20261002-4541,02/10/2026 19:45,Reyansh,pillai,"bengaluru, karnataka",,2
ORD-20261002-2032,02/10/2026 10:45,Varun,Trivedi,"mumbai, maharashtra",Home And Kitchen|Wall Clock|649,6
ORD-20261002-1987,2026-10-02 14:03:14,PALAK,  Bansal ,"Coimbatore, Tamil Nadu",Electronics|Bluetooth Speaker|1799, 1 
ORD-20261002-2372,02-10-2026 13:40,RITU,GHOSH,"Kolkata, West Bengal",Fashion|Running Shoes|2199,1
ORD-20261002-0010,02-10-2026 17:50,Anjali,  Singh ,"Hyderabad, Telangana",Sports|Cricket Bat|1599,1
ORD-20261002-2813,02/10/2026 14:40,Khushi,Rathod,"Mumbai, Maharashtra",Beauty|Perfume|1299,1
ORD-20261002-3629,,Rahul,Chauhan,"Coimbatore, Tamil Nadu",Electronics|Power Bank|899,2
ORD-20261002-2541,02/10/2026 13:58,manish,  Tiwari ,"Mumbai, Maharashtra",Home And Kitchen|Storage Box|299,2
ORD-20261002-1401,2026-10-02 17:45:23,OM,Singh,"Kolkata, West Bengal",Home And Kitchen|Bedsheet Set|1499,1
ORD-20261002-0535,2026-10-02 11:41:38,Nidhi,YADAV,"coimbatore, tamil nadu",Beauty|Sunscreen|449,1
ORD-20261002-3644,2026-10-02 12:12:42,Hetal,TRIVEDI,"Vadodara, Gujarat",Home And Kitchen|Non Stick Pan|1099,4
ORD-20261002-1601,2026-10-02 07:14:19,aryan,Parmar,"Nagpur, Maharashtra",Fashion|Cotton Kurta|799,1
ORD-20261002-4326,2026-10-02 22:04:16,Tushar,yadav,"Lucknow, Uttar Pradesh",Home And Kitchen|Storage Box|299,1
ORD-20261002-4288,2026-10-02 23:44:56,Bhavna,kulkarni,"bengaluru, karnataka",Fashion|Running Shoes|2199,two
ORD-20261002-2771,02/10/2026 19:33,Dhruv,Rathod,"Surat, Gujarat",Home And Kitchen|Wall Clock|649,1
ORD-20261002-4587,02/10/2026 11:58,anika,Modi,"Pune, Maharashtra",Beauty|Hair Serum|549,2
ORD-20261002-0906,02/10/2026 09:11,Priya,Srivastava,"chennai, tamil nadu",Electronics|Bluetooth Speaker|1799,1
ORD-20261002-4110,2026-10-02 13:45:10,Vikas,Kumar,"mysuru, karnataka",Electronics|Smart Watch|2499,1
ORD-20261002-1790,02/10/2026 13:17,Nikhil,Reddy,"Chennai, Tamil Nadu",Sports|Yoga Mat|699,2
ORD-20261002-1195,2026-10-02 06:59:20,,Reddy,"Mumbai, Maharashtra",Fashion|Denim Jeans|1199,1
ORD-20261002-0642,2026-10-02 19:04:02,kabir,Gupta,"Mumbai, Maharashtra",Electronics|Laptop Stand|749,3
ORD-20261002-4200,02/10/2025 15:07,Aryan,Reddy,"Kolkata, West Bengal",Sports|Cricket Bat|1599,2
ORD-20261002-3661,02/10/2026 18:44,NISHA,Pawar,"Bengaluru, Karnataka",Electronics|Laptop Stand|749,1
ORD-20261002-4195,2026-10-02 11:08:39,divya,Kulkarni,"Chennai, Tamil Nadu",,1
ORD-20261002-4168,02/10/2026 21:46,  Swati ,gupta,"hyderabad, telangana",Fashion|Leather Wallet|499,1
ORD-20261002-4220,2026-10-02 07:53:08,Isha,Yadav,"Mumbai, Maharashtra",Fashion|Leather Wallet|499,1
ORD-20261002-3707,02/10/2026 22:12,  Navya ,Thakkar,"pune, maharashtra",Home And Kitchen|Bedsheet Set|1499,2
ORD-20261002-1667,02/10/2026 14:22,  Sai ,Bansal,"Hyderabad, Telangana",Beauty|Sunscreen|449,1
ORD-20261002-3250,02/10/2026 19:15,Suresh,vyas,"pune, maharashtra",Sports|Dumbbell Set|1899,1
ORD-20261002-0769,2026-10-02 12:16:10,  Rudra ,Pillai,"Ahmedabad, Gujarat",Home And Kitchen|Bedsheet Set|1499,1
ORD-20261002-3014,2026-10-02 08:34:21,  Shaurya ,Vyas,"Ahmedabad, Gujarat",Electronics|Bluetooth Speaker|1799,1
ORD-20261002-2671,02/10/2026 20:58,Ayaan,Nair,"Vadodara, Gujarat",Sports|Cricket Bat|1599,1
ORD-20261002-3593,02/10/2026 07:07,Karan,Chopra,"Surat, Gujarat",Home And Kitchen|Non Stick Pan|1099,1
ORD-20261002-0319,2026-10-02 00:56:20,rahul,Patil,"  Mumbai, Maharashtra ",Sports|Skipping Rope|199,2
ORD-20261002-1013,02/10/2026 10:55,Khushi,Bhatt,"Bengaluru, Karnataka",Home And Kitchen|Steel Water Bottle|399,3.0
ORD-20261002-1369,2026-10-02 16:20:55,nisha,Kulkarni,"mumbai, maharashtra",Electronics|Bluetooth Speaker|1799,3
ORD-20261002-3546,02/10/2026 09:44,Sai,MISHRA,"Coimbatore, Tamil Nadu",Home And Kitchen|Bedsheet Set|1499,4
ORD-20261002-2984,02-10-2026 22:42,pranav,Pandya,"Delhi, Delhi",Sports|Dumbbell Set|1899,1
ORD-20261002-4212,2026-10-02 16:25:47,KUNAL,Pawar,"MUMBAI, MAHARASHTRA",Electronics|Bluetooth Speaker|1799,2
ORD-20261002-3727,02/10/2026 12:20,Neha,Solanki,"Delhi, Delhi",Sports|Dumbbell Set|1899,2
ORD-20261002-2499,2026-10-02 17:00:41,Yash,khanna,"Delhi, Delhi",Fashion|Cotton Kurta|799,1
ORD-20261002-2827,2026-10-02 03:57:31,kunal,ghosh,"  Mysuru, Karnataka ",Electronics|Wireless Earbuds|1299,
ORD-20261002-2859,02/10/2026 13:18,Nikhil,rao,"VADODARA, GUJARAT",Home And Kitchen|Bedsheet Set|1499,1
ORD-20261002-1577,2026-10-02 23:15:56,Aadhya,tiwari,"  Ahmedabad, Gujarat ",Fashion|Running Shoes|2199,2
ORD-20261002-2033,02/10/2026 19:32,Aadhya,chaudhary,"coimbatore, tamil nadu",Electronics|Laptop Stand|749,2
ORD-20261002-2949,2026-10-02 13:07:11,mansi,  Parmar ,"chennai, tamil nadu",Beauty|Lipstick|399,
ORD-20261002-2357,02-10-2026 09:10,HARSH,Mishra,"Mumbai, Maharashtra",Fashion|Sunglasses|999,1
ORD-20261002-1563,02/10/2026 10:00,PAYAL,Chauhan,"COIMBATORE, TAMIL NADU",Fashion|Running Shoes|2199,2
ORD-20261002-2144,02-10-2026 14:38,Dhruv,Yadav,"Surat, Gujarat",Sports|Dumbbell Set|1899,5
ORD-20261002-4523,02-10-2026 20:12,VARUN,Solanki,"Bengaluru, Karnataka",Sports|Yoga Mat|699,2
ORD-20261002-3545,2026-10-02 21:49:26,Ayaan,Kalavadia,"Surat, Gujarat",Beauty|Hair Serum|549,2
ORD-20261002-4048,02/10/2025 21:44,Reyansh,MODI,"Chennai, Tamil Nadu",Home And Kitchen|Non Stick Pan|1099,1
ORD-20261002-4366,02-10-2026 20:03,manish,Bhatt,"  Kolkata, West Bengal ",Electronics|Power Bank|899,5
ORD-20261002-2312,2026-10-02 11:53:34,parth,bansal,"mumbai, maharashtra",Sports|Football|799,5
ORD-20261002-2924,02/10/2026 08:54,  Parth ,Malhotra,"Surat, Gujarat",Electronics|Laptop Stand|749,1
ORD-20261002-1006,02/10/2026 13:51,Rudra,  Desai ,"Ahmedabad, Gujarat",Beauty|Perfume|1299,2
ORD-20261002-2244,02/10/2026 11:34,OM,Ghosh,"Nagpur, Maharashtra",Fashion|Sunglasses|999,
ORD-20261002-3785,02/10/2026 21:27,Priya,KHANNA,"Delhi, Delhi",Electronics|Power Bank|899,2
ORD-20261002-0684,2026-10-02 17:50:50,KRITI,Menon,"Ahmedabad, Gujarat",Home And Kitchen|Non Stick Pan|1099,2
ORD-20261002-0419,02-10-2026 20:21,Kavya,Bansal,"Chennai, Tamil Nadu",Fashion|Cotton Kurta|799,2
ORD-20261002-1657,2026-10-02 17:28:46,Reyansh,Ghosh,"  Mumbai, Maharashtra ",Electronics|Wireless Earbuds|1299,1
ORD-20261002-3921,2026-10-02 15:25:20,,Mehta,"chennai, tamil nadu",Home And Kitchen|Wall Clock|649,4
ORD-20261002-2262,02/10/2026 14:54,  Shaurya ,kulkarni,"Pune, Maharashtra",Electronics|Wireless Earbuds|1299,2
ORD-20261002-0611,02/10/2026 16:06,Arjun,Mukherjee,"jaipur, rajasthan",Sports|Dumbbell Set|1899, 2 
ORD-20261002-0100,02-10-2026 11:18,Kriti,Pawar,"pune, maharashtra",Sports|Dumbbell Set|1899,-2
ORD-20261002-2808,02/10/2026 12:13,ritu,reddy,"Vadodara, Gujarat",Home And Kitchen|Storage Box|299,1
ORD-20261002-3126,2026-10-02 19:51:50,Neha,Pillai,"Vadodara, Gujarat",Sports|Dumbbell Set|1899,2
ORD-20261002-3742,02/10/2026 16:55,Janvi,Tiwari,"Bengaluru, Karnataka",Fashion|Cotton Kurta|799,2
ORD-20261002-3554,02/10/2026 18:19,Rahul,Iyer,"Bengaluru, Karnataka",Home And Kitchen|Steel Water Bottle|399,3
ORD-20261002-4827,2026-10-02 13:16:37,myra,vyas,,Electronics|Power Bank|899,1
ORD-20261002-2831,02/10/2026 00:27,  Om ,CHAUDHARY,"  Chennai, Tamil Nadu ",Home And Kitchen|Non Stick Pan|1099,2
ORD-20261002-2432,02/10/2026 07:54,pooja,trivedi,"Coimbatore, Tamil Nadu",Beauty|Hair Serum|549,2
ORD-20261002-0503,2026-10-02 10:33:07,Khushi,Das,"Chennai, Tamil Nadu",Fashion|Denim Jeans|1199,2
ORD-20261002-0038,02/10/2026 22:44,Gaurav,joshi,"Ahmedabad, Gujarat",Sports|Football|799,2
ORD-20261002-1348,2026-10-02 21:20:13,rahul,Dubey,"Jaipur, Rajasthan",Home And Kitchen|Steel Water Bottle|399,1
ORD-20261002-1602,2026-10-02 22:12:52,  Nidhi ,Bansal,"Kolkata, West Bengal",Home And Kitchen|Steel Water Bottle|399,3
ORD-20261002-0439,2026-10-02 14:37:31,Ishaan,menon,"MUMBAI, MAHARASHTRA",Electronics|Laptop Stand|749,3.0
ORD-20261002-3089,02/10/2026 08:48,Karan,Gupta,"Bengaluru, Karnataka",Sports|Dumbbell Set|1899,
ORD-20261002-0582,02-10-2026 20:30,Jay,Mukherjee,"mumbai, maharashtra",Electronics|Smart Watch|2499,1
ORD-20261002-0860,02/10/2026 16:21,Komal,Rao,"Mysuru, Karnataka",Electronics|Laptop Stand|749,1
ORD-20261002-3072,02/10/2026 12:49,Diya,Pawar,"Delhi, Delhi",Electronics|Laptop Stand|749, 1 
ORD-20261002-2351,02/10/2026 11:27,Kriti,  Reddy ,"ahmedabad, gujarat",Sports|Yoga Mat|699,1
ORD-20261002-3879,02/10/2026 09:45,Krupa,  Trivedi ,"Chennai, Tamil Nadu",Electronics|Smart Watch|2499,1
ORD-20261002-3637,02/10/2026 21:38,Swati,Arora,"Mumbai, Maharashtra",Home And Kitchen|Wall Clock|649,3
ORD-20261002-2700,02-10-2026 14:20,Riya,khanna,"  Delhi, Delhi ",Home And Kitchen|Storage Box|299,1
ORD-20261002-3978,2026-10-02 11:17:03,Rohan,YADAV,"Coimbatore, Tamil Nadu",Fashion|Denim Jeans|1199,1
ORD-20261002-1583,02-10-2026 22:41,  Ishaan ,Chaudhary,"  Ahmedabad, Gujarat ",Fashion|Running Shoes|2199,
ORD-20261002-0040,02/10/2026 20:26,Amit,BHATT,"Kolkata, West Bengal",Electronics|Smart Watch|2499,6
ORD-20261002-3764,2026-10-02 12:34:59,Tushar,  Das ,"Surat, Gujarat",Beauty|Lipstick|399,1
ORD-20261002-2776,02/10/2026 13:57,  Nikhil ,SRIVASTAVA,"nagpur, maharashtra",Sports|Skipping Rope|199,1
ORD-20261002-1213,02/10/2025 12:08,Palak,  Rathod ,"Hyderabad, Telangana",Home And Kitchen|Wall Clock|649,3
ORD-20261002-2757,2026-10-02 20:30:23,Arjun,bhatt,"surat, gujarat",Fashion|Cotton Kurta|799,4
ORD-20261002-4480,02-10-2026 18:41,Roshni,Modi,"Pune, Maharashtra",Electronics|Laptop Stand|749,1
ORD-20261002-4174,2026-10-02 18:13:51,ATHARV,Menon,"Surat, Gujarat",Fashion|Denim Jeans|1199,1
ORD-20261002-4262,02/10/2026 13:36,harsh,Mishra,"  Hyderabad, Telangana ",Home And Kitchen|Wall Clock|649,5
ORD-20261002-3932,2026-10-02 20:00:13,Kabir,Kalavadia,"Jaipur, Rajasthan",Electronics|Bluetooth Speaker|1799,1
ORD-20261002-4674,02-10-2026 18:27,Gaurav,Gupta,"  Hyderabad, Telangana ",Electronics|Wireless Earbuds|1299,1
ORD-20261002-3531,02/10/2026 15:51,RAHUL,Rao,"SURAT, GUJARAT",Fashion|Denim Jeans|1199,3
ORD-20261002-4001,02/10/2026 21:20,Saanvi,Tiwari,"CHENNAI, TAMIL NADU",Electronics|Smart Watch|2499,5
ORD-20261002-0917,2026-10-02 23:58:55,Nidhi,Shah,"Chennai, Tamil Nadu",Sports|Skipping Rope|199,1
ORD-20261002-3674,02/10/2026 19:48,  Myra ,Sharma,"Nagpur, Maharashtra",Electronics|Bluetooth Speaker|1799,1
ORD-20261002-4704,02/10/2026 21:40,aadhya,Chauhan,"Surat, Gujarat",Electronics|Power Bank|899,3
ORD-20261002-0770,02/10/2026 14:37,janvi,Kapoor,"Hyderabad, Telangana",Home And Kitchen|Non Stick Pan|1099,4
ORD-20261002-1927,02/10/2026 23:35,neha,Pandya,"  Delhi, Delhi ",Home And Kitchen|Bedsheet Set|1499,2
ORD-20261002-3002,02/10/2026 06:06,nidhi,Kulkarni,"  Surat, Gujarat ",Sports|Dumbbell Set|1899,1
ORD-20261002-2304,02/10/2026 19:13,Isha,kapoor,"PUNE, MAHARASHTRA",Home And Kitchen|Steel Water Bottle|399,3
ORD-20261002-1049,02/10/2026 19:01,Anjali,  Rathod ,"Kolkata, West Bengal",Sports|Dumbbell Set|1899,2
ORD-20261002-0892,02-10-2026 19:06,Tanvi,Rao,,Beauty|Hair Serum|549,2
ORD-20261002-3502,02/10/2026 15:00,sai,Sinha,"  Bengaluru, Karnataka ",Fashion|Running Shoes|2199,2
ORD-20261002-0953,2026-10-02 19:00:51,Janvi,Reddy,"Bengaluru, Karnataka",Sports|Dumbbell Set|1899,2
ORD-20261002-4606,02/10/2026 13:51,kabir,Chaudhary,"Delhi, Delhi",Electronics|Wireless Earbuds|1299,1
ORD-20261002-3560,2026-10-02 18:47:17,palak,Mukherjee,"pune, maharashtra",Electronics|Power Bank|899, 1 
ORD-20261002-3312,02/10/2026 03:53,Tushar,Sharma,"Delhi, Delhi",Electronics|Smart Watch|2499,1
ORD-20261002-3095,02/10/2026 22:02,Manish,Kulkarni,"Vadodara, Gujarat",Electronics|Bluetooth Speaker|1799,2
ORD-20261002-0487,2026-10-02 09:51:03,Aryan,Chaudhary,"Surat, Gujarat",Beauty|Hair Serum|549,2
ORD-20261002-4485,2026-10-02 05:35:51,diya,Pawar,"mumbai, maharashtra",Home And Kitchen|Bedsheet Set|1499,1
ORD-20261002-3841,02/10/2026 20:59,Kriti,Malhotra,"  Hyderabad, Telangana ",Fashion|Running Shoes|2199,1
ORD-20261002-1646,02-10-2026 17:41,Neel,  Trivedi ,"chennai, tamil nadu",Home And Kitchen|Non Stick Pan|1099,2
ORD-20261002-4149,02-10-2026 13:10,Tushar,Chauhan,"Coimbatore, Tamil Nadu",Beauty|Sunscreen|449,1
ORD-20261002-4363,02/10/2026 21:19,Ishaan,SINGH,"jaipur, rajasthan",Electronics|Laptop Stand|749,2
ORD-20261002-4573,2026-10-02 18:42:40,rohan,Rao,"Chennai, Tamil Nadu",Sports|Skipping Rope|199,4
ORD-20261002-0036,02/10/2026 14:13,Kabir,Mishra,"Bengaluru, Karnataka",Electronics|Bluetooth Speaker|1799,2.0
ORD-20261002-1481,02/10/2026 21:37,Rudra,mehta,"Ahmedabad, Gujarat",Home And Kitchen|Non Stick Pan|1099,4
ORD-20261002-1272,2026-10-02 13:19:37,Dhwani,verma,"Bengaluru, Karnataka",Home And Kitchen|Storage Box|299,4
ORD-20261002-2502,2026-10-02 03:09:25,Manish,iyer,"  Lucknow, Uttar Pradesh ",Home And Kitchen|Steel Water Bottle|399,3
ORD-20261002-1664,02/10/2026 15:10,  Kavya ,Iyer,"HYDERABAD, TELANGANA",Home And Kitchen|Bedsheet Set|1499,5
ORD-20261002-2334,02/10/2026 12:55,Rohan,Mehta,"Pune, Maharashtra",Sports|Dumbbell Set|1899,5
ORD-20261002-2967,2026-10-02 21:04:10,Neha,Vyas,"Vadodara, Gujarat",Electronics|Smart Watch|2499,1
ORD-20261002-4450,02/10/2026 14:56,Kriti,Reddy,"Mumbai, Maharashtra",Electronics|Wireless Earbuds|1299, 3 
ORD-20261002-1859,02/10/2026 13:06,Pari,GHOSH,"Lucknow, Uttar Pradesh",Electronics|Wireless Earbuds|1299,1.0
ORD-20261002-0859,2026-10-02 08:49:12,Vivaan,  Bhatt ,"Mysuru, Karnataka",Home And Kitchen|Steel Water Bottle|399,1
ORD-20261002-4590,2026-10-02 22:33:55,Mihir,Nair,"Bengaluru, Karnataka",Home And Kitchen|Steel Water Bottle|399,1
ORD-20261002-0590,02-10-2026 20:19,Aarav,REDDY,"Coimbatore, Tamil Nadu",Home And Kitchen|Non Stick Pan|1099,2
ORD-20261002-2714,02/10/2026 02:40,Kunal,Ghosh,"Mysuru, Karnataka",Home And Kitchen|Steel Water Bottle|399,2
ORD-20261002-0789,02/10/2026 08:41,Hetal,Solanki,"  Pune, Maharashtra ",Fashion|Leather Wallet|499, 2 
ORD-20261002-4457,02/10/2026 12:39,  Khushi ,Pawar,"vadodara, gujarat",Fashion|Running Shoes|2199,-6
ORD-20261002-3307,2026-10-02 13:57:07,POOJA,sinha,"  Delhi, Delhi ",Fashion|Denim Jeans|1199,3
ORD-20261002-3864,2026-10-02 07:25:50,Mansi,ghosh,"surat, gujarat",Electronics|Bluetooth Speaker|1799,2
ORD-20261002-3926,2026-10-02 09:45:48,priya,NAIR,"Bengaluru, Karnataka",Fashion|Cotton Kurta|799,6
ORD-20261002-0951,02-10-2026 20:04,Amit,CHAUDHARY,"  Delhi, Delhi ",Home And Kitchen|Non Stick Pan|1099,1
ORD-20261002-2570,,  Priya ,GHOSH,"Delhi, Delhi",Sports|Skipping Rope|199, 2 
ORD-20261002-4537,02/10/2026 13:24,  Deepak ,  Mehta ,"bengaluru, karnataka",Sports|Cricket Bat|1599,2
ORD-20261002-3899,02/10/2026 21:26,Reyansh,,"CHENNAI, TAMIL NADU",Fashion|Denim Jeans|1199,3
ORD-20261002-4550,2026-10-02 13:35:58,khushi,Singh,"Delhi, Delhi",Electronics|Smart Watch|2499,3
ORD-20261002-3154,02/10/2026 15:37,Vihaan,Bansal,"Kolkata, West Bengal",Electronics|Laptop Stand|749,3
ORD-20261002-4134,02/10/2026 22:25,krishna,sharma,"Bengaluru, Karnataka",Sports|Yoga Mat|699,3
ORD-20261002-0994,2026-10-02 15:14:30,Krishna,bhatt,"  Chennai, Tamil Nadu ",Sports|Football|799,5
ORD-20261002-1501,2026-10-02 22:06:30,Manish,Bhatt,"Kolkata, West Bengal",Fashion|Running Shoes|2199,2
ORD-20261002-3810,02/10/2026 13:42,rahul,Parmar,"Bengaluru, Karnataka",Fashion|Running Shoes|2199,1
ORD-20261002-3197,02/10/2026 00:31,Parth,  Agarwal ,"vadodara, gujarat",Fashion|Denim Jeans|1199,3
ORD-20261002-3319,2026-10-02 16:28:39,ayaan,Rathod,"Delhi, Delhi",Fashion|Sunglasses|999,3
ORD-20261002-0565,2026-10-02 20:59:12,Khushi,pillai,"Kolkata, West Bengal",Home And Kitchen|Storage Box|299,3
ORD-20261002-3268,2026-10-02 11:53:54,Dhwani,VYAS,"Delhi, Delhi",Fashion|Denim Jeans|1199,2
ORD-20261002-1165,2026-10-02 21:20:46,Myra,Iyer,,Home And Kitchen|Bedsheet Set|1499,1
ORD-20261002-1739,02/10/2026 11:10,Anika,Sinha,"nagpur, maharashtra",Sports|Yoga Mat|699,1.0
ORD-20261002-3240,02/10/2026 21:26,Shreya,Pillai,"VADODARA, GUJARAT",Home And Kitchen|Storage Box|299,1
ORD-20261002-3074,02-10-2026 21:07,harsh,PATIL,"kolkata, west bengal",Electronics|Smart Watch|2499,2
ORD-20261002-0276,02/10/2026 15:29,Nidhi,Kulkarni,"Surat, Gujarat",Home And Kitchen|Bedsheet Set|1499,3
ORD-20261002-0253,02/10/2026 20:47,Rahul,pandya,"Jaipur, Rajasthan",Sports|Football|799,1
ORD-20261002-4412,02/10/2026 16:08,ananya,Sharma,"Delhi, Delhi",Home And Kitchen|Wall Clock|649,2
ORD-20261002-2546,2026-10-02 18:19:01,atharv,Rathod,"BENGALURU, KARNATAKA",Fashion|Cotton Kurta|799,1
ORD-20261002-3360,2026-10-02 19:58:58,Nidhi,DESAI,"Vadodara, Gujarat",Fashion|Running Shoes|2199,1
ORD-20261002-1715,2026-10-02 17:09:51,RAHUL,Dubey,"Jaipur, Rajasthan",Electronics|Power Bank|899,3
ORD-20261002-0650,02-10-2026 14:15,Suresh,  Modi ,"  Mumbai, Maharashtra ",Home And Kitchen|Bedsheet Set|1499, 2 
ORD-20261002-2997,02/10/2026 20:31,nikhil,iyer,"KOLKATA, WEST BENGAL",Home And Kitchen|Storage Box|299,1
ORD-20261002-1786,2026-10-02 10:28:24,Neel,MISHRA,"delhi, delhi",Home And Kitchen|Non Stick Pan|1099,2.0
ORD-20261002-3889,02/10/2026 19:12,Rohan,Patel,"Vadodara, Gujarat",Fashion|Sunglasses|999,5
ORD-20261002-4135,02/10/2026 18:47,RITU,Desai,"Surat, Gujarat",Fashion|Denim Jeans|1199,4
ORD-20261002-0474,2026-10-02 21:46:09,riya,Jain,"Coimbatore, Tamil Nadu",Electronics|Smart Watch|2499,5
ORD-20261002-3304,2026-10-02 15:06:52,  Aarav ,JOSHI,"Ahmedabad, Gujarat",Sports|Dumbbell Set|1899, 1 
ORD-20261002-4699,2026-10-02 13:36:06,Pooja,Kalavadia,"  Nagpur, Maharashtra ",Electronics|Power Bank|899,1
ORD-20261002-0867,02/10/2026 17:23,Tushar,Sharma,N/A,Sports|Dumbbell Set|1899,1
ORD-20261002-1462,02-10-2026 20:20,Sneha,Kumar,"Bengaluru, Karnataka",Sports|Yoga Mat|699,2
ORD-20261002-2915,02-10-2026 12:19,pari,MUKHERJEE,"  Kolkata, West Bengal ",Beauty|Face Wash|249,3
ORD-20261002-2966,02-10-2026 07:38,Neel,Ghosh,"  Mumbai, Maharashtra ",Electronics|Laptop Stand|749,3
ORD-20261002-4213,02/10/2026 13:20,  Rahul ,SINHA,"ahmedabad, gujarat",Beauty|Sunscreen|449,3
ORD-20261002-2344,02/10/2026 16:18,Kabir,Modi,"Jaipur, Rajasthan",Fashion|Cotton Kurta|799,1
ORD-20261002-0830,2026-10-02 15:03:37,Aditi,DUBEY,"Mumbai, Maharashtra",Fashion|Cotton Kurta|799,1
ORD-20261002-0737,2026-10-02 21:13:59,Ritu,  Malhotra ,"Surat, Gujarat",Electronics|Smart Watch|2499,1
ORD-20261002-1866,2026-10-02 22:13:29,Pari,Kalavadia,"Jaipur, Rajasthan",Electronics|Laptop Stand|749,1
ORD-20261002-3397,2026-10-02 07:40:33,Arjun,Tiwari,"SURAT, GUJARAT",Fashion|Sunglasses|999,2
ORD-20261002-1576,02/10/2026 06:23,Ananya,chopra,"Mumbai, Maharashtra",Electronics|Power Bank|899,1
ORD-20261002-0458,02/10/2026 18:03,varun,gupta,"DELHI, DELHI",Fashion|Leather Wallet|499,1
ORD-20261002-4449,2026-10-02 13:09:27,Aryan,Agarwal,"  Chennai, Tamil Nadu ",Home And Kitchen|Steel Water Bottle|399,1
ORD-20261002-1825,02-10-2026 01:17,Aditi,Rathod,"Surat, Gujarat",Home And Kitchen|Storage Box|299,1
ORD-20261002-3157,02/10/2026 12:57,,Kalavadia,"Hyderabad, Telangana",Home And Kitchen|Non Stick Pan|1099,3
ORD-20261002-3238,02-10-2026 21:52,neel,SINGH,"HYDERABAD, TELANGANA",Electronics|Power Bank|899,3
ORD-20261002-2094,02/10/2026 17:29,simran,Rathod,"Coimbatore, Tamil Nadu",Fashion|Running Shoes|2199,2
ORD-20261002-0782,02-10-2026 10:47,rohan,Patel,"Coimbatore, Tamil Nadu",Fashion|Cotton Kurta|799,1
ORD-20261002-4097,02/10/2026 20:06,Kunal,Bhatt,"  Delhi, Delhi ",Sports|Football|799,1
ORD-20261002-0376,2026-10-02 21:58:37,aditya,Khanna,"ahmedabad, gujarat",Fashion|Denim Jeans|1199, 1 
ORD-20261002-3741,2026-10-02 21:36:57,Ishaan,Kumar,"Nagpur, Maharashtra",Home And Kitchen|Storage Box|299,1
ORD-20261002-1197,02/10/2026 18:09,  Mansi ,Solanki,"HYDERABAD, TELANGANA",Home And Kitchen|Steel Water Bottle|399,2
ORD-20261002-1622,02/10/2026 20:27,  Om ,tiwari,"pune, maharashtra",Fashion|Sunglasses|999,3
ORD-20261002-2846,02/10/2026 12:14,Advik,bhatt,"Chennai, Tamil Nadu",Beauty|Sunscreen|449,1
ORD-20261002-3472,02/10/2026 13:37,dhwani,chopra,"Hyderabad, Telangana",Electronics|Smart Watch|2499,1
ORD-20261002-2392,02-10-2026 21:51,Sara,Das,"Mysuru, Karnataka",Sports|Skipping Rope|199,3
ORD-20261002-4534,02-10-2026 18:01,Vivaan,Bose,"Jaipur, Rajasthan",Home And Kitchen|Non Stick Pan|1099,2
ORD-20261002-3840,02/10/2026 21:43,Kunal,Modi,"ahmedabad, gujarat",Sports|Football|799,1
ORD-20261002-3048,2026-10-02 18:35:20,REYANSH,bansal,"Kolkata, West Bengal",Fashion|Cotton Kurta|799,1
ORD-20261002-1116,02/10/2026 12:13,Sara,Pillai,"Hyderabad, Telangana",Fashion|Leather Wallet|499,1.0
ORD-20261002-1573,02/10/2026 21:51,Aryan,Joshi,"  Delhi, Delhi ",Home And Kitchen|Non Stick Pan|1099,3
ORD-20261002-1075,02/10/2026 09:20,  Krupa ,  Parmar ,"Pune, Maharashtra",Home And Kitchen|Bedsheet Set|1499,2
ORD-20261002-3682,2026-10-02 11:13:59,Rudra,  Menon ,"Nagpur, Maharashtra",Home And Kitchen|Bedsheet Set|1499,1
ORD-20261002-2217,02/10/2026 18:56,parth,Ghosh,"  Ahmedabad, Gujarat ",Sports|Skipping Rope|199,3
ORD-20261002-4331,02/10/2026 12:27,Sara,Kumar,"kolkata, west bengal",Home And Kitchen|Steel Water Bottle|399,5
ORD-20261002-2884,02-10-2026 09:11,Tanvi,Kumar,"Ahmedabad, Gujarat",Home And Kitchen|Steel Water Bottle|399,4
ORD-20261002-0272,2026-10-02 10:36:06,Isha,,"Mumbai, Maharashtra",Electronics|Power Bank|899,2
ORD-20261002-0219,02/10/2026 19:25,Payal,  Pillai ,"CHENNAI, TAMIL NADU",Fashion|Running Shoes|2199,3
ORD-20261002-0119,2026-10-02 20:22:26,  Anika ,  Pandya ,"bengaluru, karnataka",Home And Kitchen|Bedsheet Set|1499,0
ORD-20261002-2807,02-10-2026 17:08,Varun,Agarwal,"surat, gujarat",Home And Kitchen|Storage Box|299,1.0
ORD-20261002-1311,02/10/2026 17:12,Rohan,  Solanki ,"pune, maharashtra",Beauty|Sunscreen|449,1
ORD-20261002-0099,02/10/2026 19:04,Sai,saxena,"Jaipur, Rajasthan",Sports|Skipping Rope|199,2
ORD-20261002-1804,02/10/2026 22:35,Suresh,nair,"hyderabad, telangana",Electronics|Power Bank|899,1
ORD-20261002-3078,2026-10-02 12:58:36,aanya,JOSHI,"Hyderabad, Telangana",Electronics|Power Bank|899,1
ORD-20261002-2748,02-10-2026 19:35,Aryan,Khanna,"  Kolkata, West Bengal ",Beauty|Lipstick|399,1
ORD-20261002-3026,2026-10-02 22:57:57,Pranav,Mehta,"  Pune, Maharashtra ",Home And Kitchen|Storage Box|299,1
ORD-20261002-0466,02/10/2026 20:47,KAVYA,Modi,"Vadodara, Gujarat",Electronics|Bluetooth Speaker|1799,2
ORD-20261002-0617,02/10/2026 22:51,  Harsh ,  Sinha ,"Bengaluru, Karnataka",Home And Kitchen|Bedsheet Set|1499,2
ORD-20261002-3857,2026-10-02 03:42:05,mansi,Gupta,"NAGPUR, MAHARASHTRA",Home And Kitchen|Bedsheet Set|1499,1
ORD-20261002-4012,02-10-2026 21:14,swati,Kapoor,"Bengaluru, Karnataka",Beauty|Hair Serum|549,1
ORD-20261002-1180,02/10/2026 12:35,anjali,Tiwari,"Delhi, Delhi",Fashion|Leather Wallet|499,2
ORD-20261002-3372,2026-10-02 16:36:10,Shaurya,KULKARNI,"Bengaluru, Karnataka",Fashion|Denim Jeans|1199,3
ORD-20261002-0159,02/10/2026 16:36,neel,PAWAR,"surat, gujarat",Beauty|Perfume|1299,1
,2026-10-02 16:02:16,MANSI,Trivedi,"Hyderabad, Telangana",Sports|Cricket Bat|1599,1
ORD-20261002-3526,02/10/2026 13:47,suresh,arora,"  Jaipur, Rajasthan ",Electronics|Smart Watch|2499,1
ORD-20261002-1153,2026-10-02 10:49:28,Priya,Menon,"Ahmedabad, Gujarat",Home And Kitchen|Steel Water Bottle|399, 3 
ORD-20261002-1488,2026-10-02 15:59:30,Varun,Gupta,"Nagpur, Maharashtra",Fashion|Cotton Kurta|799,2
ORD-20261002-0428,2026-10-02 00:20:25,ANIKA,Patel,"Mumbai, Maharashtra",Electronics|Laptop Stand|749,5
ORD-20261002-3107,02/10/2026 13:44,Anjali,Iyer,"  Hyderabad, Telangana ",Sports|Yoga Mat|699, 3 
ORD-20261002-2048,02/10/2026 11:33,Advik,Vyas,"Jaipur, Rajasthan",Home And Kitchen|Storage Box|299,1.0
ORD-20261002-4697,02-10-2026 14:30,NIKHIL,Gupta,"PUNE, MAHARASHTRA",Electronics|Wireless Earbuds|1299,1
ORD-20261002-3088,2026-10-02 14:09:21,DIYA,Kumar,"vadodara, gujarat",Sports|Cricket Bat|1599, 4 
ORD-20261002-3278,2026-10-02 11:46:20,Atharv,Sharma,"mysuru, karnataka",Electronics|Power Bank|899,1
ORD-20261002-3852,2026-10-02 11:57:46,  Jay ,pawar,"kolkata, west bengal",,2
ORD-20261002-2272,02/10/2026 22:54,  Ananya ,Chaudhary,"Bengaluru, Karnataka",Electronics|Wireless Earbuds|1299,
ORD-20261002-3771,02-10-2026 09:11,shaurya,Joshi,"Jaipur, Rajasthan",Sports|Yoga Mat|699,1
ORD-20261002-3607,2026-10-02 13:16:22,Harsh,Mishra,"Hyderabad, Telangana",Electronics|Power Bank|899,4
ORD-20261002-0508,2026-10-02 13:21:22,  Mihir ,Mehta,"Hyderabad, Telangana",Home And Kitchen|Storage Box|299,2
ORD-20261002-1017,02-10-2026 10:15,null,bansal,"Delhi, Delhi",Electronics|Bluetooth Speaker|1799,1
ORD-20261002-1143,02-10-2026 20:05,Parth,Srivastava,"NAGPUR, MAHARASHTRA",Home And Kitchen|Storage Box|299,1
ORD-20261002-2170,02/10/2026 21:40,  Gaurav ,,"Delhi, Delhi",,1
ORD-20261002-2593,2026-10-02 20:53:47,Aditi,pandya,"MUMBAI, MAHARASHTRA",Fashion|Running Shoes|2199,1
ORD-20261002-0844,2026-10-02 21:40:54,Ritu,Chauhan,"kolkata, west bengal",Home And Kitchen|Wall Clock|649,6
ORD-20261002-4662,,Kriti,  Vyas ,"Delhi, Delhi",Home And Kitchen|Wall Clock|649,1
ORD-20261002-0435,02/10/2026 15:11,  Kavya ,mishra,"mumbai, maharashtra",Fashion|Running Shoes|2199,
ORD-20261002-3722,02/10/2026 22:41,Tushar,YADAV,"Lucknow, Uttar Pradesh",Home And Kitchen|Non Stick Pan|1099,1
ORD-20261002-1141,2026-10-02 12:26:04,Swati,  Parmar ,"Bengaluru, Karnataka",Beauty|Sunscreen|449,3
ORD-20261002-1036,2026-10-02 18:29:43,varun,Mukherjee,"AHMEDABAD, GUJARAT",Fashion|Denim Jeans|1199,2
ORD-20261002-4279,02/10/2026 21:44,,Saxena,"Jaipur, Rajasthan",Electronics|Laptop Stand|749, 2 
ORD-20261002-1968,02/10/2026 22:00,aarav,Modi,"Bengaluru, Karnataka",Home And Kitchen|Wall Clock|649,1.0
ORD-20261002-4775,02/10/2026 08:34,Dhruv,Pandya,"Mumbai, Maharashtra",Home And Kitchen|Steel Water Bottle|399,
ORD-20261002-3433,30/02/2026 21:24,Rahul,patil,"Chennai, Tamil Nadu",Sports|Football|799,2
ORD-20261002-4399,02/10/2026 19:30,Rahul,  Solanki ,"Mumbai, Maharashtra",Sports|Yoga Mat|699,6
ORD-20261002-1094,2026-10-02 13:15:38,Vikas,yadav,,Beauty|Sunscreen|449,5
ORD-20261002-1009,02-10-2026 23:26,Dhruv,Parmar,"Delhi, Delhi",Fashion|Leather Wallet|499,1
ORD-20261002-4462,02/10/2026 12:53,  Rahul ,Mukherjee,"  Chennai, Tamil Nadu ",Electronics|Power Bank|899,1
ORD-20261002-4129,02-10-2026 21:54,Manish,vyas,"Pune, Maharashtra",Home And Kitchen|Bedsheet Set|1499,1
ORD-20261002-3448,02/10/2026 13:26,Krupa,NAIR,"mumbai, maharashtra",Fashion|Denim Jeans|1199, 2 
ORD-20261002-3245,2026-10-02 15:48:53,null,Ghosh,"bengaluru, karnataka",Beauty|Perfume|1299,2
ORD-20261002-0993,02/10/2026 20:38,Ayaan,solanki,"Ahmedabad, Gujarat",Home And Kitchen|Wall Clock|649,1
ORD-20261002-0448,2026-10-02 23:27:59,SWATI,Mukherjee,"Chennai, Tamil Nadu",Electronics|Laptop Stand|749,2
ORD-20261002-2592,2026-10-02 21:51:29,Karan,  Mukherjee ,"Bengaluru, Karnataka",Sports|Football|799,1
ORD-20261002-3576,02/10/2026 09:07,Kunal,Ghosh,"mysuru, karnataka",Sports|Football|799,1
ORD-20261002-0885,2026-10-02 16:23:53,TANVI,Agarwal,"hyderabad, telangana",Electronics|Wireless Earbuds|1299,2
ORD-20261002-4742,02/10/2026 14:32,Rajesh,Kumar,"lucknow, uttar pradesh",Sports|Dumbbell Set|1899,3
ORD-20261002-2208,02/10/2026 07:40,Priya,Dubey,"Nagpur, Maharashtra",Sports|Yoga Mat|699,1
ORD-20261002-4465,02/10/2026 20:40,Pooja,Patil,"Coimbatore, Tamil Nadu",Beauty|Perfume|1299,5
ORD-20261002-2974,,Sara,Patel,"  Chennai, Tamil Nadu ",Fashion|Cotton Kurta|799,two
ORD-20261002-2548,02/10/2026 11:30,Vivaan,Patel,"Kolkata, West Bengal",Fashion|Cotton Kurta|799,1
ORD-20261002-1170,2026-10-02 15:01:45,Advik,Bose,"  Bengaluru, Karnataka ",Beauty|Sunscreen|449,1
ORD-20261002-4264,02/10/2026 20:29,Tushar,  Desai ,"Mumbai, Maharashtra",Home And Kitchen|Non Stick Pan|1099,1
ORD-20261002-1621,02/10/2026 21:18,VARUN,dubey,"BENGALURU, KARNATAKA",Fashion|Sunglasses|999,1
ORD-20261002-0091,02/10/2026 07:44,KOMAL,ghosh,"Surat, Gujarat",Home And Kitchen|Storage Box|299,2
ORD-20261002-2804,02/10/2026 17:01,Sai,Agarwal,"Chennai, Tamil Nadu",Electronics|Smart Watch|2499,3
ORD-20261002-2646,2026-10-02 04:00:24,Divya,Kumar,"Surat, Gujarat",Sports|Cricket Bat|1599,1
ORD-20261002-2619,02/10/2026 15:04,Riya,JAIN,"Hyderabad, Telangana",Home And Kitchen|Bedsheet Set|1499,1
ORD-20261002-0496,02/10/2025 20:17,kunal,Jain,"Lucknow, Uttar Pradesh",Fashion|Denim Jeans|1199,1
ORD-20261002-1872,02/10/2026 22:11,Arjun,Pillai,"CHENNAI, TAMIL NADU",Home And Kitchen|Bedsheet Set|1499, 4 
ORD-20261002-4822,02/10/2026 18:18,Aanya,  Reddy ,"Jaipur, Rajasthan",Sports|Cricket Bat|1599,1
ORD-20261002-1512,02/10/2026 22:58,Pari,kulkarni,"Jaipur, Rajasthan",Electronics|Smart Watch|2499,1
ORD-20261002-0051,02/10/2026 19:44,Aanya,Verma,"Bengaluru, Karnataka",Electronics|Smart Watch|2499,4.0
ORD-20261002-1301,02/10/2026 14:35,Neel,  Arora ,"Vadodara, Gujarat",Fashion|Running Shoes|2199,1
ORD-20261002-3375,02/10/2026 10:06,Yash,Pandya,"ahmedabad, gujarat",Home And Kitchen|Bedsheet Set|1499,1
ORD-20261002-1187,02-10-2026 06:57,Kavya,Thakkar,"Bengaluru, Karnataka",Sports|Skipping Rope|199,2
ORD-20261002-4299,2026-10-02 00:14:02,Megha,Das,"Ahmedabad, Gujarat",Electronics|Wireless Earbuds|1299,3
ORD-20261002-4159,02/10/2026 00:07,Pooja,Gupta,"CHENNAI, TAMIL NADU",Beauty|Face Wash|249,1
ORD-20261002-0514,02/10/2026 20:54,Megha,Parmar,"DELHI, DELHI",Beauty|Hair Serum|549,1
ORD-20261002-1724,02/10/2026 21:06,Priya,Dubey,"Nagpur, Maharashtra",Home And Kitchen|Wall Clock|649,3
ORD-20261002-4579,02/10/2026 09:16,Bhavna,Tiwari,"coimbatore, tamil nadu",Sports|Skipping Rope|199,5
ORD-20261002-0181,02/10/2026 11:14,  Amit ,Trivedi,"ahmedabad, gujarat",Sports|Cricket Bat|1599,
ORD-20261002-1115,02-10-2026 13:41,Tushar,Tiwari,"Chennai, Tamil Nadu",Home And Kitchen|Storage Box|299,3
ORD-20261002-0470,02/10/2026 11:29,Advik,JAIN,"Hyderabad, Telangana",Fashion|Denim Jeans|1199,2
ORD-20261002-1268,2026-10-02 08:26:38,Tushar,tiwari,"JAIPUR, RAJASTHAN",Electronics|Smart Watch|2499,2
ORD-20261002-3295,02/10/2026 12:57,  Swati ,  Parmar ,"  Hyderabad, Telangana ",Home And Kitchen|Non Stick Pan|1099,2
ORD-20261002-3709,2026-10-02 22:20:20,Tanvi,gupta,"  Chennai, Tamil Nadu ",Fashion|Running Shoes|2199,2
ORD-20261002-0825,02/10/2026 11:01,sneha,  Reddy ,"Surat, Gujarat",Fashion|Sunglasses|999,5
ORD-20261002-1470,02/10/2026 20:03,vikas,Arora,"MUMBAI, MAHARASHTRA",Fashion|Leather Wallet|499,4
ORD-20261002-1419,02/10/2026 17:45,Karan,Khanna,"Kolkata, West Bengal",,3
ORD-20261002-1217,02/10/2026 15:28,Tanvi,Kapoor,"Coimbatore, Tamil Nadu",Electronics|Bluetooth Speaker|1799,3
ORD-20261002-0625,02/10/2026 18:31,Om,Nair,"Pune, Maharashtra",Sports|Yoga Mat|699,1
ORD-20261002-0984,02/10/2026 07:39,manish,Verma,"Chennai, Tamil Nadu",Home And Kitchen|Wall Clock|649,3
ORD-20261002-1318,2026-10-02 13:54:58,Nisha,Pandya,"  Hyderabad, Telangana ",Sports|Yoga Mat|699,
ORD-20261002-0447,02/10/2026 19:14,krishna,Rathod,"Bengaluru, Karnataka",Fashion|Leather Wallet|499,1.0
ORD-20261002-4160,02/10/2026 16:23,swati,  Desai ,"bengaluru, karnataka",Sports|Football|799,4
ORD-20261002-0437,2026-10-02 16:34:08,aarav,Bose,"Bengaluru, Karnataka",Electronics|Bluetooth Speaker|1799,4
ORD-20261002-3914,02/10/2062 07:18,Nikhil,SINHA,"bengaluru, karnataka",Beauty|Face Wash|249,1
ORD-20261002-4102,2026-10-02 14:32:50,vivaan,Jain,"  Jaipur, Rajasthan ",Electronics|Smart Watch|2499,1
ORD-20261002-0983,02/10/2026 14:11,Neha,nair,"Surat, Gujarat",Sports|Football|799,2
ORD-20261002-2618,02/10/2026 20:42,Shreya,Dubey,"  Ahmedabad, Gujarat ",Electronics|Bluetooth Speaker|1799,1
ORD-20261002-1929,02-10-2026 09:30,Gaurav,Tiwari,"Hyderabad, Telangana",Beauty|Face Wash|249,1
ORD-20261002-0177,2026-10-02 17:45:29,kriti,Jain,"Lucknow, Uttar Pradesh",Beauty|Hair Serum|549,1
ORD-20261002-2206,02/10/2026 07:01,harsh,Yadav,"Vadodara, Gujarat",Electronics|Bluetooth Speaker|1799,1
ORD-20261002-4789,02/10/2026 15:04,Reyansh,  Tiwari ,"Pune, Maharashtra",Fashion|Leather Wallet|499,1
ORD-20261002-2768,2026-10-02 20:28:22,Sai,Kumar,"Kolkata, West Bengal",Home And Kitchen|Steel Water Bottle|399,1
ORD-20261002-3018,02/10/2026 19:30,Rohan,Arora,"Surat, Gujarat",Fashion|Running Shoes|2199,1
ORD-20261002-2322,2026-10-02 13:17:17,Kriti,Menon,"  Vadodara, Gujarat ",Electronics|Wireless Earbuds|1299,1
ORD-20261002-4790,02/10/2026 00:48,  Tushar ,PAWAR,"HYDERABAD, TELANGANA",Electronics|Smart Watch|2499,2
ORD-20261002-1829,02/10/2026 21:06,ROSHNI,Gupta,"Lucknow, Uttar Pradesh",Sports|Dumbbell Set|1899,1
ORD-20261002-4754,02/10/2026 23:45,arjun,Bhatt,,Fashion|Leather Wallet|499,2
ORD-20261002-1184,2026-10-02 16:44:27,Shaurya,bhatt,"chennai, tamil nadu",Electronics|Laptop Stand|749,1
ORD-20261002-1765,02/10/2026 19:46,  Parth ,  Sharma ,"Mysuru, Karnataka",Sports|Football|799,2
ORD-20261002-0645,2026-10-02 12:12:29,Parth,CHAUHAN,"Hyderabad, Telangana",Electronics|Smart Watch|2499,3
ORD-20261002-1171,2026-10-02 16:17:09,Tushar,Pandya,"kolkata, west bengal",Sports|Football|799,6
ORD-20261002-1152,2026-10-02 07:35:20,Suresh,DUBEY,"Bengaluru, Karnataka",Electronics|Bluetooth Speaker|1799,4
ORD-20261002-4563,31/02/2026 11:31,Neel,Kumar,"pune, maharashtra",Electronics|Power Bank|899,1
ORD-20261002-4491,02/10/2026 21:36,Aanya,Pillai,"Hyderabad, Telangana",Fashion|Leather Wallet|499,6
ORD-20261002-1396,02-10-2026 18:34,Pranav,Chauhan,"DELHI, DELHI",Electronics|Wireless Earbuds|1299,1
ORD-20261002-1628,2026-10-02 20:39:20,ARYAN,  Iyer ,"Delhi, Delhi",Electronics|Smart Watch|2499,5
ORD-20261002-1445,2026-10-02 14:03:52,Nikhil,Pillai,"Surat, Gujarat",Sports|Football|799,2
ORD-20261002-2431,02-10-2026 20:01,Nisha,Saxena,"lucknow, uttar pradesh",Home And Kitchen|Non Stick Pan|1099,2
ORD-20261002-2908,02-10-2026 23:37,reyansh,Srivastava,"Ahmedabad, Gujarat",Home And Kitchen|Steel Water Bottle|399,4
ORD-20261002-1993,02-10-2026 21:36,  Ayaan ,Jain,"delhi, delhi",Fashion|Leather Wallet|499,2
ORD-20261002-2010,02/10/2026 16:16,  Advik ,Kulkarni,"  Chennai, Tamil Nadu ",Home And Kitchen|Bedsheet Set|1499,2
ORD-20261002-1252,02/10/2026 20:43,Vikas,gupta,"Ahmedabad, Gujarat",Electronics|Smart Watch|2499,4
ORD-20261002-3732,2026-10-02 20:08:49,Karan,bansal,"Ahmedabad, Gujarat",Home And Kitchen|Wall Clock|649,1
ORD-20261002-0230,02-10-2026 17:05,Komal,Reddy,"Nagpur, Maharashtra",Beauty|Face Wash|249,
ORD-20261002-2854,2026-10-02 17:19:53,  Payal ,Menon,"Pune, Maharashtra",Home And Kitchen|Storage Box|299,3.0
ORD-20261002-4466,2026-10-02 19:48:19,Sai,CHAUDHARY,"Vadodara, Gujarat",Home And Kitchen|Bedsheet Set|1499,1
ORD-20261002-2146,02/10/2026 22:39,  Bhavna ,das,"mumbai, maharashtra",Electronics|Power Bank|899,6
ORD-20261002-4294,2026-10-02 12:46:42,khushi,GUPTA,"  Jaipur, Rajasthan ",Home And Kitchen|Wall Clock|649,2.0
ORD-20261002-3830,2026-10-02 19:46:11,  Megha ,Iyer,"Surat, Gujarat",Home And Kitchen|Wall Clock|649,1
ORD-20261002-3744,02-10-2026 20:27,Rahul,Ghosh,"Pune, Maharashtra",Electronics|Bluetooth Speaker|1799,2
ORD-20261002-3601,2026-10-02 22:39:58,Bhavna,Malhotra,"Lucknow, Uttar Pradesh",Beauty|Hair Serum|549,1
ORD-20261002-4690,02/10/2026 18:41,ADVIK,Kumar,"Vadodara, Gujarat",Electronics|Power Bank|899,3
ORD-20261002-4650,02/10/2026 16:07,Janvi,Joshi,"kolkata, west bengal",Electronics|Wireless Earbuds|1299,6
ORD-20261002-3402,02-10-2026 14:24,rahul,MUKHERJEE,"hyderabad, telangana",Sports|Yoga Mat|699,2
ORD-20261002-2861,2026-10-02 22:56:25,Rajesh,  Das ,"ahmedabad, gujarat",Beauty|Perfume|1299,1
ORD-20261002-1499,2026-10-02 13:26:05,Sai,gupta,"Hyderabad, Telangana",Sports|Yoga Mat|699,4
ORD-20261002-4233,2026-10-02 20:31:13,Aarav,Vyas,"mumbai, maharashtra",Electronics|Power Bank|899,-1
ORD-20261002-0163,02-10-2026 20:03,Pari,Pawar,"mumbai, maharashtra",Home And Kitchen|Bedsheet Set|1499,2
ORD-20261002-4798,02/10/2026 20:38,  Rudra ,Mehta,"kolkata, west bengal",Fashion|Sunglasses|999,1
ORD-20261002-0113,02/10/2026 22:38,Dev,NAIR,"MUMBAI, MAHARASHTRA",Fashion|Denim Jeans|1199,4.0
ORD-20261002-4242,02/10/2026 20:52,Karan,  Sharma ,"mysuru, karnataka",Home And Kitchen|Wall Clock|649,1
ORD-20261002-2755,02-10-2026 11:18,Tushar,Trivedi,"Delhi, Delhi",Home And Kitchen|Storage Box|299,1
ORD-20261002-0351,2026-10-02 20:57:08,Amit,Srivastava,"HYDERABAD, TELANGANA",Beauty|Face Wash|249, 1 
ORD-20261002-0815,02-10-2026 21:56,MIHIR,Ghosh,"Delhi, Delhi",Home And Kitchen|Storage Box|299,1
ORD-20261002-2557,2026-10-02 22:58:07,Diya,shah,"Pune, Maharashtra",Home And Kitchen|Wall Clock|649,1
ORD-20261002-4437,,Krishna,CHOPRA,"  Jaipur, Rajasthan ",Fashion|Cotton Kurta|799,2
ORD-20261002-2800,02/10/2026 10:11,SAI,rathod,"Jaipur, Rajasthan",Electronics|Wireless Earbuds|1299,2
ORD-20261002-3069,02/10/2026 10:55,diya,Iyer,"Bengaluru, Karnataka",Beauty|Face Wash|249,1
ORD-20261002-1517,02/10/2026 15:53,Pooja,,,Sports|Cricket Bat|1599,6
ORD-20261002-0691,02/10/2026 16:09,varun,Yadav,"Hyderabad, Telangana",Fashion|Running Shoes|2199,3
ORD-20261002-1388,2026-10-02 18:18:35,atharv,Trivedi,"Jaipur, Rajasthan",Home And Kitchen|Non Stick Pan|1099,2
ORD-20261002-2722,02-10-2026 17:48,Atharv,Trivedi,"Jaipur, Rajasthan",Sports|Cricket Bat|1599,2
ORD-20261002-4394,02-10-2026 13:57,Nikhil,vyas,N/A,Electronics|Bluetooth Speaker|1799,1
ORD-20261002-2908,02-10-2026 23:37,reyansh,Srivastava,"Ahmedabad, Gujarat",Home And Kitchen|Steel Water Bottle|399,4
ORD-20261002-0568,02/10/2026 20:39,Vivaan,Sinha,"Pune, Maharashtra",Sports|Football|799,2.0
ORD-20261002-0864,02-10-2026 12:07,,thakkar,"Coimbatore, Tamil Nadu",Electronics|Smart Watch|2499,1
ORD-20261002-1236,02/10/2026 17:17,rajesh,pandya,"Bengaluru, Karnataka",Home And Kitchen|Wall Clock|649,2
ORD-20261002-1652,2026-10-02 23:13:30,Rudra,Patel,"chennai, tamil nadu",Electronics|Power Bank|899,2
ORD-20261002-0254,02/10/2026 17:10,dev,rao,"Mysuru, Karnataka",Home And Kitchen|Storage Box|299,1
ORD-20261002-3134,2026-10-02 13:46:54,Sara,Bhatt,"Mumbai, Maharashtra",Electronics|Smart Watch|2499,1
ORD-20261002-3796,02/10/2026 21:45,Divya,chaudhary,"  Chennai, Tamil Nadu ",Fashion|Cotton Kurta|799,1
ORD-20261002-1988,02/10/2026 16:17,Mihir,Bansal,"Hyderabad, Telangana",Electronics|Wireless Earbuds|1299,1
ORD-20261002-1336,02/10/2026 07:26,Myra,Khanna,"bengaluru, karnataka",Sports|Football|799,2
ORD-20261002-0622,02-10-2026 12:32,  Harsh ,Singh,"lucknow, uttar pradesh",Sports|Yoga Mat|699,1
ORD-20261002-4744,02/10/2026 14:39,Pranav,Sinha,"Surat, Gujarat",Electronics|Bluetooth Speaker|1799,1.0
ORD-20261002-1687,02/10/2026 21:07,ARJUN,  Mehta ,"mumbai, maharashtra",Electronics|Smart Watch|2499,1.0
ORD-20261002-4471,2026-10-02 13:00:10,KARAN,Rao,"Mumbai, Maharashtra",Home And Kitchen|Storage Box|299,1
ORD-20261002-3663,02-10-2026 12:39,,Saxena,"Jaipur, Rajasthan",Beauty|Sunscreen|449,4
ORD-20261002-0150,2026-10-02 20:30:00,Shaurya,Ghosh,"Delhi, Delhi",Electronics|Laptop Stand|749,1
ORD-20261002-4059,02-10-2026 20:00,Hetal,Pillai,"delhi, delhi",Electronics|Laptop Stand|749,2
ORD-20261002-1619,2026-10-02 20:46:05,Sneha,Desai,"Vadodara, Gujarat",Fashion|Running Shoes|2199,2
ORD-20261002-4530,2026-10-02 21:34:21,AADHYA,Chaudhary,"chennai, tamil nadu",Electronics|Smart Watch|2499,-1
ORD-20261002-1502,02/10/2026 07:59,Megha,Mehta,"Delhi, Delhi",Fashion|Sunglasses|999,1
ORD-20261002-0269,02/10/2026 17:52,Karan,Iyer,"Kolkata, West Bengal",Electronics|Power Bank|899,5
ORD-20261002-0387,02/10/2026 04:41,NEHA,Pawar,"BENGALURU, KARNATAKA",Fashion|Cotton Kurta|799,3
ORD-20261002-0575,02/10/2026 13:59,neha,Vyas,"Vadodara, Gujarat",Beauty|Sunscreen|449,1
ORD-20261002-0978,2026-10-02 20:08:32,Ritu,vyas,"Hyderabad, Telangana",Home And Kitchen|Steel Water Bottle|399,1
ORD-20261002-4187,02/10/2026 14:36,Aditya,KUMAR,"Surat, Gujarat",Home And Kitchen|Steel Water Bottle|399,5
ORD-20261002-2606,02/10/2026 23:33,arjun,bhatt,"Surat, Gujarat",Electronics|Power Bank|899,
ORD-20261002-3820,2026-10-02 14:38:45,janvi,SAXENA,"VADODARA, GUJARAT",Home And Kitchen|Bedsheet Set|1499,1
ORD-20261002-4297,02/10/2026 08:25,  Vivaan ,Shah,"Lucknow, Uttar Pradesh",Fashion|Sunglasses|999,3
ORD-20261002-0256,02-10-2026 22:54,Rohan,YADAV,"Coimbatore, Tamil Nadu",Fashion|Running Shoes|2199,2
ORD-20261002-1586,2026-10-02 19:38:14,Bhavna,Agarwal,"Mumbai, Maharashtra",Sports|Skipping Rope|199,-2
ORD-20261002-4524,02-10-2026 11:02,riya,Gupta,"CHENNAI, TAMIL NADU",Sports|Football|799,2
ORD-20261002-4274,2026-10-02 20:14:42,Varun,patel,"Ahmedabad, Gujarat",Home And Kitchen|Steel Water Bottle|399,2
ORD-20261002-4176,02-10-2026 18:05,Priya,Thakkar,"Kolkata, West Bengal",Fashion|Sunglasses|999,1
ORD-20261002-0364,2026-10-02 17:10:15,rahul,JOSHI,"  Jaipur, Rajasthan ",Home And Kitchen|Bedsheet Set|1499,2.0
ORD-20261002-3778,02/10/2026 10:04,reyansh,  Iyer ,"Bengaluru, Karnataka",Electronics|Bluetooth Speaker|1799,3
ORD-20261002-4578,02/10/2026 20:01,Rohan,sinha,"CHENNAI, TAMIL NADU",Sports|Dumbbell Set|1899,2
ORD-20261002-2696,2026-10-02 22:01:09,Dhwani,Mehta,"Lucknow, Uttar Pradesh",Home And Kitchen|Non Stick Pan|1099,2
ORD-20261002-3671,02-10-2026 18:18,aadhya,  Rao ,"  Delhi, Delhi ",Beauty|Face Wash|249,4
ORD-20261002-1145,02/10/2026 12:38,Vikas,Pawar,"Bengaluru, Karnataka",Home And Kitchen|Wall Clock|649,1
ORD-20261002-1123,2026-10-02 14:28:31,Vihaan,Dubey,"CHENNAI, TAMIL NADU",Home And Kitchen|Wall Clock|649,3
ORD-20261002-3990,02/10/2026 21:35,Kunal,Pawar,"MUMBAI, MAHARASHTRA",Fashion|Leather Wallet|499,
ORD-20261002-1587,02/10/2026 16:12,Divya,Chopra,"Ahmedabad, Gujarat",Home And Kitchen|Steel Water Bottle|399,3
ORD-20261002-0888,02/10/2026 23:11,Aadhya,Saxena,"Mumbai, Maharashtra",Home And Kitchen|Bedsheet Set|1499,1
ORD-20261002-0367,2026-10-02 09:31:48,parth,,"mumbai, maharashtra",Home And Kitchen|Steel Water Bottle|399,1
ORD-20261002-2414,02-10-2026 19:49,nisha,Thakkar,"Bengaluru, Karnataka",,1
ORD-20261002-2327,02/10/2026 01:52,Ishaan,Chaudhary,"chennai, tamil nadu",Fashion|Denim Jeans|1199,1
ORD-20261002-2634,02/10/2026 21:28,anjali,Kapoor,"Delhi, Delhi",Fashion|Cotton Kurta|799,2
ORD-20261002-2041,N/A,  Sai ,CHOPRA,"mysuru, karnataka",Beauty|Face Wash|249,4
ORD-20261002-0114,02/10/2026 20:50,janvi,Desai,"Bengaluru, Karnataka",Home And Kitchen|Storage Box|299,four
ORD-20261002-1317,02/10/2026 07:05,  Kunal ,Desai,"Kolkata, West Bengal",Electronics|Wireless Earbuds|1299,0
ORD-20261002-1761,2026-10-02 08:32:26,Neha,Mehta,"Kolkata, West Bengal",Beauty|Sunscreen|449,4
ORD-20261002-1430,02/10/2026 12:08,Saanvi,Desai,,Beauty|Sunscreen|449,2
ORD-20261002-0260,2026-10-02 18:35:17,VIKAS,Mehta,"Ahmedabad, Gujarat",Home And Kitchen|Non Stick Pan|1099,2
ORD-20261002-2874,2026-10-02 12:51:38,Myra,Bose,"Pune, Maharashtra",Sports|Cricket Bat|1599,1
ORD-20261002-1774,02/10/2026 13:34,Khushi,Verma,"Nagpur, Maharashtra",Sports|Football|799,1
ORD-20261002-1240,2026-10-02 15:32:49,Payal,chauhan,"nagpur, maharashtra",Home And Kitchen|Storage Box|299,4
ORD-20261002-2985,02/10/2026 13:49,  Ishaan ,Desai,N/A,Beauty|Sunscreen|449,1
ORD-20261002-0842,02-10-2026 22:17,varun,Mukherjee,"Surat, Gujarat",Electronics|Wireless Earbuds|1299,6
ORD-20261002-2818,02/10/2026 07:43,Vikas,Pawar,"Mumbai, Maharashtra",Home And Kitchen|Non Stick Pan|1099,1
ORD-20261002-0150,2026-10-02 20:30:00,Shaurya,Ghosh,"Delhi, Delhi",Electronics|Laptop Stand|749,1
ORD-20261002-0141,02/10/2026 13:07,  Neha ,  Rao ,"Surat, Gujarat",Sports|Skipping Rope|199,1
ORD-20261002-1226,2026-10-02 17:51:53,Swati,rao,"Lucknow, Uttar Pradesh",Fashion|Cotton Kurta|799,3
ORD-20261002-3743,02-10-2026 09:52,roshni,Chaudhary,"Mysuru, Karnataka",Sports|Football|799,1
ORD-20261002-1038,02/10/2026 22:06,Vikas,Thakkar,"Ahmedabad, Gujarat",Sports|Dumbbell Set|1899,4
ORD-20261002-0347,2026-10-02 11:39:25,Shreya,trivedi,"BENGALURU, KARNATAKA",Electronics|Wireless Earbuds|1299,3
ORD-20261002-4499,02/10/2026 22:18,kriti,KHANNA,"Delhi, Delhi",Sports|Cricket Bat|1599,1
ORD-20261002-0414,02/10/2026 12:09,ritu,Chauhan,"MUMBAI, MAHARASHTRA",Electronics|Bluetooth Speaker|1799,4
ORD-20261002-4790,02/10/2026 00:48,  Tushar ,PAWAR,"HYDERABAD, TELANGANA",Electronics|Smart Watch|2499,2
ORD-20261002-0478,02-10-2026 20:36,om,Tiwari,"Pune, Maharashtra",Home And Kitchen|Non Stick Pan|1099,3
ORD-20261002-4849,02/10/2026 17:50,Deepak,Bose,"Surat, Gujarat",Sports|Skipping Rope|199,1
ORD-20261002-0103,02/10/2026 10:37,Varun,  Rathod ,"Ahmedabad, Gujarat",Electronics|Laptop Stand|749,3
ORD-20261002-3539,2026-10-02 12:49:20,Rajesh,Parmar,"Kolkata, West Bengal",Fashion|Running Shoes|2199,2
ORD-20261002-0075,2026-10-02 21:15:22,rahul,SAXENA,"Hyderabad, Telangana",Home And Kitchen|Storage Box|299,1
ORD-20261002-3694,02/10/2026 22:58,Shaurya,Agarwal,"Coimbatore, Tamil Nadu",Sports|Football|799,1
ORD-20261002-0725,02/10/2026 13:28,Ishaan,Mishra,"Hyderabad, Telangana",Electronics|Laptop Stand|749, 4 
ORD-20261002-2798,2026-10-02 03:25:23,Yash,jain,"Lucknow, Uttar Pradesh",Home And Kitchen|Steel Water Bottle|399,2
ORD-20261002-2524,02-10-2026 23:52,Kabir,Vyas,"Bengaluru, Karnataka",,1
ORD-20261002-0735,02/10/2026 16:10,amit,  Chopra ,"Chennai, Tamil Nadu",Electronics|Laptop Stand|749,1
ORD-20261002-1026,02-10-2026 09:23,Vikas,Kalavadia,"Pune, Maharashtra",Sports|Yoga Mat|699,5
ORD-20261002-0483,2026-10-02 12:19:12,tanvi,Jain,"VADODARA, GUJARAT",Home And Kitchen|Non Stick Pan|1099,1
ORD-20261002-2428,02/10/2026 21:54,AYAAN,  Thakkar ,"Lucknow, Uttar Pradesh",Beauty|Sunscreen|449,2
ORD-20261002-1692,2026-10-02 16:17:16,  Kavya ,modi,"vadodara, gujarat",Home And Kitchen|Non Stick Pan|1099, 1 
ORD-20261002-0443,2026-10-02 22:09:11,Ritu,  Nair ,"Kolkata, West Bengal",Electronics|Wireless Earbuds|1299,1
ORD-20261002-2670,02/10/2026 12:01,Dhruv,Mishra,"Lucknow, Uttar Pradesh",Home And Kitchen|Wall Clock|649,4
ORD-20261002-2177,2026-10-02 22:19:55,Ishaan,Malhotra,"mumbai, maharashtra",Home And Kitchen|Wall Clock|649,5
ORD-20261002-3569,02/10/2026 12:08,Rahul,Vyas,"  Mumbai, Maharashtra ",Beauty|Face Wash|249,1
ORD-20261002-4684,2026-10-02 19:22:21,Krupa,  Sharma ,"  Vadodara, Gujarat ",Sports|Yoga Mat|699,2
ORD-20261002-3136,02/10/2026 18:26,vihaan,Mehta,"kolkata, west bengal",Sports|Dumbbell Set|1899,1
ORD-20261002-0516,02/10/2026 19:37,Rajesh,Jain,"MUMBAI, MAHARASHTRA",Home And Kitchen|Wall Clock|649,3
ORD-20261002-2989,02/10/2026 17:42,Kabir,gupta,"COIMBATORE, TAMIL NADU",Home And Kitchen|Wall Clock|649,4
ORD-20261002-1696,02/10/2026 13:17,Gaurav,Chauhan,"Delhi, Delhi",Electronics|Power Bank|899,3
ORD-20261002-0395,2026-10-02 21:19:36,megha,MALHOTRA,"Pune, Maharashtra",Electronics|Bluetooth Speaker|1799,2
ORD-20261002-3501,02/10/2026 09:32,pranav,Kulkarni,"PUNE, MAHARASHTRA",Electronics|Laptop Stand|749,1
ORD-20261002-0122,2026-10-02 22:48:25,NISHA,pillai,"Mumbai, Maharashtra",Home And Kitchen|Steel Water Bottle|399,1
ORD-20261002-1363,2026-10-02 19:21:36,Varun,Shah,"CHENNAI, TAMIL NADU",Home And Kitchen|Wall Clock|649,1
ORD-20261002-4442,02/10/2026 20:03,jay,  Joshi ,"Jaipur, Rajasthan",Sports|Cricket Bat|1599,2
ORD-20261002-0430,2026-10-02 19:46:04,Isha,Pillai,"ahmedabad, gujarat",Beauty|Face Wash|249,1
ORD-20261002-1826,02/10/2026 16:01,Parth,Pawar,"  Lucknow, Uttar Pradesh ",Fashion|Denim Jeans|1199,3
ORD-20261002-4164,02/10/2026 22:28,Advik,bhatt,"Chennai, Tamil Nadu",Sports|Skipping Rope|199,1
ORD-20261002-3718,2026-10-02 22:44:08,Atharv,rathod,"Nagpur, Maharashtra",Fashion|Denim Jeans|1199,1
ORD-20261002-1811,02-10-2026 19:22,Divya,Joshi,"mumbai, maharashtra",Home And Kitchen|Non Stick Pan|1099,4
ORD-20261002-2163,02/10/2026 14:44,MANISH,  Nair ,"Hyderabad, Telangana",Home And Kitchen|Storage Box|299,4
ORD-20261002-3039,02/10/2026 11:01,PARTH,Pawar,"BENGALURU, KARNATAKA",Home And Kitchen|Wall Clock|649,3
ORD-20261002-1298,2026-10-02 19:31:04,hetal,Mukherjee,"Bengaluru, Karnataka",Beauty|Sunscreen|449,2
ORD-20261002-2422,2026-10-02 15:19:30,Tushar,Kapoor,"Mumbai, Maharashtra",Home And Kitchen|Steel Water Bottle|399,4
ORD-20261002-4106,2026-10-02 10:43:54,Janvi,Mehta,"  Mumbai, Maharashtra ",Home And Kitchen|Non Stick Pan|1099,1
ORD-20261002-1534,2026-10-02 02:41:06,isha,Nair,"AHMEDABAD, GUJARAT",Home And Kitchen|Storage Box|299,2
ORD-20261002-2013,02/10/2026 22:07,nikhil,Chaudhary,"  Pune, Maharashtra ",Fashion|Cotton Kurta|799,1
ORD-20261002-3693,02-10-2026 12:24,Rohan,MALHOTRA,"Hyderabad, Telangana",Beauty|Sunscreen|449,2
ORD-20261002-0959,2026-10-02 17:45:41,Swati,AGARWAL,"  Jaipur, Rajasthan ",Sports|Cricket Bat|1599,1
ORD-20261002-0221,02/10/2026 11:02,Pranav,Trivedi,"Chennai, Tamil Nadu",Sports|Football|799,1
ORD-20261002-2472,2026-10-02 16:33:41,Vikas,Vyas,"Hyderabad, Telangana",Fashion|Leather Wallet|499,1
ORD-20261002-3413,2026-10-02 17:13:38,Palak,Dubey,"Mumbai, Maharashtra",Home And Kitchen|Wall Clock|649,1
ORD-20261002-3867,02/10/2026 12:25,,Iyer,"Ahmedabad, Gujarat",Beauty|Face Wash|249,3
ORD-20261002-4663,02/10/2026 09:18,pooja,desai,"Surat, Gujarat",Electronics|Bluetooth Speaker|1799,4.0
ORD-20261002-1405,N/A,Payal,Jain,"Pune, Maharashtra",Sports|Cricket Bat|1599,3
ORD-20261002-2577,2026-10-02 20:41:57,krishna,Joshi,"Jaipur, Rajasthan",Fashion|Leather Wallet|499,4
ORD-20261002-0790,02/10/2026 11:50,Shaurya,BHATT,"  Chennai, Tamil Nadu ",Home And Kitchen|Non Stick Pan|1099,2.0
ORD-20261002-3868,02/10/2026 16:17,Navya,Tiwari,"Hyderabad, Telangana",Beauty|Sunscreen|449,1
ORD-20261002-2801,02/10/2026 19:00,  Diya ,Reddy,"Hyderabad, Telangana",Beauty|Lipstick|399,1
ORD-20261002-4481,02-10-2026 10:14,MEGHA,PILLAI,"Nagpur, Maharashtra",Beauty|Sunscreen|449,3
ORD-20261002-0196,,parth,  Kapoor ,"pune, maharashtra",Electronics|Smart Watch|2499,4
ORD-20261002-3715,02/10/2026 12:32,Parth,Singh,"jaipur, rajasthan",Home And Kitchen|Steel Water Bottle|399,1
ORD-20261002-4562,02/10/2026 15:54,Anika,chopra,"PUNE, MAHARASHTRA",Fashion|Leather Wallet|499,4
ORD-20261002-1464,2026-10-02 21:48:07,  Janvi ,  Chauhan ,"surat, gujarat",Beauty|Hair Serum|549,1
ORD-20261002-4815,02-10-2026 08:16,roshni,  Modi ,"DELHI, DELHI",Beauty|Sunscreen|449,2
ORD-20261002-1440,02/10/2026 19:19,Palak,Thakkar,"Mumbai, Maharashtra",Sports|Skipping Rope|199,2
ORD-20261002-0162,02/10/2026 13:01,Arjun,Pandya,"  Mumbai, Maharashtra ",Sports|Cricket Bat|1599,2
ORD-20261002-4087,2026-10-02 17:19:53,MANISH,Agarwal,"mysuru, karnataka",Home And Kitchen|Bedsheet Set|1499,1
ORD-20261002-4151,02/10/2026 10:44,Hetal,Pawar,"Surat, Gujarat",Electronics|Power Bank|899,2
ORD-20261002-0320,02/10/2026 13:42,KRISHNA,Bhatt,"Delhi, Delhi",Home And Kitchen|Bedsheet Set|1499,1
ORD-20261002-4575,02/10/2026 16:30,Simran,TRIVEDI,"  Mumbai, Maharashtra ",Sports|Cricket Bat|1599, 1 
ORD-20261002-0995,02-10-2026 14:09,  Krishna ,Chauhan,"Chennai, Tamil Nadu",Beauty|Perfume|1299,1
ORD-20261002-4756,2026-10-02 22:22:55,rajesh,Ghosh,"Mumbai, Maharashtra",Fashion|Running Shoes|2199,3
ORD-20261002-3819,2026-10-02 12:39:37,ROHAN,modi,"Lucknow, Uttar Pradesh",Fashion|Running Shoes|2199,3
ORD-20261002-3076,02/10/2026 17:09,RAHUL,Patil,"Mumbai, Maharashtra",Electronics|Power Bank|899,2
ORD-20261002-0425,02/10/2026 12:59,Reyansh,Patil,"  Delhi, Delhi ",Electronics|Smart Watch|2499,1
ORD-20261002-2103,02/10/2026 16:00,Ayaan,jain,"  Delhi, Delhi ",Home And Kitchen|Non Stick Pan|1099,1
ORD-20261002-0965,2026-10-02 13:57:28,Palak,Bansal,"Lucknow, Uttar Pradesh",Home And Kitchen|Steel Water Bottle|399,2
ORD-20261002-3058,02/10/2026 18:59,priya,Gupta,"Hyderabad, Telangana",Beauty|Perfume|1299,1
ORD-20261002-2500,2026-10-02 21:56:57,Megha,  Jain ,"Delhi, Delhi",Home And Kitchen|Storage Box|299,1
ORD-20261002-0226,02-10-2026 14:31,Pooja,Chauhan,"Kolkata, West Bengal",Beauty|Lipstick|399, 2 
ORD-20261002-0175,2026-10-02 21:09:38,sneha,Nair,"  Ahmedabad, Gujarat ",Home And Kitchen|Storage Box|299,4
ORD-20261002-2370,02/10/2026 14:28,mansi,mehta,"Bengaluru, Karnataka",Home And Kitchen|Bedsheet Set|1499,1
ORD-20261002-3967,2026-10-02 11:08:23,Aditya,Mishra,"pune, maharashtra",Sports|Dumbbell Set|1899,1
ORD-20261002-1161,02-10-2026 21:47,navya,Nair,"Jaipur, Rajasthan",Fashion|Sunglasses|999,2
ORD-20261002-1357,02/10/2026 15:17,krupa,kapoor,"Mumbai, Maharashtra",Sports|Skipping Rope|199, 3 
ORD-20261002-0916,02/10/2026 17:18,Gaurav,Iyer,"Mumbai, Maharashtra",Electronics|Power Bank|899,2
ORD-20261002-2921,02/10/2026 22:41,,Thakkar,"  Bengaluru, Karnataka ",Electronics|Laptop Stand|749,4
ORD-20261002-2463,2026-10-02 14:10:15,Dev,Das,"ahmedabad, gujarat",Fashion|Running Shoes|2199,5
ORD-20261002-0108,02/10/2026 12:31,Kunal,Bansal,"  Hyderabad, Telangana ",Sports|Yoga Mat|699,2
ORD-20261002-3179,02-10-2026 23:34,TANVI,kulkarni,"Delhi, Delhi",Home And Kitchen|Bedsheet Set|1499,2
ORD-20261002-3115,2026-10-02 20:27:36,Atharv,Sinha,"Ahmedabad, Gujarat",Fashion|Leather Wallet|499,1
ORD-20261002-2294,2026-10-02 22:42:11,NISHA,IYER,"Chennai, Tamil Nadu",Fashion|Cotton Kurta|799,3
ORD-20261002-2387,02/10/2026 14:19,Pranav,rao,"Bengaluru, Karnataka",Sports|Yoga Mat|699,1
ORD-20261002-0093,2026-10-02 20:13:46,karan,bansal,"  Ahmedabad, Gujarat ",Fashion|Cotton Kurta|799,2
ORD-20261002-2347,2026-10-02 20:07:46,aryan,verma,"Nagpur, Maharashtra",Home And Kitchen|Steel Water Bottle|399,1
ORD-20261002-3080,02/10/2026 18:55,  Nisha ,Dubey,"Bengaluru, Karnataka",Electronics|Laptop Stand|749,1
ORD-20261002-2481,02/10/2026 06:16,  Shaurya ,Saxena,"coimbatore, tamil nadu",Sports|Skipping Rope|199,4
ORD-20261002-2723,02-10-2026 15:27,Dhruv,mishra,"Surat, Gujarat",Fashion|Running Shoes|2199,1
ORD-20261002-1526,02/10/2026 15:24,Om,TRIVEDI,"surat, gujarat",Sports|Skipping Rope|199,1
ORD-20261002-2704,2026-10-02 13:35:20,Aanya,Chauhan,"Coimbatore, Tamil Nadu",Home And Kitchen|Non Stick Pan|1099,1
ORD-20261002-3444,02/10/2026 16:04,neha,Chopra,"Delhi, Delhi",Beauty|Lipstick|399,2
ORD-20261002-1113,02/10/2026 18:07,Aditi,nair,"Coimbatore, Tamil Nadu",Home And Kitchen|Wall Clock|649,1
ORD-20261002-4031,2026-10-02 22:02:10,Diya,Tiwari,"delhi, delhi",Home And Kitchen|Bedsheet Set|1499,2
ORD-20261002-4536,2026-10-02 13:17:07,kavya,CHAUHAN,"Mumbai, Maharashtra",Fashion|Sunglasses|999,4
ORD-20261002-4435,2026-10-02 14:28:16,KHUSHI,  Rathod ,"MUMBAI, MAHARASHTRA",Home And Kitchen|Wall Clock|649,1
ORD-20261002-4574,2026-10-02 14:01:45,Karan,jain,"bengaluru, karnataka",Home And Kitchen|Non Stick Pan|1099,1
ORD-20261002-2713,2026-10-02 12:21:25,sara,ghosh,"Delhi, Delhi",Beauty|Face Wash|249,1
ORD-20261002-1282,02/10/2026 11:54,isha,  Mishra ,"Lucknow, Uttar Pradesh",Electronics|Power Bank|899,2
ORD-20261002-3519,02/10/2026 14:56,rahul,Modi,"COIMBATORE, TAMIL NADU",Electronics|Wireless Earbuds|1299,1
ORD-20261002-2296,2026-10-02 19:19:02,Riya,parmar,"vadodara, gujarat",Beauty|Perfume|1299,1
ORD-20261002-4050,02/10/2026 13:18,Deepak,Khanna,"vadodara, gujarat",Electronics|Smart Watch|2499,2
ORD-20261002-2077,02/10/2026 11:41,Vivaan,Desai,"chennai, tamil nadu",Electronics|Bluetooth Speaker|1799,2
ORD-20261002-0527,2026-10-02 10:33:34,,Modi,"delhi, delhi",Fashion|Running Shoes|2199,4
ORD-20261002-4787,02/10/2026 10:11,  Simran ,bansal,"  Mysuru, Karnataka ",Home And Kitchen|Bedsheet Set|1499,4
ORD-20261002-1677,02/10/2026 09:22,Pooja,reddy,"Chennai, Tamil Nadu",Fashion|Denim Jeans|1199,2
ORD-20261002-1003,02-10-2026 12:17,Gaurav,desai,"  Ahmedabad, Gujarat ",Fashion|Cotton Kurta|799,2
ORD-20261002-3530,02/10/2026 02:21,  Kavya ,Bansal,"pune, maharashtra",Electronics|Wireless Earbuds|1299,1
ORD-20261002-1709,02/10/2026 13:09,HETAL,kapoor,"Delhi, Delhi",Fashion|Running Shoes|2199,5
ORD-20261002-4826,02/10/2026 22:45,nikhil,Yadav,"chennai, tamil nadu",Beauty|Face Wash|249,3
ORD-20261002-0554,02/10/2026 21:01,Tushar,Sharma,"delhi, delhi",Electronics|Bluetooth Speaker|1799,1
ORD-20261002-2352,2026-10-02 17:56:59,Dev,parmar,"Ahmedabad, Gujarat",Electronics|Smart Watch|2499,3
ORD-20261002-3357,02/10/2026 21:29,  Ayaan ,Rao,"hyderabad, telangana",Beauty|Face Wash|249,1
ORD-20261002-3094,02/10/2026 20:06,  Nikhil ,rao,"mumbai, maharashtra",Beauty|Lipstick|399,2
ORD-20261002-0087,02/10/2026 07:10,Parth,Agarwal,"Vadodara, Gujarat",Beauty|Sunscreen|449,1
ORD-20261002-0012,02-10-2026 20:37,tushar,Parmar,"chennai, tamil nadu",Fashion|Cotton Kurta|799,1
ORD-20261002-2873,02-10-2026 08:10,Isha,Mukherjee,"Kolkata, West Bengal",Beauty|Hair Serum|549,1
ORD-20261002-2097,2026-10-02 16:35:37,,Shah,"Nagpur, Maharashtra",Fashion|Leather Wallet|499,1
ORD-20261002-3844,2026-10-02 12:33:11,Aditya,  Saxena ,"Delhi, Delhi",Sports|Yoga Mat|699,1
ORD-20261002-0600,02/10/2026 18:40,Tushar,kumar,"Mumbai, Maharashtra",Beauty|Lipstick|399,6
ORD-20261002-3859,02/10/2026 17:31,  Aarav ,PATEL,"ahmedabad, gujarat",Electronics|Smart Watch|2499,2
ORD-20261002-0109,02/10/2026 20:21,Rudra,  Pawar ,"Delhi, Delhi",Home And Kitchen|Storage Box|299,3
ORD-20261002-2893,02/10/2026 12:08,Tanvi,MISHRA,"hyderabad, telangana",Beauty|Sunscreen|449,4
ORD-20261002-0727,02/10/2026 21:57,krishna,Malhotra,,Beauty|Lipstick|399,2
ORD-20261002-4467,2026-10-02 11:26:18,Varun,Yadav,"Surat, Gujarat",Beauty|Sunscreen|449,
ORD-20261002-0619,2026-10-02 18:10:41,Parth,Nair,"  Pune, Maharashtra ",Electronics|Laptop Stand|749,6
ORD-20261002-1428,2026-10-02 17:48:50,Aanya,Rathod,"coimbatore, tamil nadu",Fashion|Sunglasses|999,1
ORD-20261002-1046,2026-10-02 15:23:23,Swati,Desai,"Bengaluru, Karnataka",Sports|Skipping Rope|199,1.0
ORD-20261002-1592,2026-10-02 20:23:34,Ritu,Malhotra,"Ahmedabad, Gujarat",Electronics|Laptop Stand|749,4
ORD-20261002-2642,02/10/2026 12:27,Gaurav,Mukherjee,"kolkata, west bengal",Home And Kitchen|Bedsheet Set|1499,3
ORD-20261002-3320,02/10/2026 18:27,priya,  Sinha ,"Ahmedabad, Gujarat",Home And Kitchen|Bedsheet Set|1499,1
ORD-20261002-0328,2026-10-02 19:32:04,Ishaan,Bansal,"jaipur, rajasthan",Beauty|Lipstick|399,2
ORD-20261002-1041,2026-10-02 18:00:03,Rudra,Modi,"Pune, Maharashtra",Beauty|Perfume|1299, 1 
ORD-20261002-1680,2026-10-02 18:28:18,mihir,  Pillai ,"  Ahmedabad, Gujarat ",Sports|Dumbbell Set|1899,1
ORD-20261002-3681,02-10-2026 14:29,Sai,ghosh,"PUNE, MAHARASHTRA",Fashion|Leather Wallet|499,2
ORD-20261002-1557,2026-10-02 19:11:50,  Dev ,Kalavadia,"NAGPUR, MAHARASHTRA",Fashion|Denim Jeans|1199,2
ORD-20261002-0626,02/10/2026 23:58,  Ananya ,chaudhary,"Lucknow, Uttar Pradesh",Sports|Cricket Bat|1599,1.0
ORD-20261002-0002,2026-10-02 10:29:27,Advik,chauhan,"nagpur, maharashtra",Fashion|Cotton Kurta|799,4
ORD-20261002-2468,02/10/2026 08:58,  Suresh ,  Khanna ,"Bengaluru, Karnataka",Beauty|Perfume|1299,3
ORD-20261002-2972,02/10/2026 17:36,,iyer,"Kolkata, West Bengal",Beauty|Face Wash|249,2
ORD-20261002-4343,02-10-2026 14:15,Diya,Desai,"Mumbai, Maharashtra",Fashion|Sunglasses|999,5
ORD-20261002-0538,2026-10-02 19:25:43,Atharv,BHATT,"Chennai, Tamil Nadu",Sports|Skipping Rope|199,
ORD-20261002-0337,2026-10-02 19:00:31,reyansh,,"Mumbai, Maharashtra",Electronics|Power Bank|899,2
ORD-20261002-0837,2026-10-02 22:44:58,  Jay ,menon,"Bengaluru, Karnataka",Sports|Dumbbell Set|1899,2
ORD-20261002-1865,02-10-2026 13:35,shreya,  Dubey ,"mumbai, maharashtra",Electronics|Laptop Stand|749,5
ORD-20261002-3109,2026-10-02 22:42:24,  Manish ,Reddy,"pune, maharashtra",Fashion|Running Shoes|2199,2
ORD-20261002-3696,02/10/2026 17:18,KABIR,Mehta,"Bengaluru, Karnataka",Electronics|Wireless Earbuds|1299,1
ORD-20261002-4664,02/10/2026 09:28,roshni,CHAUDHARY,"Mysuru, Karnataka",Electronics|Smart Watch|2499,
ORD-20261002-1645,02/10/2026 13:44,Rudra,Menon,"kolkata, west bengal",Home And Kitchen|Bedsheet Set|1499,5.0
ORD-20261002-2345,02/10/2026 19:04,ayaan,Nair,"Mumbai, Maharashtra",Fashion|Sunglasses|999,1
ORD-20261002-1712,02/10/2026 21:39,varun,Gupta,"coimbatore, tamil nadu",Fashion|Denim Jeans|1199,1
ORD-20261002-1160,2026-10-02 13:08:27,Kunal,Mishra,"Mumbai, Maharashtra",Beauty|Hair Serum|549,5
ORD-20261002-3789,02/10/2026 12:15,  Vivaan ,Pawar,"MYSURU, KARNATAKA",Home And Kitchen|Non Stick Pan|1099,-2
ORD-20261002-0112,02/10/2025 15:13,arjun,Saxena,"Bengaluru, Karnataka",Electronics|Power Bank|899,1.0
ORD-20261002-4133,2026-10-02 20:15:58,Rohan,Pawar,"Ahmedabad, Gujarat",Beauty|Lipstick|399,1
ORD-20261002-0148,2026-10-02 11:53:55,Aanya,Das,"PUNE, MAHARASHTRA",Beauty|Face Wash|249,3
ORD-20261002-1366,02/10/2026 17:48,Aadhya,Kapoor,"Delhi, Delhi",Sports|Yoga Mat|699, 1 
ORD-20261002-3019,02-10-2026 13:04,Manish,  Shah ,"AHMEDABAD, GUJARAT",Home And Kitchen|Bedsheet Set|1499,1
ORD-20261002-4651,02-10-2026 21:49,Karan,  Desai ,"BENGALURU, KARNATAKA",Electronics|Smart Watch|2499,1
ORD-20261002-4382,02-10-2026 12:34,Megha,Nair,"Mysuru, Karnataka",Sports|Dumbbell Set|1899,3
ORD-20261002-3574,02/10/2026 19:43,Aarav,Desai,"lucknow, uttar pradesh",Electronics|Smart Watch|2499,1
ORD-20261002-0063,2026-10-02 13:26:12,Karan,Saxena,"Jaipur, Rajasthan",Fashion|Cotton Kurta|799,1.0
ORD-20261002-4303,2026-10-02 12:33:52,suresh,Iyer,"delhi, delhi",Home And Kitchen|Steel Water Bottle|399,1
ORD-20261002-2172,02-10-2026 17:50,VIHAAN,Rathod,"Mumbai, Maharashtra",Electronics|Smart Watch|2499,4
ORD-20261002-0133,02/10/2026 19:43,hetal,Pandya,"SURAT, GUJARAT",Home And Kitchen|Non Stick Pan|1099,1
ORD-20261002-2199,2026-10-02 13:04:34,Ishaan,AGARWAL,N/A,Home And Kitchen|Storage Box|299,2
ORD-20261002-2898,02/10/2026 13:08,Priya,sinha,"nagpur, maharashtra",Home And Kitchen|Storage Box|299,3
ORD-20261002-4396,02/10/2026 21:13,Aanya,parmar,"Ahmedabad, Gujarat",Sports|Yoga Mat|699,3
ORD-20261002-3144,2026-10-02 21:47:14,  Dhruv ,Bhatt,"HYDERABAD, TELANGANA",Beauty|Lipstick|399,1
ORD-20261002-3611,2026-10-02 20:57:21,Aryan,  Mukherjee ,"Mumbai, Maharashtra",Beauty|Sunscreen|449,3
ORD-20261002-2485,2026-10-02 22:16:34,Gaurav,Reddy,"nagpur, maharashtra",Home And Kitchen|Wall Clock|649,3
ORD-20261002-1438,2026-10-02 11:41:19,HARSH,parmar,"  Jaipur, Rajasthan ",Home And Kitchen|Bedsheet Set|1499,
ORD-20261002-0457,2026-10-02 18:47:52,Komal,chopra,"Nagpur, Maharashtra",Beauty|Perfume|1299,1
ORD-20261002-0062,02/10/2026 19:49,  Pari ,Reddy,"Pune, Maharashtra",Home And Kitchen|Steel Water Bottle|399,1
ORD-20261002-1137,2026-10-02 01:24:54,Nisha,Verma,"Surat, Gujarat",Beauty|Hair Serum|549,1
ORD-20261002-0005,02/10/2026 14:16,Aarav,saxena,"Pune, Maharashtra",Home And Kitchen|Storage Box|299,1
ORD-20261002-0628,2026-10-02 21:03:31,Neha,Parmar,"DELHI, DELHI",Electronics|Laptop Stand|749,3
ORD-20261002-3757,02/10/2026 17:58,komal,GHOSH,"Bengaluru, Karnataka",Electronics|Laptop Stand|749,2
ORD-20261002-4129,02-10-2026 21:54,Manish,vyas,"Pune, Maharashtra",Home And Kitchen|Bedsheet Set|1499,1
ORD-20261002-1604,2026-10-02 20:25:09,  Saanvi ,Reddy,"PUNE, MAHARASHTRA",Electronics|Wireless Earbuds|1299,1
ORD-20261002-1540,02/10/2026 10:20,  Hetal ,Chopra,"jaipur, rajasthan",Beauty|Sunscreen|449,2
ORD-20261002-0379,2026-10-02 13:46:14,Atharv,Agarwal,"HYDERABAD, TELANGANA",Fashion|Running Shoes|2199,4
ORD-20261002-3232,2026-10-02 11:06:51,VIHAAN,patel,"Delhi, Delhi",Sports|Dumbbell Set|1899,6
ORD-20261002-1620,2026-10-02 09:17:19,Parth,Sinha,"Coimbatore, Tamil Nadu",Beauty|Sunscreen|449,4
ORD-20261002-2008,02/10/2026 19:28,Navya,Joshi,"Hyderabad, Telangana",Fashion|Leather Wallet|499,
ORD-20261002-3487,02/10/2026 20:27,SAANVI,Chaudhary,"Bengaluru, Karnataka",Electronics|Wireless Earbuds|1299,2
ORD-20261002-2475,02/10/2026 22:53,Khushi,Bhatt,"bengaluru, karnataka",Electronics|Bluetooth Speaker|1799,1
ORD-20261002-3313,2026-10-02 12:24:47,Payal,Sharma,"  Mysuru, Karnataka ",Home And Kitchen|Bedsheet Set|1499,1
ORD-20261002-2970,2026-10-02 03:53:51,Palak,Bose,"surat, gujarat",Fashion|Leather Wallet|499,2
ORD-20261002-3697,02-10-2026 20:30,  Hetal ,Chauhan,"Coimbatore, Tamil Nadu",Home And Kitchen|Bedsheet Set|1499,1
ORD-20261002-3825,02/10/2026 07:50,Kunal,Vyas,"Mumbai, Maharashtra",Fashion|Running Shoes|2199, 1 
ORD-20261002-1759,02-10-2026 21:06,Dev,pandya,"Kolkata, West Bengal",Fashion|Cotton Kurta|799,5
ORD-20261002-0958,02/10/2026 18:50,  Sara ,Bansal,"mysuru, karnataka",Home And Kitchen|Wall Clock|649,6
ORD-20261002-1749,02/10/2026 21:56,Om,Kulkarni,"  Kolkata, West Bengal ",Fashion|Cotton Kurta|799,0
ORD-20261002-0594,2026-10-02 00:44:59,Komal,Agarwal,"  Ahmedabad, Gujarat ",Fashion|Running Shoes|2199,2
ORD-20261002-4183,N/A,saanvi,desai,"Bengaluru, Karnataka",Electronics|Smart Watch|2499,1
ORD-20261002-0935,2026-10-02 09:05:56,Rohan,Yadav,"coimbatore, tamil nadu",Sports|Football|799,2
ORD-20261002-2738,02/10/2026 22:50,PRIYA,singh,"Hyderabad, Telangana",Home And Kitchen|Wall Clock|649,1
ORD-20261002-2849,02/10/2026 22:25,Divya,Nair,"ahmedabad, gujarat",Fashion|Sunglasses|999,2.0
ORD-20261002-3647,02/10/2026 17:44,Aanya,kapoor,"Pune, Maharashtra",Fashion|Leather Wallet|499,5
ORD-20261002-4194,02-10-2026 13:09,Ayaan,Mishra,"lucknow, uttar pradesh",Home And Kitchen|Storage Box|299,5
ORD-20261002-3283,02/10/2026 21:22,Nikhil,Gupta,"Pune, Maharashtra",Electronics|Wireless Earbuds|1299,4
ORD-20261002-1806,02/10/2026 19:15,Amit,chopra,"  Lucknow, Uttar Pradesh ",Electronics|Bluetooth Speaker|1799,2
ORD-20261002-2648,2026-10-02 13:26:15,Isha,,"Mumbai, Maharashtra",Electronics|Laptop Stand|749,3
ORD-20261002-0636,02/10/2026 22:58,Simran,Solanki,"Nagpur, Maharashtra",Electronics|Bluetooth Speaker|1799,3
ORD-20261002-1412,2026-10-02 12:38:24,kabir,Trivedi,"bengaluru, karnataka",Electronics|Smart Watch|2499,6
ORD-20261002-4645,02/10/2026 21:52,  Nidhi ,Pawar,"chennai, tamil nadu",Home And Kitchen|Wall Clock|649,1
ORD-20261002-0286,2026-10-02 08:27:11,payal,Menon,"Kolkata, West Bengal",Beauty|Lipstick|399,1.0
ORD-20261002-1247,02/10/2026 19:55,Divya,Menon,"Vadodara, Gujarat",Electronics|Wireless Earbuds|1299,2
ORD-20261002-2455,02/10/2026 12:45,Aditya,Khanna,"Mumbai, Maharashtra",Beauty|Face Wash|249,1
ORD-20261002-3457,02/10/2026 18:35,POOJA,rathod,"Hyderabad, Telangana",Home And Kitchen|Bedsheet Set|1499, 1 
ORD-20261002-1222,02/10/2026 14:14,Ritu,Vyas,"hyderabad, telangana",Electronics|Laptop Stand|749,3
ORD-20261002-4660,02-10-2026 20:06,Ananya,  Mehta ,"Hyderabad, Telangana",Home And Kitchen|Storage Box|299,1
ORD-20261002-2902,02/10/2026 10:14,neel,pandya,"  Bengaluru, Karnataka ",Electronics|Smart Watch|2499,1.0
ORD-20261002-3953,02/10/2026 03:59,vikas,patil,"Mumbai, Maharashtra",Fashion|Cotton Kurta|799,1
ORD-20261002-2458,02-10-2026 19:21,payal,Mukherjee,"Delhi, Delhi",Fashion|Denim Jeans|1199,-1
ORD-20261002-4591,02/10/2026 09:03,Payal,  Bhatt ,"bengaluru, karnataka",Beauty|Lipstick|399,1
ORD-20261002-3362,02/10/2026 21:51,Om,Das,"Kolkata, West Bengal",Fashion|Running Shoes|2199,3
ORD-20261002-3987,02-10-2026 09:54,Karan,KULKARNI,"JAIPUR, RAJASTHAN",Fashion|Running Shoes|2199,1
ORD-20261002-3492,2026-10-02 15:23:53,ishaan,Mishra,"Hyderabad, Telangana",Electronics|Bluetooth Speaker|1799,4
ORD-20261002-4263,2026-10-02 21:28:57,Krupa,Chaudhary,"Delhi, Delhi",Home And Kitchen|Wall Clock|649,3
ORD-20261002-3606,02/10/2026 19:22,  Megha ,Thakkar,"  Mumbai, Maharashtra ",Beauty|Face Wash|249,2
ORD-20261002-4359,02/10/2026 19:56,Nidhi,Das,"ahmedabad, gujarat",Electronics|Laptop Stand|749,2
ORD-20261002-4313,2026-10-02 18:36:58,vivaan,solanki,"Kolkata, West Bengal",Electronics|Power Bank|899,4
ORD-20261002-0532,2026-10-02 13:27:18,PARI,Ghosh,"Lucknow, Uttar Pradesh",Fashion|Cotton Kurta|799,1
ORD-20261002-0426,2026-10-02 13:04:00,harsh,mishra,"  Hyderabad, Telangana ",Beauty|Face Wash|249,2
ORD-20261002-2555,2026-10-02 22:34:31,yash,rao,"mysuru, karnataka",Beauty|Lipstick|399,2
ORD-20261002-3685,2026-10-02 12:46:17,Navya,sinha,"DELHI, DELHI",Electronics|Power Bank|899,2
ORD-20261002-2977,02/10/2026 13:14,Myra,Arora,"Ahmedabad, Gujarat",Home And Kitchen|Steel Water Bottle|399,1
ORD-20261002-3447,2026-10-02 20:05:33,Kabir,chaudhary,"DELHI, DELHI",Home And Kitchen|Non Stick Pan|1099,1.0
ORD-20261002-3011,02/10/2026 06:44,krupa,Ghosh,"VADODARA, GUJARAT",Fashion|Cotton Kurta|799,1
ORD-20261002-2628,02-10-2026 16:34,Jay,  Nair ,"Ahmedabad, Gujarat",Sports|Cricket Bat|1599,4
ORD-20261002-0736,02-10-2026 09:16,Kriti,Menon,,Electronics|Wireless Earbuds|1299,4
ORD-20261002-2270,02/10/2026 00:26,Pooja,NAIR,"COIMBATORE, TAMIL NADU",Beauty|Perfume|1299,1
ORD-20261002-4451,02/10/2026 12:43,Megha,  Rao ,"Pune, Maharashtra",Sports|Football|799,2
ORD-20261002-1623,02/10/2026 06:57,janvi,  Tiwari ,"Surat, Gujarat",Fashion|Sunglasses|999,2
ORD-20261002-0236,2026-10-02 17:33:59,Vihaan,Jain,"Mumbai, Maharashtra",Home And Kitchen|Storage Box|299,4
ORD-20261002-3481,2026-10-02 11:18:52,  Divya ,Khanna,"Delhi, Delhi",Sports|Skipping Rope|199,2.0
ORD-20261002-2143,02/10/2026 19:27,Reyansh,iyer,"bengaluru, karnataka",Home And Kitchen|Bedsheet Set|1499,5
ORD-20261002-3806,02/10/2026 19:55,Aditi,  Modi ,"  Nagpur, Maharashtra ",Electronics|Power Bank|899,1
ORD-20261002-0920,02/10/2026 05:17,anika,Sinha,"Nagpur, Maharashtra",Fashion|Denim Jeans|1199,2
ORD-20261002-1741,2026-10-02 21:13:22,Simran,Menon,"Delhi, Delhi",Electronics|Bluetooth Speaker|1799,3
ORD-20261002-4026,02/10/2026 11:46,Swati,Joshi,"Delhi, Delhi",Sports|Yoga Mat|699,1
ORD-20261002-4165,02/10/2026 16:00,Parth,Singh,"Delhi, Delhi",Sports|Yoga Mat|699,3
ORD-20261002-3420,2026-10-02 10:21:31,RIYA,Solanki,"delhi, delhi",Electronics|Smart Watch|2499,1
ORD-20261002-0754,02-10-2026 18:20,Yash,Thakkar,"Mumbai, Maharashtra",Beauty|Hair Serum|549,1
ORD-20261002-2310,2026-10-02 19:52:41,Dev,kalavadia,"Bengaluru, Karnataka",Fashion|Sunglasses|999,1
ORD-20261002-1821,02/10/2026 18:54,Neha,  Yadav ,"  Bengaluru, Karnataka ",Electronics|Laptop Stand|749,1.0
ORD-20261002-3746,02/10/2026 03:25,Rohan,Tiwari,"hyderabad, telangana",Beauty|Lipstick|399,4
ORD-20261002-0729,02-10-2026 22:53,Kunal,CHAUHAN,"Pune, Maharashtra",Sports|Skipping Rope|199,1
ORD-20261002-2361,02/10/2026 20:34,gaurav,modi,"Nagpur, Maharashtra",Home And Kitchen|Bedsheet Set|1499,1
ORD-20261002-0315,2026-10-02 15:38:09,,parmar,"chennai, tamil nadu",Electronics|Smart Watch|2499,2
ORD-20261002-1625,02-10-2026 18:48,Ritu,kumar,"hyderabad, telangana",Home And Kitchen|Storage Box|299,1
ORD-20261002-0289,02/10/2026 03:52,Payal,Solanki,"delhi, delhi",Home And Kitchen|Wall Clock|649,1
ORD-20261002-4121,02/10/2026 22:08,bhavna,SINHA,"Kolkata, West Bengal",Home And Kitchen|Storage Box|299,1.0
ORD-20261002-1350,2026-10-02 11:10:10,Advik,Vyas,"Jaipur, Rajasthan",Fashion|Leather Wallet|499,2
ORD-20261002-1875,02/10/2026 16:46,Yash,  Dubey ,"Kolkata, West Bengal",Home And Kitchen|Wall Clock|649,1
ORD-20261002-2978,02-10-2026 13:50,sai,Kumar,"delhi, delhi",Beauty|Lipstick|399,5
ORD-20261002-0037,02/10/2026 11:40,Mihir,iyer,"Delhi, Delhi",Home And Kitchen|Non Stick Pan|1099,1
ORD-20261002-0310,2026-10-02 11:16:24,Shaurya,Reddy,"hyderabad, telangana",Beauty|Lipstick|399,3
ORD-20261002-2132,2026-10-02 22:02:31,VIKAS,Malhotra,"hyderabad, telangana",Home And Kitchen|Wall Clock|649,1
ORD-20261002-2509,2026-10-02 10:29:26,JAY,rathod,"Chennai, Tamil Nadu",Sports|Cricket Bat|1599,1
ORD-20261002-0796,02/10/2026 18:24,Deepak,  Solanki ,"DELHI, DELHI",Home And Kitchen|Non Stick Pan|1099,2
ORD-20261002-1443,2026-10-02 18:24:00,Kavya,Tiwari,"Jaipur, Rajasthan",Electronics|Laptop Stand|749,4
ORD-20261002-4544,02/10/2026 17:52,vikas,Mukherjee,"Hyderabad, Telangana",Home And Kitchen|Non Stick Pan|1099,1
ORD-20261002-2751,02/10/2026 17:16,  Ananya ,menon,"PUNE, MAHARASHTRA",Home And Kitchen|Steel Water Bottle|399,one
ORD-20261002-3582,2026-10-02 13:21:27,Shreya,yadav,"KOLKATA, WEST BENGAL",Electronics|Bluetooth Speaker|1799,2
ORD-20261002-1548,02/10/2026 08:03,Aarav,patil,"  Mumbai, Maharashtra ",,2
ORD-20261002-1370,02/10/2026 18:27,rajesh,jain,"  Vadodara, Gujarat ",Fashion|Denim Jeans|1199,two
ORD-20261002-4624,02-10-2026 15:29,Varun,Saxena,"Kolkata, West Bengal",Fashion|Leather Wallet|499,1
ORD-20261002-1640,2026-10-02 14:37:43,Arjun,Shah,"Delhi, Delhi",Fashion|Cotton Kurta|799,4
ORD-20261002-2732,02/10/2026 21:55,  Hetal ,Kumar,"JAIPUR, RAJASTHAN",Home And Kitchen|Storage Box|299,4
ORD-20261002-2331,02/10/2026 20:41,Rahul,BHATT,"mumbai, maharashtra",Fashion|Denim Jeans|1199,three
ORD-20261002-3854,02/10/2026 09:14,dhwani,kapoor,"Mumbai, Maharashtra",Sports|Yoga Mat|699,5
ORD-20261002-2673,2026-10-02 12:47:42,Krishna,Bose,"mumbai, maharashtra",Home And Kitchen|Wall Clock|649,2
ORD-20261002-4076,02/10/2026 06:41,Tushar,  Malhotra ,"CHENNAI, TAMIL NADU",Sports|Skipping Rope|199,4
ORD-20261002-2731,02/10/2026 09:22,rohan,  Ghosh ,"Chennai, Tamil Nadu",Electronics|Bluetooth Speaker|1799,2
ORD-20261002-0685,2026-10-02 05:19:09,diya,Trivedi,"Bengaluru, Karnataka",Home And Kitchen|Steel Water Bottle|399,1
ORD-20261002-3285,02/10/2026 17:54,divya,Modi,"Delhi, Delhi",Sports|Dumbbell Set|1899,3
ORD-20261002-1641,02/10/2026 20:53,Tanvi,Kapoor,"Surat, Gujarat",Fashion|Cotton Kurta|799,1
ORD-20261002-0357,2026-10-02 21:56:20,SHAURYA,Sinha,"Hyderabad, Telangana",Beauty|Sunscreen|449,2
ORD-20261002-3254,02/10/2026 22:51,Priya,Pawar,"Kolkata, West Bengal",Home And Kitchen|Non Stick Pan|1099,2
ORD-20261002-3528,02/10/2026 13:54,hetal,modi,"Kolkata, West Bengal",Fashion|Denim Jeans|1199,2
ORD-20261002-1416,2026-10-02 16:22:12,Hetal,modi,"Kolkata, West Bengal",Home And Kitchen|Storage Box|299, 3 
ORD-20261002-3252,02/10/2026 14:02,Pari,Joshi,"Pune, Maharashtra",Fashion|Cotton Kurta|799,2
ORD-20261002-3579,02/10/2026 19:26,Jay,Thakkar,N/A,Fashion|Sunglasses|999,2
ORD-20261002-0930,02/10/2026 22:10,Anjali,Rao,N/A,Fashion|Cotton Kurta|799,5
ORD-20261002-4772,02/10/2026 11:19,Aryan,  Rathod ,"Mysuru, Karnataka",Fashion|Running Shoes|2199,2
ORD-20261002-4125,2026-10-02 15:47:06,neha,Trivedi,"  Vadodara, Gujarat ",Home And Kitchen|Non Stick Pan|1099,2
ORD-20261002-4154,02/10/2026 14:37,Varun,Shah,"Delhi, Delhi",Home And Kitchen|Steel Water Bottle|399,1
ORD-20261002-4103,02/10/2026 23:58,Pari,PAWAR,"Mumbai, Maharashtra",Home And Kitchen|Wall Clock|649,1
ORD-20261002-4055,02-10-2026 12:46,Dev,  Chauhan ,"chennai, tamil nadu",Fashion|Leather Wallet|499,2
ORD-20261002-1939,02/10/2026 20:46,Vivaan,Tiwari,"Vadodara, Gujarat",Home And Kitchen|Steel Water Bottle|399,6
ORD-20261002-3346,02/10/2026 18:00,aryan,mukherjee,"Mumbai, Maharashtra",Beauty|Perfume|1299,1
ORD-20261002-4124,02/10/2026 08:34,Karan,Agarwal,"hyderabad, telangana",Fashion|Cotton Kurta|799,1
ORD-20261002-0690,02/10/2026 16:53,AANYA,singh,"CHENNAI, TAMIL NADU",Home And Kitchen|Non Stick Pan|1099,2
ORD-20261002-3892,02/10/2026 14:30,  Ayaan ,Singh,"Chennai, Tamil Nadu",Sports|Football|799,4
ORD-20261002-1580,2026-10-02 19:19:37,Tushar,SHAH,"chennai, tamil nadu",Electronics|Bluetooth Speaker|1799,
ORD-20261002-1390,2026-10-02 15:25:55,Ishaan,Shah,"Delhi, Delhi",Home And Kitchen|Steel Water Bottle|399,2
ORD-20261002-1660,2026-10-02 08:51:58,PALAK,Agarwal,"chennai, tamil nadu",Sports|Cricket Bat|1599,1
ORD-20261002-2467,2026-10-02 22:40:44,DIVYA,Kumar,"  Delhi, Delhi ",Sports|Skipping Rope|199,1
ORD-20261002-1838,02/10/2026 22:33,  Neel ,Agarwal,"lucknow, uttar pradesh",Home And Kitchen|Storage Box|299,2
ORD-20261002-3767,02/10/2026 22:12,Karan,Ghosh,"HYDERABAD, TELANGANA",Home And Kitchen|Wall Clock|649,3
ORD-20261002-3712,2026-10-02 19:46:54,Aditi,Bhatt,"DELHI, DELHI",Fashion|Leather Wallet|499,3
ORD-20261002-4764,02/10/2026 18:59,Vikas,Patil,"  Vadodara, Gujarat ",Home And Kitchen|Wall Clock|649, 1 
ORD-20261002-4047,2026-10-02 21:32:42,Palak,Dubey,"Mumbai, Maharashtra",Sports|Football|799,1
ORD-20261002-3524,02/10/2026 12:37,vihaan,Kumar,"Coimbatore, Tamil Nadu",Beauty|Hair Serum|549,
ORD-20261002-3643,02/10/2026 19:24,Atharv,Pandya,"CHENNAI, TAMIL NADU",Electronics|Smart Watch|2499,1
,02-10-2026 17:42,Payal,Vyas,"Hyderabad, Telangana",Home And Kitchen|Wall Clock|649,1
ORD-20261002-3535,02/10/2026 17:41,  Aditya ,Mishra,"  Delhi, Delhi ",Electronics|Power Bank|899,1
ORD-20261002-4648,02/10/2026 12:42,  Sara ,  Arora ,"Kolkata, West Bengal",Fashion|Sunglasses|999,1
ORD-20261002-0031,02/10/2026 03:24,Roshni,IYER,"BENGALURU, KARNATAKA",Sports|Dumbbell Set|1899,2.0
ORD-20261002-3410,02/10/2026 17:42,  Nikhil ,joshi,"delhi, delhi",Home And Kitchen|Non Stick Pan|1099,1
ORD-20261002-2413,2026-10-02 18:20:52,ANJALI,Modi,"Jaipur, Rajasthan",Electronics|Bluetooth Speaker|1799,one
ORD-20261002-1259,02/10/2026 20:43,Shaurya,Kulkarni,"Pune, Maharashtra",Home And Kitchen|Bedsheet Set|1499,2
ORD-20261002-1081,02/10/2026 11:32,Simran,Menon,"DELHI, DELHI",Sports|Skipping Rope|199,1
ORD-20261002-0140,02/10/2026 20:36,Vihaan,Thakkar,"Delhi, Delhi",Sports|Cricket Bat|1599,4.0
ORD-20261002-2407,02-10-2026 07:41,Ayaan,Menon,"hyderabad, telangana",Home And Kitchen|Bedsheet Set|1499,2
ORD-20261002-4556,2026-10-02 20:36:16,Yash,Joshi,"  Ahmedabad, Gujarat ",Sports|Cricket Bat|1599,1
ORD-20261002-2093,02/10/2026 22:05,Ananya,Pawar,"Vadodara, Gujarat",Home And Kitchen|Non Stick Pan|1099,1
ORD-20261002-1595,2026-10-02 12:29:02,Deepak,Trivedi,"vadodara, gujarat",Home And Kitchen|Non Stick Pan|1099,1
ORD-20261002-2999,02/10/2026 15:41,HETAL,  Menon ,"Delhi, Delhi",Beauty|Sunscreen|449,1
ORD-20261002-0652,02-10-2026 06:23,Ritu,Desai,"Surat, Gujarat",Fashion|Denim Jeans|1199,2
ORD-20261002-2381,02/10/2026 12:21,Rahul,Parmar,"Jaipur, Rajasthan",Electronics|Smart Watch|2499,1
ORD-20261002-4011,02/10/2026 19:10,rahul,,"Pune, Maharashtra",,1
ORD-20261002-0484,02/10/2026 14:48,krishna,Chauhan,"Chennai, Tamil Nadu",Electronics|Smart Watch|2499, 1 
ORD-20261002-4006,02/10/2026 18:15,Aanya,  Thakkar ,"  Mumbai, Maharashtra ",Fashion|Denim Jeans|1199,2
ORD-20261002-4683,2026-10-02 05:21:46,Sai,desai,"Delhi, Delhi",Fashion|Leather Wallet|499,1
ORD-20261002-1960,02-10-2026 22:52,Ayaan,thakkar,"Lucknow, Uttar Pradesh",Electronics|Laptop Stand|749,1
ORD-20261002-3552,02/10/2026 18:26,Kunal,Bhatt,"Surat, Gujarat",Electronics|Wireless Earbuds|1299,2
ORD-20261002-2490,02/10/2026 14:12,  Vivaan ,Joshi,"MUMBAI, MAHARASHTRA",Sports|Cricket Bat|1599,1
ORD-20261002-0396,2026-10-02 07:52:47,Pooja,  Singh ,"Lucknow, Uttar Pradesh",Home And Kitchen|Storage Box|299,1
ORD-20261002-0895,02/10/2026 23:18,KARAN,Rao,"Jaipur, Rajasthan",Fashion|Sunglasses|999,two
ORD-20261002-2343,2026-10-02 16:51:19,Amit,Kulkarni,"chennai, tamil nadu",Fashion|Cotton Kurta|799,1
ORD-20261002-2447,02/10/2026 21:23,Hetal,Patil,"Kolkata, West Bengal",Electronics|Power Bank|899,4
ORD-20261002-1136,2026-10-02 21:43:09,Bhavna,gupta,"Delhi, Delhi",Home And Kitchen|Bedsheet Set|1499,2
ORD-20261002-1347,02/10/2026 19:12,amit,parmar,,Sports|Cricket Bat|1599,2
ORD-20261002-4423,02/10/2026 21:14,JAY,Kalavadia,"Mumbai, Maharashtra",Fashion|Denim Jeans|1199,3
ORD-20261002-3860,02-10-2026 14:00,,Tiwari,"Chennai, Tamil Nadu",Electronics|Wireless Earbuds|1299,1
ORD-20261002-4785,02/10/2026 14:45,Krupa,Menon,"Pune, Maharashtra",Beauty|Face Wash|249,3
ORD-20261002-3086,2026-10-02 18:54:19,NIKHIL,Thakkar,"Pune, Maharashtra",Fashion|Cotton Kurta|799,1
ORD-20261002-4360,02/10/2026 20:54,Aanya,Kalavadia,"Chennai, Tamil Nadu",Electronics|Laptop Stand|749,4
ORD-20261002-3060,2026-10-02 09:21:57,suresh,  Tiwari ,"DELHI, DELHI",Home And Kitchen|Storage Box|299,1
ORD-20261002-4813,02/10/2026 18:31,VIVAAN,Shah,,Home And Kitchen|Storage Box|299,1
ORD-20261002-4564,02-10-2026 18:27,saanvi,dubey,"Pune, Maharashtra",Fashion|Cotton Kurta|799,2
ORD-20261002-1424,02-10-2026 15:28,kunal,Ghosh,"Mysuru, Karnataka",Beauty|Face Wash|249,1
ORD-20261002-2449,2026-10-02 22:26:08,Deepak,Mishra,"Mumbai, Maharashtra",Fashion|Denim Jeans|1199,1
ORD-20261002-1648,02/10/2026 09:28,  Ishaan ,Bansal,"  Jaipur, Rajasthan ",Sports|Dumbbell Set|1899,1
ORD-20261002-0459,02/10/2026 17:55,SWATI,  Dubey ,"MYSURU, KARNATAKA",Home And Kitchen|Storage Box|299,2
ORD-20261002-1643,02/10/2026 12:42,shreya,pillai,"Lucknow, Uttar Pradesh",Fashion|Denim Jeans|1199,4
ORD-20261002-4653,02/10/2026 13:39,NIDHI,saxena,"Hyderabad, Telangana",Electronics|Laptop Stand|749,1
ORD-20261002-4607,02/10/2026 19:52,riya,Pawar,"pune, maharashtra",Electronics|Power Bank|899, 1 
ORD-20261002-4521,2026-10-02 17:18:49,Myra,Mehta,"Bengaluru, Karnataka",Sports|Dumbbell Set|1899,1
ORD-20261002-0880,2026-10-02 22:18:30,RAHUL,  Modi ,"KOLKATA, WEST BENGAL",Fashion|Sunglasses|999,1
ORD-20261002-4788,02/10/2026 13:09,Riya,Chopra,"Mumbai, Maharashtra",Beauty|Sunscreen|449,1
ORD-20261002-0989,02/10/2026 01:55,Sai,Sinha,"Mumbai, Maharashtra",Electronics|Wireless Earbuds|1299,1
ORD-20261002-3669,2026-10-02 21:20:02,Rajesh,mukherjee,"Kolkata, West Bengal",Beauty|Face Wash|249,1
ORD-20261002-0797,02/10/2026 16:03,  Karan ,das,"Kolkata, West Bengal",Sports|Football|799,1
ORD-20261002-1359,02/10/2026 08:40,Nikhil,dubey,"lucknow, uttar pradesh",Home And Kitchen|Bedsheet Set|1499,1
ORD-20261002-0558,02-10-2026 12:53,kunal,  Bose ,"Mumbai, Maharashtra",Beauty|Lipstick|399,1
ORD-20261002-2604,02/10/2026 13:37,Nikhil,Bhatt,"Coimbatore, Tamil Nadu",Home And Kitchen|Storage Box|299,3
ORD-20261002-2288,02/10/2026 20:54,SWATI,Kapoor,"Coimbatore, Tamil Nadu",Electronics|Power Bank|899,2
ORD-20261002-1923,02-10-2026 14:03,Anika,DAS,"Bengaluru, Karnataka",Electronics|Bluetooth Speaker|1799,0
ORD-20261002-1310,02-10-2026 11:21,Yash,Rao,"Pune, Maharashtra",Home And Kitchen|Steel Water Bottle|399,4
ORD-20261002-3645,02/10/2026 18:15,Palak,Das,"Pune, Maharashtra",Home And Kitchen|Bedsheet Set|1499,1
ORD-20261002-3102,02/10/2026 23:57,  Neel ,parmar,"Delhi, Delhi",Electronics|Power Bank|899,one
ORD-20261002-3766,2026-10-02 09:52:31,kavya,Agarwal,"Hyderabad, Telangana",Home And Kitchen|Steel Water Bottle|399,3
ORD-20261002-1846,2026-10-02 20:48:49,Anika,Sinha,"Nagpur, Maharashtra",Electronics|Wireless Earbuds|1299,1
ORD-20261002-1326,02-10-2026 21:38,Sara,Kumar,"kolkata, west bengal",Fashion|Leather Wallet|499,5
ORD-20261002-2795,2026-10-02 06:34:57,Kriti,Joshi,"Delhi, Delhi",Electronics|Smart Watch|2499,2
ORD-20261002-3309,02/10/2026 10:26,PRIYA,Solanki,"jaipur, rajasthan",Home And Kitchen|Non Stick Pan|1099,1
ORD-20261002-4486,2026-10-02 19:57:15,gaurav,kulkarni,"Chennai, Tamil Nadu",Fashion|Running Shoes|2199,3
ORD-20261002-0077,02/10/2026 14:55,Ishaan,Pawar,"ahmedabad, gujarat",Fashion|Denim Jeans|1199,2
ORD-20261002-3952,02/10/2026 23:06,Mihir,Menon,"Lucknow, Uttar Pradesh",Home And Kitchen|Steel Water Bottle|399, 1 
ORD-20261002-0896,02/10/2026 20:49,sara,Kumar,"Lucknow, Uttar Pradesh",Home And Kitchen|Bedsheet Set|1499,1.0
ORD-20261002-3942,2026-10-02 15:14:14,Payal,  Das ,"delhi, delhi",Fashion|Leather Wallet|499,
ORD-20261002-2773,02/10/2026 10:00,Rajesh,Bose,"Surat, Gujarat",Fashion|Leather Wallet|499,1
ORD-20261002-3581,02/10/2026 23:03,Kriti,Pawar,"Pune, Maharashtra",Sports|Yoga Mat|699,1
ORD-20261002-1763,02-10-2026 07:21,Mansi,Bose,"Kolkata, West Bengal",Home And Kitchen|Wall Clock|649,1
ORD-20261002-2096,2026-10-02 12:09:39,Simran,JOSHI,"Bengaluru, Karnataka",Electronics|Laptop Stand|749,1
ORD-20261002-2743,02/10/2026 12:27,karan,DAS,"Kolkata, West Bengal",Fashion|Sunglasses|999,3
ORD-20261002-3906,02/10/2026 12:30,Om,Srivastava,"delhi, delhi",Electronics|Bluetooth Speaker|1799,3
ORD-20261002-4401,2026-10-02 15:47:37,Priya,,"Chennai, Tamil Nadu",Home And Kitchen|Steel Water Bottle|399,2
ORD-20261002-4710,2026-10-02 20:18:56,  Mansi ,Patel,"Hyderabad, Telangana",Home And Kitchen|Non Stick Pan|1099,1
ORD-20261002-1235,02/10/2025 10:10,  Anika ,Khanna,"chennai, tamil nadu",Electronics|Wireless Earbuds|1299,2
ORD-20261002-4377,02/10/2026 19:29,Atharv,Gupta,"Lucknow, Uttar Pradesh",Fashion|Cotton Kurta|799,1
ORD-20261002-1014,02-10-2026 22:12,Anika,Rathod,"Ahmedabad, Gujarat",Home And Kitchen|Storage Box|299,2
ORD-20261002-4834,2026-10-02 01:42:30,Nikhil,chaudhary,"Pune, Maharashtra",Fashion|Denim Jeans|1199,1
ORD-20261002-1074,02/10/2026 10:11,Nidhi,  Arora ,"Hyderabad, Telangana",Fashion|Denim Jeans|1199, 1 
ORD-20261002-1189,02-10-2026 12:52,  Roshni ,Malhotra,"bengaluru, karnataka",Beauty|Lipstick|399,2
ORD-20261002-2821,02/10/2026 07:49,Anjali,Khanna,"AHMEDABAD, GUJARAT",Beauty|Lipstick|399,3
ORD-20261002-2974,,Sara,Patel,"  Chennai, Tamil Nadu ",Fashion|Cotton Kurta|799,two
ORD-20261002-3046,02/10/2026 11:32,Ayaan,,"Jaipur, Rajasthan",Beauty|Hair Serum|549,4
ORD-20261002-2092,2026-10-02 22:37:06,Megha,Kalavadia,"Kolkata, West Bengal",Electronics|Bluetooth Speaker|1799,2
ORD-20261002-3057,02/10/2026 11:16,Om,THAKKAR,"  Chennai, Tamil Nadu ",Fashion|Leather Wallet|499,2
ORD-20261002-3047,2026-10-02 19:17:19,khushi,Chauhan,"Nagpur, Maharashtra",Electronics|Bluetooth Speaker|1799,1
ORD-20261002-1511,02/10/2026 20:14,suresh,kumar,"Ahmedabad, Gujarat",Electronics|Laptop Stand|749, 6 
ORD-20261002-1544,02-10-2026 22:05,Saanvi,Arora,,Home And Kitchen|Bedsheet Set|1499, 5 
ORD-20261002-0343,02/10/2026 07:40,Shaurya,Chaudhary,"kolkata, west bengal",Home And Kitchen|Non Stick Pan|1099,
ORD-20261002-3774,02/10/2026 12:14,Ananya,Arora,"Jaipur, Rajasthan",Home And Kitchen|Non Stick Pan|1099,1
ORD-20261002-0806,02/10/2026 22:52,Aarav,Mehta,"  Bengaluru, Karnataka ",Fashion|Cotton Kurta|799,2
ORD-20261002-3935,02/10/2026 08:06,  Rohan ,Patel,"Mumbai, Maharashtra",Home And Kitchen|Bedsheet Set|1499,1
ORD-20261002-3495,02/10/2026 19:47,Roshni,Singh,"Ahmedabad, Gujarat",Home And Kitchen|Steel Water Bottle|399,2
ORD-20261002-0416,02/10/2026 07:50,SIMRAN,Tiwari,"jaipur, rajasthan",Fashion|Running Shoes|2199,1
ORD-20261002-2747,02-10-2026 17:04,Karan,Arora,"Kolkata, West Bengal",Fashion|Cotton Kurta|799,1
ORD-20261002-0399,02/10/2026 13:46,ANANYA,PARMAR,"Pune, Maharashtra",Home And Kitchen|Non Stick Pan|1099,3
ORD-20261002-2654,02/10/2026 15:43,priya,Kulkarni,"Delhi, Delhi",Fashion|Leather Wallet|499,4
ORD-20261002-4763,02/10/2026 16:30,khushi,Nair,"mysuru, karnataka",Fashion|Sunglasses|999,2
ORD-20261002-2812,2026-10-02 21:44:00,Deepak,Kalavadia,"Hyderabad, Telangana",Fashion|Running Shoes|2199, 3 
ORD-20261002-1027,02-10-2026 05:40,RIYA,NAIR,"DELHI, DELHI",Sports|Football|799,2
ORD-20261002-1284,02/10/2026 10:08,Krupa,Kapoor,"mumbai, maharashtra",Electronics|Laptop Stand|749,1
ORD-20261002-0021,2026-10-02 19:56:12,vihaan,Parmar,"Coimbatore, Tamil Nadu",Electronics|Smart Watch|2499,1
ORD-20261002-4335,02/10/2026 13:00,  Aryan ,mukherjee,"lucknow, uttar pradesh",Home And Kitchen|Wall Clock|649,1
ORD-20261002-1569,2026-10-02 09:06:43,rajesh,Saxena,"ahmedabad, gujarat",Fashion|Running Shoes|2199,2
ORD-20261002-1703,2026-10-02 13:47:18,Dhwani,Khanna,"Kolkata, West Bengal",Fashion|Cotton Kurta|799,2
ORD-20261002-0816,02-10-2026 22:58,Ayaan,Mishra,"Lucknow, Uttar Pradesh",Beauty|Face Wash|249,1
ORD-20261002-1144,02/10/2026 20:16,KARAN,VERMA,"CHENNAI, TAMIL NADU",Home And Kitchen|Non Stick Pan|1099,4
ORD-20261002-4057,02/10/2026 11:59,Shreya,jain,"Bengaluru, Karnataka",Home And Kitchen|Wall Clock|649,3
ORD-20261002-2562,02-10-2026 23:13,Pari,Ghosh,"Chennai, Tamil Nadu",Home And Kitchen|Bedsheet Set|1499,4
ORD-20261002-0861,02-10-2026 13:15,  Jay ,Pawar,"chennai, tamil nadu",Electronics|Wireless Earbuds|1299,1
ORD-20261002-4405,2026-10-02 20:30:12,Yash,THAKKAR,"Mumbai, Maharashtra",Electronics|Bluetooth Speaker|1799,1
ORD-20261002-2202,02/10/2026 18:27,Krishna,Malhotra,"JAIPUR, RAJASTHAN",Fashion|Sunglasses|999,4
ORD-20261002-4021,02/10/2026 12:25,Aadhya,  Mukherjee ,"delhi, delhi",Home And Kitchen|Bedsheet Set|1499,2
ORD-20261002-4598,02/10/2026 15:05,Simran,Joshi,"  Bengaluru, Karnataka ",,1
ORD-20261002-4250,02/10/2026 17:35,Swati,Chauhan,"MUMBAI, MAHARASHTRA",Sports|Football|799,4
ORD-20261002-1297,02/10/2026 12:14,  Manish ,bhatt,"Kolkata, West Bengal",Fashion|Cotton Kurta|799,2
ORD-20261002-0974,02/10/2026 22:17,Advik,JAIN,"Hyderabad, Telangana",Fashion|Sunglasses|999,1
ORD-20261002-2627,2026-10-02 15:28:08,Anjali,Thakkar,"surat, gujarat",Electronics|Wireless Earbuds|1299,1
ORD-20261002-1437,02/10/2026 13:39,Swati,Solanki,"Pune, Maharashtra",Beauty|Hair Serum|549,2
ORD-20261002-4545,2026-10-02 11:30:46,ISHA,Pawar,"Bengaluru, Karnataka",Electronics|Bluetooth Speaker|1799,5
ORD-20261002-3012,2026-10-02 09:56:56,Kabir,Gupta,"coimbatore, tamil nadu",Fashion|Denim Jeans|1199,4
ORD-20261002-3167,02/10/2026 04:58,Pooja,SHARMA,"Bengaluru, Karnataka",Electronics|Smart Watch|2499,1
ORD-20261002-1296,02/10/2026 09:45,Krishna,,"Surat, Gujarat",Fashion|Sunglasses|999,2
ORD-20261002-4691,02/10/2026 18:20,  Kavya ,Mehta,"delhi, delhi",Fashion|Denim Jeans|1199,1
ORD-20261002-2321,2026-10-02 09:21:18,Sara,Pandya,"mumbai, maharashtra",Home And Kitchen|Wall Clock|649, 2 
ORD-20261002-4595,02/10/2026 02:19,Sara,THAKKAR,"Mumbai, Maharashtra",Fashion|Running Shoes|2199,3
ORD-20261002-2191,02/10/2026 15:00,null,Vyas,"pune, maharashtra",Fashion|Cotton Kurta|799,1
ORD-20261002-2564,2026-10-02 14:09:11,saanvi,Pawar,"Bengaluru, Karnataka",Home And Kitchen|Bedsheet Set|1499,1
ORD-20261002-3187,2026-10-02 07:03:57,krupa,Gupta,"BENGALURU, KARNATAKA",Fashion|Running Shoes|2199, 1 
ORD-20261002-4722,02/10/2026 21:41,ananya,Menon,"Pune, Maharashtra",Beauty|Hair Serum|549,4
ORD-20261002-0627,02/10/2026 21:56,ANJALI,Kalavadia,"Mumbai, Maharashtra",Home And Kitchen|Wall Clock|649,1
ORD-20261002-4161,02/10/2026 19:12,roshni,Joshi,"Mumbai, Maharashtra",Electronics|Bluetooth Speaker|1799,2
ORD-20261002-0007,2026-10-02 20:53:09,Tanvi,  Kulkarni ,"  Chennai, Tamil Nadu ",Fashion|Running Shoes|2199,3
ORD-20261002-1632,2026-10-02 10:11:55,dhruv,Yadav,"  Mumbai, Maharashtra ",Sports|Football|799,1
ORD-20261002-0810,02/10/2026 13:48,simran,kulkarni,"Jaipur, Rajasthan",Home And Kitchen|Wall Clock|649,1
ORD-20261002-4603,02/10/2026 12:41,priya,Singh,"Chennai, Tamil Nadu",Sports|Cricket Bat|1599,1.0
ORD-20261002-3695,02/10/2026 18:47,Shreya,Sinha,"Delhi, Delhi",Home And Kitchen|Bedsheet Set|1499,
ORD-20261002-4066,02/10/2026 14:22,advik,Thakkar,"Jaipur, Rajasthan",Home And Kitchen|Steel Water Bottle|399,1
ORD-20261002-1913,02/10/2026 18:52,  Parth ,JOSHI,"  Coimbatore, Tamil Nadu ",Home And Kitchen|Storage Box|299,2
ORD-20261002-0791,02/10/2026 20:20,Jay,Das,"Surat, Gujarat",Beauty|Hair Serum|549,5
ORD-20261002-0312,2026-10-02 19:14:05,Dhwani,Saxena,"Pune, Maharashtra",Fashion|Cotton Kurta|799,3
ORD-20261002-1286,02/10/2026 15:57,Pari,Pawar,"  Chennai, Tamil Nadu ",Home And Kitchen|Bedsheet Set|1499,1
ORD-20261002-3505,02-10-2026 01:07,KRITI,Bose,"Kolkata, West Bengal",Home And Kitchen|Wall Clock|649,1
ORD-20261002-2553,02/10/2026 14:05,Khushi,Rathod,"MUMBAI, MAHARASHTRA",Beauty|Face Wash|249,1
ORD-20261002-0137,02/10/2026 08:38,neha,Gupta,"Jaipur, Rajasthan",Electronics|Power Bank|899,1
ORD-20261002-1490,2026-10-02 17:00:50,Aadhya,CHAUDHARY,"Mumbai, Maharashtra",Beauty|Sunscreen|449,1
ORD-20261002-2016,02/10/2026 09:45,Saanvi,Patel,"Ahmedabad, Gujarat",Beauty|Sunscreen|449,
ORD-20261002-2633,02/10/2026 11:21,aditi,yadav,"Chennai, Tamil Nadu",Electronics|Smart Watch|2499,1
ORD-20261002-0623,2026-10-02 21:17:07,mihir,chauhan,"Lucknow, Uttar Pradesh",Home And Kitchen|Steel Water Bottle|399,1
ORD-20261002-1238,,Rudra,Menon,"Delhi, Delhi",Electronics|Power Bank|899,1
ORD-20261002-0158,2026-10-02 11:39:51,Myra,  Kulkarni ,"Mumbai, Maharashtra",Home And Kitchen|Storage Box|299,2
ORD-20261002-4572,02/10/2026 11:23,om,Gupta,"  Ahmedabad, Gujarat ",Beauty|Lipstick|399,2
ORD-20261002-1053,2026-10-02 18:23:36,  Gaurav ,Kumar,"  Surat, Gujarat ",Electronics|Smart Watch|2499, 2 
ORD-20261002-2441,02/10/2026 18:52,nidhi,Bhatt,"  Chennai, Tamil Nadu ",Electronics|Laptop Stand|749,3
ORD-20261002-1386,02/10/2026 21:11,Aditya,Iyer,"coimbatore, tamil nadu",Home And Kitchen|Steel Water Bottle|399,2
ORD-20261002-4553,02/10/2026 22:53,parth,Rao,"Pune, Maharashtra",Electronics|Laptop Stand|749,1
ORD-20261002-1570,02/10/2026 18:31,Aadhya,Pillai,"mumbai, maharashtra",, 1 
ORD-20261002-2995,2026-10-02 10:43:53,TANVI,Saxena,"Lucknow, Uttar Pradesh",Sports|Skipping Rope|199,1
ORD-20261002-1279,02-10-2026 08:40,Jay,Mehta,"Bengaluru, Karnataka",Electronics|Bluetooth Speaker|1799,4
ORD-20261002-3342,02/10/2026 14:10,Rohan,Chopra,"  Jaipur, Rajasthan ",Home And Kitchen|Storage Box|299,2
ORD-20261002-2056,2026-10-02 07:43:38,Reyansh,kapoor,"Bengaluru, Karnataka",Fashion|Sunglasses|999,1
ORD-20261002-1634,02/10/2026 19:04,ritu,Jain,"Hyderabad, Telangana",Home And Kitchen|Wall Clock|649,1
ORD-20261002-4718,02/10/2026 13:35,ADVIK,TIWARI,"Pune, Maharashtra",Home And Kitchen|Steel Water Bottle|399,2
ORD-20261002-2998,2026-10-02 19:48:06,Megha,CHAUHAN,"mumbai, maharashtra",Sports|Yoga Mat|699,1
ORD-20261002-2267,02/10/2026 10:56,ADVIK,Malhotra,"Mysuru, Karnataka",Beauty|Lipstick|399,3
ORD-20261002-3246,02-10-2026 11:03,karan,Parmar,"Jaipur, Rajasthan",Home And Kitchen|Wall Clock|649,3.0
ORD-20261002-0662,02-10-2026 21:41,Rajesh,Dubey,"Bengaluru, Karnataka",Beauty|Lipstick|399,5
ORD-20261002-0393,2026-10-02 16:28:26,Kunal,Ghosh,"mysuru, karnataka",Home And Kitchen|Steel Water Bottle|399,1
ORD-20261002-2615,2026-10-02 13:23:47,Anjali,PARMAR,"  Mumbai, Maharashtra ",Beauty|Perfume|1299,1
ORD-20261002-3721,02-10-2026 16:49,Navya,Mukherjee,"Pune, Maharashtra",Home And Kitchen|Non Stick Pan|1099,2
ORD-20261002-2532,02/10/2026 14:19,Sai,Chaudhary,"Hyderabad, Telangana",Electronics|Laptop Stand|749,3
ORD-20261002-0404,02/10/2026 21:53,,yadav,"jaipur, rajasthan",Electronics|Wireless Earbuds|1299,1
ORD-20261002-2229,02/10/2026 21:01,  Pranav ,verma,"Jaipur, Rajasthan",Electronics|Power Bank|899,1
ORD-20261002-2848,02/10/2026 20:19,  Ananya ,Patil,"  Kolkata, West Bengal ",Fashion|Denim Jeans|1199, 2 
ORD-20261002-4156,02/10/2026 15:19,Ishaan,  Solanki ,"Mumbai, Maharashtra",Sports|Dumbbell Set|1899,1
ORD-20261002-3279,02/10/2026 08:03,Gaurav,menon,"lucknow, uttar pradesh",Fashion|Cotton Kurta|799,1
ORD-20261002-4292,2026-10-02 20:19:02,Kunal,  Rathod ,"MUMBAI, MAHARASHTRA",Sports|Skipping Rope|199,1
ORD-20261002-2973,N/A,Rudra,Khanna,"  Delhi, Delhi ",Sports|Cricket Bat|1599,1
ORD-20261002-3949,2026-10-02 17:25:49,ritu,Dubey,"hyderabad, telangana",Electronics|Laptop Stand|749,4
ORD-20261002-3940,02/10/2026 07:24,NEHA,ARORA,"Mumbai, Maharashtra",Electronics|Wireless Earbuds|1299,2
ORD-20261002-4704,02/10/2026 21:40,aadhya,Chauhan,"Surat, Gujarat",Electronics|Power Bank|899,3
ORD-20261002-0169,02/10/2026 13:29,Rohan,Yadav,"Coimbatore, Tamil Nadu",Electronics|Smart Watch|2499,1
ORD-20261002-2263,02-10-2026 19:01,Pooja,Verma,"  Chennai, Tamil Nadu ",Beauty|Face Wash|249,2
ORD-20261002-4779,02-10-2026 15:23,Ayaan,Shah,"Coimbatore, Tamil Nadu",Home And Kitchen|Storage Box|299, 4 
ORD-20261002-4844,02/10/2026 19:21,hetal,  Kulkarni ,"Ahmedabad, Gujarat",Fashion|Sunglasses|999,1
ORD-20261002-2778,2026-10-02 23:50:26,  Dhruv ,Nair,"Delhi, Delhi",Electronics|Power Bank|899,2
ORD-20261002-2605,02/10/2026 07:55,Deepak,  Yadav ,"Lucknow, Uttar Pradesh",Home And Kitchen|Bedsheet Set|1499,3
ORD-20261002-0501,02/10/2026 18:27,Vivaan,  Gupta ,"KOLKATA, WEST BENGAL",Home And Kitchen|Storage Box|299,4
ORD-20261002-2460,2026-10-02 17:38:27,Riya,saxena,"Lucknow, Uttar Pradesh",Beauty|Face Wash|249,1
ORD-20261002-2863,02/10/2026 03:37,  Janvi ,  Das ,"surat, gujarat",Electronics|Smart Watch|2499,1
ORD-20261002-3412,2026-10-02 04:14:31,Bhavna,Reddy,"  Pune, Maharashtra ",Home And Kitchen|Bedsheet Set|1499,3
ORD-20261002-2367,02-10-2026 17:36,  Kriti ,Nair,"  Mumbai, Maharashtra ",Home And Kitchen|Non Stick Pan|1099,3
ORD-20261002-4312,2026-10-02 18:27:27,navya,Kulkarni,"Bengaluru, Karnataka",Electronics|Power Bank|899,3
ORD-20261002-3861,02/10/2026 07:21,  Varun ,Tiwari,"mysuru, karnataka",Electronics|Smart Watch|2499,1
ORD-20261002-1598,02/10/2026 08:57,kriti,srivastava,"Delhi, Delhi",Beauty|Hair Serum|549,4
ORD-20261002-0848,2026-10-02 21:01:15,Parth,Modi,"Hyderabad, Telangana",Beauty|Face Wash|249,1
ORD-20261002-2680,02-10-2026 20:44,Pranav,Jain,"mumbai, maharashtra",Home And Kitchen|Wall Clock|649,1
ORD-20261002-2750,02/10/2026 14:56,sara,KUMAR,"Kolkata, West Bengal",Fashion|Sunglasses|999,1
ORD-20261002-2155,02/10/2026 13:38,Rajesh,Reddy,"Hyderabad, Telangana",Beauty|Face Wash|249,1
ORD-20261002-4245,02-10-2026 15:43,Diya,,"Mumbai, Maharashtra",Fashion|Cotton Kurta|799,3
ORD-20261002-4136,2026-10-02 07:16:54,shreya,  Desai ,"Bengaluru, Karnataka",Sports|Cricket Bat|1599,2
ORD-20261002-3941,02/10/2026 16:44,anjali,Bhatt,"  Mumbai, Maharashtra ",Sports|Dumbbell Set|1899,1
ORD-20261002-0847,02/10/2026 19:46,Harsh,Sharma,"Kolkata, West Bengal",Electronics|Wireless Earbuds|1299,1
ORD-20261002-3449,02/10/2026 19:21,Sai,Mehta,"Kolkata, West Bengal",Fashion|Sunglasses|999,1
ORD-20261002-1868,02/10/2026 11:34,Neha,iyer,"mumbai, maharashtra",Home And Kitchen|Wall Clock|649,2
ORD-20261002-1874,02/10/2026 17:43,Reyansh,ghosh,"Lucknow, Uttar Pradesh",Beauty|Face Wash|249,2.0
ORD-20261002-4077,2026-10-02 15:25:45,Vivaan,dubey,"Bengaluru, Karnataka",Home And Kitchen|Bedsheet Set|1499,3
ORD-20261002-4654,2026-10-02 06:38:20,Divya,Trivedi,"Jaipur, Rajasthan",Home And Kitchen|Non Stick Pan|1099,2
ORD-20261002-0180,2026-10-02 16:58:51,  Gaurav ,Tiwari,"Pune, Maharashtra",Sports|Cricket Bat|1599,3
ORD-20261002-1799,2026-10-02 06:00:07,Riya,PILLAI,"Hyderabad, Telangana",Home And Kitchen|Non Stick Pan|1099,1.0
ORD-20261002-0424,02/10/2026 18:39,Varun,Yadav,"Hyderabad, Telangana",Fashion|Sunglasses|999,3.0
ORD-20261002-1043,2026-10-02 12:10:48,deepak,das,"Surat, Gujarat",Sports|Football|799,1
ORD-20261002-2291,2026-10-02 11:07:57,,joshi,"surat, gujarat",Home And Kitchen|Steel Water Bottle|399,2
ORD-20261002-0136,2026-10-02 22:14:46,Karan,Rathod,"  Ahmedabad, Gujarat ",Electronics|Laptop Stand|749,2
ORD-20261002-2639,02-10-2026 19:03,Aadhya,Singh,"Mumbai, Maharashtra",Home And Kitchen|Bedsheet Set|1499,1
ORD-20261002-1971,02/10/2026 11:52,  Yash ,  Saxena ,"Nagpur, Maharashtra",Home And Kitchen|Storage Box|299,1
ORD-20261002-0699,2026-10-02 20:33:19,Vihaan,Thakkar,"mumbai, maharashtra",Sports|Football|799,1
ORD-20261002-0808,02-10-2026 11:43,Rohan,Patil,"lucknow, uttar pradesh",Electronics|Smart Watch|2499,1
ORD-20261002-2527,2026-10-02 09:03:44,kabir,Dubey,"kolkata, west bengal",Fashion|Leather Wallet|499,1
ORD-20261002-3847,02-10-2026 14:33,Saanvi,kumar,"CHENNAI, TAMIL NADU",Home And Kitchen|Non Stick Pan|1099,1
ORD-20261002-3149,02-10-2026 01:21,Sara,Patil,"  Hyderabad, Telangana ",Electronics|Power Bank|899,1
ORD-20261002-3700,2026-10-02 23:10:45,Anika,reddy,"Delhi, Delhi",Home And Kitchen|Non Stick Pan|1099,2
ORD-20261002-4730,2026-10-02 11:18:06,Nidhi,bhatt,"Chennai, Tamil Nadu",Electronics|Laptop Stand|749,1
ORD-20261002-0460,02-10-2026 12:23,ritu,Mishra,"DELHI, DELHI",Sports|Yoga Mat|699,1
ORD-20261002-4820,02/10/2026 14:45,Manish,pandya,"Ahmedabad, Gujarat",Home And Kitchen|Non Stick Pan|1099,1
ORD-20261002-1941,2026-10-02 13:10:41,  Varun ,SINHA,"Hyderabad, Telangana",Home And Kitchen|Bedsheet Set|1499,2
ORD-20261002-0408,02/10/2026 20:16,Reyansh,patel,"surat, gujarat",Beauty|Hair Serum|549,4
ORD-20261002-1067,2026-10-02 23:10:59,varun,Solanki,"bengaluru, karnataka",Fashion|Running Shoes|2199,1
ORD-20261002-0553,02/10/2026 13:56,Rahul,mukherjee,"chennai, tamil nadu",Home And Kitchen|Wall Clock|649,1
ORD-20261002-2283,02-10-2026 11:03,Hetal,Sinha,"Kolkata, West Bengal",Home And Kitchen|Non Stick Pan|1099,2
ORD-20261002-3281,02/10/2026 21:43,Advik,  Vyas ,"  Jaipur, Rajasthan ",Beauty|Face Wash|249,5.0
ORD-20261002-0583,02/10/2026 15:32,MANISH,Trivedi,"Jaipur, Rajasthan",Fashion|Running Shoes|2199,5
ORD-20261002-3224,02-10-2026 03:15,Neha,Mukherjee,"Mysuru, Karnataka",Electronics|Power Bank|899,
ORD-20261002-2417,02/10/2026 13:31,Anjali,Shah,"SURAT, GUJARAT",Electronics|Wireless Earbuds|1299,1
ORD-20261002-0450,02/10/2026 10:26,Dhwani,Verma,"hyderabad, telangana",Electronics|Power Bank|899,1
ORD-20261002-2340,02/10/2026 17:46,krishna,  Chauhan ,"chennai, tamil nadu",Electronics|Bluetooth Speaker|1799,1
ORD-20261002-0014,02/10/2026 04:15,Neel,  Das ,,Sports|Football|799,3
ORD-20261002-3093,02/10/2026 00:43,ARJUN,Chopra,"KOLKATA, WEST BENGAL",Sports|Football|799,4
ORD-20261002-2610,02-10-2026 09:12,Swati,Kapoor,"Chennai, Tamil Nadu",Home And Kitchen|Storage Box|299,0
ORD-20261002-0540,02/10/2026 17:19,Vivaan,MENON,"Jaipur, Rajasthan",Beauty|Perfume|1299,4
ORD-20261002-0208,2026-10-02 15:38:53,om,Yadav,"AHMEDABAD, GUJARAT",Sports|Football|799,1
ORD-20261002-0876,2026-10-02 12:49:35,Arjun,DESAI,"Bengaluru, Karnataka",Electronics|Wireless Earbuds|1299,4
ORD-20261002-1458,02/10/2026 14:25,Dev,REDDY,"hyderabad, telangana",Electronics|Wireless Earbuds|1299,1
ORD-20261002-2027,02-10-2026 10:59,simran,  Tiwari ,"Jaipur, Rajasthan",Beauty|Face Wash|249,5
ORD-20261002-1883,2026-10-02 19:52:01,  Ayaan ,jain,"delhi, delhi",Home And Kitchen|Steel Water Bottle|399,2
ORD-20261002-1956,2026-10-02 17:46:48,Roshni,BOSE,"PUNE, MAHARASHTRA",Fashion|Running Shoes|2199,1
ORD-20261002-4118,02/10/2026 19:32,aryan,Jain,"Bengaluru, Karnataka",Sports|Football|799,1
ORD-20261002-0629,02/10/2026 14:09,pranav,  Das ,"Bengaluru, Karnataka",Beauty|Perfume|1299,1
ORD-20261002-2484,02/10/2026 10:41,gaurav,Pawar,"Mumbai, Maharashtra",Electronics|Smart Watch|2499,3
ORD-20261002-4680,02-10-2026 11:54,sara,Saxena,"kolkata, west bengal",Home And Kitchen|Bedsheet Set|1499,3
ORD-20261002-0901,2026-10-02 22:33:37,Neel,Rathod,"mysuru, karnataka",Fashion|Sunglasses|999,2
ORD-20261002-4843,02/10/2026 21:38,Kriti,  Menon ,"Vadodara, Gujarat",Beauty|Sunscreen|449,2
ORD-20261002-3269,2026-10-02 22:38:50,vivaan,Menon,"Jaipur, Rajasthan",Electronics|Bluetooth Speaker|1799,3
ORD-20261002-2649,2026-10-02 14:39:04,diya,Chauhan,"SURAT, GUJARAT",Fashion|Denim Jeans|1199,2
ORD-20261002-4039,N/A,Aadhya,Sharma,"mumbai, maharashtra",Sports|Cricket Bat|1599,2
ORD-20261002-2991,02/10/2026 18:15,atharv,JOSHI,"Ahmedabad, Gujarat",Home And Kitchen|Steel Water Bottle|399,1
ORD-20261002-0298,2026-10-02 13:37:58,Saanvi,Das,"  Mumbai, Maharashtra ",Electronics|Laptop Stand|749,3
ORD-20261002-1241,02/10/2026 08:45,Amit,Khanna,"Hyderabad, Telangana",Home And Kitchen|Non Stick Pan|1099,1
ORD-20261002-4501,2026-10-02 11:12:07,Anjali,MEHTA,"Chennai, Tamil Nadu",Fashion|Cotton Kurta|799,2
ORD-20261002-4228,02/10/2026 12:08,varun,Yadav,"BENGALURU, KARNATAKA",Fashion|Denim Jeans|1199,2
ORD-20261002-3423,02/10/2026 23:08,Diya,nair,"Pune, Maharashtra",Beauty|Face Wash|249,1
ORD-20261002-2127,02-10-2026 19:14,Nidhi,MEHTA,"pune, maharashtra",Fashion|Leather Wallet|499, 1 
ORD-20261002-1748,2026-10-02 17:42:36,AADHYA,Das,"Bengaluru, Karnataka",Electronics|Power Bank|899,6
ORD-20261002-1568,2026-10-02 21:36:31,rudra,  Malhotra ,"pune, maharashtra",Fashion|Sunglasses|999,1
ORD-20261002-1665,02/10/2026 13:30,kunal,Arora,,Home And Kitchen|Wall Clock|649,2
ORD-20261002-4138,02-10-2026 15:21,Deepak,Bhatt,"surat, gujarat",Home And Kitchen|Storage Box|299,1
ORD-20261002-0449,02/10/2026 14:18,Pranav,Das,"Lucknow, Uttar Pradesh",Beauty|Hair Serum|549,1
ORD-20261002-4497,2026-10-02 11:30:20,nidhi,Kulkarni,"Surat, Gujarat",Fashion|Sunglasses|999,1
ORD-20261002-4830,2026-10-02 12:11:03,Sneha,pawar,"Nagpur, Maharashtra",Sports|Yoga Mat|699,1
ORD-20261002-4082,2026-10-02 20:05:40,Hetal,  Chauhan ,"Vadodara, Gujarat",Home And Kitchen|Wall Clock|649,2
ORD-20261002-0856,02/10/2026 16:39,anika,Reddy,"Delhi, Delhi",Home And Kitchen|Bedsheet Set|1499,1
ORD-20261002-2578,02/10/2026 23:28,  Vihaan ,VYAS,"coimbatore, tamil nadu",Sports|Dumbbell Set|1899,4
ORD-20261002-3754,02/10/2026 20:45,Pranav,pawar,"Mumbai, Maharashtra",Electronics|Smart Watch|2499,1
ORD-20261002-3005,2026-10-02 18:45:16,Rahul,Mukherjee,"chennai, tamil nadu",Home And Kitchen|Non Stick Pan|1099,3
ORD-20261002-3463,02-10-2026 14:20,  Komal ,,"Delhi, Delhi",Fashion|Cotton Kurta|799,3
ORD-20261002-3850,2026-10-02 20:15:52,Vivaan,Verma,"Delhi, Delhi",Electronics|Power Bank|899,2
ORD-20261002-1744,02/10/2026 13:57,Rajesh,Iyer,"Delhi, Delhi",Electronics|Smart Watch|2499,2
ORD-20261002-4309,02/10/2026 22:05,  Suresh ,sharma,"  Hyderabad, Telangana ",Home And Kitchen|Steel Water Bottle|399,1
ORD-20261002-3915,02/10/2026 21:02,ROSHNI,,"Delhi, Delhi",Home And Kitchen|Steel Water Bottle|399,1
ORD-20261002-3004,02/10/2026 11:45,nisha,Bansal,"surat, gujarat",Home And Kitchen|Storage Box|299,2
ORD-20261002-0708,2026-10-02 20:18:00,  Reyansh ,Reddy,"jaipur, rajasthan",Electronics|Bluetooth Speaker|1799,1
ORD-20261002-1450,02-10-2026 20:31,riya,Patel,"Bengaluru, Karnataka",Beauty|Lipstick|399,1
ORD-20261002-3301,02-10-2026 23:05,  Nisha ,Patil,"Ahmedabad, Gujarat",Beauty|Lipstick|399,2.0
ORD-20261002-1497,2026-10-02 08:50:17,Manish,Bhatt,"  Mysuru, Karnataka ",Beauty|Lipstick|399,1
ORD-20261002-3896,02/10/2026 21:05,Nikhil,  Tiwari ,"Bengaluru, Karnataka",Home And Kitchen|Storage Box|299,3
ORD-20261002-2735,2026-10-02 19:26:00,Pranav,Gupta,"Kolkata, West Bengal",Beauty|Face Wash|249,3
ORD-20261002-2566,02/10/2026 16:28,Riya,tiwari,"Delhi, Delhi",Beauty|Hair Serum|549,1
ORD-20261002-2736,,Vihaan,Das,"BENGALURU, KARNATAKA",Electronics|Bluetooth Speaker|1799,1
ORD-20261002-4672,02/10/2026 08:37,Hetal,THAKKAR,"Nagpur, Maharashtra",Electronics|Power Bank|899,2
ORD-20261002-4248,02/10/2026 20:39,,Ghosh,"Delhi, Delhi",Home And Kitchen|Wall Clock|649,1
ORD-20261002-1334,02/10/2026 07:51,ADVIK,SHARMA,"CHENNAI, TAMIL NADU",Electronics|Power Bank|899,1
ORD-20261002-0179,02/10/2026 19:07,Suresh,reddy,"Delhi, Delhi",Home And Kitchen|Non Stick Pan|1099,1
ORD-20261002-1945,02/10/2026 15:20,rajesh,Saxena,"Ahmedabad, Gujarat",Beauty|Hair Serum|549,
ORD-20261002-1880,02/10/2026 17:07,aanya,Desai,"Mumbai, Maharashtra",Sports|Football|799,1
ORD-20261002-0336,2026-10-02 20:48:59,Divya,Patil,"Bengaluru, Karnataka",Electronics|Power Bank|899,1
ORD-20261002-2105,2026-10-02 18:09:53,Payal,pillai,"chennai, tamil nadu",Home And Kitchen|Wall Clock|649,1
ORD-20261002-0912,02/10/2026 19:14,om,SHARMA,"Delhi, Delhi",Fashion|Running Shoes|2199,4
ORD-20261002-3406,02/10/2026 22:26,kabir,Agarwal,"Delhi, Delhi",Home And Kitchen|Bedsheet Set|1499,4
ORD-20261002-1029,02-10-2026 15:21,ishaan,kapoor,"HYDERABAD, TELANGANA",Electronics|Bluetooth Speaker|1799,1
ORD-20261002-4758,2026-10-02 16:48:18,Kriti,pillai,"Ahmedabad, Gujarat",Beauty|Hair Serum|549,4
ORD-20261002-1801,02-10-2026 19:21,Aanya,Iyer,"delhi, delhi",Home And Kitchen|Non Stick Pan|1099,1
ORD-20261002-4418,02/10/2026 11:16,tanvi,patil,"Hyderabad, Telangana",Beauty|Face Wash|249,2.0
ORD-20261002-4445,02/10/2026 18:20,Sai,agarwal,"Pune, Maharashtra",Fashion|Sunglasses|999,0
ORD-20261002-0804,2026-10-02 20:23:10,  Shaurya ,bhatt,"Chennai, Tamil Nadu",Electronics|Bluetooth Speaker|1799,2
ORD-20261002-2880,02/10/2026 12:20,nisha,Mehta,"ahmedabad, gujarat",Sports|Skipping Rope|199,3
ORD-20261002-0730,02/10/2026 12:18,Pranav,mehta,"pune, maharashtra",Electronics|Laptop Stand|749,one
ORD-20261002-4427,02/10/2026 12:30,  Yash ,PATIL,"Hyderabad, Telangana",Electronics|Wireless Earbuds|1299,1
ORD-20261002-0480,02/10/2026 13:52,Shaurya,Trivedi,"Pune, Maharashtra",Fashion|Cotton Kurta|799,5
ORD-20261002-1300,2026-10-02 19:28:14,Ishaan,Sharma,"  Nagpur, Maharashtra ",Sports|Football|799,1
ORD-20261002-0243,2026-10-02 18:36:05,Krupa,Joshi,"Jaipur, Rajasthan",Fashion|Sunglasses|999,2
ORD-20261002-4081,2026-10-02 21:18:05,ISHAAN,Shah,"bengaluru, karnataka",Sports|Football|799,2
ORD-20261002-0574,02/10/2026 22:12,Ayaan,,"Lucknow, Uttar Pradesh",Fashion|Running Shoes|2199,2
ORD-20261002-2956,02-10-2026 21:52,Nisha,khanna,"Chennai, Tamil Nadu",Electronics|Bluetooth Speaker|1799,2
ORD-20261002-3456,2026-10-02 11:44:21,Vivaan,  Modi ,,Electronics|Wireless Earbuds|1299,1
ORD-20261002-2512,2026-10-02 21:05:13,Karan,Iyer,"  Jaipur, Rajasthan ",Sports|Cricket Bat|1599,3
ORD-20261002-3907,02/10/2026 21:56,karan,Kalavadia,"  Chennai, Tamil Nadu ",Electronics|Power Bank|899,1
ORD-20261002-0803,2026-10-02 21:38:07,  Dhruv ,Ghosh,"PUNE, MAHARASHTRA",Home And Kitchen|Storage Box|299,2
ORD-20261002-3784,2026-10-02 16:22:32,Kabir,Kulkarni,"  Ahmedabad, Gujarat ",Home And Kitchen|Steel Water Bottle|399,1
ORD-20261002-4580,2026-10-02 11:11:52,Atharv,Patel,"Delhi, Delhi",Fashion|Running Shoes|2199,
ORD-20261002-2562,02-10-2026 23:13,Pari,Ghosh,"Chennai, Tamil Nadu",Home And Kitchen|Bedsheet Set|1499,4
ORD-20261002-0237,02/10/2026 08:04,ritu,Mishra,"SURAT, GUJARAT",Home And Kitchen|Steel Water Bottle|399,4
ORD-20261002-2594,02/10/2026 21:29,Vikas,malhotra,"Bengaluru, Karnataka",Beauty|Sunscreen|449,3
ORD-20261002-3583,02-10-2026 08:30,Anika,Joshi,"  Bengaluru, Karnataka ",Beauty|Face Wash|249,1
ORD-20261002-1201,2026-10-02 02:26:32,Dhwani,Chopra,"chennai, tamil nadu",Electronics|Wireless Earbuds|1299,1
ORD-20261002-0073,02/10/2026 11:12,Vihaan,Kapoor,"Surat, Gujarat",Electronics|Bluetooth Speaker|1799,1
ORD-20261002-4546,2026-10-02 03:09:45,Rajesh,Reddy,"COIMBATORE, TAMIL NADU",Sports|Football|799,1
ORD-20261002-1110,02/10/2026 12:39,tanvi,parmar,"Bengaluru, Karnataka",Sports|Dumbbell Set|1899,1
ORD-20261002-2137,02/10/2026 22:17,tushar,Pawar,"delhi, delhi",Beauty|Hair Serum|549,1
ORD-20261002-1271,2026-10-02 21:34:20,PRANAV,Kapoor,"Jaipur, Rajasthan",Electronics|Power Bank|899,
ORD-20261002-2175,2026-10-02 08:44:00,vikas,Trivedi,"  Mumbai, Maharashtra ",Home And Kitchen|Non Stick Pan|1099,6
ORD-20261002-1726,02/10/2026 20:33,BHAVNA,Pillai,,Electronics|Smart Watch|2499,3
ORD-20261002-2547,02/10/2026 05:26,Rahul,Chopra,"kolkata, west bengal",Electronics|Smart Watch|2499,1
ORD-20261002-4278,02/10/2026 12:01,ADITYA,Tiwari,"Delhi, Delhi",Electronics|Bluetooth Speaker|1799,2
ORD-20261002-1685,02/10/2026 11:46,Aarav,modi,"Bengaluru, Karnataka",Sports|Cricket Bat|1599,3.0
ORD-20261002-1672,2026-10-02 20:15:50,manish,Joshi,"Chennai, Tamil Nadu",Beauty|Face Wash|249,1
ORD-20261002-1594,02/10/2062 19:52,RAHUL,pandya,"Vadodara, Gujarat",Electronics|Smart Watch|2499,1
ORD-20261002-3840,02/10/2026 21:43,Kunal,Modi,"ahmedabad, gujarat",Sports|Football|799,1
ORD-20261002-4277,02-10-2026 23:50,  Bhavna ,JAIN,"Pune, Maharashtra",Fashion|Leather Wallet|499,1
ORD-20261002-4005,2026-10-02 22:42:41,Payal,Chauhan,"Mumbai, Maharashtra",Fashion|Leather Wallet|499,1
ORD-20261002-0680,02/10/2026 14:24,  Hetal ,Solanki,"JAIPUR, RAJASTHAN",Beauty|Face Wash|249,1
ORD-20261002-3946,02/10/2026 12:46,Pranav,Pawar,"mumbai, maharashtra",Home And Kitchen|Non Stick Pan|1099,2
ORD-20261002-3548,2026-10-02 15:45:44,Palak,Tiwari,N/A,Sports|Cricket Bat|1599,1
ORD-20261002-1869,02-10-2026 11:19,  Tushar ,Kumar,"Mumbai, Maharashtra",Sports|Dumbbell Set|1899,5
ORD-20261002-3332,02/10/2026 10:04,Kunal,pawar,"Mumbai, Maharashtra",Sports|Skipping Rope|199,2
ORD-20261002-4612,02-10-2026 03:16,  Harsh ,chaudhary,"Bengaluru, Karnataka",Home And Kitchen|Bedsheet Set|1499,3
ORD-20261002-1780,02/10/2026 20:25,Khushi,Ghosh,"Chennai, Tamil Nadu",Sports|Football|799,2
ORD-20261002-2840,02/10/2026 22:33,Karan,Modi,"Delhi, Delhi",Beauty|Perfume|1299,1
ORD-20261002-0198,02-10-2026 13:08,Reyansh,DAS,"Bengaluru, Karnataka",Home And Kitchen|Non Stick Pan|1099,2
ORD-20261002-4583,02/10/2026 19:27,Sara,KULKARNI,"surat, gujarat",Home And Kitchen|Non Stick Pan|1099,2
ORD-20261002-0066,02/10/2026 07:41,rudra,PATEL,"Chennai, Tamil Nadu",Fashion|Cotton Kurta|799,4
ORD-20261002-4367,02/10/2026 13:15,yash,Trivedi,"Pune, Maharashtra",Fashion|Denim Jeans|1199,1
ORD-20261002-2844,02-10-2026 18:49,Riya,Mishra,"Mumbai, Maharashtra",Beauty|Hair Serum|549,2
ORD-20261002-0104,02/10/2026 14:21,Diya,Bose,"AHMEDABAD, GUJARAT",Electronics|Power Bank|899,2
ORD-20261002-0476,02/10/2026 14:57,  Ayaan ,Bansal,"Lucknow, Uttar Pradesh",Sports|Yoga Mat|699,1
ORD-20261002-0321,02-10-2026 16:07,Anjali,  Menon ,"Mumbai, Maharashtra",Fashion|Denim Jeans|1199,1
ORD-20261002-1378,02/10/2026 18:02,saanvi,Verma,"MYSURU, KARNATAKA",Electronics|Laptop Stand|749,3
ORD-20261002-4365,2026-10-02 09:31:39,Aditya,Mukherjee,"Kolkata, West Bengal",Home And Kitchen|Bedsheet Set|1499,1
ORD-20261002-3289,2026-10-02 13:57:53,Simran,,"  Chennai, Tamil Nadu ",Fashion|Running Shoes|2199,1
ORD-20261002-4634,2026-10-02 18:21:57,Deepak,Gupta,"Ahmedabad, Gujarat",Beauty|Perfume|1299,3
ORD-20261002-3566,02-10-2026 22:29,Anjali,PARMAR,"Kolkata, West Bengal",Sports|Dumbbell Set|1899,3
ORD-20261002-3099,02-10-2026 20:33,Anjali,parmar,"kolkata, west bengal",Beauty|Lipstick|399,3
ORD-20261002-1616,02/10/2026 19:47,atharv,joshi,"Ahmedabad, Gujarat",Home And Kitchen|Wall Clock|649,1.0
ORD-20261002-0702,2026-10-02 20:12:42,Ishaan,Ghosh,"Surat, Gujarat",Sports|Dumbbell Set|1899,2
ORD-20261002-1916,2026-10-02 21:20:45,Komal,Ghosh,"KOLKATA, WEST BENGAL",Home And Kitchen|Bedsheet Set|1499,4
ORD-20261002-3015,2026-10-02 19:48:59,null,verma,"Jaipur, Rajasthan",Electronics|Wireless Earbuds|1299,1
ORD-20261002-4599,02/10/2026 08:08,Aarav,Patel,"Mumbai, Maharashtra",Sports|Yoga Mat|699,2.0
ORD-20261002-2152,2026-10-02 21:10:49,Krupa,Tiwari,"PUNE, MAHARASHTRA",Beauty|Face Wash|249,1
ORD-20261002-0723,02-10-2026 07:27,Pranav,trivedi,"Mumbai, Maharashtra",Home And Kitchen|Bedsheet Set|1499,1
ORD-20261002-3114,2026-10-02 19:16:33,om,Trivedi,,Home And Kitchen|Steel Water Bottle|399,2.0
ORD-20261002-2366,02-10-2026 06:59,  Arjun ,Das,"Vadodara, Gujarat",Electronics|Power Bank|899,1
ORD-20261002-2091,02/10/2026 07:04,Saanvi,Patil,"  Vadodara, Gujarat ",Sports|Yoga Mat|699,1.0
ORD-20261002-1376,N/A,Neha,Mukherjee,"mysuru, karnataka",Electronics|Smart Watch|2499,1
ORD-20261002-1722,2026-10-02 13:43:03,PARTH,Patel,"Bengaluru, Karnataka",Beauty|Sunscreen|449,1.0
ORD-20261002-4380,02/10/2026 12:28,simran,Thakkar,"  Kolkata, West Bengal ",Electronics|Laptop Stand|749, 1 
ORD-20261002-4836,02/10/2026 11:43,dhwani,Pawar,"Ahmedabad, Gujarat",Home And Kitchen|Storage Box|299,1
ORD-20261002-1096,02/10/2026 18:17,  Aryan ,Kalavadia,"Coimbatore, Tamil Nadu",Home And Kitchen|Wall Clock|649,2
ORD-20261002-2764,2026-10-02 07:17:13,Ishaan,Agarwal,"  Delhi, Delhi ",Home And Kitchen|Non Stick Pan|1099,2
ORD-20261002-4411,02-10-2026 15:35,AARAV,Menon,"KOLKATA, WEST BENGAL",Home And Kitchen|Steel Water Bottle|399,4
ORD-20261002-2520,02/10/2026 10:22,Ananya,modi,"pune, maharashtra",Fashion|Sunglasses|999,3.0
ORD-20261002-0872,02/10/2026 19:47,  Navya ,,"Mumbai, Maharashtra",Fashion|Denim Jeans|1199,1.0
ORD-20261002-1455,2026-10-02 12:48:00,isha,Ghosh,"  Delhi, Delhi ",Electronics|Smart Watch|2499,2
ORD-20261002-3698,2026-10-02 16:56:19,vihaan,Jain,"Mumbai, Maharashtra",Beauty|Perfume|1299,1
ORD-20261002-2179,,Rahul,Kulkarni,N/A,Electronics|Power Bank|899,1
ORD-20261002-0173,2026-10-02 07:04:36,Roshni,Trivedi,"Chennai, Tamil Nadu",Fashion|Leather Wallet|499,0
ORD-20261002-1933,2026-10-02 18:13:48,Krishna,kalavadia,"  Ahmedabad, Gujarat ",Fashion|Cotton Kurta|799,1
ORD-20261002-2165,02/10/2026 11:29,sara,JAIN,"Mysuru, Karnataka",Electronics|Laptop Stand|749,1.0
ORD-20261002-3494,02-10-2026 12:52,Rahul,Chauhan,"Pune, Maharashtra",Fashion|Cotton Kurta|799,1
ORD-20261002-0341,02-10-2026 15:08,vikas,Patil,"vadodara, gujarat",Sports|Football|799,1
ORD-20261002-4773,02-10-2026 18:17,Atharv,Mishra,"vadodara, gujarat",Electronics|Bluetooth Speaker|1799,1
ORD-20261002-2551,02/10/2026 21:40,Arjun,SHARMA,"chennai, tamil nadu",Home And Kitchen|Bedsheet Set|1499,0
ORD-20261002-4078,2026-10-02 11:59:38,swati,Pillai,"pune, maharashtra",Fashion|Cotton Kurta|799,2
ORD-20261002-2897,02-10-2026 20:08,Isha,Sinha,"pune, maharashtra",Electronics|Bluetooth Speaker|1799,1
ORD-20261002-2584,02-10-2026 23:48,Om,trivedi,"  Surat, Gujarat ",Fashion|Sunglasses|999,2
ORD-20261002-4842,02/10/2026 11:03,Dev,Jain,"Delhi, Delhi",Fashion|Cotton Kurta|799,1
ORD-20261002-3516,02/10/2026 11:05,Tanvi,trivedi,"Hyderabad, Telangana",Home And Kitchen|Non Stick Pan|1099,1.0
ORD-20261002-0602,02/10/2026 17:05,Manish,Agarwal,"Mumbai, Maharashtra",Home And Kitchen|Wall Clock|649,1
ORD-20261002-3826,02/10/2026 07:04,Mihir,khanna,"chennai, tamil nadu",Sports|Yoga Mat|699,1
ORD-20261002-0607,2026-10-02 16:18:43,Roshni,,"lucknow, uttar pradesh",Fashion|Leather Wallet|499,1
ORD-20261002-0525,2026-10-02 20:09:56,Rohan,tiwari,"Vadodara, Gujarat",Electronics|Smart Watch|2499,2
ORD-20261002-2001,02/10/2026 14:48,varun,Shah,"Mumbai, Maharashtra",Home And Kitchen|Storage Box|299,1
ORD-20261002-3726,2026-10-02 12:53:47,KHUSHI,gupta,"bengaluru, karnataka",Beauty|Face Wash|249, 4 
ORD-20261002-0612,02/10/2026 17:48,Mihir,Desai,"Ahmedabad, Gujarat",Sports|Yoga Mat|699,2
ORD-20261002-1223,02/10/2026 18:13,KRITI,Jain,"Lucknow, Uttar Pradesh",Electronics|Power Bank|899,4
ORD-20261002-2114,02/10/2026 13:04,Sara,Srivastava,"Nagpur, Maharashtra",Fashion|Leather Wallet|499,1
ORD-20261002-3112,02-10-2026 22:46,Isha,Menon,"  Lucknow, Uttar Pradesh ",Home And Kitchen|Non Stick Pan|1099,3
ORD-20261002-3310,02/10/2026 22:48,Vivaan,iyer,"Delhi, Delhi",Beauty|Perfume|1299,1
ORD-20261002-3955,02/10/2026 13:49,Vihaan,Gupta,"Mumbai, Maharashtra",Home And Kitchen|Steel Water Bottle|399,0
ORD-20261002-2256,02/10/2026 18:47,Kunal,Bhatt,"  Mumbai, Maharashtra ",Fashion|Leather Wallet|499,3
ORD-20261002-0115,02/10/2026 21:19,komal,Arora,"mumbai, maharashtra",Home And Kitchen|Wall Clock|649, 3 
ORD-20261002-2992,2026-10-02 20:38:02,DIYA,Malhotra,"delhi, delhi",Home And Kitchen|Wall Clock|649,4
ORD-20261002-2659,02/10/2026 10:10,Komal,Pillai,"Bengaluru, Karnataka",Beauty|Hair Serum|549,2
ORD-20261002-1627,02/10/2026 12:01,Neel,trivedi,"Chennai, Tamil Nadu",Beauty|Face Wash|249,1
ORD-20261002-0030,N/A,rahul,SOLANKI,"mumbai, maharashtra",Beauty|Face Wash|249,1
ORD-20261002-1893,2026-10-02 16:25:10,Aadhya,Parmar,"delhi, delhi",Sports|Yoga Mat|699,3
ORD-20261002-4090,02/10/2026 18:06,Nidhi,yadav,"coimbatore, tamil nadu",Fashion|Denim Jeans|1199,1
ORD-20261002-2035,02-10-2026 02:48,Komal,Chaudhary,"Bengaluru, Karnataka",Sports|Dumbbell Set|1899,1
ORD-20261002-3842,02-10-2026 19:08,Karan,Chauhan,"Ahmedabad, Gujarat",Home And Kitchen|Bedsheet Set|1499,1
ORD-20261002-0079,02-10-2026 21:30,Swati,  Chaudhary ,"Pune, Maharashtra",Sports|Cricket Bat|1599,2
ORD-20261002-0630,02/10/2026 20:48,  Deepak ,  Solanki ,"  Mumbai, Maharashtra ",Fashion|Leather Wallet|499,4
ORD-20261002-1426,02-10-2026 19:40,Aditi,Patel,"  Bengaluru, Karnataka ",Electronics|Power Bank|899,1
ORD-20261002-2457,02/10/2026 21:49,Rudra,Pawar,"delhi, delhi",Sports|Cricket Bat|1599,2
ORD-20261002-0539,2026-10-02 18:34:54,karan,  Shah ,"bengaluru, karnataka",Sports|Cricket Bat|1599,4
ORD-20261002-3446,02/10/2026 19:15,Divya,Chauhan,"Chennai, Tamil Nadu",Fashion|Leather Wallet|499,4
ORD-20261002-0512,02-10-2026 13:29,Krupa,Desai,"MUMBAI, MAHARASHTRA",Fashion|Leather Wallet|499,
ORD-20261002-2721,02/10/2026 17:34,Payal,Mishra,"Kolkata, West Bengal",Fashion|Cotton Kurta|799,1
ORD-20261002-1795,02-10-2026 16:33,Jay,bhatt,"  Coimbatore, Tamil Nadu ",Home And Kitchen|Steel Water Bottle|399,1
ORD-20261002-2439,02/10/2026 19:40,vivaan,Sinha,"Hyderabad, Telangana",Home And Kitchen|Bedsheet Set|1499,1
ORD-20261002-1940,2026-10-02 22:52:41,Saanvi,  Chaudhary ,"Bengaluru, Karnataka",Home And Kitchen|Non Stick Pan|1099,4
ORD-20261002-3536,2026-10-02 15:20:41,Rajesh,Saxena,"Ahmedabad, Gujarat",Electronics|Smart Watch|2499,6
ORD-20261002-4676,02/10/2026 12:14,Dhwani,chopra,"CHENNAI, TAMIL NADU",Beauty|Hair Serum|549,2
ORD-20261002-1727,2026-10-02 14:46:35,Aadhya,Das,"KOLKATA, WEST BENGAL",Fashion|Sunglasses|999,3
ORD-20261002-0805,02/10/2026 21:48,mihir,Menon,"Kolkata, West Bengal",Electronics|Bluetooth Speaker|1799,
ORD-20261002-0948,02/10/2026 12:28,Aryan,Pandya,"Mumbai, Maharashtra",Electronics|Wireless Earbuds|1299,3
ORD-20261002-1682,02-10-2026 13:28,neha,Kapoor,"  Kolkata, West Bengal ",Fashion|Running Shoes|2199,2
ORD-20261002-1119,02/10/2026 10:20,khushi,Bhatt,"bengaluru, karnataka",Sports|Cricket Bat|1599, 5 
ORD-20261002-1981,02/10/2026 20:06,Dhruv,solanki,"CHENNAI, TAMIL NADU",Electronics|Wireless Earbuds|1299,2
ORD-20261002-0551,2026-10-02 07:32:27,  Rahul ,VYAS,"mumbai, maharashtra",Sports|Football|799,1
ORD-20261002-2590,2026-10-02 21:55:10,Kabir,  Mishra ,"Kolkata, West Bengal",Home And Kitchen|Steel Water Bottle|399,2
ORD-20261002-3796,02/10/2026 21:45,Divya,chaudhary,"  Chennai, Tamil Nadu ",Fashion|Cotton Kurta|799,1
ORD-20261002-1608,2026-10-02 17:34:43,ROSHNI,shah,"Ahmedabad, Gujarat",Electronics|Smart Watch|2499,3
ORD-20261002-0728,02/10/2026 15:41,Manish,Pawar,"Jaipur, Rajasthan",Sports|Dumbbell Set|1899,2
ORD-20261002-3605,02/10/2026 20:57,riya,mishra,"Lucknow, Uttar Pradesh",Sports|Cricket Bat|1599,1
ORD-20261002-2996,02-10-2026 21:38,ishaan,Agarwal,"Delhi, Delhi",Electronics|Bluetooth Speaker|1799,4
ORD-20261002-1676,2026-10-02 21:54:13,GAURAV,Yadav,"  Vadodara, Gujarat ",Beauty|Lipstick|399,1
ORD-20261002-4700,02-10-2026 07:56,Dhruv,  Sharma ,"Kolkata, West Bengal",Home And Kitchen|Bedsheet Set|1499,2
ORD-20261002-3708,02/10/2026 10:30,ADITYA,Iyer,"Pune, Maharashtra",Fashion|Leather Wallet|499,1
ORD-20261002-1810,2026-10-02 22:28:22,Vivaan,Modi,"Vadodara, Gujarat",Beauty|Hair Serum|549,1
ORD-20261002-3822,,Rohan,yadav,"coimbatore, tamil nadu",Electronics|Smart Watch|2499,1
ORD-20261002-0581,02/10/2026 11:20,priya,Modi,"  Chennai, Tamil Nadu ",Electronics|Laptop Stand|749,1
ORD-20261002-0678,02-10-2026 12:40,Saanvi,Patel,"Lucknow, Uttar Pradesh",Sports|Skipping Rope|199,1
ORD-20261002-3648,2026-10-02 05:28:41,Riya,Bose,"Pune, Maharashtra",Fashion|Running Shoes|2199,2
ORD-20261002-4186,2026-10-02 14:27:22,Vivaan,Srivastava,"Coimbatore, Tamil Nadu",Fashion|Denim Jeans|1199,1
ORD-20261002-3701,02/10/2026 17:37,Reyansh,Patel,"Jaipur, Rajasthan",Electronics|Wireless Earbuds|1299, 1 
ORD-20261002-3958,2026-10-02 16:12:57,Om,pawar,"DELHI, DELHI",Beauty|Perfume|1299, 3 
,02/10/2026 19:03,sara,Pandya,"Coimbatore, Tamil Nadu",Home And Kitchen|Storage Box|299, 1 
ORD-20261002-0773,2026-10-02 23:46:52,Ritu,Shah,"  Jaipur, Rajasthan ",Fashion|Cotton Kurta|799,1
ORD-20261002-1690,2026-10-02 15:00:07,mansi,Verma,"Lucknow, Uttar Pradesh",Home And Kitchen|Steel Water Bottle|399,1
ORD-20261002-1326,02-10-2026 21:38,Sara,Kumar,"kolkata, west bengal",Fashion|Leather Wallet|499,5
ORD-20261002-0718,02/10/2026 10:15,isha,Mukherjee,"Chennai, Tamil Nadu",Sports|Yoga Mat|699,2
ORD-20261002-0454,02-10-2026 04:28,Roshni,Menon,"Vadodara, Gujarat",Fashion|Sunglasses|999,2
ORD-20261002-2024,2026-10-02 21:41:41,Roshni,Kapoor,"Bengaluru, Karnataka",Electronics|Bluetooth Speaker|1799,1
ORD-20261002-4707,02/10/2026 20:11,Harsh,mishra,"Hyderabad, Telangana",Home And Kitchen|Steel Water Bottle|399,2
ORD-20261002-4330,02/10/2026 20:51,Mihir,MENON,"Jaipur, Rajasthan",Home And Kitchen|Wall Clock|649,1
ORD-20261002-2423,02/10/2026 12:57,Shaurya,rathod,"Pune, Maharashtra",Beauty|Lipstick|399,1
ORD-20261002-1062,02/10/2026 17:29,Tushar,Parmar,"Chennai, Tamil Nadu",Home And Kitchen|Wall Clock|649,3
ORD-20261002-2529,2026-10-02 10:33:07,Shreya,Verma,"Lucknow, Uttar Pradesh",,5.0
ORD-20261002-3677,02/10/2026 15:39,Rudra,Kulkarni,"  Pune, Maharashtra ",Sports|Skipping Rope|199,1
ORD-20261002-2783,02-10-2026 12:58,Tanvi,Iyer,"Ahmedabad, Gujarat",Home And Kitchen|Storage Box|299,1
ORD-20261002-0427,02-10-2026 16:08,Karan,kapoor,"Bengaluru, Karnataka",Fashion|Sunglasses|999,1
ORD-20261002-4192,02/10/2026 14:45,SAANVI,Desai,"bengaluru, karnataka",Home And Kitchen|Bedsheet Set|1499, 2 
ORD-20261002-0143,02/10/2026 19:45,NISHA,GHOSH,"Mumbai, Maharashtra",Sports|Football|799,3
ORD-20261002-0752,02/10/2062 14:45,Anjali,Yadav,"Jaipur, Rajasthan",Fashion|Denim Jeans|1199,5
ORD-20261002-1010,02-10-2026 07:12,Rudra,Yadav,"bengaluru, karnataka",Fashion|Denim Jeans|1199,1
ORD-20261002-3507,2026-10-02 16:55:47,Parth,Bhatt,"Surat, Gujarat",Electronics|Laptop Stand|749,6
ORD-20261002-1732,02/10/2026 13:36,Ayaan,GUPTA,"CHENNAI, TAMIL NADU",Sports|Dumbbell Set|1899,1
ORD-20261002-2060,02-10-2026 07:34,Saanvi,AGARWAL,"Delhi, Delhi",Electronics|Smart Watch|2499,6
ORD-20261002-3725,2026-10-02 20:26:16,Tanvi,Patil,"hyderabad, telangana",Beauty|Face Wash|249,1
ORD-20261002-3486,02-10-2026 21:41,Tushar,Kumar,"mumbai, maharashtra",Fashion|Leather Wallet|499,1
ORD-20261002-3162,2026-10-02 19:12:12,Ananya,  Chaudhary ,"Lucknow, Uttar Pradesh",Beauty|Sunscreen|449,3
ORD-20261002-0933,2026-10-02 10:17:42,Aanya,Saxena,"  Ahmedabad, Gujarat ",Fashion|Cotton Kurta|799, 1 
ORD-20261002-2055,02-10-2026 11:50,Rajesh,Reddy,"HYDERABAD, TELANGANA",Electronics|Smart Watch|2499,1
ORD-20261002-0775,02-10-2026 10:12,,Reddy,"Delhi, Delhi",Beauty|Lipstick|399,1
ORD-20261002-3025,02/10/2026 19:08,Navya,Mehta,"Nagpur, Maharashtra",Beauty|Sunscreen|449,
ORD-20261002-0779,02/10/2026 20:24,Simran,Pandya,"Delhi, Delhi",Home And Kitchen|Non Stick Pan|1099,3
ORD-20261002-2712,02/10/2026 19:19,,Saxena,"  Pune, Maharashtra ",Fashion|Leather Wallet|499,5
ORD-20261002-0785,02-10-2026 17:14,Komal,bhatt,"  Mysuru, Karnataka ",Fashion|Sunglasses|999,2
ORD-20261002-3808,2026-10-02 21:38:53,AADHYA,kumar,"Mumbai, Maharashtra",Home And Kitchen|Bedsheet Set|1499,4
ORD-20261002-2806,02-10-2026 09:00,Ritu,Shah,"Ahmedabad, Gujarat",Electronics|Wireless Earbuds|1299,1
ORD-20261002-2318,02/10/2026 12:29,Dhwani,Desai,"Mumbai, Maharashtra",Home And Kitchen|Non Stick Pan|1099,1
ORD-20261002-0855,2026-10-02 13:13:32,Krupa,verma,"Chennai, Tamil Nadu",Beauty|Face Wash|249,2
ORD-20261002-4371,2026-10-02 16:33:52,DIYA,Patil,"Pune, Maharashtra",Beauty|Sunscreen|449,1
ORD-20261002-4632,02/10/2026 19:36,Navya,Chopra,"Kolkata, West Bengal",Home And Kitchen|Steel Water Bottle|399,1
ORD-20261002-4431,02/10/2026 11:19,aditi,Dubey,"Vadodara, Gujarat",Beauty|Face Wash|249, 4 
ORD-20261002-0534,02/10/2026 22:17,Aryan,MALHOTRA,"Pune, Maharashtra",Home And Kitchen|Steel Water Bottle|399,1
ORD-20261002-0589,2026-10-02 09:52:37,Anika,  Thakkar ,"Surat, Gujarat",Home And Kitchen|Wall Clock|649, 2 
ORD-20261002-1853,02/10/2026 17:54,  Navya ,RAO,"Kolkata, West Bengal",Fashion|Cotton Kurta|799,2
ORD-20261002-3957,02/10/2026 19:07,Sneha,pandya,"Ahmedabad, Gujarat",Sports|Cricket Bat|1599,
ORD-20261002-0275,02/10/2026 14:20,Mansi,Patel,,Sports|Dumbbell Set|1899,1
ORD-20261002-3532,02/10/2026 12:47,Komal,Chauhan,"Ahmedabad, Gujarat",Sports|Dumbbell Set|1899,1
ORD-20261002-3209,02/10/2026 18:14,Anjali,Patel,"Hyderabad, Telangana",Electronics|Wireless Earbuds|1299,1
ORD-20261002-2823,2026-10-02 14:41:43,,Bansal,"nagpur, maharashtra",Sports|Dumbbell Set|1899,1
ORD-20261002-3529,02/10/2026 15:48,Aditi,Ghosh,"delhi, delhi",Electronics|Wireless Earbuds|1299,2
ORD-20261002-2456,02-10-2026 18:40,  Atharv ,Verma,"MUMBAI, MAHARASHTRA",Beauty|Perfume|1299,1
ORD-20261002-2533,02/10/2026 13:04,  Divya ,Vyas,"mumbai, maharashtra",Sports|Yoga Mat|699,5
ORD-20261002-4640,02/10/2026 06:55,Rahul,tiwari,"mysuru, karnataka",Electronics|Smart Watch|2499,1
ORD-20261002-3891,02/10/2026 19:30,Mansi,thakkar,"Chennai, Tamil Nadu",Beauty|Perfume|1299,3
ORD-20261002-0528,02/10/2026 21:44,divya,ghosh,"Pune, Maharashtra",Fashion|Cotton Kurta|799,2.0
ORD-20261002-3543,2026-10-02 18:43:08,Myra,Desai,"BENGALURU, KARNATAKA",Beauty|Hair Serum|549,2
ORD-20261002-2316,02/10/2026 13:53,Aryan,Sharma,"Mumbai, Maharashtra",Home And Kitchen|Steel Water Bottle|399,2
ORD-20261002-3271,2026-10-02 23:29:19,manish,rao,"  Coimbatore, Tamil Nadu ",Electronics|Wireless Earbuds|1299,2
ORD-20261002-3291,02/10/2026 17:20,Khushi,Dubey,,Home And Kitchen|Non Stick Pan|1099,1.0
ORD-20261002-2446,02/10/2026 22:49,Vivaan,Desai,"Chennai, Tamil Nadu",Sports|Dumbbell Set|1899,2
ORD-20261002-0564,2026-10-02 20:05:43,Komal,khanna,"Mumbai, Maharashtra",Fashion|Sunglasses|999,2
ORD-20261002-3969,02/10/2026 19:58,vikas,IYER,"PUNE, MAHARASHTRA",Home And Kitchen|Storage Box|299,2
ORD-20261002-0164,2026-10-02 21:11:19,Pooja,Patil,"Mumbai, Maharashtra",Home And Kitchen|Steel Water Bottle|399,4
ORD-20261002-2709,2026-10-02 12:05:34,Ayaan,Reddy,"Mysuru, Karnataka",Fashion|Sunglasses|999,1
ORD-20261002-2210,02-10-2026 22:52,Ritu,PANDYA,"CHENNAI, TAMIL NADU",Home And Kitchen|Bedsheet Set|1499,1
ORD-20261002-0846,02/10/2026 20:58,Kabir,rao,"  Surat, Gujarat ",Sports|Football|799,1
ORD-20261002-1112,2026-10-02 17:59:39,Mihir,  Iyer ,"Mumbai, Maharashtra",Home And Kitchen|Storage Box|299,5
ORD-20261002-1975,2026-10-02 13:29:12,pooja,Khanna,"Mumbai, Maharashtra",Electronics|Power Bank|899,2
ORD-20261002-3329,02/10/2026 09:37,  Aditya ,PATIL,"Coimbatore, Tamil Nadu",Beauty|Sunscreen|449,2
ORD-20261002-0452,02/10/2026 22:13,Rajesh,Reddy,"Vadodara, Gujarat",Sports|Dumbbell Set|1899,1
ORD-20261002-3041,02/10/2026 17:26,Ayaan,Mishra,"lucknow, uttar pradesh",Electronics|Laptop Stand|749,2
ORD-20261002-1100,02-10-2026 23:53,GAURAV,Menon,"Lucknow, Uttar Pradesh",Home And Kitchen|Steel Water Bottle|399,2
ORD-20261002-1090,02/10/2026 22:45,  Pooja ,Ghosh,"Surat, Gujarat",Fashion|Sunglasses|999,5
ORD-20261002-4792,02/10/2026 10:54,Khushi,Solanki,"Kolkata, West Bengal",Home And Kitchen|Bedsheet Set|1499,1
ORD-20261002-3455,02/10/2026 20:32,tushar,Parmar,"Chennai, Tamil Nadu",Fashion|Running Shoes|2199,2
ORD-20261002-2987,02/10/2026 18:20,Swati,  Reddy ,"CHENNAI, TAMIL NADU",Home And Kitchen|Steel Water Bottle|399,1
ORD-20261002-4098,2026-10-02 09:16:04,Karan,SAXENA,"hyderabad, telangana",Home And Kitchen|Non Stick Pan|1099,1
ORD-20261002-0445,02/10/2026 19:46,Janvi,patil,"Mysuru, Karnataka",Sports|Football|799,1
ORD-20261002-4209,02/10/2026 22:27,SWATI,Mukherjee,"Ahmedabad, Gujarat",Home And Kitchen|Non Stick Pan|1099,1
ORD-20261002-4649,02-10-2026 12:25,Aarav,bhatt,"hyderabad, telangana",Beauty|Perfume|1299,3
ORD-20261002-0409,2026-10-02 22:14:24,Simran,Pawar,"hyderabad, telangana",Home And Kitchen|Storage Box|299,1
ORD-20261002-2956,02-10-2026 21:52,Nisha,khanna,"Chennai, Tamil Nadu",Electronics|Bluetooth Speaker|1799,2
ORD-20261002-2847,02/10/2026 10:47,aadhya,Pandya,"SURAT, GUJARAT",Fashion|Cotton Kurta|799,1
ORD-20261002-1502,02/10/2026 07:59,Megha,Mehta,"Delhi, Delhi",Fashion|Sunglasses|999,1
ORD-20261002-0689,2026-10-02 14:28:47,simran,CHOPRA,"Chennai, Tamil Nadu",Home And Kitchen|Wall Clock|649,1
ORD-20261002-2379,02-10-2026 14:03,  Khushi ,bhatt,"Bengaluru, Karnataka",Home And Kitchen|Steel Water Bottle|399,4
ORD-20261002-2834,2026-10-02 20:47:16,  Vikas ,Dubey,"Lucknow, Uttar Pradesh",Beauty|Perfume|1299,1
ORD-20261002-2609,02-10-2026 15:09,Karan,Malhotra,"Pune, Maharashtra",Fashion|Cotton Kurta|799,1
ORD-20261002-4631,02/10/2026 10:26,PARI,thakkar,"Chennai, Tamil Nadu",Electronics|Bluetooth Speaker|1799,1
ORD-20261002-3525,02-10-2026 14:33,nisha,  Verma ,"Surat, Gujarat",Home And Kitchen|Storage Box|299,5
ORD-20261002-2701,02/10/2026 20:50,Rohan,Arora,"Surat, Gujarat",Sports|Cricket Bat|1599,2
ORD-20261002-1087,02/10/2026 18:32,Ishaan,Mukherjee,"Pune, Maharashtra",Home And Kitchen|Wall Clock|649,1
ORD-20261002-4179,02/10/2026 16:10,  Suresh ,KALAVADIA,"Delhi, Delhi",Sports|Yoga Mat|699,1
ORD-20261002-0388,2026-10-02 09:26:22,Arjun,MODI,"CHENNAI, TAMIL NADU",Beauty|Lipstick|399,3
ORD-20261002-4104,02/10/2026 12:39,KRISHNA,Rathod,"bengaluru, karnataka",Fashion|Leather Wallet|499,3
ORD-20261002-1353,02-10-2026 13:08,Ritu,Thakkar,N/A,Fashion|Running Shoes|2199, 1 
ORD-20261002-3809,02/10/2026 20:16,Harsh,shah,"nagpur, maharashtra",Fashion|Leather Wallet|499,1
ORD-20261002-2620,02-10-2026 19:13,Megha,GHOSH,"Bengaluru, Karnataka",Home And Kitchen|Non Stick Pan|1099,1.0
ORD-20261002-0807,02/10/2026 20:06,mihir,Kapoor,"Hyderabad, Telangana",Home And Kitchen|Non Stick Pan|1099,4
ORD-20261002-3132,02/10/2026 20:49,Shreya,Trivedi,"Jaipur, Rajasthan",Beauty|Perfume|1299,2
ORD-20261002-0291,02/10/2026 09:05,Anika,Tiwari,"DELHI, DELHI",Home And Kitchen|Storage Box|299,2
ORD-20261002-4142,02-10-2026 12:10,  Rudra ,Kapoor,"Delhi, Delhi",Home And Kitchen|Storage Box|299,2
ORD-20261002-0305,2026-10-02 13:31:15,Yash,patil,"hyderabad, telangana",Electronics|Wireless Earbuds|1299,3
ORD-20261002-0985,02-10-2026 20:22,Pranav,Rathod,"ahmedabad, gujarat",Home And Kitchen|Storage Box|299,3
ORD-20261002-4448,02/10/2026 22:26,MIHIR,Ghosh,"chennai, tamil nadu",Home And Kitchen|Non Stick Pan|1099,3
ORD-20261002-3537,2026-10-02 10:03:32,tanvi,Sharma,"Chennai, Tamil Nadu",Beauty|Face Wash|249,3
ORD-20261002-4626,02/10/2026 17:04,  Deepak ,Verma,"Bengaluru, Karnataka",Beauty|Face Wash|249,2
ORD-20261002-4093,02/10/2026 14:56,Ayaan,Singh,"Vadodara, Gujarat",Home And Kitchen|Non Stick Pan|1099, 2 
ORD-20261002-1185,2026-10-02 15:39:36,Aditya,Chopra,"Chennai, Tamil Nadu",Electronics|Laptop Stand|749,1
ORD-20261002-3158,2026-10-02 06:19:20,Ishaan,Mishra,"  Hyderabad, Telangana ",Electronics|Power Bank|899,2
ORD-20261002-1002,02/10/2026 16:03,Ayaan,Mukherjee,"Ahmedabad, Gujarat",Electronics|Laptop Stand|749,4
ORD-20261002-0453,02/10/2026 19:48,anjali,Iyer,"delhi, delhi",Electronics|Bluetooth Speaker|1799,1
ORD-20261002-4181,02/10/2026 19:48,  Riya ,Bansal,"vadodara, gujarat",Fashion|Sunglasses|999,4
ORD-20261002-3687,2026-10-02 20:31:45,Vihaan,Jain,"nagpur, maharashtra",Home And Kitchen|Bedsheet Set|1499,5
ORD-20261002-3513,02/10/2026 00:51,MIHIR,solanki,"Coimbatore, Tamil Nadu",Sports|Yoga Mat|699,1
ORD-20261002-3164,02/10/2026 19:44,Khushi,  Bansal ,"delhi, delhi",Fashion|Sunglasses|999,1
ORD-20261002-4484,02/10/2026 19:23,pooja,Nair,"Chennai, Tamil Nadu",Home And Kitchen|Steel Water Bottle|399,1
ORD-20261002-1558,02/10/2026 20:11,kriti,joshi,"DELHI, DELHI",Beauty|Hair Serum|549,1
ORD-20261002-4614,02/10/2026 13:05,Tushar,tiwari,"Chennai, Tamil Nadu",Home And Kitchen|Bedsheet Set|1499,4
ORD-20261002-0418,02/10/2026 18:19,om,TIWARI,"Pune, Maharashtra",Sports|Dumbbell Set|1899, 2 
ORD-20261002-1750,02/10/2026 16:27,Om,Gupta,"Ahmedabad, Gujarat",Sports|Skipping Rope|199, 3 
ORD-20261002-2819,2026-10-02 18:07:36,atharv,Tiwari,"delhi, delhi",Electronics|Bluetooth Speaker|1799,1
ORD-20261002-3910,02/10/2026 15:23,Varun,Iyer,"Chennai, Tamil Nadu",Sports|Skipping Rope|199,3
ORD-20261002-3390,02/10/2026 13:03,Tanvi,solanki,"Surat, Gujarat",Electronics|Wireless Earbuds|1299,4
ORD-20261002-3675,02/10/2026 21:18,POOJA,gupta,"Pune, Maharashtra",Sports|Football|799,1
ORD-20261002-1199,02/10/2026 14:23,Ananya,Sharma,"Hyderabad, Telangana",Beauty|Perfume|1299,2.0
ORD-20261002-0580,2026-10-02 16:42:57,Aditi,  Iyer ,"Hyderabad, Telangana",Fashion|Sunglasses|999,6
ORD-20261002-3887,2026-10-02 13:24:25,Sneha,  Jain ,"Ahmedabad, Gujarat",Electronics|Laptop Stand|749,2
ORD-20261002-0274,2026-10-02 15:19:28,Kunal,  Mukherjee ,"Surat, Gujarat",Electronics|Laptop Stand|749,1
ORD-20261002-1205,2026-10-02 21:56:30,Vihaan,Bansal,"chennai, tamil nadu",Sports|Football|799,3.0
ORD-20261002-1085,02/10/2025 16:33,DHWANI,Mukherjee,"mysuru, karnataka",Beauty|Lipstick|399,
ORD-20261002-3779,02/10/2026 10:57,Vivaan,Joshi,"Lucknow, Uttar Pradesh",Sports|Yoga Mat|699,1
ORD-20261002-1337,02/10/2026 14:57,Kriti,Sharma,"delhi, delhi",Beauty|Perfume|1299,2
ORD-20261002-3624,02/10/2026 18:43,Payal,Kapoor,"Kolkata, West Bengal",Beauty|Face Wash|249,2
ORD-20261002-1778,2026-10-02 05:26:53,Pranav,Trivedi,"mumbai, maharashtra",Sports|Skipping Rope|199,6
ORD-20261002-0390,02-10-2026 13:11,Atharv,joshi,"  Ahmedabad, Gujarat ",Fashion|Sunglasses|999,2
ORD-20261002-1845,02-10-2026 17:09,Vikas,CHAUDHARY,"Coimbatore, Tamil Nadu",Fashion|Cotton Kurta|799,1
ORD-20261002-2421,2026-10-02 22:06:11,Atharv,MODI,"bengaluru, karnataka",Electronics|Bluetooth Speaker|1799,1
ORD-20261002-2028,2026-10-02 17:22:07,Om,CHOPRA,"Pune, Maharashtra",Home And Kitchen|Steel Water Bottle|399, 3 
ORD-20261002-3324,02-10-2026 19:54,aditya,Verma,"Mumbai, Maharashtra",Sports|Football|799,1
ORD-20261002-1998,02/10/2026 18:02,  Neha ,  Vyas ,"Vadodara, Gujarat",Beauty|Hair Serum|549,4
ORD-20261002-0167,02/10/2026 20:28,Manish,Vyas,"pune, maharashtra",Electronics|Smart Watch|2499,2
ORD-20261002-2963,2026-10-02 15:17:23,Rohan,  Sharma ,"JAIPUR, RAJASTHAN",Electronics|Bluetooth Speaker|1799,2
ORD-20261002-3786,02/10/2026 17:07,Anika,  Saxena ,"  Pune, Maharashtra ",Home And Kitchen|Steel Water Bottle|399,1
ORD-20261002-2932,2026-10-02 21:33:19,Aditya,Kulkarni,"Mysuru, Karnataka",Home And Kitchen|Bedsheet Set|1499,4
ORD-20261002-2612,02/10/2026 21:13,MYRA,Vyas,"Bengaluru, Karnataka",Beauty|Face Wash|249,4
ORD-20261002-2213,2026-10-02 11:22:05,  Kriti ,Reddy,"delhi, delhi",Beauty|Hair Serum|549,2
ORD-20261002-3493,02/10/2026 17:59,Rajesh,Vyas,"BENGALURU, KARNATAKA",Sports|Yoga Mat|699,1
,02/10/2026 16:19,Rajesh,kapoor,"  Bengaluru, Karnataka ",Sports|Dumbbell Set|1899,3
ORD-20261002-2346,2026-10-02 13:52:04,Vihaan,DUBEY,"HYDERABAD, TELANGANA",Sports|Football|799,2
ORD-20261002-0074,02-10-2026 11:04,Aditi,,"  Jaipur, Rajasthan ",Electronics|Laptop Stand|749,
ORD-20261002-2436,2026-10-02 14:16:31,Pari,modi,"Bengaluru, Karnataka",Beauty|Perfume|1299,2
ORD-20261002-0373,2026-10-02 07:03:57,null,Srivastava,"  Chennai, Tamil Nadu ",Fashion|Leather Wallet|499,1
ORD-20261002-2647,02/10/2026 23:19,Nikhil,Menon,"Nagpur, Maharashtra",Fashion|Cotton Kurta|799,1
ORD-20261002-0618,02/10/2026 14:30,Gaurav,Vyas,"DELHI, DELHI",Electronics|Smart Watch|2499,1
ORD-20261002-4832,2026-10-02 19:39:55,Dhwani,SRIVASTAVA,"mumbai, maharashtra",Electronics|Laptop Stand|749,1
ORD-20261002-1111,02/10/2026 20:42,MYRA,chaudhary,"Kolkata, West Bengal",Fashion|Leather Wallet|499,3
ORD-20261002-0711,02/10/2026 08:56,  Karan ,Gupta,"Bengaluru, Karnataka",Electronics|Wireless Earbuds|1299,2
ORD-20261002-2385,02/10/2026 20:57,neel,Menon,"Kolkata, West Bengal",Electronics|Power Bank|899,1
ORD-20261002-1204,2026-10-02 08:42:25,Isha,Kumar,"Surat, Gujarat",Sports|Cricket Bat|1599,1
ORD-20261002-4695,02-10-2026 07:38,Shaurya,trivedi,"Pune, Maharashtra",Beauty|Face Wash|249,1
ORD-20261002-4384,02-10-2026 08:48,Vikas,Trivedi,"Pune, Maharashtra",Sports|Yoga Mat|699,1
ORD-20261002-2641,02-10-2026 13:14,  Manish ,Verma,"Chennai, Tamil Nadu",Home And Kitchen|Storage Box|299,3
ORD-20261002-3299,,  Varun ,bansal,"Delhi, Delhi",Home And Kitchen|Storage Box|299,1.0
ORD-20261002-0834,02-10-2026 13:43,Pari,  Mukherjee ,"Chennai, Tamil Nadu",Home And Kitchen|Non Stick Pan|1099,2
ORD-20261002-3839,02/10/2026 22:52,Aditya,Khanna,"Mysuru, Karnataka",Electronics|Bluetooth Speaker|1799,1
ORD-20261002-3077,02/10/2026 17:11,  Suresh ,Mehta,"PUNE, MAHARASHTRA",Beauty|Sunscreen|449,1.0
ORD-20261002-1546,02/10/2026 17:36,Diya,chauhan,"Bengaluru, Karnataka",Sports|Dumbbell Set|1899,1
,02/10/2026 14:19,Aarav,chaudhary,"pune, maharashtra",Electronics|Power Bank|899,1
ORD-20261002-1907,02/10/2026 22:10,aanya,Bose,"  Vadodara, Gujarat ",Fashion|Sunglasses|999, 3 
ORD-20261002-2961,2026-10-02 21:58:25,Swati,Trivedi,"Nagpur, Maharashtra",Sports|Dumbbell Set|1899,2
ORD-20261002-4839,02-10-2026 11:45,Anika,  Malhotra ,"Mysuru, Karnataka",Home And Kitchen|Steel Water Bottle|399,2
ORD-20261002-4538,02/10/2026 02:59,Jay,Das,"Surat, Gujarat",Home And Kitchen|Storage Box|299,2
ORD-20261002-2184,02-10-2026 20:00,Ritu,Kumar,"AHMEDABAD, GUJARAT",Home And Kitchen|Non Stick Pan|1099,1.0
ORD-20261002-4747,2026-10-02 08:52:00,  Priya ,KHANNA,"Ahmedabad, Gujarat",Sports|Dumbbell Set|1899,1
ORD-20261002-3003,02/10/2026 09:57,Hetal,Mukherjee,"Mumbai, Maharashtra",Electronics|Smart Watch|2499,3
ORD-20261002-0299,02/10/2026 21:51,Aarav,Modi,"Bengaluru, Karnataka",Home And Kitchen|Wall Clock|649,4
,02-10-2026 21:58,ATHARV,Chaudhary,"Nagpur, Maharashtra",Electronics|Bluetooth Speaker|1799, 1 
ORD-20261002-1384,2026-10-02 12:41:15,Tushar,Vyas,"chennai, tamil nadu",Electronics|Smart Watch|2499,1
ORD-20261002-3567,02/10/2026 15:59,Sai,,"Delhi, Delhi",Home And Kitchen|Bedsheet Set|1499,3
ORD-20261002-3751,02/10/2026 13:53,Dev,  Desai ,"mumbai, maharashtra",Fashion|Denim Jeans|1199,1
ORD-20261002-0258,02/10/2026 09:05,ANANYA,Menon,"Pune, Maharashtra",Electronics|Bluetooth Speaker|1799,
ORD-20261002-2057,02/10/2026 21:57,  Tanvi ,  Jain ,"vadodara, gujarat",Fashion|Sunglasses|999,2
ORD-20261002-4745,02/10/2026 13:57,null,Ghosh,"Chennai, Tamil Nadu",Home And Kitchen|Non Stick Pan|1099,1
ORD-20261002-3670,2026-10-02 19:14:42,Hetal,Kapoor,"Chennai, Tamil Nadu",Fashion|Denim Jeans|1199,4
ORD-20261002-0588,2026-10-02 13:55:15,deepak,Das,"SURAT, GUJARAT",Electronics|Wireless Earbuds|1299, 4 
ORD-20261002-4211,02/10/2026 06:08,khushi,BANSAL,"Hyderabad, Telangana",Beauty|Lipstick|399,3
ORD-20261002-0121,2026-10-02 12:14:21,Pari,Rathod,"hyderabad, telangana",Electronics|Bluetooth Speaker|1799, 1 
ORD-20261002-1679,02/10/2026 20:17,RITU,Kumar,"ahmedabad, gujarat",Electronics|Smart Watch|2499,-1
ORD-20261002-2157,2026-10-02 11:25:10,Swati,Mishra,"pune, maharashtra",Home And Kitchen|Bedsheet Set|1499,1.0
ORD-20261002-2314,02/10/2026 20:16,Nikhil,Iyer,"kolkata, west bengal",Fashion|Cotton Kurta|799,1
ORD-20261002-3575,02-10-2026 23:57,megha,Shah,"PUNE, MAHARASHTRA",Fashion|Running Shoes|2199,1
ORD-20261002-2023,02-10-2026 20:57,Dhruv,Chopra,"bengaluru, karnataka",Electronics|Wireless Earbuds|1299,1
ORD-20261002-1372,02/10/2026 21:50,Rudra,Gupta,"BENGALURU, KARNATAKA",Sports|Yoga Mat|699,2
ORD-20261002-2139,02-10-2026 19:29,Khushi,Ghosh,"Chennai, Tamil Nadu",Electronics|Bluetooth Speaker|1799,1
ORD-20261002-4805,02-10-2026 22:51,Aanya,Pillai,"chennai, tamil nadu",Home And Kitchen|Storage Box|299, 1 
ORD-20261002-1349,2026-10-02 18:33:03,Saanvi,  Shah ,"pune, maharashtra",Fashion|Denim Jeans|1199,6
ORD-20261002-1667,02/10/2026 14:22,  Sai ,Bansal,"Hyderabad, Telangana",Beauty|Sunscreen|449,1
ORD-20261002-4554,02/10/2026 17:19,Roshni,iyer,"Bengaluru, Karnataka",Beauty|Perfume|1299,2
ORD-20261002-1271,2026-10-02 21:34:20,PRANAV,Kapoor,"Jaipur, Rajasthan",Electronics|Power Bank|899,
ORD-20261002-3064,2026-10-02 21:07:07,Khushi,Pawar,"Pune, Maharashtra",Beauty|Hair Serum|549,1
ORD-20261002-1886,02-10-2026 17:03,Tushar,  Gupta ,"Chennai, Tamil Nadu",Beauty|Hair Serum|549,1
ORD-20261002-0973,,Parth,kumar,"  Lucknow, Uttar Pradesh ",Electronics|Bluetooth Speaker|1799,1
ORD-20261002-1503,02/10/2026 10:56,RUDRA,Nair,"Bengaluru, Karnataka",Sports|Dumbbell Set|1899,-3
ORD-20261002-3266,02/10/2026 09:23,Dev,Verma,"mumbai, maharashtra",Beauty|Lipstick|399,5
ORD-20261002-0325,02/10/2025 18:16,Kavya,Tiwari,"mumbai, maharashtra",Home And Kitchen|Bedsheet Set|1499,3
ORD-20261002-0116,02/10/2026 11:32,Deepak,nair,"Delhi, Delhi",Sports|Cricket Bat|1599,2.0
ORD-20261002-1000,02/10/2026 09:24,ananya,Parmar,"Mysuru, Karnataka",Fashion|Running Shoes|2199,1
ORD-20261002-3181,02-10-2026 15:47,Khushi,Agarwal,"Chennai, Tamil Nadu",Electronics|Laptop Stand|749,1
ORD-20261002-0931,02-10-2026 21:51,Tanvi,Saxena,"Kolkata, West Bengal",Beauty|Hair Serum|549,1
ORD-20261002-1018,2026-10-02 18:56:16,Neel,Pandya,"mumbai, maharashtra",Home And Kitchen|Non Stick Pan|1099,2
ORD-20261002-2853,02/10/2026 04:57,Myra,Mishra,"Delhi, Delhi",Fashion|Leather Wallet|499,3
ORD-20261002-1367,02-10-2026 18:36,Arjun,Sinha,"Kolkata, West Bengal",Sports|Skipping Rope|199,1
ORD-20261002-1393,02/10/2026 21:09,KUNAL,rao,"delhi, delhi",Home And Kitchen|Bedsheet Set|1499,4
ORD-20261002-0493,02/10/2026 10:29,Shreya,DUBEY,"Ahmedabad, Gujarat",Home And Kitchen|Wall Clock|649,1
ORD-20261002-4702,02-10-2026 11:33,Simran,Solanki,"Delhi, Delhi",Home And Kitchen|Wall Clock|649,2
ORD-20261002-0490,2026-10-02 23:01:48,Rajesh,kapoor,"Delhi, Delhi",Sports|Skipping Rope|199,2
ORD-20261002-0835,02/10/2026 17:10,Myra,Mehta,"Bengaluru, Karnataka",Home And Kitchen|Storage Box|299,1
ORD-20261002-4452,02-10-2026 20:42,Nidhi,kulkarni,"Surat, Gujarat",Sports|Football|799,1
ORD-20261002-1881,2026-10-02 17:26:33,manish,Mukherjee,"Pune, Maharashtra",Home And Kitchen|Bedsheet Set|1499,
ORD-20261002-1662,02/10/2026 18:51,Vikas,Menon,"Surat, Gujarat",Home And Kitchen|Steel Water Bottle|399,4
ORD-20261002-2542,02/10/2026 16:16,HARSH,Chopra,"bengaluru, karnataka",Electronics|Smart Watch|2499,2
ORD-20261002-3488,2026-10-02 13:57:24,dev,iyer,"Surat, Gujarat",Electronics|Wireless Earbuds|1299,2
ORD-20261002-1948,02/10/2026 17:54,Priya,Menon,"  Chennai, Tamil Nadu ",Beauty|Sunscreen|449,2
ORD-20261002-1539,02/10/2026 11:55,Priya,kalavadia,"Chennai, Tamil Nadu",Fashion|Denim Jeans|1199,2
ORD-20261002-3391,02/10/2026 11:46,Sara,Chauhan,"MUMBAI, MAHARASHTRA",Home And Kitchen|Wall Clock|649,2
ORD-20261002-1506,02/10/2026 16:39,Simran,Reddy,"Surat, Gujarat",Beauty|Perfume|1299,1
ORD-20261002-1847,2026-10-02 17:00:23,ritu,Vyas,"chennai, tamil nadu",Sports|Dumbbell Set|1899,1
ORD-20261002-0934,2026-10-02 10:55:10,Vikas,Ghosh,"Pune, Maharashtra",Sports|Skipping Rope|199,3
ORD-20261002-2167,02-10-2026 12:45,Mansi,Thakkar,"surat, gujarat",Electronics|Power Bank|899,5
ORD-20261002-3509,02/10/2026 12:34,Advik,Kapoor,"mumbai, maharashtra",Fashion|Leather Wallet|499,1
ORD-20261002-3215,02/10/2026 15:50,Khushi,Iyer,"Pune, Maharashtra",Home And Kitchen|Bedsheet Set|1499,2.0
ORD-20261002-3063,2026-10-02 22:51:48,Aditya,Khanna,"Mumbai, Maharashtra",Home And Kitchen|Storage Box|299,1
ORD-20261002-4547,02/10/2026 20:46,  Mansi ,  Das ,"Mumbai, Maharashtra",Fashion|Denim Jeans|1199,3
ORD-20261002-2237,02/10/2026 12:02,Shreya,JAIN,"Bengaluru, Karnataka",Beauty|Face Wash|249,1
ORD-20261002-4413,02/10/2026 12:12,Swati,Joshi,"chennai, tamil nadu",Fashion|Leather Wallet|499,3
ORD-20261002-1589,2026-10-02 21:41:30,Deepak,kalavadia,"pune, maharashtra",Sports|Skipping Rope|199,1
ORD-20261002-1781,02/10/2026 22:16,Saanvi,Solanki,"Jaipur, Rajasthan",Sports|Yoga Mat|699,2
ORD-20261002-2131,02/10/2026 17:21,Mihir,Desai,"Lucknow, Uttar Pradesh",Sports|Skipping Rope|199,2
ORD-20261002-4352,02/10/2026 10:30,Amit,  Pandya ,"Mumbai, Maharashtra",Electronics|Bluetooth Speaker|1799,4
ORD-20261002-2480,02/10/2026 18:10,Payal,Ghosh,"Bengaluru, Karnataka",Electronics|Power Bank|899,1
ORD-20261002-1485,02/10/2026 14:51,rahul,Patil,"MUMBAI, MAHARASHTRA",Beauty|Hair Serum|549,2
ORD-20261002-4560,2026-10-02 16:53:57,AMIT,Pawar,"chennai, tamil nadu",Home And Kitchen|Non Stick Pan|1099,2
ORD-20261002-0265,,Ayaan,Thakkar,"Mumbai, Maharashtra",Sports|Dumbbell Set|1899,1
ORD-20261002-2341,02/10/2026 14:50,Pari,Kulkarni,"Jaipur, Rajasthan",Electronics|Wireless Earbuds|1299,2
ORD-20261002-0043,02/10/2026 20:38,Ishaan,kulkarni,"lucknow, uttar pradesh",Electronics|Bluetooth Speaker|1799,1
ORD-20261002-1176,2026-10-02 13:25:01,Parth,Solanki,"Nagpur, Maharashtra",Electronics|Laptop Stand|749,3
ORD-20261002-2979,02-10-2026 06:25,  Atharv ,Chaudhary,"  Nagpur, Maharashtra ",Beauty|Face Wash|249,1
ORD-20261002-1817,2026-10-02 21:12:53,nikhil,Ghosh,"Lucknow, Uttar Pradesh",Sports|Skipping Rope|199,5
ORD-20261002-2516,2026-10-02 01:10:43,Nisha,  Verma ,"  Surat, Gujarat ",Home And Kitchen|Bedsheet Set|1499,1
ORD-20261002-3980,2026-10-02 22:56:33,,Mukherjee,"  Pune, Maharashtra ",Sports|Skipping Rope|199,2
ORD-20261002-0098,02/10/2026 12:37,Nisha,iyer,"delhi, delhi",Fashion|Cotton Kurta|799, 2 
ORD-20261002-1021,2026-10-02 22:23:27,Komal,  Patel ,"Kolkata, West Bengal",Beauty|Face Wash|249,
ORD-20261002-1059,02/10/2026 18:33,vihaan,Kulkarni,"  Delhi, Delhi ",Electronics|Wireless Earbuds|1299,1
ORD-20261002-1202,02/10/2026 23:03,neha,Das,"Mumbai, Maharashtra",Home And Kitchen|Bedsheet Set|1499,1
ORD-20261002-1428,2026-10-02 17:48:50,Aanya,Rathod,"coimbatore, tamil nadu",Fashion|Sunglasses|999,1
ORD-20261002-3717,02/10/2026 12:23,Parth,Menon,"Mysuru, Karnataka",Sports|Football|799,5
ORD-20261002-3381,2026-10-02 04:17:02,Rohan,Bhatt,"Mumbai, Maharashtra",Fashion|Leather Wallet|499,3
ORD-20261002-2065,2026-10-02 21:13:04,atharv,SHAH,"Ahmedabad, Gujarat",Fashion|Cotton Kurta|799,2
ORD-20261002-2342,2026-10-02 18:56:16,shaurya,Bhatt,"Chennai, Tamil Nadu",Beauty|Face Wash|249,4
ORD-20261002-3084,2026-10-02 23:19:50,  Tanvi ,KUMAR,"Ahmedabad, Gujarat",Beauty|Perfume|1299,1.0
ORD-20261002-2706,2026-10-02 08:20:43,neel,Sinha,"Ahmedabad, Gujarat",Home And Kitchen|Non Stick Pan|1099,2
ORD-20261002-4113,2026-10-02 19:50:51,Vivaan,Arora,"Nagpur, Maharashtra",Home And Kitchen|Wall Clock|649,6
ORD-20261002-2724,02-10-2026 21:40,shaurya,,"CHENNAI, TAMIL NADU",Beauty|Face Wash|249,4
ORD-20261002-4424,2026-10-02 20:03:41,Shreya,CHAUHAN,"jaipur, rajasthan",Beauty|Sunscreen|449,4
ORD-20261002-2570,,  Priya ,GHOSH,"Delhi, Delhi",Sports|Skipping Rope|199, 2 
ORD-20261002-0410,2026-10-02 03:08:15,shreya,Bose,"Ahmedabad, Gujarat",Sports|Dumbbell Set|1899,1
ORD-20261002-2560,2026-10-02 17:38:55,Kabir,Shah,"  Pune, Maharashtra ",Home And Kitchen|Bedsheet Set|1499, 1 
ORD-20261002-3333,2026-10-02 12:56:35,AARAV,Ghosh,"Mysuru, Karnataka",Home And Kitchen|Wall Clock|649,4
ORD-20261002-1131,02-10-2026 12:00,Advik,Trivedi,"Hyderabad, Telangana",Sports|Skipping Rope|199,-1
ORD-20261002-2666,02/10/2026 11:54,Pari,joshi,"PUNE, MAHARASHTRA",Beauty|Sunscreen|449,1
ORD-20261002-3263,02/10/2026 13:26,Dhruv,Bhatt,,Home And Kitchen|Wall Clock|649,2
ORD-20261002-0354,2026-10-02 09:21:10,null,VYAS,"CHENNAI, TAMIL NADU",Home And Kitchen|Bedsheet Set|1499,2
ORD-20261002-3106,02-10-2026 16:08,  Karan ,THAKKAR,"Bengaluru, Karnataka",Home And Kitchen|Wall Clock|649,1
ORD-20261002-3103,02/10/2026 17:05,  Divya ,Pawar,"Surat, Gujarat",Sports|Football|799,1
ORD-20261002-1324,02-10-2026 21:38,Diya,Jain,"Kolkata, West Bengal",Fashion|Sunglasses|999,1
ORD-20261002-0467,02/10/2026 15:06,krupa,Trivedi,"Jaipur, Rajasthan",Home And Kitchen|Bedsheet Set|1499,1
ORD-20261002-4333,2026-10-02 15:58:10,  Suresh ,PATIL,"kolkata, west bengal",Fashion|Running Shoes|2199,2
ORD-20261002-4180,02/10/2026 13:15,simran,Patel,"AHMEDABAD, GUJARAT",Sports|Football|799,2
ORD-20261002-3933,02/10/2026 22:32,Mansi,Bose,N/A,Home And Kitchen|Steel Water Bottle|399,1
ORD-20261002-2858,02/10/2026 21:23,ananya,Pawar,"Bengaluru, Karnataka",Sports|Yoga Mat|699,1
ORD-20261002-3866,02/10/2026 20:26,Dhwani,Reddy,"Ahmedabad, Gujarat",Fashion|Leather Wallet|499,3
ORD-20261002-3225,2026-10-02 20:34:55,  Advik ,DESAI,"Delhi, Delhi",Sports|Dumbbell Set|1899,1
ORD-20261002-3236,,Ananya,Thakkar,"Jaipur, Rajasthan",Fashion|Denim Jeans|1199,1
ORD-20261002-3248,31/02/2026 14:52,Tushar,Sharma,"delhi, delhi",Fashion|Sunglasses|999,3
ORD-20261002-1484,02/10/2026 14:51,Parth,  Nair ,"Pune, Maharashtra",Fashion|Running Shoes|2199,1
ORD-20261002-3473,2026-10-02 13:38:43,Karan,Jain,"Bengaluru, Karnataka",,3
ORD-20261002-2104,2026-10-02 16:57:44,  Vihaan ,thakkar,"MUMBAI, MAHARASHTRA",Electronics|Smart Watch|2499,1.0
ORD-20261002-3758,02/10/2026 18:16,Payal,  Pillai ,"Delhi, Delhi",Home And Kitchen|Wall Clock|649,1
ORD-20261002-2779,02/10/2025 10:25,JAY,Verma,"Delhi, Delhi",Home And Kitchen|Wall Clock|649,1
ORD-20261002-4526,02/10/2026 12:01,Ananya,Khanna,"Jaipur, Rajasthan",Beauty|Sunscreen|449,1
ORD-20261002-3061,2026-10-02 18:27:36,Aarav,singh,"Chennai, Tamil Nadu",Fashion|Denim Jeans|1199,1
ORD-20261002-3441,2026-10-02 19:42:08,rohan,vyas,"Pune, Maharashtra",Electronics|Power Bank|899,4.0
ORD-20261002-3736,02/10/2026 21:24,komal,CHAUHAN,"delhi, delhi",Home And Kitchen|Non Stick Pan|1099,2
ORD-20261002-2717,02/10/2026 17:13,karan,Kumar,"Nagpur, Maharashtra",Fashion|Running Shoes|2199,2
ORD-20261002-0971,02-10-2026 13:04,Janvi,Pillai,"Delhi, Delhi",Home And Kitchen|Steel Water Bottle|399,1
ORD-20261002-0923,2026-10-02 21:34:15,VIKAS,Thakkar,"Mumbai, Maharashtra",Sports|Cricket Bat|1599,1
ORD-20261002-1354,2026-10-02 18:33:16,divya,  Kumar ,"  Mysuru, Karnataka ",Fashion|Sunglasses|999,2
ORD-20261002-3631,02/10/2026 10:40,rohan,Chopra,"Delhi, Delhi",Sports|Dumbbell Set|1899,4
ORD-20261002-2903,02/10/2026 23:02,Saanvi,,"Mumbai, Maharashtra",Electronics|Smart Watch|2499,2
ORD-20261002-3138,2026-10-02 21:16:44,Mihir,Srivastava,"Delhi, Delhi",Home And Kitchen|Bedsheet Set|1499,6
ORD-20261002-3024,2026-10-02 21:28:29,megha,mehta,"jaipur, rajasthan",Electronics|Wireless Earbuds|1299,3
ORD-20261002-3888,02-10-2026 19:02,Priya,Kapoor,"  Jaipur, Rajasthan ",Beauty|Hair Serum|549,1
ORD-20261002-0214,2026-10-02 18:57:39,Krupa,chauhan,"pune, maharashtra",Sports|Dumbbell Set|1899,5
ORD-20261002-0663,02-10-2026 19:22,SAI,  Khanna ,"Coimbatore, Tamil Nadu",Home And Kitchen|Non Stick Pan|1099,1
ORD-20261002-3737,2026-10-02 17:25:51,Ritu,SRIVASTAVA,"VADODARA, GUJARAT",Fashion|Sunglasses|999,5
ORD-20261002-0280,02/10/2026 10:29,Kunal,Singh,"Bengaluru, Karnataka",Electronics|Laptop Stand|749,2
ORD-20261002-3858,2026-10-02 16:25:25,Jay,Pillai,"Delhi, Delhi",Electronics|Laptop Stand|749,1
ORD-20261002-2585,2026-10-02 18:51:42,null,Bansal,"Hyderabad, Telangana",Sports|Yoga Mat|699,4
ORD-20261002-4311,2026-10-02 22:31:12,Karan,Iyer,"Kolkata, West Bengal",Sports|Yoga Mat|699,3
ORD-20261002-3872,02/10/2026 12:17,  Roshni ,JAIN,"Lucknow, Uttar Pradesh",Fashion|Leather Wallet|499,5
ORD-20261002-0657,2026-10-02 07:58:44,Riya,,"Chennai, Tamil Nadu",,2.0
ORD-20261002-0072,02/10/2026 16:07,Manish,mishra,"Lucknow, Uttar Pradesh",Home And Kitchen|Steel Water Bottle|399,4
ORD-20261002-0082,02/10/2026 13:40,ayaan,Reddy,"Surat, Gujarat",Fashion|Leather Wallet|499,3
ORD-20261002-0129,02/10/2026 09:17,Roshni,SHARMA,"pune, maharashtra",Home And Kitchen|Non Stick Pan|1099,4
ORD-20261002-1413,2026-10-02 21:48:13,Amit,Patel,"Chennai, Tamil Nadu",Electronics|Smart Watch|2499,2
ORD-20261002-2907,02/10/2026 21:39,Riya,Patil,"Bengaluru, Karnataka",Fashion|Running Shoes|2199,2
ORD-20261002-4736,02/10/2026 13:21,Isha,Mishra,"  Lucknow, Uttar Pradesh ",Fashion|Sunglasses|999,1
ORD-20261002-2733,02/10/2026 22:02,SARA,Agarwal,"  Delhi, Delhi ",Electronics|Wireless Earbuds|1299,1
ORD-20261002-0394,02/10/2026 20:27,  Hetal ,sinha,"  Kolkata, West Bengal ",Electronics|Laptop Stand|749,1
ORD-20261002-0293,02-10-2026 11:04,Komal,Dubey,"delhi, delhi",Sports|Skipping Rope|199,2
ORD-20261002-1936,02/10/2026 15:43,dev,agarwal,N/A,Fashion|Cotton Kurta|799,2
ORD-20261002-3877,02/10/2026 14:07,  Mansi ,  Desai ,"Bengaluru, Karnataka",Electronics|Bluetooth Speaker|1799,1
ORD-20261002-2117,2026-10-02 07:11:34,Rajesh,Parmar,"Bengaluru, Karnataka",Beauty|Sunscreen|449,3
ORD-20261002-0300,02/10/2026 11:36,NEHA,patil,"bengaluru, karnataka",Fashion|Leather Wallet|499,1
ORD-20261002-3723,02/10/2026 19:24,,,"Pune, Maharashtra",Electronics|Laptop Stand|749,1
ORD-20261002-1707,2026-10-02 19:51:31,Simran,  Srivastava ,"Ahmedabad, Gujarat",Beauty|Perfume|1299,1
ORD-20261002-3129,02/10/2026 00:42,shreya,Shah,"Hyderabad, Telangana",Fashion|Leather Wallet|499,1
ORD-20261002-4029,2026-10-02 22:16:19,krishna,KUMAR,"bengaluru, karnataka",Beauty|Lipstick|399,2
ORD-20261002-2076,2026-10-02 18:58:57,Amit,Bose,"lucknow, uttar pradesh",Fashion|Sunglasses|999,1
ORD-20261002-3259,02/10/2026 13:02,anjali,Pawar,"  Bengaluru, Karnataka ",Sports|Yoga Mat|699,1
ORD-20261002-4261,02/10/2026 14:41,  Diya ,Iyer,"surat, gujarat",Fashion|Sunglasses|999,1
ORD-20261002-1224,02/10/2026 12:43,Palak,Ghosh,"Mumbai, Maharashtra",Electronics|Laptop Stand|749,2
ORD-20261002-0849,2026-10-02 14:15:08,arjun,Pillai,"Chennai, Tamil Nadu",Sports|Football|799,1
ORD-20261002-2249,02/10/2026 22:45,Harsh,Das,"Surat, Gujarat",Electronics|Laptop Stand|749,2
ORD-20261002-3540,02-10-2026 08:58,Rohan,  Mehta ,"Kolkata, West Bengal",Home And Kitchen|Wall Clock|649,
ORD-20261002-3706,02-10-2026 23:04,parth,Singh,"Delhi, Delhi",Home And Kitchen|Wall Clock|649,1
ORD-20261002-0071,02/10/2026 18:31,jay,Pawar,"Mumbai, Maharashtra",Fashion|Running Shoes|2199,1
ORD-20261002-0292,02/10/2026 11:51,Pooja,Ghosh,"bengaluru, karnataka",Home And Kitchen|Non Stick Pan|1099,1.0
ORD-20261002-0601,02/10/2026 18:41,Sai,Chaudhary,"  Chennai, Tamil Nadu ",Home And Kitchen|Wall Clock|649,1
ORD-20261002-1109,02-10-2026 18:47,pari,  Kumar ,"vadodara, gujarat",Electronics|Wireless Earbuds|1299,1
ORD-20261002-1206,2026-10-02 17:24:21,null,Ghosh,"Bengaluru, Karnataka",Electronics|Power Bank|899, 1 
ORD-20261002-0922,2026-10-02 10:55:59,Dhruv,sinha,"Pune, Maharashtra",Home And Kitchen|Bedsheet Set|1499,5
ORD-20261002-2021,2026-10-02 17:15:24,Khushi,  Srivastava ,"Mumbai, Maharashtra",Beauty|Hair Serum|549,1
ORD-20261002-3556,2026-10-02 20:56:46,TANVI,Parmar,"Bengaluru, Karnataka",Beauty|Perfume|1299,1
ORD-20261002-2188,2026-10-02 22:52:52,VARUN,tiwari,"Mysuru, Karnataka",Electronics|Bluetooth Speaker|1799,1
ORD-20261002-4585,02/10/2026 08:37,Khushi,Srivastava,"Bengaluru, Karnataka",Beauty|Sunscreen|449,2
ORD-20261002-2223,02-10-2026 09:50,Kunal,Sinha,"KOLKATA, WEST BENGAL",Home And Kitchen|Wall Clock|649,6
ORD-20261002-2265,2026-10-02 16:21:09,Nikhil,iyer,"  Kolkata, West Bengal ",Home And Kitchen|Storage Box|299,1
ORD-20261002-2621,02-10-2026 11:30,Aadhya,Kulkarni,"mumbai, maharashtra",Electronics|Wireless Earbuds|1299, 1 
ORD-20261002-2793,2026-10-02 22:29:11,Janvi,,"Mysuru, Karnataka",Sports|Yoga Mat|699,2
ORD-20261002-0247,02/10/2026 00:41,Pranav,Pawar,,Home And Kitchen|Non Stick Pan|1099,1
ORD-20261002-1605,2026-10-02 13:26:55,Varun,agarwal,"Bengaluru, Karnataka",Electronics|Wireless Earbuds|1299,2
ORD-20261002-4430,02-10-2026 14:47,Tanvi,Kapoor,"Coimbatore, Tamil Nadu",Home And Kitchen|Non Stick Pan|1099,4
ORD-20261002-4525,2026-10-02 18:28:07,Manish,arora,"chennai, tamil nadu",Fashion|Running Shoes|2199,1
ORD-20261002-2933,02/10/2026 16:13,Mihir,yadav,"Lucknow, Uttar Pradesh",Fashion|Leather Wallet|499,1
ORD-20261002-0239,02-10-2026 18:15,Tanvi,Srivastava,"  Bengaluru, Karnataka ",Electronics|Power Bank|899,1
ORD-20261002-3366,02/10/2026 19:44,Harsh,kulkarni,"  Hyderabad, Telangana ",Electronics|Laptop Stand|749,1
ORD-20261002-0955,02/10/2026 23:19,ananya,jain,"Delhi, Delhi",Fashion|Leather Wallet|499,1
ORD-20261002-0819,2026-10-02 21:10:25,  Simran ,Joshi,"Bengaluru, Karnataka",Home And Kitchen|Steel Water Bottle|399,4
ORD-20261002-2876,2026-10-02 13:02:23,Aarav,Arora,"Coimbatore, Tamil Nadu",Beauty|Perfume|1299,2.0
ORD-20261002-3035,02/10/2026 13:38,  Anika ,parmar,"Lucknow, Uttar Pradesh",Home And Kitchen|Storage Box|299, 1 
ORD-20261002-4327,02/10/2026 16:07,Neha,SRIVASTAVA,"  Bengaluru, Karnataka ",Home And Kitchen|Storage Box|299,1
ORD-20261002-0183,02/10/2026 17:35,Ayaan,Yadav,"MUMBAI, MAHARASHTRA",Electronics|Wireless Earbuds|1299,1
ORD-20261002-4364,2026-10-02 17:44:53,DHRUV,rathod,"surat, gujarat",Electronics|Bluetooth Speaker|1799,1
ORD-20261002-4107,02/10/2026 16:04,ANANYA,Nair,"BENGALURU, KARNATAKA",Fashion|Cotton Kurta|799, 5 
ORD-20261002-4189,02-10-2026 19:32,  Aditya ,mehta,"Vadodara, Gujarat",Home And Kitchen|Storage Box|299,1
ORD-20261002-4182,02/10/2026 10:17,nikhil,  Chaudhary ,"Lucknow, Uttar Pradesh",Electronics|Smart Watch|2499,1
ORD-20261002-4667,2026-10-02 17:46:04,Neha,MUKHERJEE,"Bengaluru, Karnataka",Home And Kitchen|Storage Box|299,1
ORD-20261002-0270,02/10/2026 13:41,Ayaan,iyer,"Mumbai, Maharashtra",Home And Kitchen|Steel Water Bottle|399,2
ORD-20261002-0045,02/10/2026 09:12,Advik,Vyas,"Jaipur, Rajasthan",Fashion|Denim Jeans|1199,5
ORD-20261002-3542,02-10-2026 13:52,Shreya,DESAI,"  Bengaluru, Karnataka ",Sports|Dumbbell Set|1899,1
ORD-20261002-4531,02/10/2026 17:31,Advik,Gupta,"kolkata, west bengal",Fashion|Sunglasses|999,4
ORD-20261002-1381,2026-10-02 13:21:37,Tushar,Desai,"BENGALURU, KARNATAKA",Fashion|Running Shoes|2199,2
ORD-20261002-4705,02/10/2026 15:17,Neel,Srivastava,"PUNE, MAHARASHTRA",Home And Kitchen|Wall Clock|649, 1 
ORD-20261002-1745,2026-10-02 18:03:55,diya,yadav,"Bengaluru, Karnataka",Fashion|Running Shoes|2199,3
ORD-20261002-0700,02-10-2026 11:52,NAVYA,Joshi,"delhi, delhi",Sports|Cricket Bat|1599,6
ORD-20261002-2120,2026-10-02 10:59:07,kriti,Sharma,"CHENNAI, TAMIL NADU",Sports|Dumbbell Set|1899,5
ORD-20261002-0153,2026-10-02 21:18:08,Om,Tiwari,"PUNE, MAHARASHTRA",Home And Kitchen|Wall Clock|649,1
ORD-20261002-2085,02/10/2026 18:13,RAJESH,chauhan,"Jaipur, Rajasthan",Home And Kitchen|Non Stick Pan|1099,1
ORD-20261002-1304,02/10/2026 13:17,Dhruv,Kapoor,"kolkata, west bengal",Electronics|Wireless Earbuds|1299,1
ORD-20261002-1369,2026-10-02 16:20:55,nisha,Kulkarni,"mumbai, maharashtra",Electronics|Bluetooth Speaker|1799,3
ORD-20261002-0194,2026-10-02 21:33:23,Gaurav,desai,"  Bengaluru, Karnataka ",Sports|Football|799,1
ORD-20261002-1700,2026-10-02 04:37:23,Rahul,Dubey,"Jaipur, Rajasthan",Fashion|Cotton Kurta|799,6
ORD-20261002-4831,2026-10-02 11:12:16,MIHIR,  Kalavadia ,"Chennai, Tamil Nadu",Beauty|Lipstick|399,1
ORD-20261002-2011,02/10/2026 14:52,gaurav,chauhan,"  Kolkata, West Bengal ",Fashion|Cotton Kurta|799,4
ORD-20261002-4586,02/10/2026 23:30,Swati,Solanki,"Pune, Maharashtra",Beauty|Perfume|1299,3
ORD-20261002-2595,02/10/2026 08:15,Sneha,Joshi,"SURAT, GUJARAT",Home And Kitchen|Non Stick Pan|1099,1
ORD-20261002-2518,02-10-2026 11:52,roshni,Khanna,"Mumbai, Maharashtra",Fashion|Leather Wallet|499,1
ORD-20261002-4152,02-10-2026 22:11,Sara,Agarwal,"chennai, tamil nadu",Beauty|Lipstick|399,1
ORD-20261002-3459,02/10/2026 13:00,TUSHAR,  Thakkar ,"Hyderabad, Telangana",Sports|Yoga Mat|699,1
ORD-20261002-1999,02/10/2026 20:08,vihaan,pawar,"Chennai, Tamil Nadu",Home And Kitchen|Non Stick Pan|1099,
ORD-20261002-3696,02/10/2026 17:18,KABIR,Mehta,"Bengaluru, Karnataka",Electronics|Wireless Earbuds|1299,1
ORD-20261002-3632,2026-10-02 13:04:15,Riya,Arora,"DELHI, DELHI",Home And Kitchen|Wall Clock|649,2
ORD-20261002-2046,2026-10-02 03:40:54,  Komal ,Chaudhary,"Nagpur, Maharashtra",Fashion|Cotton Kurta|799,1
ORD-20261002-4046,02/10/2026 08:14,Karan,Verma,"Chennai, Tamil Nadu",Beauty|Sunscreen|449,4
ORD-20261002-2148,02/10/2026 21:53,Nikhil,Gupta,"Pune, Maharashtra",Electronics|Smart Watch|2499,1
ORD-20261002-4202,02-10-2026 20:59,harsh,  Srivastava ,"  Pune, Maharashtra ",Fashion|Leather Wallet|499, 3 
ORD-20261002-3474,2026-10-02 14:25:17,Dhruv,Bhatt,"  Hyderabad, Telangana ",Electronics|Bluetooth Speaker|1799,0
ORD-20261002-1851,2026-10-02 10:48:45,Bhavna,Kalavadia,N/A,Electronics|Laptop Stand|749,2.0
ORD-20261002-0264,02/10/2026 11:44,harsh,KAPOOR,"Pune, Maharashtra",Sports|Cricket Bat|1599,1
ORD-20261002-3424,02-10-2026 20:22,Aryan,Rathod,"  Mysuru, Karnataka ",Home And Kitchen|Non Stick Pan|1099,2
ORD-20261002-1457,02/10/2026 20:44,Priya,sharma,"Vadodara, Gujarat",Home And Kitchen|Steel Water Bottle|399,1
ORD-20261002-0334,2026-10-02 13:39:39,Dhruv,Rao,"  Nagpur, Maharashtra ",Electronics|Bluetooth Speaker|1799,1
ORD-20261002-1451,2026-10-02 19:20:14,Karan,Chauhan,"AHMEDABAD, GUJARAT",Home And Kitchen|Bedsheet Set|1499,1.0
ORD-20261002-1529,02-10-2026 20:22,Reyansh,Pawar,"Mumbai, Maharashtra",Fashion|Sunglasses|999,3
ORD-20261002-4478,02-10-2026 20:10,vivaan,sinha,"Pune, Maharashtra",Beauty|Lipstick|399,5
ORD-20261002-4443,02-10-2026 11:28,Priya,Joshi,"delhi, delhi",Electronics|Power Bank|899,4
ORD-20261002-3186,02/10/2026 00:00,Mihir,mishra,"Mysuru, Karnataka",Beauty|Face Wash|249,-1
ORD-20261002-1355,02/10/2026 11:00,Mansi,Agarwal,"Pune, Maharashtra",Electronics|Wireless Earbuds|1299,1
ORD-20261002-2070,02/10/2026 12:38,Dev,Reddy,"Ahmedabad, Gujarat",Sports|Skipping Rope|199,1
ORD-20261002-3769,02/10/2026 18:47,Bhavna,Mukherjee,"Delhi, Delhi",Electronics|Power Bank|899,1
ORD-20261002-1192,02/10/2026 19:40,Vivaan,Joshi,"Jaipur, Rajasthan",Home And Kitchen|Storage Box|299,3
ORD-20261002-4003,2026-10-02 20:00:52,kabir,sharma,"AHMEDABAD, GUJARAT",Home And Kitchen|Non Stick Pan|1099,1
ORD-20261002-3336,02/10/2026 20:23,pranav,  Khanna ,"  Bengaluru, Karnataka ",Beauty|Sunscreen|449,1
ORD-20261002-2667,2026-10-02 12:37:19,Nikhil,Modi,"  Chennai, Tamil Nadu ",Electronics|Power Bank|899,1
ORD-20261002-2169,02/10/2026 18:18,TUSHAR,  Singh ,"Delhi, Delhi",Beauty|Lipstick|399,1
ORD-20261002-2336,02-10-2026 20:02,Isha,Chaudhary,"Vadodara, Gujarat",Electronics|Smart Watch|2499,2
ORD-20261002-3297,2026-10-02 11:07:09,Gaurav,Pawar,"  Ahmedabad, Gujarat ",Home And Kitchen|Bedsheet Set|1499,1
ORD-20261002-3042,2026-10-02 11:47:03,Aadhya,THAKKAR,"AHMEDABAD, GUJARAT",Home And Kitchen|Steel Water Bottle|399,1
ORD-20261002-1069,2026-10-02 09:08:50,KHUSHI,mehta,"Kolkata, West Bengal",Beauty|Sunscreen|449,1
ORD-20261002-4172,02/10/2026 21:52,ADVIK,Jain,"lucknow, uttar pradesh",,3
ORD-20261002-0413,02/10/2026 19:36,Mansi,Thakkar,"  Chennai, Tamil Nadu ",Fashion|Denim Jeans|1199,1
ORD-20261002-3499,2026-10-02 14:35:20,Nisha,nair,"Bengaluru, Karnataka",Electronics|Bluetooth Speaker|1799, 1 
ORD-20261002-2825,02-10-2026 11:07,Neel,RATHOD,"Pune, Maharashtra",Electronics|Wireless Earbuds|1299,3
ORD-20261002-3364,02-10-2026 19:49,Sara,Chauhan,"Mumbai, Maharashtra",Electronics|Smart Watch|2499,1
ORD-20261002-0361,2026-10-02 18:44:28,Palak,vyas,"Delhi, Delhi",Beauty|Perfume|1299, 6 
ORD-20261002-2950,02-10-2026 08:50,aanya,Pillai,"pune, maharashtra",Fashion|Sunglasses|999, 1 
ORD-20261002-1808,02-10-2026 09:28,Yash,Pawar,"Chennai, Tamil Nadu",Beauty|Sunscreen|449, 1 
ORD-20261002-1066,02/10/2026 13:07,Shreya,jain,"Mumbai, Maharashtra",Electronics|Smart Watch|2499, 1 
ORD-20261002-1521,02/10/2026 20:37,KABIR,Solanki,"  Lucknow, Uttar Pradesh ",Fashion|Cotton Kurta|799,1
ORD-20261002-0406,2026-10-02 20:45:12,Myra,Patil,"Vadodara, Gujarat",Fashion|Cotton Kurta|799,4
ORD-20261002-0854,02/10/2026 20:50,Dhwani,Mukherjee,"Pune, Maharashtra",Electronics|Power Bank|899,1
ORD-20261002-1691,2026-10-02 10:49:01,Ayaan,Kumar,"Mumbai, Maharashtra",Electronics|Power Bank|899, 2 
ORD-20261002-0323,02/10/2026 03:27,RITU,Das,"kolkata, west bengal",Home And Kitchen|Wall Clock|649,6
ORD-20261002-1904,2026-10-02 19:10:45,Aanya,Menon,"  Jaipur, Rajasthan ",Home And Kitchen|Bedsheet Set|1499,3
ORD-20261002-0084,2026-10-02 14:18:44,Nidhi,bansal,"KOLKATA, WEST BENGAL",Beauty|Lipstick|399,1
ORD-20261002-2419,02/10/2026 19:00,Advik,  Solanki ,"Pune, Maharashtra",Electronics|Power Bank|899,2
ORD-20261002-1028,02/10/2026 18:25,ishaan,  Reddy ,"Mysuru, Karnataka",Fashion|Running Shoes|2199,1
ORD-20261002-3427,02/10/2026 16:35,Aanya,Iyer,"jaipur, rajasthan",Home And Kitchen|Wall Clock|649,5
ORD-20261002-3208,02/10/2026 19:10,Rudra,MEHTA,"lucknow, uttar pradesh",Beauty|Perfume|1299,1
ORD-20261002-0297,02/10/2026 15:15,Jay,Rathod,"Delhi, Delhi",Beauty|Sunscreen|449,2
ORD-20261002-2515,02/10/2026 18:16,Parth,Parmar,"MUMBAI, MAHARASHTRA",Electronics|Power Bank|899,1
ORD-20261002-0451,02/10/2026 06:18,Khushi,dubey,"Bengaluru, Karnataka",Sports|Cricket Bat|1599,1
ORD-20261002-2305,02/10/2026 21:43,Nidhi,  Bansal ,"delhi, delhi",Electronics|Wireless Earbuds|1299,2
ORD-20261002-3386,2026-10-02 03:09:54,janvi,Rao,"  Lucknow, Uttar Pradesh ",Sports|Football|799,1
ORD-20261002-2154,02/10/2026 18:50,  Nikhil ,Bhatt,"Coimbatore, Tamil Nadu",Home And Kitchen|Bedsheet Set|1499,3
ORD-20261002-2385,02/10/2026 20:57,neel,Menon,"Kolkata, West Bengal",Electronics|Power Bank|899,1
ORD-20261002-1674,02/10/2026 18:31,Kunal,Jain,"Pune, Maharashtra",Sports|Yoga Mat|699,1
ORD-20261002-3943,2026-10-02 01:14:49,  Megha ,Thakkar,"mumbai, maharashtra",Sports|Football|799,3
ORD-20261002-4848,2026-10-02 23:02:51,Suresh,Trivedi,"Pune, Maharashtra",Sports|Yoga Mat|699,4
ORD-20261002-3206,02/10/2026 18:39,Ayaan,Pawar,"  Delhi, Delhi ",Home And Kitchen|Wall Clock|649,2
ORD-20261002-1549,2026-10-02 13:42:19,  Kunal ,Vyas,"Mumbai, Maharashtra",Home And Kitchen|Wall Clock|649,2.0
ORD-20261002-2623,02/10/2026 19:12,neha,Pillai,"Nagpur, Maharashtra",Fashion|Leather Wallet|499,2
ORD-20261002-3464,02-10-2026 18:43,dev,Pawar,"Kolkata, West Bengal",Fashion|Leather Wallet|499,4
ORD-20261002-2400,2026-10-02 18:48:00,ANIKA,Desai,"  Mumbai, Maharashtra ",Fashion|Denim Jeans|1199,1
ORD-20261002-1121,2026-10-02 20:52:02,  Shreya ,  Jain ,,Electronics|Power Bank|899,1
ORD-20261002-3686,02/10/2026 21:53,Megha,Nair,"Mysuru, Karnataka",Electronics|Power Bank|899,2
ORD-20261002-1982,02/10/2026 20:24,Pooja,verma,"Mumbai, Maharashtra",Electronics|Bluetooth Speaker|1799,1
ORD-20261002-2330,02-10-2026 17:09,Manish,Trivedi,"mysuru, karnataka",Home And Kitchen|Bedsheet Set|1499,1
ORD-20261002-2730,2026-10-02 17:37:10,dhruv,  Rathod ,"Mumbai, Maharashtra",Sports|Dumbbell Set|1899, 1 
ORD-20261002-1776,02/10/2026 10:19,Kabir,agarwal,"KOLKATA, WEST BENGAL",Sports|Dumbbell Set|1899,3
ORD-20261002-4701,02/10/2026 14:36,Anika,  Kulkarni ,"Bengaluru, Karnataka",Fashion|Leather Wallet|499,1
ORD-20261002-0497,2026-10-02 20:40:50,Janvi,  Ghosh ,"coimbatore, tamil nadu",Beauty|Perfume|1299,3
ORD-20261002-1456,02/10/2026 22:41,  Saanvi ,  Malhotra ,"pune, maharashtra",Electronics|Wireless Earbuds|1299,2
ORD-20261002-4037,02/10/2026 16:24,  Diya ,mehta,"Bengaluru, Karnataka",,2
ORD-20261002-1852,2026-10-02 13:48:35,DHRUV,Patil,"BENGALURU, KARNATAKA",Beauty|Hair Serum|549,4
ORD-20261002-1782,2026-10-02 23:07:43,Simran,  Trivedi ,"Ahmedabad, Gujarat",,1
ORD-20261002-1264,2026-10-02 23:55:11,Dhruv,Vyas,"pune, maharashtra",Sports|Football|799,1
ORD-20261002-2890,02/10/2026 18:53,OM,Parmar,"Chennai, Tamil Nadu",Fashion|Denim Jeans|1199,2
ORD-20261002-3335,2026-10-02 15:42:31,Ishaan,Bansal,"Jaipur, Rajasthan",Fashion|Denim Jeans|1199,1
ORD-20261002-1446,2026-10-02 12:38:28,  Myra ,saxena,"PUNE, MAHARASHTRA",Electronics|Bluetooth Speaker|1799,1
ORD-20261002-1262,02-10-2026 13:16,  Aryan ,AGARWAL,"  Lucknow, Uttar Pradesh ",Fashion|Running Shoes|2199,1
ORD-20261002-3120,2026-10-02 10:58:04,  Payal ,  Rao ,"BENGALURU, KARNATAKA",Electronics|Smart Watch|2499,1
ORD-20261002-2332,02/10/2026 22:31,  Riya ,  Parmar ,"Vadodara, Gujarat",Fashion|Sunglasses|999,1
ORD-20261002-0913,02/10/2026 21:02,Aadhya,  Singh ,"chennai, tamil nadu",Beauty|Perfume|1299,1
ORD-20261002-4419,02/10/2026 13:24,Swati,Chaudhary,"Hyderabad, Telangana",Electronics|Smart Watch|2499,1
ORD-20261002-4791,2026-10-02 16:01:00,Nisha,  Bansal ,"Mumbai, Maharashtra",Beauty|Perfume|1299,1
ORD-20261002-1554,02/10/2026 22:59,Priya,  Dubey ,"Delhi, Delhi",Sports|Cricket Bat|1599,1
ORD-20261002-4821,02/10/2026 20:41,  Ayaan ,Trivedi,"  Surat, Gujarat ",Home And Kitchen|Storage Box|299,3
ORD-20261002-1996,2026-10-02 09:00:56,Amit,Pandya,"Mumbai, Maharashtra",Electronics|Wireless Earbuds|1299,1
ORD-20261002-3555,2026-10-02 21:09:29,advik,Gupta,"  Mysuru, Karnataka ",Home And Kitchen|Wall Clock|649,2
ORD-20261002-4408,2026-10-02 20:20:41,Nidhi,Tiwari,"Jaipur, Rajasthan",Sports|Dumbbell Set|1899,1.0
ORD-20261002-0053,2026-10-02 21:03:20,jay,nair,"Mumbai, Maharashtra",Home And Kitchen|Non Stick Pan|1099,1
ORD-20261002-3592,2026-10-02 18:22:40,Rahul,Thakkar,"  Mumbai, Maharashtra ",Electronics|Wireless Earbuds|1299,3
ORD-20261002-0515,02-10-2026 10:43,Priya,BHATT,"hyderabad, telangana",Electronics|Bluetooth Speaker|1799,1
ORD-20261002-1513,2026-10-02 22:15:24,rohan,Das,"lucknow, uttar pradesh",Fashion|Sunglasses|999,6
ORD-20261002-2086,02/10/2026 20:15,Shreya,sharma,"Surat, Gujarat",Beauty|Lipstick|399,
ORD-20261002-2051,2026-10-02 12:43:06,  Mansi ,Ghosh,"SURAT, GUJARAT",Electronics|Wireless Earbuds|1299,1
ORD-20261002-2050,2026-10-02 18:53:28,Neha,Mukherjee,"Mysuru, Karnataka",Fashion|Sunglasses|999,1
ORD-20261002-2306,02/10/2026 14:04,  Rohan ,Jain,"Bengaluru, Karnataka",Home And Kitchen|Wall Clock|649,1
ORD-20261002-1466,2026-10-02 10:19:28,KABIR,Chauhan,"Delhi, Delhi",Electronics|Power Bank|899,3
ORD-20261002-2780,02/10/2026 21:02,Harsh,tiwari,"Mumbai, Maharashtra",Sports|Cricket Bat|1599,1
ORD-20261002-4770,02-10-2026 17:27,atharv,KHANNA,"pune, maharashtra",Home And Kitchen|Storage Box|299,3
ORD-20261002-1833,02/10/2026 16:02,ISHAAN,,"pune, maharashtra",Electronics|Smart Watch|2499,6
ORD-20261002-1819,2026-10-02 14:54:42,Harsh,  Desai ,"Ahmedabad, Gujarat",Home And Kitchen|Steel Water Bottle|399,1
ORD-20261002-0944,2026-10-02 19:11:06,neel,kumar,"  Surat, Gujarat ",Electronics|Power Bank|899,1
ORD-20261002-2787,2026-10-02 19:33:40,  Palak ,Menon,"HYDERABAD, TELANGANA",Fashion|Cotton Kurta|799,1
ORD-20261002-4369,02/10/2026 09:39,Pranav,Gupta,"Mumbai, Maharashtra",Fashion|Cotton Kurta|799,0
ORD-20261002-1839,02/10/2026 12:25,Anjali,Kalavadia,"Vadodara, Gujarat",Electronics|Laptop Stand|749,1.0
ORD-20261002-4126,,Khushi,patel,"pune, maharashtra",Sports|Yoga Mat|699,0
ORD-20261002-2339,02/10/2026 13:16,Ishaan,Ghosh,"Surat, Gujarat",Home And Kitchen|Non Stick Pan|1099,2
ORD-20261002-0845,02-10-2026 20:02,Aanya,Menon,"Chennai, Tamil Nadu",Home And Kitchen|Wall Clock|649,2
ORD-20261002-2298,02/10/2026 22:54,Kabir,Menon,"  Jaipur, Rajasthan ",Home And Kitchen|Storage Box|299,2
ORD-20261002-3851,02-10-2026 13:01,Dhwani,Desai,"Bengaluru, Karnataka",Electronics|Laptop Stand|749,2
ORD-20261002-2193,02/10/2026 18:25,  Yash ,Pawar,"chennai, tamil nadu",Fashion|Cotton Kurta|799,1
ORD-20261002-4267,2026-10-02 22:53:49,Ishaan,Bansal,"Jaipur, Rajasthan",Home And Kitchen|Storage Box|299,4
ORD-20261002-3817,02/10/2026 15:58,  Myra ,Modi,"Jaipur, Rajasthan",Fashion|Sunglasses|999,2
ORD-20261002-2119,2026-10-02 13:18:01,aryan,Kulkarni,"Bengaluru, Karnataka",Sports|Dumbbell Set|1899,1
ORD-20261002-2257,2026-10-02 18:58:51,Dhwani,Saxena,"delhi, delhi",Fashion|Running Shoes|2199,1.0
ORD-20261002-3610,02/10/2026 20:58,  Aryan ,Thakkar,"bengaluru, karnataka",Fashion|Running Shoes|2199,1
ORD-20261002-3180,02/10/2026 16:09,Megha,nair,"COIMBATORE, TAMIL NADU",Electronics|Laptop Stand|749,1
ORD-20261002-0732,02/10/2026 13:52,rohan,ARORA,"Surat, Gujarat",Fashion|Denim Jeans|1199,2
ORD-20261002-0257,2026-10-02 22:43:07,Rahul,Dubey,"Pune, Maharashtra",Electronics|Wireless Earbuds|1299,1
ORD-20261002-0438,2026-10-02 21:35:18,simran,,"Hyderabad, Telangana",Home And Kitchen|Non Stick Pan|1099,1
ORD-20261002-1421,02-10-2026 20:44,PARTH,Mehta,"mumbai, maharashtra",Fashion|Running Shoes|2199,
ORD-20261002-1864,02-10-2026 22:20,Neel,Saxena,"Vadodara, Gujarat",Sports|Yoga Mat|699,1
ORD-20261002-0263,02/10/2026 07:39,Pari,chaudhary,"AHMEDABAD, GUJARAT",Fashion|Leather Wallet|499,1
ORD-20261002-4392,2026-10-02 22:14:57,Kunal,trivedi,"Mysuru, Karnataka",Sports|Dumbbell Set|1899,2
ORD-20261002-2866,02/10/2026 19:21,mihir,  Reddy ,"Mumbai, Maharashtra",Beauty|Face Wash|249,3
ORD-20261002-3672,02/10/2026 21:36,SIMRAN,Parmar,"Ahmedabad, Gujarat",Electronics|Bluetooth Speaker|1799,
ORD-20261002-1175,02/10/2025 11:51,Kunal,THAKKAR,"Coimbatore, Tamil Nadu",Home And Kitchen|Wall Clock|649,3
ORD-20261002-3595,02/10/2026 15:20,Krupa,Sharma,"Vadodara, Gujarat",Beauty|Perfume|1299,1
ORD-20261002-0147,02/10/2026 21:53,Shreya,  Modi ,"Ahmedabad, Gujarat",Fashion|Cotton Kurta|799,1
ORD-20261002-3356,02/10/2026 20:13,Krishna,Tiwari,"coimbatore, tamil nadu",Electronics|Smart Watch|2499,1
ORD-20261002-4254,,Aditi,Kumar,"Hyderabad, Telangana",Home And Kitchen|Bedsheet Set|1499,1
ORD-20261002-4004,2026-10-02 22:29:08,gaurav,Rao,"Coimbatore, Tamil Nadu",Sports|Cricket Bat|1599,1
ORD-20261002-1463,02/10/2026 13:56,Parth,  Nair ,"pune, maharashtra",Home And Kitchen|Wall Clock|649,1
ORD-20261002-1711,2026-10-02 17:38:42,Ayaan,Bhatt,"Kolkata, West Bengal",Electronics|Power Bank|899,2
ORD-20261002-3190,02/10/2026 11:08,ATHARV,KUMAR,"PUNE, MAHARASHTRA",Electronics|Power Bank|899,3
ORD-20261002-1257,02/10/2026 18:17,Kavya,Pandya,"Ahmedabad, Gujarat",Electronics|Power Bank|899, 1 
ORD-20261002-2134,02/10/2026 14:15,TUSHAR,Kumar,"  Mumbai, Maharashtra ",Fashion|Running Shoes|2199,-2
ORD-20261002-3104,02/10/2026 09:43,Aditi,  Pandya ,"Mumbai, Maharashtra",Electronics|Laptop Stand|749,3
ORD-20261002-0080,02-10-2026 17:21,om,das,"Mysuru, Karnataka",Electronics|Smart Watch|2499,5
ORD-20261002-4539,02/10/2026 17:46,Vihaan,verma,"Mumbai, Maharashtra",Sports|Cricket Bat|1599,1
ORD-20261002-1983,02/10/2026 15:10,  Megha ,Nair,"Ahmedabad, Gujarat",Home And Kitchen|Steel Water Bottle|399, 3 
ORD-20261002-4814,02-10-2026 09:59,mihir,Khanna,"ahmedabad, gujarat",Fashion|Leather Wallet|499,2
ORD-20261002-4681,02-10-2026 17:51,MANISH,srivastava,"Ahmedabad, Gujarat",Fashion|Denim Jeans|1199,4
ORD-20261002-3573,02/10/2026 20:50,Manish,nair,"Hyderabad, Telangana",Electronics|Power Bank|899,1
ORD-20261002-0681,02/10/2026 20:32,RAHUL,Rathod,"Vadodara, Gujarat",Home And Kitchen|Non Stick Pan|1099,6.0
ORD-20261002-2166,02/10/2026 21:15,Megha,Nair,"Coimbatore, Tamil Nadu",Electronics|Bluetooth Speaker|1799,1
ORD-20261002-0788,02/10/2026 10:39,KARAN,  Thakkar ,"Jaipur, Rajasthan",Home And Kitchen|Steel Water Bottle|399,2
ORD-20261002-2408,2026-10-02 15:16:40,Aryan,Mukherjee,"Nagpur, Maharashtra",Fashion|Running Shoes|2199,3.0
ORD-20261002-4013,02-10-2026 22:51,Dev,Sharma,"Ahmedabad, Gujarat",Fashion|Cotton Kurta|799,1
ORD-20261002-1915,02/10/2026 22:53,Aryan,  Singh ,"Nagpur, Maharashtra",Home And Kitchen|Bedsheet Set|1499,1
ORD-20261002-0562,2026-10-02 22:24:37,Aanya,Iyer,"Chennai, Tamil Nadu",Home And Kitchen|Bedsheet Set|1499,1
ORD-20261002-2857,02-10-2026 15:43,janvi,Srivastava,"Mysuru, Karnataka",Beauty|Hair Serum|549, 3 
ORD-20261002-0061,02/10/2026 08:23,Nikhil,Parmar,"Ahmedabad, Gujarat",Fashion|Running Shoes|2199,1
ORD-20261002-2777,02/10/2026 16:48,ATHARV,Trivedi,"Delhi, Delhi",Sports|Cricket Bat|1599,2
ORD-20261002-3986,02/10/2026 18:59,Varun,,"AHMEDABAD, GUJARAT",Home And Kitchen|Non Stick Pan|1099,2
ORD-20261002-2549,02/10/2026 10:24,Rajesh,Rathod,"Mumbai, Maharashtra",Beauty|Face Wash|249,6
ORD-20261002-3393,2026-10-02 11:03:48,om,Bose,"  Mumbai, Maharashtra ",Electronics|Bluetooth Speaker|1799,1
ORD-20261002-2814,02/10/2026 12:08,Ayaan,  Sinha ,"MUMBAI, MAHARASHTRA",Sports|Skipping Rope|199,1
ORD-20261002-4038,02/10/2026 10:38,Isha,  Kapoor ,"Bengaluru, Karnataka",Home And Kitchen|Non Stick Pan|1099,5
ORD-20261002-4569,02/10/2026 21:53,Karan,Kapoor,"Coimbatore, Tamil Nadu",Fashion|Leather Wallet|499,2
ORD-20261002-4739,2026-10-02 13:33:50,Myra,Reddy,"AHMEDABAD, GUJARAT",Fashion|Denim Jeans|1199,3
ORD-20261002-3818,2026-10-02 19:24:14,dev,Jain,"Coimbatore, Tamil Nadu",Home And Kitchen|Storage Box|299,5
ORD-20261002-0355,2026-10-02 19:41:42,Kabir,Rathod,"MUMBAI, MAHARASHTRA",Fashion|Running Shoes|2199,2
ORD-20261002-4290,02/10/2026 15:49,Krishna,  Chauhan ,"Chennai, Tamil Nadu",Fashion|Cotton Kurta|799,4
ORD-20261002-0431,02/10/2026 11:08,Dhwani,Dubey,"jaipur, rajasthan",,2
ORD-20261002-0739,2026-10-02 18:57:34,sara,Thakkar,"Mumbai, Maharashtra",Beauty|Lipstick|399,1.0
ORD-20261002-1986,02/10/2026 12:22,Aryan,BHATT,"delhi, delhi",Sports|Yoga Mat|699,1
ORD-20261002-3613,02/10/2026 13:18,kabir,,"hyderabad, telangana",Electronics|Wireless Earbuds|1299,1.0
ORD-20261002-4540,02/10/2026 13:18,Harsh,Kumar,"Kolkata, West Bengal",Electronics|Power Bank|899,2
ORD-20261002-3656,2026-10-02 20:30:11,Shreya,SRIVASTAVA,"Ahmedabad, Gujarat",Beauty|Perfume|1299,3
ORD-20261002-4241,2026-10-02 12:27:28,  Pooja ,  Ghosh ,"Surat, Gujarat",Home And Kitchen|Bedsheet Set|1499,3
ORD-20261002-4468,02-10-2026 17:16,Kavya,Modi,"vadodara, gujarat",Electronics|Smart Watch|2499,1
ORD-20261002-3714,2026-10-02 00:41:00,TANVI,Kulkarni,"Vadodara, Gujarat",Electronics|Power Bank|899,1
ORD-20261002-0972,02/10/2026 19:46,,Trivedi,"  Mysuru, Karnataka ",Home And Kitchen|Non Stick Pan|1099,1
ORD-20261002-4461,02/10/2026 10:59,Saanvi,Khanna,"  Kolkata, West Bengal ",Home And Kitchen|Wall Clock|649,4
ORD-20261002-4727,02/10/2026 17:22,Priya,Thakkar,"Hyderabad, Telangana",Home And Kitchen|Wall Clock|649,1
ORD-20261002-2355,02/10/2026 14:40,Aarav,  Sharma ,"bengaluru, karnataka",Sports|Dumbbell Set|1899, 3 
ORD-20261002-4646,02/10/2026 07:48,hetal,  Chopra ,"Pune, Maharashtra",Home And Kitchen|Bedsheet Set|1499,1
ORD-20261002-1617,02/10/2026 19:42,Dev,DUBEY,"Mumbai, Maharashtra",Home And Kitchen|Non Stick Pan|1099,1
ORD-20261002-0019,2026-10-02 13:53:39,  Aanya ,  Sharma ,"hyderabad, telangana",Electronics|Power Bank|899,1
ORD-20261002-3305,02/10/2026 13:42,Komal,Kumar,"Hyderabad, Telangana",Beauty|Perfume|1299,3
ORD-20261002-3788,02/10/2026 15:18,Atharv,Khanna,"Pune, Maharashtra",Fashion|Sunglasses|999,two
ORD-20261002-4850,2026-10-02 13:22:06,Mansi,tiwari,"coimbatore, tamil nadu",Sports|Yoga Mat|699,2
ORD-20261002-0203,2026-10-02 09:36:16,Tanvi,PARMAR,"Bengaluru, Karnataka",Electronics|Smart Watch|2499,1
ORD-20261002-0331,02/10/2026 17:05,  Dev ,rao,"Delhi, Delhi",Beauty|Face Wash|249,
ORD-20261002-4258,02-10-2026 09:46,Janvi,Parmar,"Chennai, Tamil Nadu",Fashion|Sunglasses|999, 2 
ORD-20261002-2014,2026-10-02 22:49:34,vihaan,Kumar,"Ahmedabad, Gujarat",Fashion|Denim Jeans|1199,1
ORD-20261002-2836,2026-10-02 19:56:52,Tanvi,  Menon ,"Mumbai, Maharashtra",Beauty|Face Wash|249,three
ORD-20261002-2559,02/10/2026 16:43,komal,reddy,"Delhi, Delhi",Sports|Skipping Rope|199,1
ORD-20261002-4140,02/10/2026 11:52,Priya,RAO,"Hyderabad, Telangana",Electronics|Bluetooth Speaker|1799,4
ORD-20261002-2774,02-10-2026 22:47,Hetal,Desai,"Nagpur, Maharashtra",Fashion|Sunglasses|999,1
ORD-20261002-4184,02/10/2026 16:16,,Desai,"Vadodara, Gujarat",Electronics|Bluetooth Speaker|1799,2
ORD-20261002-1552,2026-10-02 18:06:14,  Anika ,Sinha,"Nagpur, Maharashtra",Home And Kitchen|Storage Box|299,2.0
ORD-20261002-3382,02/10/2026 16:09,,Desai,"  Chennai, Tamil Nadu ",Beauty|Hair Serum|549,1
ORD-20261002-3151,2026-10-02 21:00:12,aditya,Vyas,"Delhi, Delhi",Sports|Dumbbell Set|1899,1
ORD-20261002-0694,02/10/2026 12:54,Shaurya,Pillai,"BENGALURU, KARNATAKA",Electronics|Smart Watch|2499,
ORD-20261002-2643,02-10-2026 21:01,Kriti,malhotra,"Hyderabad, Telangana",Home And Kitchen|Non Stick Pan|1099,1
ORD-20261002-2371,02/10/2026 21:14,payal,  Sharma ,N/A,Home And Kitchen|Wall Clock|649,one
ORD-20261002-2682,2026-10-02 08:57:43,riya,Patel,"ahmedabad, gujarat",Fashion|Denim Jeans|1199,1
ORD-20261002-0094,02/10/2026 17:43,BHAVNA,Patil,"Mumbai, Maharashtra",Home And Kitchen|Non Stick Pan|1099,1
ORD-20261002-2616,2026-10-02 12:16:59,Diya,PARMAR,"surat, gujarat",Home And Kitchen|Bedsheet Set|1499,1
ORD-20261002-4511,02/10/2026 12:39,Aanya,Kapoor,,Sports|Yoga Mat|699, 1 
ORD-20261002-4094,02/10/2026 18:11,Megha,srivastava,"Jaipur, Rajasthan",Beauty|Face Wash|249,2
ORD-20261002-4099,2026-10-02 18:46:11,Dhruv,PANDYA,"pune, maharashtra",Fashion|Running Shoes|2199,4
ORD-20261002-2274,02/10/2026 11:01,Roshni,mukherjee,"  Bengaluru, Karnataka ",Home And Kitchen|Non Stick Pan|1099,1
ORD-20261002-2531,02-10-2026 17:30,aditi,Singh,"Ahmedabad, Gujarat",Beauty|Hair Serum|549,3.0
ORD-20261002-1391,02/10/2026 14:20,Mihir,sinha,"Delhi, Delhi",Home And Kitchen|Bedsheet Set|1499, 6 
ORD-20261002-2749,02-10-2026 11:20,  Neha ,Kulkarni,"PUNE, MAHARASHTRA",Home And Kitchen|Bedsheet Set|1499,2
ORD-20261002-2225,02-10-2026 21:15,REYANSH,  Mehta ,"hyderabad, telangana",Beauty|Hair Serum|549,6
ORD-20261002-2200,02/10/2026 22:13,Janvi,Mehta,"vadodara, gujarat",Sports|Skipping Rope|199,1
ORD-20261002-0329,02/10/2026 15:15,Swati,Bose,"Mumbai, Maharashtra",Home And Kitchen|Storage Box|299,1
ORD-20261002-0025,02/10/2026 22:16,  Tanvi ,Vyas,"Mumbai, Maharashtra",Sports|Yoga Mat|699,1
ORD-20261002-0760,02/10/2026 19:32,Vikas,Sinha,"JAIPUR, RAJASTHAN",Home And Kitchen|Bedsheet Set|1499,2
ORD-20261002-0477,02/10/2026 16:00,Mansi,Sinha,"chennai, tamil nadu",Sports|Cricket Bat|1599,5
ORD-20261002-2276,02-10-2026 18:29,Neha,Gupta,"ahmedabad, gujarat",Electronics|Smart Watch|2499,3
ORD-20261002-1705,02-10-2026 10:24,Amit,Mukherjee,"Surat, Gujarat",Electronics|Power Bank|899,2
ORD-20261002-4434,02-10-2026 14:17,Krupa,NAIR,,Home And Kitchen|Non Stick Pan|1099,1.0
ORD-20261002-0750,02-10-2026 10:52,Myra,Patil,"Mumbai, Maharashtra",Beauty|Sunscreen|449,2
ORD-20261002-1293,2026-10-02 13:21:21,SNEHA,,"jaipur, rajasthan",Electronics|Power Bank|899, 2 
ORD-20261002-2607,02/10/2026 13:07,Rudra,agarwal,"pune, maharashtra",Sports|Dumbbell Set|1899,2
ORD-20261002-2726,02/10/2026 10:35,  Vihaan ,arora,"  Delhi, Delhi ",Home And Kitchen|Steel Water Bottle|399,1
ORD-20261002-4652,02/10/2026 12:30,shaurya,Bansal,"coimbatore, tamil nadu",Sports|Football|799,2
ORD-20261002-0563,2026-10-02 19:32:04,Arjun,Ghosh,"  Ahmedabad, Gujarat ",Beauty|Lipstick|399,1
ORD-20261002-0607,2026-10-02 16:18:43,Roshni,,"lucknow, uttar pradesh",Fashion|Leather Wallet|499,1
ORD-20261002-0656,2026-10-02 08:50:34,kavya,NAIR,"Ahmedabad, Gujarat",Fashion|Leather Wallet|499,2
ORD-20261002-0346,2026-10-02 10:58:57,Swati,Mishra,"JAIPUR, RAJASTHAN",Electronics|Laptop Stand|749,1
ORD-20261002-0531,2026-10-02 18:08:28,Kriti,Agarwal,"  Surat, Gujarat ",Home And Kitchen|Wall Clock|649,2
ORD-20261002-0003,02/10/2026 10:25,AYAAN,Mishra,"Lucknow, Uttar Pradesh",Sports|Cricket Bat|1599,5
ORD-20261002-3146,2026-10-02 13:12:30,Anjali,Bansal,"Jaipur, Rajasthan",Beauty|Perfume|1299,1
ORD-20261002-1550,02/10/2026 15:25,shaurya,Nair,"Pune, Maharashtra",Beauty|Sunscreen|449,1
ORD-20261002-3303,02/10/2026 19:30,  Aditya ,Nair,"ahmedabad, gujarat",Home And Kitchen|Bedsheet Set|1499,1
ORD-20261002-1316,02-10-2026 17:57,aryan,chopra,"Ahmedabad, Gujarat",Sports|Yoga Mat|699,2
ORD-20261002-3174,02-10-2026 21:30,Kriti,Thakkar,"  Chennai, Tamil Nadu ",Home And Kitchen|Non Stick Pan|1099,2.0
ORD-20261002-3883,02/10/2026 17:21,Komal,  Singh ,"chennai, tamil nadu",Sports|Yoga Mat|699,1
ORD-20261002-2443,02/10/2026 14:42,Aditi,thakkar,"Kolkata, West Bengal",Electronics|Laptop Stand|749,1
ORD-20261002-0429,2026-10-02 13:30:43,ARYAN,  Rathod ,"Kolkata, West Bengal",Electronics|Laptop Stand|749,3
ORD-20261002-3752,2026-10-02 07:10:14,Ananya,Menon,"Bengaluru, Karnataka",Fashion|Running Shoes|2199,4
ORD-20261002-4505,02/10/2026 10:14,Amit,Pawar,"lucknow, uttar pradesh",Sports|Dumbbell Set|1899,3
ORD-20261002-1725,02/10/2026 13:27,ananya,  Thakkar ,"Jaipur, Rajasthan",Electronics|Smart Watch|2499,4
ORD-20261002-3184,02/10/2026 17:08,KRUPA,Shah,"  Delhi, Delhi ",Home And Kitchen|Bedsheet Set|1499,3
ORD-20261002-1417,N/A,Kavya,modi,,Fashion|Cotton Kurta|799,4
ORD-20261002-4351,02/10/2026 12:57,sara,Saxena,"Kolkata, West Bengal",Electronics|Wireless Earbuds|1299,2
ORD-20261002-4585,02/10/2026 08:37,Khushi,Srivastava,"Bengaluru, Karnataka",Beauty|Sunscreen|449,2
ORD-20261002-4600,02/10/2026 14:55,  Rahul ,  Singh ,"Delhi, Delhi",Fashion|Denim Jeans|1199,3
ORD-20261002-1245,02/10/2026 19:42,Vikas,patil,"mumbai, maharashtra",Fashion|Sunglasses|999,2
ORD-20261002-4426,02/10/2026 21:18,NEEL,verma,,Electronics|Power Bank|899,
ORD-20261002-0481,2026-10-02 15:37:43,neel,Trivedi,"Bengaluru, Karnataka",Electronics|Wireless Earbuds|1299,1
ORD-20261002-2833,2026-10-02 21:22:32,Megha,das,"surat, gujarat",Sports|Dumbbell Set|1899,3
ORD-20261002-1516,02-10-2026 10:09,neha,Solanki,"Kolkata, West Bengal",Sports|Football|799,2
ORD-20261002-3602,02/10/2026 12:17,  Harsh ,Mishra,"Hyderabad, Telangana",Electronics|Bluetooth Speaker|1799,1
ORD-20261002-1609,2026-10-02 14:28:25,Tushar,TIWARI,"Mumbai, Maharashtra",Fashion|Denim Jeans|1199,
ORD-20261002-1575,02/10/2026 20:15,Aadhya,Khanna,"Kolkata, West Bengal",Electronics|Laptop Stand|749,1
ORD-20261002-2110,02/10/2026 21:36,Shreya,pillai,"Lucknow, Uttar Pradesh",Home And Kitchen|Steel Water Bottle|399,1
ORD-20261002-4033,,Divya,Das,"Surat, Gujarat",Fashion|Cotton Kurta|799,1
ORD-20261002-2769,02/10/2026 13:16,  Shreya ,Trivedi,"jaipur, rajasthan",Sports|Yoga Mat|699,2
ORD-20261002-2212,2026-10-02 20:30:31,Dhruv,,"Delhi, Delhi",Electronics|Power Bank|899,3
ORD-20261002-0941,2026-10-02 21:51:14,Saanvi,PILLAI,"kolkata, west bengal",Fashion|Sunglasses|999, 1 
ORD-20261002-1129,02/10/2026 16:43,Priya,Kapoor,"ahmedabad, gujarat",Electronics|Wireless Earbuds|1299,4
ORD-20261002-1341,02-10-2026 13:51,arjun,Malhotra,"Pune, Maharashtra",Fashion|Running Shoes|2199,3
ORD-20261002-3562,02/10/2026 20:58,Megha,Yadav,"kolkata, west bengal",Home And Kitchen|Bedsheet Set|1499,3
ORD-20261002-3790,2026-10-02 12:56:18,Ritu,  Thakkar ,"Mumbai, Maharashtra",Home And Kitchen|Wall Clock|649,1
ORD-20261002-1073,02-10-2026 11:44,aarav,  Bhatt ,"Hyderabad, Telangana",Home And Kitchen|Steel Water Bottle|399,2
ORD-20261002-1218,2026-10-02 16:49:34,Reyansh,MEHTA,"  Chennai, Tamil Nadu ",Electronics|Smart Watch|2499,1
ORD-20261002-0664,02-10-2026 15:10,,Joshi,"Kolkata, West Bengal",Home And Kitchen|Non Stick Pan|1099,2
ORD-20261002-0720,2026-10-02 10:13:04,Neha,Gupta,"Lucknow, Uttar Pradesh",Home And Kitchen|Bedsheet Set|1499,1
ORD-20261002-1084,2026-10-02 16:44:37,yash,thakkar,"Mumbai, Maharashtra",Electronics|Wireless Earbuds|1299,0
ORD-20261002-3930,02/10/2026 17:25,Rohan,Shah,"hyderabad, telangana",Fashion|Denim Jeans|1199,1
ORD-20261002-1346,02-10-2026 09:49,sneha,Nair,"Kolkata, West Bengal",Home And Kitchen|Bedsheet Set|1499,2
ORD-20261002-4052,02/10/2026 16:15,Mihir,Kalavadia,"hyderabad, telangana",, 1 
ORD-20261002-4709,02/10/2026 09:56,Nidhi,KUMAR,"Hyderabad, Telangana",Beauty|Sunscreen|449,1
ORD-20261002-0608,2026-10-02 21:21:56,vikas,Yadav,"Surat, Gujarat",Fashion|Leather Wallet|499,2
ORD-20261002-0161,02/10/2026 23:04,isha,JOSHI,"  Bengaluru, Karnataka ",,1
ORD-20261002-2084,2026-10-02 21:23:01,Roshni,ghosh,"Chennai, Tamil Nadu",Electronics|Bluetooth Speaker|1799,1
ORD-20261002-1966,2026-10-02 19:23:56,Advik,YADAV,"Ahmedabad, Gujarat",Fashion|Running Shoes|2199,3
ORD-20261002-1473,02-10-2026 10:07,dhwani,  Iyer ,"Chennai, Tamil Nadu",Fashion|Sunglasses|999,5
ORD-20261002-2495,2026-10-02 19:19:19,Pranav,yadav,"Lucknow, Uttar Pradesh",Beauty|Face Wash|249,2
ORD-20261002-4198,02/10/2026 18:50,TANVI,BOSE,"delhi, delhi",Beauty|Sunscreen|449,1
ORD-20261002-0124,2026-10-02 18:42:55,Harsh,Singh,"nagpur, maharashtra",Fashion|Sunglasses|999,1.0
ORD-20261002-3152,02/10/2026 22:25,Myra,  Desai ,"Bengaluru, Karnataka",Home And Kitchen|Bedsheet Set|1499,1
ORD-20261002-2538,2026-10-02 15:30:01,Yash,Gupta,"chennai, tamil nadu",Fashion|Running Shoes|2199,6
ORD-20261002-3328,2026-10-02 06:34:51,Krupa,  Kalavadia ,"Bengaluru, Karnataka",Sports|Dumbbell Set|1899,1
ORD-20261002-0249,02/10/2026 20:35,Kunal,Kumar,"KOLKATA, WEST BENGAL",Home And Kitchen|Steel Water Bottle|399,1
ORD-20261002-4516,02/10/2026 11:00,Tushar,Chaudhary,"bengaluru, karnataka",Beauty|Lipstick|399,1
ORD-20261002-1813,02/10/2026 12:42,Krupa,mukherjee,"  Hyderabad, Telangana ",Sports|Football|799,1
ORD-20261002-3124,02-10-2026 22:20,,SINGH,"nagpur, maharashtra",Electronics|Laptop Stand|749,1
ORD-20261002-4007,02/10/2026 14:54,  Kavya ,Shah,"DELHI, DELHI",Fashion|Denim Jeans|1199,1
ORD-20261002-0165,02/10/2026 10:42,manish,kumar,"Nagpur, Maharashtra",Sports|Yoga Mat|699,2
ORD-20261002-4615,02/10/2026 19:55,Rudra,,"Chennai, Tamil Nadu",Electronics|Power Bank|899,1
ORD-20261002-3985,02-10-2026 23:09,Ishaan,Khanna,"Jaipur, Rajasthan",Beauty|Face Wash|249,1
ORD-20261002-2882,2026-10-02 19:36:32,Rudra,Pandya,"Hyderabad, Telangana",Beauty|Sunscreen|449,1
ORD-20261002-3619,2026-10-02 09:18:04,Bhavna,desai,"Pune, Maharashtra",Sports|Cricket Bat|1599, 2 
ORD-20261002-0060,02-10-2026 20:03,Sai,Joshi,"Mumbai, Maharashtra",Electronics|Laptop Stand|749,1
ORD-20261002-3298,2026-10-02 19:50:35,,Chaudhary,"HYDERABAD, TELANGANA",Sports|Football|799,2
ORD-20261002-0928,02-10-2026 09:19,Dev,Jain,"Coimbatore, Tamil Nadu",Sports|Dumbbell Set|1899,2
ORD-20261002-2888,02/10/2026 15:57,KARAN,Verma,"Kolkata, West Bengal",Home And Kitchen|Bedsheet Set|1499,1
ORD-20261002-0968,02-10-2026 18:31,Aditi,Modi,"Hyderabad, Telangana",Home And Kitchen|Steel Water Bottle|399,4
ORD-20261002-0798,02/10/2026 13:24,Vikas,Shah,"Chennai, Tamil Nadu",Electronics|Power Bank|899,2
ORD-20261002-3973,02/10/2026 11:55,Payal,Singh,"Pune, Maharashtra",Home And Kitchen|Wall Clock|649,2
ORD-20261002-0332,02/10/2026 18:34,Simran,Chopra,"Chennai, Tamil Nadu",Sports|Yoga Mat|699,1
ORD-20261002-2236,02/10/2026 20:30,Advik,Mukherjee,"  Delhi, Delhi ",Fashion|Sunglasses|999,1
ORD-20261002-0468,2026-10-02 13:08:53,Payal,Saxena,"Jaipur, Rajasthan",Sports|Dumbbell Set|1899,1
ORD-20261002-1861,02/10/2026 17:41,neha,Mishra,"Kolkata, West Bengal",Home And Kitchen|Storage Box|299,2
ORD-20261002-3485,2026-10-02 13:42:22,  Riya ,  Vyas ,"KOLKATA, WEST BENGAL",Beauty|Lipstick|399,4
ORD-20261002-0268,02-10-2026 06:35,  Sneha ,Srivastava,"Hyderabad, Telangana",Beauty|Lipstick|399,2
ORD-20261002-0692,02-10-2026 18:54,Krupa,Vyas,"  Pune, Maharashtra ",Electronics|Power Bank|899,2
ORD-20261002-0213,02/10/2026 14:41,Krupa,Solanki,"Bengaluru, Karnataka",Fashion|Denim Jeans|1199,2
ORD-20261002-0370,2026-10-02 16:53:56,Vivaan,Gupta,"Mysuru, Karnataka",Electronics|Wireless Earbuds|1299,1
ORD-20261002-3855,2026-10-02 18:42:18,  Kavya ,PILLAI,"Delhi, Delhi",Electronics|Bluetooth Speaker|1799,4
ORD-20261002-1574,02/10/2026 22:25,Om,Thakkar,"Ahmedabad, Gujarat",Sports|Football|799,3
ORD-20261002-0033,2026-10-02 13:24:30,RAHUL,dubey,"  Jaipur, Rajasthan ",Beauty|Face Wash|249,4
ORD-20261002-2788,02-10-2026 22:10,Janvi,Gupta,,Electronics|Bluetooth Speaker|1799,4
ORD-20261002-2020,02-10-2026 18:45,SHAURYA,Mishra,"COIMBATORE, TAMIL NADU",Home And Kitchen|Storage Box|299,1
ORD-20261002-2773,02/10/2026 10:00,Rajesh,Bose,"Surat, Gujarat",Fashion|Leather Wallet|499,1
ORD-20261002-1307,02/10/2026 06:41,tanvi,Kumar,"Ahmedabad, Gujarat",Sports|Football|799,1
ORD-20261002-1130,02/10/2026 17:21,  Mansi ,kulkarni,"nagpur, maharashtra",Beauty|Sunscreen|449,4
ORD-20261002-1055,2026-10-02 18:25:35,  Krupa ,Gupta,"Lucknow, Uttar Pradesh",Home And Kitchen|Bedsheet Set|1499,1
ORD-20261002-2663,02-10-2026 23:57,  Parth ,GHOSH,"Delhi, Delhi",Electronics|Smart Watch|2499,3
ORD-20261002-3747,2026-10-02 17:46:24,Palak,mukherjee,"kolkata, west bengal",Beauty|Perfume|1299,1
ORD-20261002-1244,2026-10-02 00:47:37,Kunal,Chaudhary,"  Pune, Maharashtra ",Home And Kitchen|Storage Box|299,2
ORD-20261002-3008,2026-10-02 11:19:09,  Sara ,Desai,"Nagpur, Maharashtra",Home And Kitchen|Non Stick Pan|1099,-1
ORD-20261002-1210,02/10/2026 20:43,MYRA,Mehta,"Bengaluru, Karnataka",Home And Kitchen|Wall Clock|649,three
ORD-20261002-3989,2026-10-02 20:42:34,Jay,kulkarni,"JAIPUR, RAJASTHAN",Home And Kitchen|Bedsheet Set|1499,4
ORD-20261002-3071,02/10/2026 18:41,kriti,  Tiwari ,"Nagpur, Maharashtra",Electronics|Laptop Stand|749,5
ORD-20261002-0365,02/10/2026 16:01,ARYAN,Agarwal,"  Lucknow, Uttar Pradesh ",Home And Kitchen|Non Stick Pan|1099,3
ORD-20261002-2501,02/10/2026 21:38,AANYA,Singh,"Nagpur, Maharashtra",Electronics|Smart Watch|2499,2
ORD-20261002-3226,02-10-2026 16:02,Sara,  Thakkar ,"mumbai, maharashtra",Home And Kitchen|Bedsheet Set|1499,2
ORD-20261002-0389,2026-10-02 16:01:42,PARI,Dubey,"Surat, Gujarat",Fashion|Sunglasses|999,4
ORD-20261002-2698,02/10/2026 01:14,arjun,  Kulkarni ,"mumbai, maharashtra",Home And Kitchen|Bedsheet Set|1499,1
ORD-20261002-2744,02/10/2026 21:30,Pooja,Parmar,"Nagpur, Maharashtra",Home And Kitchen|Wall Clock|649,3
ORD-20261002-3066,2026-10-02 18:59:27,Suresh,Malhotra,"Delhi, Delhi",Home And Kitchen|Steel Water Bottle|399,4
ORD-20261002-3247,02/10/2026 20:53,,Menon,"Hyderabad, Telangana",Fashion|Running Shoes|2199,4
ORD-20261002-2896,02/10/2026 01:55,Dev,VERMA,"  Chennai, Tamil Nadu ",Electronics|Wireless Earbuds|1299,2
ORD-20261002-0248,02/10/2026 17:02,Tushar,Parmar,"Kolkata, West Bengal",Fashion|Leather Wallet|499,1
ORD-20261002-1295,02/10/2026 11:09,KRITI,Menon,"Vadodara, Gujarat",Fashion|Leather Wallet|499,3
ORD-20261002-3813,02/10/2026 12:51,Neha,Ghosh,"Delhi, Delhi",Electronics|Bluetooth Speaker|1799,6
ORD-20261002-4074,02/10/2026 18:53,Sneha,Pawar,"Vadodara, Gujarat",Fashion|Running Shoes|2199, 4 
ORD-20261002-2098,,Roshni,Singh,"hyderabad, telangana",Home And Kitchen|Storage Box|299,1
ORD-20261002-4260,2026-10-02 20:35:02,Roshni,Singh,"Ahmedabad, Gujarat",Sports|Dumbbell Set|1899,0
ORD-20261002-3988,2026-10-02 08:39:14,sneha,khanna,"surat, gujarat",Electronics|Bluetooth Speaker|1799, 3 
ORD-20261002-2299,2026-10-02 22:05:42,karan,Parmar,"delhi, delhi",Home And Kitchen|Non Stick Pan|1099,2
ORD-20261002-1007,02/10/2026 12:57,NISHA,Chopra,"Mysuru, Karnataka",Electronics|Wireless Earbuds|1299,3
ORD-20261002-1479,02/10/2026 16:55,aryan,Verma,"ahmedabad, gujarat",Home And Kitchen|Bedsheet Set|1499,2
ORD-20261002-1435,02-10-2026 22:18,advik,  Thakkar ,"jaipur, rajasthan",Sports|Cricket Bat|1599,3
ORD-20261002-2843,02-10-2026 05:48,sara,KUMAR,"Kolkata, West Bengal",Sports|Dumbbell Set|1899,3
ORD-20261002-2637,02/10/2026 09:00,Karan,verma,"chennai, tamil nadu",Home And Kitchen|Storage Box|299,1
ORD-20261002-1642,2026-10-02 12:15:48,Rahul,Reddy,"hyderabad, telangana",Beauty|Perfume|1299,3
ORD-20261002-1581,02/10/2026 19:52,Simran,Mehta,"Chennai, Tamil Nadu",Fashion|Sunglasses|999,2
ORD-20261002-1967,2026-10-02 12:52:28,null,  Chopra ,"Lucknow, Uttar Pradesh",Electronics|Bluetooth Speaker|1799, 2 
ORD-20261002-4339,02/10/2026 01:04,Anika,Joshi,"Surat, Gujarat",Electronics|Smart Watch|2499,2
ORD-20261002-0643,2026-10-02 21:50:16,MIHIR,Chaudhary,"Mumbai, Maharashtra",Fashion|Sunglasses|999,2
ORD-20261002-3999,02/10/2026 21:51,Rudra,Pillai,"Ahmedabad, Gujarat",,-2
ORD-20261002-0990,02/10/2026 07:08,Khushi,Rathod,"Mumbai, Maharashtra",Home And Kitchen|Steel Water Bottle|399,2
ORD-20261002-0117,02-10-2026 14:57,null,Menon,"Vadodara, Gujarat",Home And Kitchen|Steel Water Bottle|399,2
ORD-20261002-2082,2026-10-02 15:37:58,Kriti,Mishra,"Chennai, Tamil Nadu",Electronics|Power Bank|899,1.0
ORD-20261002-2822,2026-10-02 18:48:41,tushar,Nair,"kolkata, west bengal",Electronics|Wireless Earbuds|1299,4
ORD-20261002-0550,2026-10-02 21:21:24,Aadhya,Saxena,"Bengaluru, Karnataka",Electronics|Power Bank|899,1.0
ORD-20261002-2181,2026-10-02 12:49:13,tanvi,Parmar,"Bengaluru, Karnataka",Electronics|Smart Watch|2499,2
ORD-20261002-1537,2026-10-02 19:56:53,Gaurav,das,"Hyderabad, Telangana",Fashion|Cotton Kurta|799,2
ORD-20261002-1878,02-10-2026 10:16,Vivaan,Mehta,"Bengaluru, Karnataka",Electronics|Laptop Stand|749,1
ORD-20261002-1050,2026-10-02 13:23:00,Mansi,Agarwal,"Surat, Gujarat",Sports|Football|799,1
ORD-20261002-4357,02-10-2026 23:32,  Divya ,Kumar,"KOLKATA, WEST BENGAL",Fashion|Denim Jeans|1199,3
ORD-20261002-0333,2026-10-02 10:32:41,Kabir,mishra,"  Bengaluru, Karnataka ",Beauty|Lipstick|399,1
ORD-20261002-0013,02/10/2026 11:53,Manish,Nair,"Hyderabad, Telangana",Home And Kitchen|Storage Box|299,1
ORD-20261002-1338,2026-10-02 11:52:45,Rohan,Chopra,"Lucknow, Uttar Pradesh",Home And Kitchen|Storage Box|299,2
ORD-20261002-0524,02/10/2026 16:13,Deepak,Chopra,"  Kolkata, West Bengal ",Electronics|Wireless Earbuds|1299, 3 
ORD-20261002-2959,02-10-2026 22:59,swati,mukherjee,"chennai, tamil nadu",Beauty|Perfume|1299,1
ORD-20261002-0506,02-10-2026 12:06,Atharv,SAXENA,"chennai, tamil nadu",Beauty|Face Wash|249,3
ORD-20261002-3159,2026-10-02 22:39:44,Kriti,  Desai ,"  Jaipur, Rajasthan ",Home And Kitchen|Bedsheet Set|1499,1
ORD-20261002-3418,2026-10-02 21:25:27,Isha,joshi,"chennai, tamil nadu",Home And Kitchen|Non Stick Pan|1099,1
ORD-20261002-3214,02/10/2026 13:06,deepak,Srivastava,"Mumbai, Maharashtra",Fashion|Sunglasses|999,1
ORD-20261002-3407,02/10/2026 13:34,Aarav,Patil,"Delhi, Delhi",Sports|Cricket Bat|1599,1
ORD-20261002-3655,2026-10-02 15:39:39,  Diya ,  Pandya ,"Pune, Maharashtra",Beauty|Hair Serum|549,3
ORD-20261002-2317,02/10/2026 21:07,Aryan,Agarwal,"  Lucknow, Uttar Pradesh ",Beauty|Sunscreen|449,1
ORD-20261002-1414,2026-10-02 17:36:32,Pari,kalavadia,"LUCKNOW, UTTAR PRADESH",Sports|Dumbbell Set|1899,1
ORD-20261002-1673,02/10/2026 19:59,Kabir,KAPOOR,"Surat, Gujarat",Home And Kitchen|Wall Clock|649,1
ORD-20261002-0505,02/10/2026 19:41,Manish,Tiwari,"Mumbai, Maharashtra",Fashion|Sunglasses|999,1
ORD-20261002-3009,2026-10-02 21:12:01,Kabir,Trivedi,"Delhi, Delhi",Home And Kitchen|Wall Clock|649,1
ORD-20261002-1803,2026-10-02 08:51:04,  Anjali ,Pandya,"  Bengaluru, Karnataka ",Fashion|Sunglasses|999,1
ORD-20261002-2561,2026-10-02 13:12:45,pranav,Shah,"bengaluru, karnataka",Sports|Football|799,1
ORD-20261002-3211,2026-10-02 07:14:55,Krupa,Sharma,"Vadodara, Gujarat",Electronics|Power Bank|899,1
ORD-20261002-3388,02/10/2026 21:33,Yash,Nair,"MUMBAI, MAHARASHTRA",Fashion|Sunglasses|999,1
ORD-20261002-3347,02/10/2026 21:35,RIYA,Gupta,"Chennai, Tamil Nadu",Electronics|Laptop Stand|749,1
ORD-20261002-3228,02/10/2026 13:01,Aditya,verma,"Ahmedabad, Gujarat",Electronics|Smart Watch|2499,1
ORD-20261002-2228,02-10-2026 11:49,  Riya ,,"bengaluru, karnataka",Home And Kitchen|Bedsheet Set|1499,
ORD-20261002-2412,02-10-2026 16:40,Sai,Chauhan,"  Bengaluru, Karnataka ",Home And Kitchen|Non Stick Pan|1099,1
ORD-20261002-0035,02/10/2026 09:48,Varun,Mukherjee,"surat, gujarat",Home And Kitchen|Bedsheet Set|1499,4
ORD-20261002-3617,02/10/2026 13:42,atharv,dubey,"  Mysuru, Karnataka ",Fashion|Leather Wallet|499,1
ORD-20261002-1920,02/10/2026 20:35,neel,kapoor,"HYDERABAD, TELANGANA",Electronics|Laptop Stand|749,1
ORD-20261002-4000,02-10-2026 15:27,Yash,Mehta,"  Ahmedabad, Gujarat ",Home And Kitchen|Bedsheet Set|1499,-2
ORD-20261002-1460,02/10/2026 19:59,Myra,Trivedi,"Pune, Maharashtra",Beauty|Sunscreen|449,1
ORD-20261002-0455,02/10/2026 20:24,bhavna,Arora,"Surat, Gujarat",Home And Kitchen|Steel Water Bottle|399,1
ORD-20261002-0065,02/10/2026 12:38,atharv,joshi,"Kolkata, West Bengal",Sports|Skipping Rope|199,2
ORD-20261002-1394,02/10/2026 21:17,Kabir,Menon,"Lucknow, Uttar Pradesh",Home And Kitchen|Steel Water Bottle|399,1
ORD-20261002-4027,02/10/2026 21:17,Komal,  Kumar ,"COIMBATORE, TAMIL NADU",Fashion|Running Shoes|2199,
ORD-20261002-2328,02/10/2026 19:41,Neel,Agarwal,"lucknow, uttar pradesh",Electronics|Power Bank|899,3
ORD-20261002-0945,2026-10-02 14:48:19,Roshni,Solanki,"Delhi, Delhi",Beauty|Lipstick|399,2
ORD-20261002-0081,02/10/2026 19:34,Ritu,Trivedi,"Mumbai, Maharashtra",Electronics|Wireless Earbuds|1299,1
ORD-20261002-3218,02-10-2026 21:02,Divya,Patil,"MUMBAI, MAHARASHTRA",Sports|Cricket Bat|1599,1
ORD-20261002-1504,2026-10-02 15:07:34,Bhavna,yadav,"Kolkata, West Bengal",Electronics|Wireless Earbuds|1299,6
ORD-20261002-0285,2026-10-02 21:22:30,sneha,Modi,"Chennai, Tamil Nadu",Home And Kitchen|Bedsheet Set|1499,1
ORD-20261002-3798,02/10/2026 20:42,Kabir,Mukherjee,"Hyderabad, Telangana",Home And Kitchen|Non Stick Pan|1099,3
ORD-20261002-4067,02/10/2026 12:02,Bhavna,Kapoor,"ahmedabad, gujarat",Home And Kitchen|Wall Clock|649,4
ORD-20261002-2912,02/10/2026 21:20,Saanvi,Chopra,"Bengaluru, Karnataka",Beauty|Sunscreen|449, 2 
ORD-20261002-1492,2026-10-02 23:24:17,Dhruv,Gupta,"Kolkata, West Bengal",Beauty|Perfume|1299, 1 
ORD-20261002-1423,02/10/2026 18:24,Vihaan,Saxena,"Pune, Maharashtra",Beauty|Sunscreen|449,2
ORD-20261002-0044,02/10/2026 22:17,Dhruv,Khanna,"SURAT, GUJARAT",Fashion|Denim Jeans|1199,1
ORD-20261002-1042,2026-10-02 19:28:23,bhavna,gupta,"Delhi, Delhi",Beauty|Lipstick|399,2
ORD-20261002-3143,02/10/2026 13:33,Parth,pandya,"Mumbai, Maharashtra",Beauty|Face Wash|249,3
ORD-20261002-0889,02/10/2026 23:40,Simran,Jain,"Nagpur, Maharashtra",Electronics|Power Bank|899,1
ORD-20261002-1108,02-10-2026 20:04,  Sneha ,Modi,"  Chennai, Tamil Nadu ",Home And Kitchen|Storage Box|299,0
ORD-20261002-1461,2026-10-02 11:05:16,amit,Pawar,"  Bengaluru, Karnataka ",Sports|Skipping Rope|199,1
ORD-20261002-0761,2026-10-02 16:11:51,Aryan,  Dubey ,"Lucknow, Uttar Pradesh",Beauty|Hair Serum|549,1
ORD-20261002-1352,02-10-2026 10:17,Nisha,Sharma,"  Bengaluru, Karnataka ",Fashion|Running Shoes|2199,1
ORD-20261002-2478,2026-10-02 08:23:36,Simran,srivastava,"hyderabad, telangana",Electronics|Smart Watch|2499,1
ORD-20261002-3765,02/10/2026 15:35,Saanvi,kumar,"hyderabad, telangana",Electronics|Power Bank|899,1.0
ORD-20261002-3720,2026-10-02 12:21:58,Varun,Rathod,"Nagpur, Maharashtra",Beauty|Lipstick|399,-2
ORD-20261002-2161,02/10/2026 13:08,Vihaan,Shah,"MYSURU, KARNATAKA",Beauty|Hair Serum|549,
ORD-20261002-3900,2026-10-02 19:29:56,Sara,Desai,"nagpur, maharashtra",Electronics|Power Bank|899,2
ORD-20261002-1545,02/10/2026 13:04,Anjali,Khanna,"Ahmedabad, Gujarat",Electronics|Bluetooth Speaker|1799,1
ORD-20261002-4588,2026-10-02 02:48:55,Yash,Pawar,"Hyderabad, Telangana",Electronics|Laptop Stand|749,4
ORD-20261002-1332,02/10/2026 03:26,bhavna,sharma,"JAIPUR, RAJASTHAN",Home And Kitchen|Storage Box|299,2
ORD-20261002-0029,2026-10-02 19:52:53,Tushar,Parmar,"  Chennai, Tamil Nadu ",Electronics|Bluetooth Speaker|1799,2
ORD-20261002-0518,02/10/2026 09:56,  Shreya ,Chauhan,"Mumbai, Maharashtra",Fashion|Sunglasses|999,2
ORD-20261002-0489,2026-10-02 18:23:02,Anika,gupta,"Mumbai, Maharashtra",Sports|Cricket Bat|1599,1
ORD-20261002-3902,02/10/2026 13:56,Hetal,Patel,"Surat, Gujarat",Sports|Skipping Rope|199,2
ORD-20261002-3122,02/10/2026 15:25,ayaan,Chopra,"pune, maharashtra",Home And Kitchen|Non Stick Pan|1099,2
ORD-20261002-0927,2026-10-02 19:51:34,kunal,Ghosh,"Mysuru, Karnataka",Electronics|Power Bank|899, 1 
ORD-20261002-1196,02/10/2026 20:22,Reyansh,SOLANKI,"Lucknow, Uttar Pradesh",Fashion|Sunglasses|999,
ORD-20261002-0442,02-10-2026 20:19,  Bhavna ,Dubey,"Chennai, Tamil Nadu",Sports|Yoga Mat|699,1
ORD-20261002-4019,02/10/2026 22:20,aditi,Ghosh,"Coimbatore, Tamil Nadu",Home And Kitchen|Wall Clock|649,4
ORD-20261002-1377,02/10/2026 04:54,Rajesh,  Mishra ,"HYDERABAD, TELANGANA",Fashion|Sunglasses|999,1
ORD-20261002-1476,02/10/2026 12:45,Diya,Dubey,"Bengaluru, Karnataka",Sports|Yoga Mat|699,2
ORD-20261002-1751,02/10/2026 14:03,KRUPA,Thakkar,"hyderabad, telangana",Sports|Dumbbell Set|1899,1
ORD-20261002-0746,2026-10-02 20:14:48,Swati,Solanki,"Pune, Maharashtra",Sports|Yoga Mat|699,1
ORD-20261002-4767,2026-10-02 22:06:02,  Swati ,Agarwal,"PUNE, MAHARASHTRA",Sports|Cricket Bat|1599,2
ORD-20261002-3073,02-10-2026 13:04,Pooja,Arora,"ahmedabad, gujarat",Fashion|Cotton Kurta|799,1
ORD-20261002-1319,02/10/2026 20:25,Dhwani,Parmar,"Nagpur, Maharashtra",Sports|Football|799,1
ORD-20261002-2102,02-10-2026 20:37,Payal,MUKHERJEE,"Kolkata, West Bengal",Beauty|Sunscreen|449,2
ORD-20261002-3876,30/02/2026 21:00,  Sneha ,Pandya,"Ahmedabad, Gujarat",Beauty|Face Wash|249,1
ORD-20261002-3395,02/10/2026 14:22,Suresh,Joshi,"Chennai, Tamil Nadu",Sports|Dumbbell Set|1899,2
ORD-20261002-4602,2026-10-02 12:00:44,  Dhwani ,Patel,"MYSURU, KARNATAKA",Home And Kitchen|Bedsheet Set|1499,2
ORD-20261002-2526,2026-10-02 21:05:45,Parth,Modi,"Delhi, Delhi",Fashion|Running Shoes|2199,2
ORD-20261002-3678,02-10-2026 21:49,nidhi,Rao,"Coimbatore, Tamil Nadu",Sports|Skipping Rope|199,1
ORD-20261002-1191,02-10-2026 18:21,  Ishaan ,MISHRA,"Hyderabad, Telangana",,2
ORD-20261002-0634,2026-10-02 22:34:22,Arjun,Bose,"Hyderabad, Telangana",Fashion|Sunglasses|999,1
ORD-20261002-1818,2026-10-02 17:13:12,pranav,Mishra,"Delhi, Delhi",Fashion|Sunglasses|999,1
ORD-20261002-0523,02/10/2026 12:44,Bhavna,Kalavadia,"Bengaluru, Karnataka",Home And Kitchen|Bedsheet Set|1499,6
ORD-20261002-1057,02/10/2026 22:00,Dev,patil,"bengaluru, karnataka",Fashion|Sunglasses|999,1
ORD-20261002-0593,02/10/2026 13:24,yash,Pillai,"coimbatore, tamil nadu",Fashion|Sunglasses|999,4
ORD-20261002-2315,2026-10-02 18:22:28,KRITI,,"Vadodara, Gujarat",Fashion|Leather Wallet|499,1
ORD-20261002-2889,02/10/2026 19:15,  Sai ,Sharma,"Mumbai, Maharashtra",Electronics|Bluetooth Speaker|1799,1
ORD-20261002-2411,02/10/2026 18:52,null,  Pawar ,"Kolkata, West Bengal",Electronics|Smart Watch|2499,2
ORD-20261002-2576,02/10/2026 13:07,Anika,Shah,"Pune, Maharashtra",Sports|Football|799,3
ORD-20261002-0991,02/10/2026 13:10,simran,Chopra,"chennai, tamil nadu",Sports|Cricket Bat|1599,1
ORD-20261002-1791,02/10/2026 13:55,JAY,Sharma,"Mumbai, Maharashtra",Sports|Football|799,3
ORD-20261002-3359,2026-10-02 15:33:51,AYAAN,Jain,"Delhi, Delhi",Electronics|Wireless Earbuds|1299,3
ORD-20261002-1984,2026-10-02 19:37:13,Om,,"Pune, Maharashtra",Electronics|Bluetooth Speaker|1799,2
ORD-20261002-4188,2026-10-02 21:31:30,  Janvi ,  Reddy ,"Bengaluru, Karnataka",Fashion|Running Shoes|2199,3
ORD-20261002-3068,31/02/2026 17:05,Simran,menon,"Delhi, Delhi",Beauty|Sunscreen|449,2
ORD-20261002-1719,02/10/2026 19:01,Tanvi,Mehta,"Hyderabad, Telangana",Beauty|Lipstick|399,1
ORD-20261002-1613,2026-10-02 20:55:49,Bhavna,Chopra,"  Kolkata, West Bengal ",Sports|Skipping Rope|199,3
ORD-20261002-2650,2026-10-02 21:47:47,REYANSH,Ghosh,"Mumbai, Maharashtra",Sports|Football|799,3
ORD-20261002-4777,02/10/2026 11:56,myra,Pawar,,Sports|Yoga Mat|699,5
ORD-20261002-3635,02/10/2026 13:04,kriti,sharma,"Mumbai, Maharashtra",Sports|Cricket Bat|1599,2
ORD-20261002-4425,2026-10-02 17:56:09,dhwani,Menon,"Hyderabad, Telangana",Home And Kitchen|Bedsheet Set|1499,1
ORD-20261002-3408,2026-10-02 09:23:22,Aditya,Shah,"bengaluru, karnataka",Home And Kitchen|Steel Water Bottle|399,1
ORD-20261002-4729,2026-10-02 21:07:37,isha,Saxena,"Chennai, Tamil Nadu",Home And Kitchen|Non Stick Pan|1099,4
ORD-20261002-0340,02/10/2026 00:21,  Payal ,dubey,"bengaluru, karnataka",Home And Kitchen|Wall Clock|649, 1 
ORD-20261002-3121,2026-10-02 16:21:58,YASH,  Mishra ,"Vadodara, Gujarat",Home And Kitchen|Non Stick Pan|1099,2
ORD-20261002-1647,2026-10-02 21:20:30,Tanvi,KUMAR,"Ahmedabad, Gujarat",Sports|Cricket Bat|1599,2
ORD-20261002-4453,2026-10-02 10:15:39,anjali,Pillai,"  Nagpur, Maharashtra ",Home And Kitchen|Storage Box|299,1
ORD-20261002-3453,2026-10-02 19:01:10,Pranav,Patel,"Bengaluru, Karnataka",Beauty|Hair Serum|549,2
ORD-20261002-3995,2026-10-02 01:47:04,Payal,Bhatt,"Bengaluru, Karnataka",Sports|Yoga Mat|699,1.0
ORD-20261002-4636,02/10/2026 11:03,KRITI,  Kalavadia ,"Kolkata, West Bengal",Beauty|Lipstick|399,2
ORD-20261002-4568,2026-10-02 13:46:59,roshni,kulkarni,"delhi, delhi",Sports|Dumbbell Set|1899,1
ORD-20261002-4504,2026-10-02 18:08:07,DIVYA,desai,"Ahmedabad, Gujarat",Electronics|Wireless Earbuds|1299,1
ORD-20261002-3065,2026-10-02 20:35:11,Simran,PATIL,"Kolkata, West Bengal",Fashion|Sunglasses|999,1
ORD-20261002-0067,02/10/2026 16:32,Jay,Agarwal,"Hyderabad, Telangana",Electronics|Smart Watch|2499,3
ORD-20261002-1156,02/10/2026 19:53,Pari,mukherjee,"mumbai, maharashtra",Sports|Cricket Bat|1599,1.0
,02/10/2026 15:01,amit,Solanki,"Jaipur, Rajasthan",Electronics|Wireless Earbuds|1299,1
ORD-20261002-1292,2026-10-02 20:15:06,Hetal,  Thakkar ,"Vadodara, Gujarat",Fashion|Denim Jeans|1199,1
ORD-20261002-2988,2026-10-02 22:09:15,  Roshni ,  Iyer ,"Bengaluru, Karnataka",Home And Kitchen|Steel Water Bottle|399,2.0
ORD-20261002-3176,2026-10-02 18:06:15,advik,Mishra,"Vadodara, Gujarat",Electronics|Laptop Stand|749,3.0
ORD-20261002-4782,2026-10-02 10:11:07,Bhavna,Chopra,"  Hyderabad, Telangana ",Sports|Dumbbell Set|1899,1
ORD-20261002-1965,2026-10-02 21:49:08,Vikas,Thakkar,,Electronics|Wireless Earbuds|1299,1
ORD-20261002-3527,02/10/2026 22:30,  Amit ,Kapoor,"chennai, tamil nadu",Beauty|Sunscreen|449,4
ORD-20261002-2394,02/10/2026 17:39,Myra,Sharma,"Nagpur, Maharashtra",Fashion|Denim Jeans|1199,2
ORD-20261002-3895,02/10/2026 19:24,isha,gupta,"pune, maharashtra",Home And Kitchen|Steel Water Bottle|399,1
ORD-20261002-1342,2026-10-02 13:00:52,Ayaan,Pawar,"lucknow, uttar pradesh",Home And Kitchen|Wall Clock|649,2
ORD-20261002-1527,02/10/2026 19:24,Payal,gupta,"Delhi, Delhi",Fashion|Denim Jeans|1199,2
ORD-20261002-2461,02/10/2026 13:11,tushar,Yadav,"Lucknow, Uttar Pradesh",Home And Kitchen|Bedsheet Set|1499,1
ORD-20261002-1486,2026-10-02 20:42:08,OM,Das,"delhi, delhi",Home And Kitchen|Non Stick Pan|1099,1.0
ORD-20261002-2829,02/10/2026 09:31,Aryan,  Arora ,"Bengaluru, Karnataka",Home And Kitchen|Storage Box|299,2
ORD-20261002-0128,02-10-2026 18:44,Nikhil,Nair,"Hyderabad, Telangana",Home And Kitchen|Non Stick Pan|1099,1
ORD-20261002-3403,02/10/2026 21:38,REYANSH,Dubey,"chennai, tamil nadu",Sports|Cricket Bat|1599,1
ORD-20261002-2307,02/10/2026 16:20,Pooja,,"Bengaluru, Karnataka",Beauty|Perfume|1299,1
ORD-20261002-0961,2026-10-02 20:21:56,Rajesh,Bose,"surat, gujarat",Beauty|Perfume|1299,3
ORD-20261002-0475,02/10/2026 18:14,Payal,Agarwal,"Coimbatore, Tamil Nadu",Home And Kitchen|Wall Clock|649,1
ORD-20261002-3931,2026-10-02 00:16:19,  Mihir ,Saxena,,Electronics|Laptop Stand|749,
ORD-20261002-3287,2026-10-02 17:22:01,ANJALI,Thakkar,"Mumbai, Maharashtra",Sports|Football|799,1
ORD-20261002-2333,02/10/2026 10:05,Vivaan,desai,"chennai, tamil nadu",Electronics|Bluetooth Speaker|1799,2
ORD-20261002-2277,02-10-2026 23:04,Advik,Trivedi,"hyderabad, telangana",Sports|Skipping Rope|199,1
ORD-20261002-1287,02/10/2026 18:15,saanvi,chaudhary,"Nagpur, Maharashtra",Electronics|Bluetooth Speaker|1799,3
ORD-20261002-4555,02/10/2026 13:30,  Simran ,Joshi,"Bengaluru, Karnataka",Beauty|Perfume|1299,1
ORD-20261002-4668,2026-10-02 08:43:44,Mansi,Kapoor,"surat, gujarat",Electronics|Smart Watch|2499,4
ORD-20261002-0047,2026-10-02 21:38:15,Anjali,bhatt,"lucknow, uttar pradesh",Home And Kitchen|Wall Clock|649,2
ORD-20261002-0231,2026-10-02 20:46:28,Parth,patil,"Coimbatore, Tamil Nadu",Home And Kitchen|Steel Water Bottle|399,1
ORD-20261002-0536,2026-10-02 21:43:58,MEGHA,Yadav,"kolkata, west bengal",Beauty|Hair Serum|549,2
ORD-20261002-2445,2026-10-02 16:44:27,Karan,Sinha,"hyderabad, telangana",Fashion|Cotton Kurta|799,6
ORD-20261002-2218,2026-10-02 10:02:30,Aanya,  Das ,"pune, maharashtra",Sports|Yoga Mat|699,1
ORD-20261002-2952,02/10/2026 13:16,Nidhi,sinha,"mumbai, maharashtra",Home And Kitchen|Bedsheet Set|1499,2.0
ORD-20261002-2009,02/10/2025 12:40,  Tushar ,yadav,"Lucknow, Uttar Pradesh",Electronics|Power Bank|899,5
ORD-20261002-1633,02-10-2026 13:57,Neel,  Kalavadia ,"Pune, Maharashtra",Sports|Skipping Rope|199,1
ORD-20261002-1163,2026-10-02 19:07:51,PALAK,JAIN,"Jaipur, Rajasthan",Beauty|Sunscreen|449,1
ORD-20261002-3370,30/02/2026 19:09,harsh,Mukherjee,"Mysuru, Karnataka",Electronics|Smart Watch|2499, 1 
ORD-20261002-0584,02/10/2026 16:22,Parth,SINHA,"Pune, Maharashtra",Electronics|Bluetooth Speaker|1799,1
ORD-20261002-4786,2026-10-02 21:11:46,kabir,solanki,"Hyderabad, Telangana",Home And Kitchen|Bedsheet Set|1499,2
ORD-20261002-3471,2026-10-02 18:28:10,Myra,PILLAI,"Surat, Gujarat",Home And Kitchen|Storage Box|299,1
ORD-20261002-3640,02-10-2026 21:13,  Hetal ,  Patil ,"KOLKATA, WEST BENGAL",,3
ORD-20261002-3938,02-10-2026 20:15,nisha,Khanna,"VADODARA, GUJARAT",Fashion|Leather Wallet|499,3
ORD-20261002-0017,,Suresh,RAO,"  Hyderabad, Telangana ",Beauty|Face Wash|249,1
ORD-20261002-3683,02/10/2026 22:55,Rohan,chopra,"Surat, Gujarat",Sports|Skipping Rope|199,1
ORD-20261002-2868,N/A,KARAN,Rao,"Mumbai, Maharashtra",Fashion|Sunglasses|999,1
ORD-20261002-0004,02/10/2026 22:44,simran,nair,"  Lucknow, Uttar Pradesh ",Electronics|Wireless Earbuds|1299,1
ORD-20261002-3522,2026-10-02 21:58:16,Khushi,Trivedi,"MUMBAI, MAHARASHTRA",Fashion|Cotton Kurta|799,4
ORD-20261002-3501,02/10/2026 09:32,pranav,Kulkarni,"PUNE, MAHARASHTRA",Electronics|Laptop Stand|749,1
ORD-20261002-1905,02/10/2026 14:13,Neel,Bose,"Mumbai, Maharashtra",Sports|Skipping Rope|199,1
ORD-20261002-4801,2026-10-02 18:54:18,deepak,Pandya,"Mumbai, Maharashtra",Home And Kitchen|Non Stick Pan|1099,1
ORD-20261002-2239,,Karan,,"Mumbai, Maharashtra",Electronics|Smart Watch|2499,2
ORD-20261002-3010,02/10/2026 22:12,Aanya,bose,"Vadodara, Gujarat",Beauty|Hair Serum|549,1
ORD-20261002-1092,02/10/2026 19:32,  Megha ,yadav,"Kolkata, West Bengal",Home And Kitchen|Steel Water Bottle|399,1
ORD-20261002-2597,02/10/2026 16:39,,Bhatt,"Hyderabad, Telangana",Sports|Cricket Bat|1599,2
ORD-20261002-2906,02/10/2026 11:09,isha,  Joshi ,"  Bengaluru, Karnataka ",Beauty|Lipstick|399,1
ORD-20261002-1777,02/10/2026 19:35,Advik,pandya,"HYDERABAD, TELANGANA",Home And Kitchen|Storage Box|299,1
ORD-20261002-3551,02/10/2026 22:40,Pari,Kulkarni,"Jaipur, Rajasthan",Fashion|Running Shoes|2199,
ORD-20261002-4017,02/10/2026 12:20,Rohan,Chaudhary,"Nagpur, Maharashtra",Electronics|Smart Watch|2499,2
ORD-20261002-2535,2026-10-02 21:23:30,rajesh,pawar,"  Coimbatore, Tamil Nadu ",Beauty|Sunscreen|449,2
ORD-20261002-3833,2026-10-02 17:37:40,Ayaan,Mishra,"  Lucknow, Uttar Pradesh ",Beauty|Sunscreen|449, 1 
ORD-20261002-4146,2026-10-02 12:42:53,Aarav,Sharma,"Nagpur, Maharashtra",Sports|Dumbbell Set|1899,1
ORD-20261002-2375,02/10/2026 19:58,RAJESH,,"  Hyderabad, Telangana ",Sports|Yoga Mat|699,2
ORD-20261002-1040,02/10/2026 16:45,Nidhi,chopra,"Chennai, Tamil Nadu",Beauty|Perfume|1299,1
ORD-20261002-0313,2026-10-02 20:00:50,kunal,desai,"AHMEDABAD, GUJARAT",Fashion|Sunglasses|999,1
ORD-20261002-4641,2026-10-02 19:43:24,dhruv,Agarwal,"  Bengaluru, Karnataka ",Home And Kitchen|Wall Clock|649,4
ORD-20261002-1056,2026-10-02 18:05:02,POOJA,  Arora ,"chennai, tamil nadu",Home And Kitchen|Wall Clock|649,2
ORD-20261002-4748,2026-10-02 10:34:47,varun,yadav,"surat, gujarat",Sports|Football|799,1
ORD-20261002-4746,2026-10-02 08:11:35,payal,pandya,"  Delhi, Delhi ",Sports|Yoga Mat|699,3
ORD-20261002-2097,2026-10-02 16:35:37,,Shah,"Nagpur, Maharashtra",Fashion|Leather Wallet|499,1
ORD-20261002-1659,02/10/2026 13:13,Aarav,Verma,"Mumbai, Maharashtra",Sports|Dumbbell Set|1899,1
ORD-20261002-0624,2026-10-02 14:57:51,Tanvi,Malhotra,"  Kolkata, West Bengal ",Sports|Cricket Bat|1599,2
ORD-20261002-3394,2026-10-02 21:35:47,Krupa,Rathod,"mumbai, maharashtra",Beauty|Hair Serum|549,2
ORD-20261002-4759,02/10/2026 18:12,Bhavna,  Tiwari ,"coimbatore, tamil nadu",Home And Kitchen|Storage Box|299,1
ORD-20261002-1231,2026-10-02 18:31:56,Atharv,Trivedi,"MUMBAI, MAHARASHTRA",Home And Kitchen|Bedsheet Set|1499,1
ORD-20261002-1329,02/10/2026 13:34,  Deepak ,SHARMA,"Chennai, Tamil Nadu",Sports|Cricket Bat|1599,1
ORD-20261002-1892,02/10/2026 20:37,Sara,  Sinha ,"  Surat, Gujarat ",Beauty|Face Wash|249,3
ORD-20261002-3392,02/10/2026 22:16,Sara,solanki,"Bengaluru, Karnataka",Sports|Cricket Bat|1599,one
ORD-20261002-1425,2026-10-02 09:11:58,vikas,MUKHERJEE,"Hyderabad, Telangana",Electronics|Power Bank|899,1.0
ORD-20261002-0422,02/10/2026 12:41,rajesh,PILLAI,"surat, gujarat",,1
ORD-20261002-1626,02/10/2026 08:18,Kriti,MALHOTRA,"HYDERABAD, TELANGANA",Fashion|Leather Wallet|499,1
ORD-20261002-2958,2026-10-02 20:57:05,AMIT,Sinha,,Home And Kitchen|Wall Clock|649,1
ORD-20261002-1895,02/10/2026 11:27,Aditi,  Arora ,"Mumbai, Maharashtra",Electronics|Laptop Stand|749,2
ORD-20261002-1315,2026-10-02 22:49:27,Mansi,KULKARNI,"Nagpur, Maharashtra",Home And Kitchen|Storage Box|299,2
ORD-20261002-4049,02/10/2026 14:23,Manish,  Menon ,"Mysuru, Karnataka",Home And Kitchen|Non Stick Pan|1099,0
ORD-20261002-0925,02/10/2026 17:52,KRISHNA,Joshi,"Pune, Maharashtra",Home And Kitchen|Non Stick Pan|1099,2
ORD-20261002-3500,02/10/2026 11:37,Kabir,Bhatt,"COIMBATORE, TAMIL NADU",Electronics|Wireless Earbuds|1299,2
ORD-20261002-1984,2026-10-02 19:37:13,Om,,"Pune, Maharashtra",Electronics|Bluetooth Speaker|1799,2
ORD-20261002-3425,02/10/2026 18:37,Jay,,"coimbatore, tamil nadu",,3
ORD-20261002-2589,02/10/2026 23:55,Reyansh,Kalavadia,"hyderabad, telangana",Fashion|Leather Wallet|499, 6 
ORD-20261002-4329,2026-10-02 12:21:07,  Aanya ,Yadav,"Lucknow, Uttar Pradesh",Sports|Yoga Mat|699,1
ORD-20261002-2824,02/10/2026 10:02,Rohan,Thakkar,"bengaluru, karnataka",Beauty|Hair Serum|549,1
ORD-20261002-3772,2026-10-02 11:12:39,Nidhi,Kulkarni,"Surat, Gujarat",Beauty|Lipstick|399,1
ORD-20261002-2661,02/10/2026 21:06,Pooja,SHAH,"Bengaluru, Karnataka",Beauty|Lipstick|399,3
ORD-20261002-3008,2026-10-02 11:19:09,  Sara ,Desai,"Nagpur, Maharashtra",Home And Kitchen|Non Stick Pan|1099,-1
ORD-20261002-1717,02/10/2026 18:53,Priya,Chauhan,"Vadodara, Gujarat",Sports|Dumbbell Set|1899,1
ORD-20261002-0632,02/10/2026 13:57,vihaan,Rao,"Delhi, Delhi",Home And Kitchen|Wall Clock|649,4
ORD-20261002-2582,02-10-2026 04:21,mansi,mishra,"Lucknow, Uttar Pradesh",Home And Kitchen|Bedsheet Set|1499,2
ORD-20261002-2196,2026-10-02 11:09:23,reyansh,Desai,"Surat, Gujarat",Fashion|Leather Wallet|499,2
ORD-20261002-2740,02-10-2026 22:36,Pari,Dubey,"  Surat, Gujarat ",Beauty|Sunscreen|449,4
ORD-20261002-2886,02/10/2026 19:41,  Sara ,Solanki,"nagpur, maharashtra",Electronics|Wireless Earbuds|1299,1
ORD-20261002-0560,2026-10-02 11:42:13,Amit,Mukherjee,"Surat, Gujarat",Fashion|Sunglasses|999,2
ORD-20261002-1275,2026-10-02 06:30:32,Reyansh,Patel,"Mumbai, Maharashtra",Fashion|Cotton Kurta|799,5
ORD-20261002-0823,2026-10-02 20:15:34,Advik,desai,"surat, gujarat",Electronics|Smart Watch|2499,4
ORD-20261002-0577,02/10/2026 14:56,palak,  Pawar ,"Nagpur, Maharashtra",Electronics|Laptop Stand|749,4
ORD-20261002-0224,02-10-2026 13:44,ANJALI,pillai,"delhi, delhi",Electronics|Wireless Earbuds|1299,2
ORD-20261002-4803,2026-10-02 18:43:29,Anika,Reddy,"delhi, delhi",Electronics|Bluetooth Speaker|1799,4
ORD-20261002-4687,02-10-2026 02:14,Mansi,MENON,"Nagpur, Maharashtra",Electronics|Laptop Stand|749,2
ORD-20261002-0138,2026-10-02 23:51:04,Deepak,Das,"Surat, Gujarat",Sports|Skipping Rope|199, 1 
ORD-20261002-1344,02-10-2026 21:04,ananya,Desai,"  Mumbai, Maharashtra ",Electronics|Bluetooth Speaker|1799,3.0
ORD-20261002-1559,02/10/2026 22:41,NEHA,Saxena,"chennai, tamil nadu",Beauty|Perfume|1299,3
ORD-20261002-1382,02/10/2026 21:20,vikas,gupta,"Mumbai, Maharashtra",Home And Kitchen|Steel Water Bottle|399,2
ORD-20261002-2470,2026-10-02 22:22:29,Krupa,Parmar,"  Pune, Maharashtra ",Fashion|Leather Wallet|499,3
ORD-20261002-3070,02/10/2026 07:16,Swati,desai,"  Mumbai, Maharashtra ",Electronics|Bluetooth Speaker|1799,3
ORD-20261002-1669,2026-10-02 21:04:01,Ananya,KUMAR,"  Delhi, Delhi ",Electronics|Smart Watch|2499,2
ORD-20261002-3110,2026-10-02 21:33:25,Hetal,Mukherjee,"  Hyderabad, Telangana ",Fashion|Denim Jeans|1199, 4 
ORD-20261002-4385,2026-10-02 10:03:42,om,Kapoor,"Mumbai, Maharashtra",Electronics|Bluetooth Speaker|1799,1
ORD-20261002-2285,02/10/2026 15:03,Ishaan,Bansal,"jaipur, rajasthan",Electronics|Bluetooth Speaker|1799,1
ORD-20261002-3733,02/10/2026 00:37,PALAK,Dubey,,Electronics|Bluetooth Speaker|1799,2
ORD-20261002-4389,02/10/2026 13:16,Gaurav,shah,"hyderabad, telangana",Fashion|Cotton Kurta|799,1
ORD-20261002-1688,02-10-2026 19:03,Swati,  Desai ,,Beauty|Face Wash|249,1
ORD-20261002-3415,02/10/2026 20:06,Roshni,  Chopra ,N/A,Home And Kitchen|Wall Clock|649, 3 
ORD-20261002-2186,02/10/2026 21:14,Palak,Verma,"Mumbai, Maharashtra",Beauty|Lipstick|399,1
ORD-20261002-1183,02/10/2026 21:11,Riya,Gupta,"Chennai, Tamil Nadu",Home And Kitchen|Bedsheet Set|1499,3
ORD-20261002-1990,02/10/2026 13:51,Dev,vyas,"chennai, tamil nadu",Electronics|Power Bank|899,2
ORD-20261002-2219,02/10/2026 23:09,Vivaan,nair,"  Mumbai, Maharashtra ",Fashion|Denim Jeans|1199,1
ORD-20261002-1797,2026-10-02 19:43:58,amit,MUKHERJEE,"Surat, Gujarat",Home And Kitchen|Steel Water Bottle|399,1
ORD-20261002-2362,02/10/2026 16:20,Rohan,Kumar,"Jaipur, Rajasthan",Sports|Dumbbell Set|1899,
ORD-20261002-1216,2026-10-02 18:36:09,anika,nair,"chennai, tamil nadu",Beauty|Face Wash|249,2
ORD-20261002-0064,02-10-2026 15:24,Aadhya,Das,"delhi, delhi",Home And Kitchen|Steel Water Bottle|399,3
ORD-20261002-3597,2026-10-02 20:13:10,Komal,Pawar,"  Chennai, Tamil Nadu ",Beauty|Perfume|1299,1
ORD-20261002-1009,02-10-2026 23:26,Dhruv,Parmar,"Delhi, Delhi",Fashion|Leather Wallet|499,1
ORD-20261002-3884,2026-10-02 13:42:59,Vikas,vyas,"Hyderabad, Telangana",Electronics|Power Bank|899, 1 
ORD-20261002-4353,02/10/2026 12:46,Vihaan,  Jain ,"Mysuru, Karnataka",Home And Kitchen|Storage Box|299,2
ORD-20261002-0812,2026-10-02 15:01:03,yash,SOLANKI,"Nagpur, Maharashtra",Home And Kitchen|Steel Water Bottle|399,1
ORD-20261002-4416,02/10/2026 14:12,Rahul,Kulkarni,"Delhi, Delhi",Fashion|Cotton Kurta|799,1
ORD-20261002-1946,2026-10-02 15:51:38,suresh,Khanna,"bengaluru, karnataka",Fashion|Cotton Kurta|799, 3 
ORD-20261002-4613,02/10/2026 20:30,sneha,trivedi,"  Nagpur, Maharashtra ",Fashion|Sunglasses|999,2
ORD-20261002-3199,02/10/2026 08:34,Parth,MODI,"ahmedabad, gujarat",Home And Kitchen|Non Stick Pan|1099,6
ORD-20261002-1172,02-10-2026 17:55,Yash,PATIL,"hyderabad, telangana",Beauty|Face Wash|249,2
ORD-20261002-0397,02-10-2026 15:27,Tushar,Kumar,"Mumbai, Maharashtra",Home And Kitchen|Non Stick Pan|1099, 2 
ORD-20261002-4356,02/10/2026 21:46,Komal,Trivedi,"CHENNAI, TAMIL NADU",Fashion|Running Shoes|2199,1
ORD-20261002-2728,02/10/2026 22:57,  Ishaan ,Mishra,"hyderabad, telangana",Electronics|Bluetooth Speaker|1799,2
ORD-20261002-1114,02-10-2026 13:48,Dhruv,yadav,"KOLKATA, WEST BENGAL",Electronics|Laptop Stand|749,1
ORD-20261002-0301,02/10/2026 11:30,Kriti,Khanna,"Mysuru, Karnataka",Beauty|Perfume|1299,3
ORD-20261002-3940,02/10/2026 07:24,NEHA,ARORA,"Mumbai, Maharashtra",Electronics|Wireless Earbuds|1299,2
ORD-20261002-2796,2026-10-02 09:37:31,ARYAN,Mukherjee,"mumbai, maharashtra",Electronics|Wireless Earbuds|1299,3
ORD-20261002-2941,02/10/2026 14:19,rohan,agarwal,"  Pune, Maharashtra ",Home And Kitchen|Non Stick Pan|1099,1
ORD-20261002-4760,02-10-2026 19:54,palak,Dubey,"Mumbai, Maharashtra",Home And Kitchen|Bedsheet Set|1499,1
ORD-20261002-1593,02/10/2026 21:39,  Vihaan ,  Shah ,"jaipur, rajasthan",Home And Kitchen|Steel Water Bottle|399,2
ORD-20261002-4368,2026-10-02 17:03:16,Kriti,Srivastava,"Mumbai, Maharashtra",Electronics|Bluetooth Speaker|1799,2
ORD-20261002-3207,2026-10-02 03:32:56,Pari,Desai,"Delhi, Delhi",Sports|Cricket Bat|1599,1
,02/10/2026 21:13,neel,Pandya,"Bengaluru, Karnataka",Home And Kitchen|Wall Clock|649,2
ORD-20261002-2403,2026-10-02 13:38:04,Komal,ghosh,"BENGALURU, KARNATAKA",Beauty|Sunscreen|449,1
ORD-20261002-3105,2026-10-02 07:05:05,Aanya,Pawar,"BENGALURU, KARNATAKA",Fashion|Denim Jeans|1199,1
ORD-20261002-3223,02/10/2026 15:06,kavya,PARMAR,"Delhi, Delhi",Sports|Skipping Rope|199,1
ORD-20261002-1747,02-10-2026 07:27,Jay,rao,"Bengaluru, Karnataka",Sports|Football|799,1
ORD-20261002-2669,02/10/2026 19:03,Om,Parmar,"Pune, Maharashtra",Electronics|Power Bank|899,0
ORD-20261002-0829,2026-10-02 15:01:39,KUNAL,  Singh ,"BENGALURU, KARNATAKA",Electronics|Smart Watch|2499,1
ORD-20261002-2850,02/10/2026 11:19,Swati,Thakkar,"Ahmedabad, Gujarat",Electronics|Smart Watch|2499,1
ORD-20261002-3828,02/10/2026 11:05,  Mihir ,IYER,"MUMBAI, MAHARASHTRA",Home And Kitchen|Storage Box|299,1
ORD-20261002-2760,02/10/2026 20:38,varun,Mishra,"Ahmedabad, Gujarat",Beauty|Lipstick|399,2
ORD-20261002-2125,02/10/2026 21:57,  Neha ,mishra,"kolkata, west bengal",Home And Kitchen|Bedsheet Set|1499,1
ORD-20261002-3901,2026-10-02 09:24:47,Advik,  Patel ,"Delhi, Delhi",Home And Kitchen|Non Stick Pan|1099,2
ORD-20261002-3243,02/10/2026 19:17,VIVAAN,  Menon ,"  Lucknow, Uttar Pradesh ",Home And Kitchen|Bedsheet Set|1499,2
ORD-20261002-1964,02/10/2026 11:50,Rudra,SHARMA,"Delhi, Delhi",Beauty|Hair Serum|549,1
ORD-20261002-4459,2026-10-02 16:11:37,Shreya,desai,"BENGALURU, KARNATAKA",Home And Kitchen|Steel Water Bottle|399,1
ORD-20261002-1356,02-10-2026 22:14,Mansi,Bose,"Kolkata, West Bengal",Fashion|Cotton Kurta|799,1
ORD-20261002-2406,02/10/2026 21:50,Karan,Mukherjee,"Surat, Gujarat",Beauty|Lipstick|399,2
ORD-20261002-1730,2026-10-02 20:40:42,Parth,pawar,"bengaluru, karnataka",Electronics|Smart Watch|2499,2
ORD-20261002-4391,2026-10-02 19:25:24,VIHAAN,  Chaudhary ,"chennai, tamil nadu",Home And Kitchen|Bedsheet Set|1499,1
ORD-20261002-1104,02-10-2026 20:34,DIVYA,  Gupta ,"Bengaluru, Karnataka",Sports|Football|799,1
ORD-20261002-3982,02/10/2026 22:10,Saanvi,Tiwari,"Mysuru, Karnataka",Electronics|Bluetooth Speaker|1799,-4
ORD-20261002-1361,02/10/2026 16:02,Komal,  Sinha ,"pune, maharashtra",Home And Kitchen|Storage Box|299,1
ORD-20261002-2640,02-10-2026 21:11,Ritu,pillai,"Mysuru, Karnataka",Home And Kitchen|Wall Clock|649,4
ORD-20261002-2271,02/10/2026 14:42,harsh,Kalavadia,"chennai, tamil nadu",Electronics|Wireless Earbuds|1299, 4 
ORD-20261002-3369,02/10/2026 11:32,aryan,JOSHI,"Bengaluru, Karnataka",Fashion|Cotton Kurta|799,1.0
ORD-20261002-3626,02/10/2026 14:15,Aryan,,"Mumbai, Maharashtra",Electronics|Wireless Earbuds|1299,2.0
ORD-20261002-3897,02/10/2026 20:35,Simran,jain,"Mumbai, Maharashtra",Beauty|Face Wash|249, 1 
ORD-20261002-2386,02/10/2026 12:48,reyansh,,"  Pune, Maharashtra ",Beauty|Lipstick|399,4
ORD-20261002-1302,02/10/2026 16:12,Atharv,Kapoor,"Kolkata, West Bengal",Home And Kitchen|Bedsheet Set|1499,1
ORD-20261002-4035,02-10-2026 11:21,Rohan,  Kulkarni ,"Mysuru, Karnataka",Electronics|Power Bank|899,1
ORD-20261002-3081,02-10-2026 21:37,  Payal ,Mehta,"Delhi, Delhi",Fashion|Running Shoes|2199,1
ORD-20261002-2428,02/10/2026 21:54,AYAAN,  Thakkar ,"Lucknow, Uttar Pradesh",Beauty|Sunscreen|449,2
ORD-20261002-2174,02/10/2026 19:53,Ananya,kapoor,"DELHI, DELHI",Home And Kitchen|Wall Clock|649,
ORD-20261002-1922,02-10-2026 06:56,Saanvi,Sinha,"Chennai, Tamil Nadu",Sports|Dumbbell Set|1899,2
ORD-20261002-4594,2026-10-02 12:57:41,Karan,khanna,"Pune, Maharashtra",Home And Kitchen|Non Stick Pan|1099,1
ORD-20261002-4058,02/10/2026 11:13,Harsh,SINHA,"  Kolkata, West Bengal ",Beauty|Sunscreen|449,1
ORD-20261002-4735,2026-10-02 19:46:07,SAANVI,chaudhary,"bengaluru, karnataka",Sports|Skipping Rope|199,1
ORD-20261002-2435,02-10-2026 21:10,  Parth ,  Das ,"Hyderabad, Telangana",Fashion|Running Shoes|2199,3
ORD-20261002-0918,2026-10-02 13:56:35,Reyansh,Desai,"Delhi, Delhi",Home And Kitchen|Steel Water Bottle|399,2
ORD-20261002-2759,2026-10-02 00:45:49,aryan,MUKHERJEE,"mumbai, maharashtra",Home And Kitchen|Non Stick Pan|1099,3
ORD-20261002-0348,2026-10-02 21:20:35,  Neel ,verma,,Beauty|Sunscreen|449,1
ORD-20261002-3668,02/10/2026 12:16,Navya,Srivastava,"chennai, tamil nadu",Sports|Football|799,5
ORD-20261002-3911,02-10-2026 17:23,vikas,  Trivedi ,"Pune, Maharashtra",Fashion|Running Shoes|2199,1
ORD-20261002-2964,2026-10-02 12:31:41,Om,TRIVEDI,"Surat, Gujarat",Home And Kitchen|Storage Box|299,1
ORD-20261002-1333,2026-10-02 20:04:52,harsh,Khanna,"Mumbai, Maharashtra",Electronics|Power Bank|899,3
ORD-20261002-1474,02-10-2026 06:51,nisha,modi,"ahmedabad, gujarat",Home And Kitchen|Bedsheet Set|1499,1
ORD-20261002-4708,2026-10-02 10:25:08,ayaan,THAKKAR,"Mumbai, Maharashtra",Home And Kitchen|Steel Water Bottle|399,1
ORD-20261002-4846,02/10/2026 12:12,GAURAV,Arora,"Coimbatore, Tamil Nadu",Home And Kitchen|Non Stick Pan|1099,2
ORD-20261002-3053,02/10/2026 14:14,nikhil,sinha,"Jaipur, Rajasthan",Electronics|Laptop Stand|749,1
ORD-20261002-4304,02/10/2026 19:24,saanvi,Solanki,"coimbatore, tamil nadu",Electronics|Wireless Earbuds|1299,1
ORD-20261002-4177,02-10-2026 22:07,Megha,Chaudhary,"Ahmedabad, Gujarat",Beauty|Perfume|1299,2
ORD-20261002-1077,02/10/2026 22:12,deepak,Trivedi,"Mumbai, Maharashtra",Home And Kitchen|Bedsheet Set|1499,2
ORD-20261002-3843,02/10/2026 13:44,riya,singh,"Delhi, Delhi",Home And Kitchen|Bedsheet Set|1499,2
ORD-20261002-0261,,Hetal,chopra,"Pune, Maharashtra",Beauty|Face Wash|249,1
ORD-20261002-2953,02-10-2026 14:47,  Aryan ,Mukherjee,"Mumbai, Maharashtra",Electronics|Smart Watch|2499, 3 
ORD-20261002-4046,02/10/2026 08:14,Karan,Verma,"Chennai, Tamil Nadu",Beauty|Sunscreen|449,4
ORD-20261002-2645,02-10-2026 18:49,Bhavna,Saxena,"vadodara, gujarat",Electronics|Smart Watch|2499,1
ORD-20261002-1291,02-10-2026 19:14,Pari,Joshi,"Pune, Maharashtra",Home And Kitchen|Storage Box|299,2
ORD-20261002-1994,2026-10-02 22:09:08,Janvi,Gupta,"LUCKNOW, UTTAR PRADESH",Fashion|Denim Jeans|1199,1
ORD-20261002-4323,02/10/2026 14:00,Sara,Patel,"lucknow, uttar pradesh",Electronics|Smart Watch|2499,1
ORD-20261002-4270,02-10-2026 17:03,Aditi,Ghosh,"coimbatore, tamil nadu",Fashion|Sunglasses|999,1
ORD-20261002-3038,2026-10-02 12:17:39,Khushi,Bansal,"delhi, delhi",Fashion|Leather Wallet|499,2
ORD-20261002-0639,02/10/2026 22:10,Aarav,Gupta,"chennai, tamil nadu",Electronics|Wireless Earbuds|1299,2
ORD-20261002-0190,2026-10-02 05:51:38,Rajesh,Saxena,"Pune, Maharashtra",Fashion|Running Shoes|2199,1
ORD-20261002-0372,02-10-2026 22:18,Pranav,Das,"Vadodara, Gujarat",Fashion|Sunglasses|999,3
ORD-20261002-1754,02/10/2026 12:22,Nidhi,kulkarni,"Surat, Gujarat",Home And Kitchen|Storage Box|299,2.0
ORD-20261002-1758,02/10/2026 16:26,nisha,  Nair ,"bengaluru, karnataka",Home And Kitchen|Wall Clock|649,1
ORD-20261002-2442,02-10-2026 11:31,ANJALI,Kapoor,"Delhi, Delhi",Home And Kitchen|Bedsheet Set|1499,4
ORD-20261002-2321,2026-10-02 09:21:18,Sara,Pandya,"mumbai, maharashtra",Home And Kitchen|Wall Clock|649, 2 
ORD-20261002-2830,02/10/2026 20:05,suresh,Malhotra,"Chennai, Tamil Nadu",Fashion|Running Shoes|2199,1
ORD-20261002-1624,02-10-2026 08:02,bhavna,Malhotra,"Chennai, Tamil Nadu",Electronics|Smart Watch|2499,1
ORD-20261002-4109,2026-10-02 17:31:20,NISHA,Parmar,"mumbai, maharashtra",Fashion|Leather Wallet|499,2
ORD-20261002-3363,02-10-2026 20:38,Aditya,Mishra,"PUNE, MAHARASHTRA",Home And Kitchen|Wall Clock|649,1
ORD-20261002-4776,02/10/2026 13:59,riya,Menon,"bengaluru, karnataka",Electronics|Power Bank|899,2
ORD-20261002-3944,02/10/2026 12:01,myra,Solanki,"Pune, Maharashtra",Beauty|Face Wash|249,2
ORD-20261002-0894,2026-10-02 21:52:30,riya,Menon,,Home And Kitchen|Wall Clock|649,1
ORD-20261002-0456,02/10/2026 17:25,rudra,  Srivastava ,"Chennai, Tamil Nadu",Sports|Yoga Mat|699,2
ORD-20261002-2068,02-10-2026 12:32,Roshni,Bose,"Pune, Maharashtra",Fashion|Cotton Kurta|799,1
ORD-20261002-1427,02/10/2026 09:54,Reyansh,Pillai,"Pune, Maharashtra",Home And Kitchen|Wall Clock|649,1
ORD-20261002-4293,02/10/2026 09:09,Reyansh,Mishra,"Coimbatore, Tamil Nadu",Home And Kitchen|Wall Clock|649,2
ORD-20261002-4439,2026-10-02 19:14:57,,Gupta,"MUMBAI, MAHARASHTRA",Beauty|Perfume|1299,2
ORD-20261002-0353,02/10/2026 20:34,Payal,Pillai,"Delhi, Delhi",Fashion|Denim Jeans|1199,1.0
ORD-20261002-1233,02/10/2026 09:46,manish,patil,"coimbatore, tamil nadu",Beauty|Face Wash|249,1
ORD-20261002-4582,02/10/2026 17:10,Dhruv,Parmar,"Delhi, Delhi",Home And Kitchen|Non Stick Pan|1099,2
ORD-20261002-4470,2026-10-02 21:41:11,Gaurav,Das,"Pune, Maharashtra",Sports|Dumbbell Set|1899,1
ORD-20261002-2684,2026-10-02 12:07:37,Simran,Menon,"delhi, delhi",Fashion|Cotton Kurta|799,1
ORD-20261002-0866,02-10-2026 20:01,Ananya,Menon,"Pune, Maharashtra",Home And Kitchen|Wall Clock|649,2
ORD-20261002-1408,2026-10-02 13:40:53,bhavna,Kalavadia,"Bengaluru, Karnataka",Electronics|Bluetooth Speaker|1799,2
ORD-20261002-3496,02-10-2026 10:01,manish,Joshi,"Hyderabad, Telangana",Sports|Dumbbell Set|1899,1
ORD-20261002-3166,02-10-2026 20:09,,Das,"Pune, Maharashtra",Home And Kitchen|Steel Water Bottle|399,3
ORD-20261002-4196,02-10-2026 19:21,Mansi,Yadav,"Delhi, Delhi",Electronics|Laptop Stand|749,1
ORD-20261002-0546,02/10/2026 12:31,Nikhil,Kapoor,"surat, gujarat",Home And Kitchen|Wall Clock|649,1
ORD-20261002-3713,02/10/2026 19:12,Dhwani,  Kapoor ,"pune, maharashtra",Home And Kitchen|Non Stick Pan|1099,1
ORD-20261002-2095,02-10-2026 18:56,ROHAN,Reddy,"Lucknow, Uttar Pradesh",Home And Kitchen|Storage Box|299,1
ORD-20261002-2934,2026-10-02 17:54:38,vikas,Parmar,"Bengaluru, Karnataka",Home And Kitchen|Bedsheet Set|1499,1
ORD-20261002-3405,2026-10-02 16:17:51,Yash,TIWARI,"Kolkata, West Bengal",Home And Kitchen|Wall Clock|649,2
ORD-20261002-2586,2026-10-02 21:30:24,Nikhil,ARORA,"Surat, Gujarat",Home And Kitchen|Wall Clock|649,1
ORD-20261002-3959,02/10/2062 21:59,Janvi,trivedi,"chennai, tamil nadu",Electronics|Power Bank|899,2
ORD-20261002-1635,02/10/2026 08:16,Reyansh,Desai,"Bengaluru, Karnataka",Electronics|Smart Watch|2499,1
ORD-20261002-1536,02/10/2026 21:18,kunal,Dubey,"Bengaluru, Karnataka",Home And Kitchen|Bedsheet Set|1499,2
ORD-20261002-3429,02-10-2026 19:22,Karan,Verma,"Lucknow, Uttar Pradesh",Beauty|Hair Serum|549,1
ORD-20261002-2398,2026-10-02 09:20:19,Anika,Parmar,"DELHI, DELHI",Fashion|Cotton Kurta|799,1
ORD-20261002-4060,2026-10-02 11:45:36,Advik,RAO,"pune, maharashtra",Sports|Yoga Mat|699,1
ORD-20261002-4018,02/10/2026 07:02,Yash,Khanna,"delhi, delhi",Beauty|Lipstick|399,1
ORD-20261002-4166,2026-10-02 11:13:29,shreya,Nair,"Pune, Maharashtra",Sports|Skipping Rope|199,1
ORD-20261002-3451,02/10/2026 18:39,payal,kumar,"Delhi, Delhi",Home And Kitchen|Bedsheet Set|1499, 1 
ORD-20261002-0462,2026-10-02 12:36:41,Simran,  Saxena ,"Surat, Gujarat",Sports|Skipping Rope|199,1
ORD-20261002-1498,2026-10-02 19:05:18,pari,Kapoor,"Bengaluru, Karnataka",Electronics|Laptop Stand|749,1
ORD-20261002-3577,2026-10-02 20:17:11,nisha,nair,"Bengaluru, Karnataka",Beauty|Lipstick|399,1
ORD-20261002-1253,02/10/2026 10:55,Parth,verma,"  Vadodara, Gujarat ",Beauty|Lipstick|399,2
ORD-20261002-1398,02/10/2026 11:19,ADITYA,Singh,"Chennai, Tamil Nadu",Home And Kitchen|Wall Clock|649,2
ORD-20261002-3849,2026-10-02 19:31:45,  Reyansh ,thakkar,"Nagpur, Maharashtra",Home And Kitchen|Steel Water Bottle|399,2.0
ORD-20261002-2938,02/10/2026 19:37,  Suresh ,RATHOD,"mumbai, maharashtra",Electronics|Power Bank|899,1
ORD-20261002-1076,2026-10-02 12:20:09,Megha,Patel,"Surat, Gujarat",Electronics|Smart Watch|2499,4
ORD-20261002-2718,02/10/2026 19:43,Yash,agarwal,"Hyderabad, Telangana",Fashion|Sunglasses|999,1
ORD-20261002-0314,02-10-2026 11:12,  Reyansh ,pawar,"Mumbai, Maharashtra",Sports|Cricket Bat|1599,2
ORD-20261002-1465,2026-10-02 11:49:49,Komal,Joshi,"Bengaluru, Karnataka",Electronics|Wireless Earbuds|1299,1
ORD-20261002-3729,02/10/2026 22:12,megha,Nair,"Kolkata, West Bengal",Fashion|Running Shoes|2199, 2 
ORD-20261002-1542,02/10/2026 07:48,Deepak,Nair,"delhi, delhi",Electronics|Wireless Earbuds|1299,3
ORD-20261002-3230,02/10/2026 14:24,Rudra,  Pillai ,"Ahmedabad, Gujarat",Sports|Football|799,2
ORD-20261002-1005,02/10/2026 22:58,Navya,Kumar,"Surat, Gujarat",Beauty|Face Wash|249,4
ORD-20261002-1362,2026-10-02 14:50:14,KRISHNA,Dubey,"Hyderabad, Telangana",Beauty|Lipstick|399,1
ORD-20261002-4354,02/10/2026 12:44,Shaurya,Pillai,"Kolkata, West Bengal",Home And Kitchen|Non Stick Pan|1099, 1 
ORD-20261002-0417,02/10/2026 11:36,Nikhil,Arora,"Delhi, Delhi",Electronics|Wireless Earbuds|1299,2
ORD-20261002-4548,02-10-2026 23:52,,Mishra,"BENGALURU, KARNATAKA",Beauty|Lipstick|399,3
ORD-20261002-3739,02/10/2026 21:22,  Pari ,Ghosh,"lucknow, uttar pradesh",Electronics|Bluetooth Speaker|1799,3
ORD-20261002-1949,02-10-2026 11:05,VIVAAN,Thakkar,"BENGALURU, KARNATAKA",Home And Kitchen|Steel Water Bottle|399,2
ORD-20261002-2215,02/10/2026 18:55,RAHUL,YADAV,"mumbai, maharashtra",Home And Kitchen|Non Stick Pan|1099,1
ORD-20261002-4173,02/10/2026 11:02,Kriti,Gupta,"Kolkata, West Bengal",Home And Kitchen|Steel Water Bottle|399,3
ORD-20261002-1980,2026-10-02 09:43:24,hetal,Singh,"Jaipur, Rajasthan",Sports|Dumbbell Set|1899,1
ORD-20261002-0197,02/10/2026 09:06,MYRA,Singh,"  Jaipur, Rajasthan ",Home And Kitchen|Bedsheet Set|1499,5
ORD-20261002-4784,02/10/2026 09:44,Aanya,Saxena,"Mumbai, Maharashtra",Sports|Yoga Mat|699,1
ORD-20261002-2092,2026-10-02 22:37:06,Megha,Kalavadia,"Kolkata, West Bengal",Electronics|Bluetooth Speaker|1799,2
ORD-20261002-1876,2026-10-02 19:00:35,PRIYA,MUKHERJEE,"Mumbai, Maharashtra",Home And Kitchen|Bedsheet Set|1499,1
ORD-20261002-2761,02/10/2026 13:09,Ananya,chopra,,Electronics|Bluetooth Speaker|1799,2
ORD-20261002-3430,02/10/2026 08:52,  Ishaan ,Ghosh,"Hyderabad, Telangana",Fashion|Cotton Kurta|799,2
ORD-20261002-2486,02-10-2026 21:16,Dhruv,  Agarwal ,"Pune, Maharashtra",Fashion|Cotton Kurta|799,1
ORD-20261002-0548,02/10/2026 18:25,Aadhya,Parmar,"bengaluru, karnataka",Home And Kitchen|Storage Box|299,2
ORD-20261002-1802,2026-10-02 14:14:37,rajesh,Bhatt,"surat, gujarat",Fashion|Denim Jeans|1199,2
ORD-20261002-2019,02/10/2026 19:46,myra,joshi,"Ahmedabad, Gujarat",Home And Kitchen|Wall Clock|649,1
ORD-20261002-0932,02/10/2026 19:03,Aditi,VYAS,"Surat, Gujarat",Home And Kitchen|Steel Water Bottle|399,3
ORD-20261002-4282,2026-10-02 14:49:32,Deepak,Rao,"Vadodara, Gujarat",Home And Kitchen|Storage Box|299,
ORD-20261002-1798,02/10/2026 21:36,Gaurav,Chauhan,"Kolkata, West Bengal",Sports|Football|799, 1 
ORD-20261002-3814,02/10/2026 14:00,Nikhil,GHOSH,"lucknow, uttar pradesh",Home And Kitchen|Storage Box|299,2
ORD-20261002-1285,02/10/2026 11:13,Kriti,  Verma ,"Kolkata, West Bengal",Fashion|Leather Wallet|499,2
ORD-20261002-2429,02/10/2026 14:28,JANVI,Pawar,"Bengaluru, Karnataka",Sports|Cricket Bat|1599,2
ORD-20261002-0865,02/10/2026 16:23,Harsh,Desai,"hyderabad, telangana",Sports|Skipping Rope|199,1
ORD-20261002-2832,02/10/2026 01:26,Krishna,Singh,"BENGALURU, KARNATAKA",Beauty|Sunscreen|449,2
ORD-20261002-0578,2026-10-02 19:27:57,komal,Rathod,"Lucknow, Uttar Pradesh",Home And Kitchen|Storage Box|299,1
ORD-20261002-1200,02/10/2026 18:02,Neha,Das,"Delhi, Delhi",Home And Kitchen|Non Stick Pan|1099,3
ORD-20261002-1693,02/10/2026 13:32,NEHA,Agarwal,"HYDERABAD, TELANGANA",Electronics|Smart Watch|2499,1
ORD-20261002-3445,02/10/2026 08:31,Vihaan,thakkar,"mumbai, maharashtra",Fashion|Denim Jeans|1199,1
ORD-20261002-3834,02/10/2026 20:45,Aanya,Sinha,"Kolkata, West Bengal",Electronics|Power Bank|899,1
ORD-20261002-0391,02/10/2026 20:46,Nisha,Solanki,"Mysuru, Karnataka",Electronics|Smart Watch|2499,1
ORD-20261002-0218,02/10/2026 22:20,pooja,verma,"Pune, Maharashtra",Electronics|Power Bank|899,4
ORD-20261002-3506,02/10/2026 10:03,Saanvi,Desai,"Bengaluru, Karnataka",Home And Kitchen|Wall Clock|649,1
ORD-20261002-1048,02/10/2026 23:08,Neha,  Pawar ,"jaipur, rajasthan",,3
ORD-20261002-2697,2026-10-02 23:16:17,Hetal,kulkarni,"Delhi, Delhi",Home And Kitchen|Storage Box|299,1.0
ORD-20261002-1733,02/10/2026 18:20,DHRUV,Iyer,"Mumbai, Maharashtra",Electronics|Power Bank|899,1
ORD-20261002-1816,02/10/2026 12:05,Simran,desai,"Surat, Gujarat",Electronics|Wireless Earbuds|1299,2
ORD-20261002-1519,2026-10-02 22:30:41,  Aditi ,verma,"CHENNAI, TAMIL NADU",Home And Kitchen|Steel Water Bottle|399,2
ORD-20261002-0784,2026-10-02 13:34:46,Aadhya,  Bhatt ,"Mumbai, Maharashtra",Fashion|Running Shoes|2199,
ORD-20261002-0950,02/10/2026 12:41,Ananya,Bose,"delhi, delhi",Electronics|Smart Watch|2499,1
ORD-20261002-4030,2026-10-02 20:15:38,Swati,trivedi,"  Delhi, Delhi ",Electronics|Bluetooth Speaker|1799,3
ORD-20261002-0977,2026-10-02 22:18:46,sai,Rao,"  Mumbai, Maharashtra ",Electronics|Wireless Earbuds|1299,3
ORD-20261002-2275,02/10/2026 18:07,Mansi,Khanna,"hyderabad, telangana",Sports|Yoga Mat|699,3
ORD-20261002-0744,02/10/2026 01:05,  Myra ,Mukherjee,"Jaipur, Rajasthan",Sports|Yoga Mat|699, 1 
ORD-20261002-2037,02/10/2026 20:27,Rohan,Modi,"nagpur, maharashtra",Electronics|Wireless Earbuds|1299,1
ORD-20261002-2899,02-10-2026 16:05,Shaurya,Pawar,"  Hyderabad, Telangana ",Electronics|Wireless Earbuds|1299,2
ORD-20261002-1844,02/10/2026 14:58,sneha,Desai,"Vadodara, Gujarat",Sports|Yoga Mat|699,3
ORD-20261002-1150,2026-10-02 21:18:27,Sara,sinha,"Mumbai, Maharashtra",Home And Kitchen|Storage Box|299,1
ORD-20261002-2544,02/10/2026 08:19,reyansh,bansal,"Nagpur, Maharashtra",Home And Kitchen|Wall Clock|649,2
ORD-20261002-0210,02/10/2026 13:00,Shaurya,NAIR,"delhi, delhi",Electronics|Laptop Stand|749,2
ORD-20261002-3344,2026-10-02 12:44:19,Swati,Thakkar,"Lucknow, Uttar Pradesh",Electronics|Wireless Earbuds|1299,5
ORD-20261002-0316,02/10/2026 21:08,shreya,saxena,"hyderabad, telangana",Beauty|Face Wash|249,3
ORD-20261002-0621,2026-10-02 08:19:09,om,gupta,"AHMEDABAD, GUJARAT",Sports|Football|799,2
ORD-20261002-2552,2026-10-02 14:59:59,Tushar,Tiwari,"Chennai, Tamil Nadu",Electronics|Wireless Earbuds|1299, 1 
ORD-20261002-4783,N/A,Mansi,yadav,"  Delhi, Delhi ",Sports|Cricket Bat|1599,1
ORD-20261002-4237,2026-10-02 15:00:26,Amit,  Bose ,"Mumbai, Maharashtra",Home And Kitchen|Wall Clock|649,2.0
ORD-20261002-3352,02-10-2026 18:29,gaurav,Pandya,"MUMBAI, MAHARASHTRA",Electronics|Wireless Earbuds|1299,1
ORD-20261002-1725,02/10/2026 13:27,ananya,  Thakkar ,"Jaipur, Rajasthan",Electronics|Smart Watch|2499,4
ORD-20261002-0028,02/10/2026 17:49,  Neel ,Rao,"Chennai, Tamil Nadu",Electronics|Laptop Stand|749,1
ORD-20261002-1837,02/10/2026 12:21,Dhruv,Bhatt,"Bengaluru, Karnataka",Sports|Dumbbell Set|1899,2
ORD-20261002-1031,N/A,Krupa,gupta,"Lucknow, Uttar Pradesh",Sports|Dumbbell Set|1899,3
ORD-20261002-0303,02/10/2026 19:39,Tanvi,Menon,"Nagpur, Maharashtra",Electronics|Power Bank|899,1
ORD-20261002-3673,02/10/2026 18:00,Ananya,Bansal,"MUMBAI, MAHARASHTRA",Fashion|Sunglasses|999,1
ORD-20261002-1842,02/10/2026 18:33,myra,Mehta,"Jaipur, Rajasthan",Home And Kitchen|Wall Clock|649,1
ORD-20261002-1325,02/10/2026 21:38,Jay,kapoor,"Delhi, Delhi",Electronics|Bluetooth Speaker|1799,1
ORD-20261002-2954,2026-10-02 09:49:01,Rajesh,saxena,"AHMEDABAD, GUJARAT",Fashion|Cotton Kurta|799,1
ORD-20261002-1743,2026-10-02 12:12:25,Varun,Mukherjee,"Surat, Gujarat",Sports|Skipping Rope|199,5
ORD-20261002-0277,02/10/2026 07:27,ADITYA,Agarwal,"Chennai, Tamil Nadu",Home And Kitchen|Wall Clock|649,1
ORD-20261002-1459,02/10/2026 18:05,  Tushar ,Bose,"Delhi, Delhi",Home And Kitchen|Non Stick Pan|1099,1
ORD-20261002-2396,02/10/2026 11:51,Myra,Shah,"bengaluru, karnataka",Electronics|Power Bank|899,2
ORD-20261002-3292,02-10-2026 15:58,karan,Arora,"kolkata, west bengal",Fashion|Running Shoes|2199,3
ORD-20261002-3880,02/10/2026 15:20,myra,Vyas,"Bengaluru, Karnataka",Sports|Dumbbell Set|1899, 1 
ORD-20261002-4833,2026-10-02 18:21:32,shreya,,"  Jaipur, Rajasthan ",Sports|Skipping Rope|199,1
ORD-20261002-0987,02-10-2026 10:59,Komal,Sharma,"ahmedabad, gujarat",Beauty|Sunscreen|449,1
ORD-20261002-1898,02/10/2026 07:35,  Tanvi ,Gupta,"  Delhi, Delhi ",Fashion|Cotton Kurta|799,1
ORD-20261002-4608,2026-10-02 15:03:26,Aarav,chopra,"KOLKATA, WEST BENGAL",Beauty|Lipstick|399,1
ORD-20261002-2072,02/10/2026 22:16,Om,Kulkarni,"  Coimbatore, Tamil Nadu ",Sports|Cricket Bat|1599,3
ORD-20261002-0703,02/10/2026 18:22,simran,TRIVEDI,"Bengaluru, Karnataka",Electronics|Laptop Stand|749,1
ORD-20261002-3256,02/10/2026 16:45,deepak,Khanna,"Mumbai, Maharashtra",Fashion|Denim Jeans|1199,3
ORD-20261002-0378,02/10/2026 23:05,Aanya,menon,"Jaipur, Rajasthan",Home And Kitchen|Bedsheet Set|1499,1
ORD-20261002-0693,2026-10-02 18:02:59,Varun,Mishra,"Hyderabad, Telangana",Sports|Football|799,1
ORD-20261002-1266,2026-10-02 19:51:32,Ritu,joshi,"bengaluru, karnataka",Sports|Skipping Rope|199,2.0
ORD-20261002-3288,02/10/2026 19:41,simran,Parmar,"Delhi, Delhi",Electronics|Power Bank|899,1
ORD-20261002-0605,02/10/2026 22:47,Vihaan,Thakkar,"mumbai, maharashtra",Home And Kitchen|Storage Box|299,1
ORD-20261002-4686,2026-10-02 17:15:55,  Isha ,chaudhary,"  Vadodara, Gujarat ",Home And Kitchen|Steel Water Bottle|399,2
ORD-20261002-0392,02-10-2026 18:52,  Neha ,Gupta,"bengaluru, karnataka",Home And Kitchen|Non Stick Pan|1099,1
ORD-20261002-4659,2026-10-02 01:33:20,Om,Bhatt,"hyderabad, telangana",Home And Kitchen|Steel Water Bottle|399,1
ORD-20261002-2038,02-10-2026 08:25,Ananya,Bansal,"Kolkata, West Bengal",Fashion|Denim Jeans|1199,1
ORD-20261002-1699,02/10/2062 20:19,Neha,Jain,"Chennai, Tamil Nadu",Electronics|Wireless Earbuds|1299,2
ORD-20261002-0507,N/A,Kunal,  Bansal ,"  Delhi, Delhi ",Beauty|Lipstick|399,2
ORD-20261002-1203,02/10/2026 19:20,karan,Chauhan,"ahmedabad, gujarat",Sports|Dumbbell Set|1899,3
ORD-20261002-3148,2026-10-02 03:38:00,Jay,PATIL,"Bengaluru, Karnataka",Electronics|Bluetooth Speaker|1799,4
ORD-20261002-1086,02-10-2026 04:29,DIYA,tiwari,"Surat, Gujarat",Home And Kitchen|Steel Water Bottle|399,1
ORD-20261002-2003,2026-10-02 11:48:19,Neha,  Vyas ,"VADODARA, GUJARAT",Beauty|Sunscreen|449,3
ORD-20261002-3795,02-10-2026 19:58,vikas,Chaudhary,"Pune, Maharashtra",Beauty|Perfume|1299,4
ORD-20261002-0187,02/10/2026 08:00,Tushar,ARORA,"Delhi, Delhi",Fashion|Sunglasses|999,1
ORD-20261002-4440,02/10/2026 17:15,Diya,Pawar,"mumbai, maharashtra",Electronics|Bluetooth Speaker|1799,1
ORD-20261002-1935,02/10/2026 12:16,  Suresh ,DAS,"Mysuru, Karnataka",Home And Kitchen|Wall Clock|649, 4 
ORD-20261002-4804,30/02/2026 23:29,vikas,verma,"pune, maharashtra",Sports|Dumbbell Set|1899,2
ORD-20261002-3639,02/10/2026 21:25,  Aadhya ,kulkarni,"Mumbai, Maharashtra",Beauty|Face Wash|249,1
ORD-20261002-4715,2026-10-02 15:47:45,Varun,Chaudhary,"Hyderabad, Telangana",Beauty|Face Wash|249,
ORD-20261002-1343,02-10-2026 11:57,suresh,Bose,"ahmedabad, gujarat",Sports|Dumbbell Set|1899,2
ORD-20261002-3171,02/10/2026 21:27,Bhavna,kulkarni,"  Bengaluru, Karnataka ",Home And Kitchen|Bedsheet Set|1499,4
ORD-20261002-3749,02/10/2026 12:04,Shaurya,nair,"Pune, Maharashtra",Fashion|Cotton Kurta|799,1
ORD-20261002-3111,02/10/2026 10:00,Reyansh,mehta,"Delhi, Delhi",Electronics|Smart Watch|2499,3
ORD-20261002-4285,02/10/2026 14:49,Shaurya,Malhotra,"bengaluru, karnataka",Sports|Dumbbell Set|1899,2
ORD-20261002-3800,2026-10-02 13:55:24,neel,Pandya,"delhi, delhi",Electronics|Bluetooth Speaker|1799,4
ORD-20261002-0168,02/10/2026 12:52,Parth,kapoor,"Pune, Maharashtra",Fashion|Leather Wallet|499,1
ORD-20261002-4768,02-10-2026 13:18,Aanya,  Shah ,"kolkata, west bengal",Electronics|Bluetooth Speaker|1799,1
ORD-20261002-2383,2026-10-02 14:04:38,  Diya ,Iyer,"Surat, Gujarat",Home And Kitchen|Storage Box|299, 2 
ORD-20261002-0557,,Pranav,Reddy,"ahmedabad, gujarat",Fashion|Running Shoes|2199,1
ORD-20261002-4318,2026-10-02 12:58:13,  Navya ,  Sinha ,"delhi, delhi",Sports|Football|799,2
ORD-20261002-2279,2026-10-02 16:18:12,Shreya,Yadav,"pune, maharashtra",Home And Kitchen|Steel Water Bottle|399,1
ORD-20261002-0606,02-10-2026 08:20,Myra,Pandya,"Coimbatore, Tamil Nadu",Electronics|Bluetooth Speaker|1799,1
ORD-20261002-0724,02/10/2026 09:06,Sara,rathod,"  Mumbai, Maharashtra ",Sports|Yoga Mat|699,3
ORD-20261002-0683,2026-10-02 15:04:08,MYRA,Sharma,"Nagpur, Maharashtra",Home And Kitchen|Steel Water Bottle|399, 4 
ORD-20261002-1523,2026-10-02 12:12:11,  Anika ,CHAUHAN,"chennai, tamil nadu",Electronics|Wireless Earbuds|1299,2
ORD-20261002-0615,02/10/2026 21:08,Nikhil,MISHRA,"Hyderabad, Telangana",Electronics|Smart Watch|2499,4
ORD-20261002-0828,02/10/2026 17:40,Krupa,saxena,"hyderabad, telangana",Sports|Dumbbell Set|1899,1
ORD-20261002-2690,02/10/2026 22:30,Ritu,,"  Surat, Gujarat ",Fashion|Denim Jeans|1199,1
ORD-20261002-3318,02/10/2026 20:24,Rahul,bansal,"Surat, Gujarat",Electronics|Bluetooth Speaker|1799,4
ORD-20261002-4095,02/10/2026 10:06,vikas,Vyas,"Hyderabad, Telangana",Fashion|Cotton Kurta|799,2
ORD-20261002-3096,02/10/2026 13:10,Aadhya,Kalavadia,"Chennai, Tamil Nadu",Electronics|Smart Watch|2499,3
ORD-20261002-4642,2026-10-02 18:06:36,Kunal,Chauhan,"Chennai, Tamil Nadu",Fashion|Leather Wallet|499,2
ORD-20261002-4472,02/10/2026 20:47,Varun,Saxena,"hyderabad, telangana",Sports|Yoga Mat|699,2
ORD-20261002-1181,2026-10-02 15:01:31,hetal,shah,"JAIPUR, RAJASTHAN",Fashion|Denim Jeans|1199,1
ORD-20261002-3815,2026-10-02 08:20:19,Rudra,KHANNA,"MYSURU, KARNATAKA",Sports|Dumbbell Set|1899,2
ORD-20261002-2118,02/10/2026 23:56,  Suresh ,mehta,"Hyderabad, Telangana",Fashion|Cotton Kurta|799,1
ORD-20261002-1832,2026-10-02 15:13:57,Simran,Sharma,"  Bengaluru, Karnataka ",Fashion|Sunglasses|999, 1 
ORD-20261002-0777,02/10/2026 22:42,ANANYA,Vyas,"Vadodara, Gujarat",Beauty|Hair Serum|549,2
ORD-20261002-3286,02/10/2026 20:10,Kunal,Chaudhary,"Pune, Maharashtra",,2
ORD-20261002-3848,02/10/2026 20:25,Janvi,Srivastava,"Mumbai, Maharashtra",Beauty|Perfume|1299,3
ORD-20261002-3981,02/10/2026 05:18,Swati,TRIVEDI,"delhi, delhi",Fashion|Leather Wallet|499,2.0
ORD-20261002-0006,02/10/2026 21:44,Dev,Thakkar,"pune, maharashtra",Electronics|Laptop Stand|749,1
ORD-20261002-0979,02/10/2026 20:00,krupa,Malhotra,"lucknow, uttar pradesh",Beauty|Lipstick|399,3
ORD-20261002-2235,2026-10-02 21:20:27,null,Desai,,Sports|Yoga Mat|699,4
ORD-20261002-0638,02/10/2026 21:42,Aanya,Gupta,"  Mumbai, Maharashtra ",Beauty|Face Wash|249,1
ORD-20261002-4340,02-10-2026 22:41,null,MEHTA,,Home And Kitchen|Wall Clock|649,1.0
ORD-20261002-4501,2026-10-02 11:12:07,Anjali,MEHTA,"Chennai, Tamil Nadu",Fashion|Cotton Kurta|799,2
ORD-20261002-0765,2026-10-02 13:33:25,Aditya,Mishra,"Pune, Maharashtra",Beauty|Sunscreen|449,1
ORD-20261002-1360,02/10/2026 11:46,Gaurav,Pawar,"ahmedabad, gujarat",Electronics|Power Bank|899,3
ORD-20261002-0745,2026-10-02 11:49:22,Janvi,Reddy,"Pune, Maharashtra",Beauty|Perfume|1299,1
ORD-20261002-3586,02/10/2026 11:16,Parth,,"Nagpur, Maharashtra",Home And Kitchen|Steel Water Bottle|399,1
ORD-20261002-2734,2026-10-02 22:09:40,Neel,Mehta,"  Chennai, Tamil Nadu ",Sports|Yoga Mat|699,4
ORD-20261002-0996,2026-10-02 23:09:20,kavya,Bansal,"Chennai, Tamil Nadu",Home And Kitchen|Storage Box|299,1
ORD-20261002-2380,02-10-2026 21:49,Gaurav,JAIN,"MUMBAI, MAHARASHTRA",Home And Kitchen|Steel Water Bottle|399,1
ORD-20261002-0529,02/10/2026 17:11,TUSHAR,  Mehta ,"surat, gujarat",Electronics|Bluetooth Speaker|1799,2.0
ORD-20261002-2657,02-10-2026 03:55,OM,BANSAL,"Coimbatore, Tamil Nadu",Home And Kitchen|Wall Clock|649,5
ORD-20261002-3869,02/10/2026 10:46,  Om ,Bansal,"  Ahmedabad, Gujarat ",Home And Kitchen|Storage Box|299,2
ORD-20261002-2368,02-10-2026 12:46,Dev,jain,"Mumbai, Maharashtra",Home And Kitchen|Non Stick Pan|1099,2
ORD-20261002-1126,2026-10-02 21:47:29,megha,vyas,"  Chennai, Tamil Nadu ",Fashion|Cotton Kurta|799,1
ORD-20261002-3371,02-10-2026 18:36,Anjali,Kapoor,"Delhi, Delhi",Fashion|Cotton Kurta|799,1
ORD-20261002-2286,2026-10-02 20:18:44,Pari,Mukherjee,"Mumbai, Maharashtra",Beauty|Face Wash|249,1
ORD-20261002-3161,02-10-2026 18:49,Atharv,Pandya,"Chennai, Tamil Nadu",Beauty|Face Wash|249,1
ORD-20261002-2130,02-10-2026 17:23,manish,RAO,"Chennai, Tamil Nadu",Sports|Football|799,3
ORD-20261002-3097,2026-10-02 20:16:08,Ishaan,Agarwal,"  Delhi, Delhi ",Home And Kitchen|Non Stick Pan|1099,2
ORD-20261002-2350,02/10/2026 13:16,,iyer,"Mumbai, Maharashtra",Fashion|Denim Jeans|1199,2
ORD-20261002-0118,02/10/2026 14:12,,Malhotra,"delhi, delhi",Electronics|Bluetooth Speaker|1799,0
ORD-20261002-4682,2026-10-02 22:12:52,Hetal,rao,"bengaluru, karnataka",Fashion|Running Shoes|2199,1
ORD-20261002-3416,02/10/2026 14:58,Vihaan,Malhotra,"HYDERABAD, TELANGANA",Home And Kitchen|Storage Box|299,1
ORD-20261002-1902,02/10/2026 20:28,NISHA,Kulkarni,"Delhi, Delhi",Electronics|Power Bank|899,2.0
ORD-20261002-4216,02-10-2026 13:01,Rahul,srivastava,"CHENNAI, TAMIL NADU",Sports|Skipping Rope|199,1
ORD-20261002-2574,02-10-2026 21:22,Kriti,Srivastava,"hyderabad, telangana",Fashion|Denim Jeans|1199,4
ORD-20261002-2354,02/10/2026 06:58,BHAVNA,Agarwal,"VADODARA, GUJARAT",Home And Kitchen|Storage Box|299,2
ORD-20261002-2863,02/10/2026 03:37,  Janvi ,  Das ,"surat, gujarat",Electronics|Smart Watch|2499,1
ORD-20261002-1122,2026-10-02 20:07:56,Simran,pawar,"Ahmedabad, Gujarat",Fashion|Cotton Kurta|799,1
ORD-20261002-3508,02-10-2026 23:43,  Suresh ,CHAUDHARY,"CHENNAI, TAMIL NADU",Electronics|Smart Watch|2499,5
ORD-20261002-0352,2026-10-02 19:24:48,Payal,Mehta,"Jaipur, Rajasthan",Home And Kitchen|Bedsheet Set|1499,3
ORD-20261002-3092,02/10/2026 18:52,Aditya,Khanna,"Mumbai, Maharashtra",Electronics|Laptop Stand|749,2
ORD-20261002-4015,02/10/2026 14:37,  Aryan ,  Pandya ,"Bengaluru, Karnataka",Home And Kitchen|Wall Clock|649,2
ORD-20261002-0814,02/10/2026 23:07,  Dev ,MODI,,Electronics|Laptop Stand|749,5
ORD-20261002-4444,02/10/2026 10:14,simran,chopra,"chennai, tamil nadu",Electronics|Power Bank|899,1
ORD-20261002-1848,02/10/2026 14:10,ATHARV,Sinha,"Mumbai, Maharashtra",Fashion|Denim Jeans|1199,5
ORD-20261002-1911,2026-10-02 20:46:40,  Deepak ,KALAVADIA,"Coimbatore, Tamil Nadu",Home And Kitchen|Storage Box|299, 5 
ORD-20261002-0223,2026-10-02 22:28:23,Manish,menon,"Kolkata, West Bengal",Beauty|Face Wash|249,5
ORD-20261002-2917,2026-10-02 15:03:00,dhruv,Dubey,"Nagpur, Maharashtra",Beauty|Lipstick|399,1
ORD-20261002-0980,02/10/2026 17:32,simran,Joshi,"Bengaluru, Karnataka",Fashion|Running Shoes|2199,
ORD-20261002-3770,02/10/2026 08:02,Divya,kulkarni,"Ahmedabad, Gujarat",Electronics|Smart Watch|2499,4
ORD-20261002-1306,2026-10-02 15:47:32,rudra,Kalavadia,"Chennai, Tamil Nadu",Sports|Skipping Rope|199,1
ORD-20261002-0251,2026-10-02 16:57:31,Arjun,  Bhatt ,"Chennai, Tamil Nadu",Fashion|Leather Wallet|499,2
ORD-20261002-3118,2026-10-02 13:35:21,Nikhil,Mukherjee,"Chennai, Tamil Nadu",Beauty|Hair Serum|549,1
ORD-20261002-3568,2026-10-02 16:08:23,Amit,,"Chennai, Tamil Nadu",Home And Kitchen|Storage Box|299,1
ORD-20261002-2878,02-10-2026 17:13,Nidhi,Bose,"BENGALURU, KARNATAKA",Home And Kitchen|Wall Clock|649,6
ORD-20261002-2255,2026-10-02 15:16:40,Navya,mukherjee,"  Pune, Maharashtra ",Home And Kitchen|Steel Water Bottle|399,1
ORD-20261002-2498,02/10/2026 16:07,Vikas,BHATT,"Kolkata, West Bengal",Electronics|Bluetooth Speaker|1799,1.0
ORD-20261002-3971,02/10/2026 12:13,Sneha,PILLAI,"Nagpur, Maharashtra",Sports|Cricket Bat|1599,4
ORD-20261002-0833,2026-10-02 09:41:20,  Rohan ,JOSHI,"vadodara, gujarat",Fashion|Cotton Kurta|799,4
ORD-20261002-4738,02-10-2026 16:43,Om,Trivedi,"Bengaluru, Karnataka",Electronics|Bluetooth Speaker|1799,1
ORD-20261002-3090,2026-10-02 22:38:37,GAURAV,parmar,"  Jaipur, Rajasthan ",Electronics|Wireless Earbuds|1299,5
ORD-20261002-4271,2026-10-02 08:53:24,Anjali,  Sinha ,"  Jaipur, Rajasthan ",Sports|Dumbbell Set|1899,2
ORD-20261002-4527,02/10/2026 13:24,PARI,GHOSH,"Lucknow, Uttar Pradesh",Electronics|Laptop Stand|749,2
ORD-20261002-3760,2026-10-02 19:56:21,neha,  Pandya ,"Delhi, Delhi",Sports|Dumbbell Set|1899,2
ORD-20261002-2895,02/10/2026 20:44,Aryan,,"Surat, Gujarat",Electronics|Laptop Stand|749,1
ORD-20261002-3341,02-10-2026 17:29,Isha,Pawar,"Ahmedabad, Gujarat",Beauty|Face Wash|249,3
ORD-20261002-1214,02-10-2026 09:15,Divya,PAWAR,"  Jaipur, Rajasthan ",Fashion|Leather Wallet|499,1
ORD-20261002-0740,02-10-2026 19:52,  Palak ,Agarwal,"Chennai, Tamil Nadu",Electronics|Laptop Stand|749,2
ORD-20261002-4321,02-10-2026 14:29,sai,Saxena,"Pune, Maharashtra",Beauty|Hair Serum|549,1
ORD-20261002-4171,02-10-2026 14:00,tanvi,Kumar,"Ahmedabad, Gujarat",Electronics|Power Bank|899,1
ORD-20261002-2568,02/10/2026 13:05,  Sneha ,  Sharma ,"Ahmedabad, Gujarat",Fashion|Cotton Kurta|799,5
ORD-20261002-3030,02/10/2026 12:33,Sneha,Arora,,Fashion|Denim Jeans|1199,5
ORD-20261002-1505,2026-10-02 21:24:53,ishaan,Singh,"Kolkata, West Bengal",Electronics|Power Bank|899,1
ORD-20261002-0981,02/10/2026 20:42,Navya,sinha,"DELHI, DELHI",Beauty|Perfume|1299,1
ORD-20261002-4808,02/10/2026 11:54,Parth,  Kapoor ,"Pune, Maharashtra",Beauty|Face Wash|249,5
ORD-20261002-1738,,Krishna,Joshi,"Jaipur, Rajasthan",Electronics|Power Bank|899,3
ORD-20261002-0511,02-10-2026 20:38,nisha,modi,"Ahmedabad, Gujarat",Electronics|Wireless Earbuds|1299, 1 
ORD-20261002-1995,02/10/2026 13:14,Suresh,arora,"BENGALURU, KARNATAKA",Electronics|Bluetooth Speaker|1799,2
ORD-20261002-0802,2026-10-02 18:18:59,Advik,MUKHERJEE,"Delhi, Delhi",Beauty|Lipstick|399,1
ORD-20261002-0326,02/10/2026 01:02,Amit,bose,"mumbai, maharashtra",Home And Kitchen|Storage Box|299,3
ORD-20261002-4041,2026-10-02 13:41:16,Komal,Kumar,"Coimbatore, Tamil Nadu",Fashion|Cotton Kurta|799,
ORD-20261002-2363,2026-10-02 17:40:27,MANISH,Chopra,"Nagpur, Maharashtra",Home And Kitchen|Wall Clock|649,1
ORD-20261002-0484,02/10/2026 14:48,krishna,Chauhan,"Chennai, Tamil Nadu",Electronics|Smart Watch|2499, 1 
ORD-20261002-3504,2026-10-02 21:23:08,Aditi,das,"Hyderabad, Telangana",Home And Kitchen|Storage Box|299,2
ORD-20261002-0738,02/10/2026 18:41,Pranav,rathod,"AHMEDABAD, GUJARAT",Electronics|Bluetooth Speaker|1799,1
ORD-20261002-1704,2026-10-02 11:36:53,Anjali,Sharma,"Delhi, Delhi",Beauty|Perfume|1299,1
ORD-20261002-2622,2026-10-02 10:08:47,ritu,mehta,"Surat, Gujarat",Electronics|Smart Watch|2499,1
ORD-20261002-2660,02/10/2062 20:20,Mihir,Kalavadia,"Coimbatore, Tamil Nadu",Fashion|Sunglasses|999,1
ORD-20261002-1707,2026-10-02 19:51:31,Simran,  Srivastava ,"Ahmedabad, Gujarat",Beauty|Perfume|1299,1
ORD-20261002-0871,02/10/2026 20:04,  Megha ,Yadav,"Mumbai, Maharashtra",Fashion|Cotton Kurta|799,2
ORD-20261002-3300,02/10/2026 11:44,,chauhan,"Vadodara, Gujarat",Fashion|Running Shoes|2199,
ORD-20261002-2382,2026-10-02 15:18:17,Simran,kapoor,"Mysuru, Karnataka",Electronics|Power Bank|899,1
ORD-20261002-1138,2026-10-02 21:23:43,pranav,Verma,"Jaipur, Rajasthan",Fashion|Sunglasses|999,2
ORD-20261002-1182,02/10/2026 16:23,MANISH,Nair,"Hyderabad, Telangana",Beauty|Perfume|1299,1
ORD-20261002-1321,02/10/2026 15:24,NEHA,Jain,"Pune, Maharashtra",Fashion|Running Shoes|2199,4
ORD-20261002-1553,2026-10-02 12:08:20,Parth,Pandya,,Electronics|Bluetooth Speaker|1799,3
ORD-20261002-3550,02/10/2026 17:13,hetal,Patel,"Chennai, Tamil Nadu",Fashion|Leather Wallet|499,2
ORD-20261002-4699,2026-10-02 13:36:06,Pooja,Kalavadia,"  Nagpur, Maharashtra ",Electronics|Power Bank|899,1
ORD-20261002-1371,02-10-2026 01:22,rohan,PARMAR,"  Kolkata, West Bengal ",Beauty|Lipstick|399,2
ORD-20261002-4532,2026-10-02 12:27:11,Tanvi,Rathod,"vadodara, gujarat",Electronics|Smart Watch|2499, 2 
ORD-20261002-4533,2026-10-02 22:12:54,SIMRAN,singh,"Jaipur, Rajasthan",Home And Kitchen|Steel Water Bottle|399,1
ORD-20261002-2390,02/10/2026 14:36,Varun,  Singh ,"chennai, tamil nadu",Home And Kitchen|Bedsheet Set|1499,1
ORD-20261002-4150,02/10/2026 19:20,diya,Srivastava,"Mumbai, Maharashtra",Fashion|Running Shoes|2199,2
ORD-20261002-3227,2026-10-02 18:11:02,amit,MUKHERJEE,"Surat, Gujarat",Fashion|Running Shoes|2199,2
ORD-20261002-4621,02/10/2026 15:35,manish,  Bhatt ,"Kolkata, West Bengal",Electronics|Smart Watch|2499,2
ORD-20261002-1912,02-10-2026 16:32,Kabir,Solanki,"Hyderabad, Telangana",Electronics|Bluetooth Speaker|1799,3
ORD-20261002-0631,02/10/2026 10:18,advik,Srivastava,"Mumbai, Maharashtra",Beauty|Face Wash|249,
ORD-20261002-3450,2026-10-02 10:11:09,aditya,dubey,"Delhi, Delhi",Electronics|Bluetooth Speaker|1799,2
ORD-20261002-0502,02/10/2026 16:47,Pooja,Pandya,"Mumbai, Maharashtra",Beauty|Hair Serum|549,4
ORD-20261002-1063,02/10/2026 13:03,Tanvi,das,"jaipur, rajasthan",Home And Kitchen|Steel Water Bottle|399,2
ORD-20261002-1368,02/10/2026 13:20,Advik,Chauhan,"Nagpur, Maharashtra",Fashion|Sunglasses|999,1
ORD-20261002-4064,2026-10-02 18:22:46,Isha,Ghosh,"HYDERABAD, TELANGANA",Fashion|Leather Wallet|499,1
ORD-20261002-2753,2026-10-02 20:15:25,  Aryan ,Kalavadia,"Mumbai, Maharashtra",Sports|Yoga Mat|699,1.0
ORD-20261002-4409,02/10/2026 07:59,om,bhatt,"  Mumbai, Maharashtra ",Beauty|Perfume|1299,3
ORD-20261002-3856,02/10/2026 07:25,Harsh,Joshi,"  Mumbai, Maharashtra ",Sports|Skipping Rope|199,2
ORD-20261002-2710,2026-10-02 20:28:20,,chaudhary,,Electronics|Smart Watch|2499,3
ORD-20261002-3862,02/10/2026 21:38,Neel,Gupta,"Mysuru, Karnataka",Home And Kitchen|Wall Clock|649,2
ORD-20261002-4696,2026-10-02 18:43:22,Navya,Bansal,"  Mumbai, Maharashtra ",Sports|Football|799,4
ORD-20261002-0385,02/10/2026 13:54,Nisha,  Arora ,"delhi, delhi",Beauty|Sunscreen|449,1
ORD-20261002-1358,2026-10-02 13:04:46,vikas,  Ghosh ,"Mumbai, Maharashtra",Electronics|Bluetooth Speaker|1799,2
ORD-20261002-3838,02/10/2026 16:46,  Rajesh ,PANDYA,"Nagpur, Maharashtra",Fashion|Sunglasses|999,2
ORD-20261002-0042,02/10/2026 20:34,simran,Das,"  Jaipur, Rajasthan ",Home And Kitchen|Bedsheet Set|1499,1
ORD-20261002-0904,02/10/2026 02:34,  Vikas ,patil,"vadodara, gujarat",Sports|Yoga Mat|699,1
ORD-20261002-3963,02-10-2026 20:34,Dhwani,patel,"Chennai, Tamil Nadu",Electronics|Bluetooth Speaker|1799,0
ORD-20261002-1510,02-10-2026 08:56,Aditya,khanna,"  Mumbai, Maharashtra ",Electronics|Wireless Earbuds|1299,2
ORD-20261002-4795,02/10/2026 21:47,Pooja,Kulkarni,"Bengaluru, Karnataka",Electronics|Laptop Stand|749,1
ORD-20261002-1942,02/10/2026 12:03,Advik,thakkar,"Jaipur, Rajasthan",Fashion|Cotton Kurta|799,3
ORD-20261002-3479,02-10-2026 02:58,Kabir,  Solanki ,"Hyderabad, Telangana",Home And Kitchen|Wall Clock|649,2
ORD-20261002-0686,02/10/2026 14:52,Nisha,Malhotra,"Chennai, Tamil Nadu",Electronics|Bluetooth Speaker|1799,2
ORD-20261002-0707,02/10/2026 14:55,ritu,Sinha,"Pune, Maharashtra",Home And Kitchen|Bedsheet Set|1499,5
ORD-20261002-1857,2026-10-02 19:08:07,AADHYA,Chaudhary,"chennai, tamil nadu",Beauty|Lipstick|399,1
ORD-20261002-3775,2026-10-02 14:03:28,Rohan,chauhan,"Bengaluru, Karnataka",Beauty|Face Wash|249,1.0
ORD-20261002-3387,2026-10-02 10:01:06,Manish,BHATT,"Pune, Maharashtra",Electronics|Bluetooth Speaker|1799,1
ORD-20261002-0142,02/10/2026 13:00,  Harsh ,KALAVADIA,"Chennai, Tamil Nadu",Fashion|Denim Jeans|1199,1
ORD-20261002-1919,02/10/2026 19:56,Neel,Chopra,"  Chennai, Tamil Nadu ",Fashion|Sunglasses|999,5
ORD-20261002-0252,02/10/2026 13:36,MIHIR,kapoor,"KOLKATA, WEST BENGAL",Fashion|Running Shoes|2199,6
ORD-20261002-4386,2026-10-02 13:11:59,Vihaan,Shah,"Mysuru, Karnataka",Fashion|Leather Wallet|499,6
ORD-20261002-4128,02/10/2026 19:40,Parth,Bhatt,"Bengaluru, Karnataka",Electronics|Wireless Earbuds|1299,3
ORD-20261002-0052,02/10/2026 20:58,Sai,Saxena,"  Hyderabad, Telangana ",Fashion|Cotton Kurta|799,
ORD-20261002-4023,02/10/2026 15:03,Simran,  Chopra ,,Electronics|Smart Watch|2499,1
ORD-20261002-2224,2026-10-02 21:14:57,DIYA,Rathod,"Pune, Maharashtra",Fashion|Running Shoes|2199,2
ORD-20261002-1101,02/10/2026 18:48,Harsh,rao,"mumbai, maharashtra",Beauty|Hair Serum|549,1
ORD-20261002-1328,02-10-2026 13:53,Parth,SRIVASTAVA,"Nagpur, Maharashtra",Fashion|Sunglasses|999,4
ORD-20261002-0637,02/10/2026 20:16,Sneha,  Malhotra ,"Mumbai, Maharashtra",Electronics|Laptop Stand|749,1
ORD-20261002-0776,2026-10-02 11:42:49,DHWANI,kapoor,"Vadodara, Gujarat",Home And Kitchen|Non Stick Pan|1099,1
ORD-20261002-0695,2026-10-02 13:46:48,rahul,Dubey,"Jaipur, Rajasthan",Home And Kitchen|Steel Water Bottle|399,2
ORD-20261002-3216,02/10/2026 11:55,,thakkar,"bengaluru, karnataka",Beauty|Lipstick|399,4
ORD-20261002-1933,2026-10-02 18:13:48,Krishna,kalavadia,"  Ahmedabad, Gujarat ",Fashion|Cotton Kurta|799,1
ORD-20261002-4224,02-10-2026 12:16,POOJA,das,"DELHI, DELHI",Electronics|Smart Watch|2499,1
ORD-20261002-4300,02/10/2026 12:12,HARSH,menon,"Delhi, Delhi",Electronics|Smart Watch|2499,3
ORD-20261002-0603,02/10/2026 13:27,KABIR,CHAUHAN,"  Bengaluru, Karnataka ",Fashion|Sunglasses|999,2
ORD-20261002-4342,02/10/2026 22:29,  Isha ,Mishra,"  Lucknow, Uttar Pradesh ",Fashion|Cotton Kurta|799,3
ORD-20261002-0368,2026-10-02 11:43:37,vikas,sinha,"delhi, delhi",Home And Kitchen|Bedsheet Set|1499,6
ORD-20261002-1399,2026-10-02 16:35:04,Saanvi,pawar,"Vadodara, Gujarat",Beauty|Hair Serum|549,1
ORD-20261002-3802,02/10/2026 09:12,Saanvi,chaudhary,"Bengaluru, Karnataka",Sports|Skipping Rope|199,3
ORD-20261002-0335,02/10/2026 11:20,Pooja,tiwari,"Pune, Maharashtra",Home And Kitchen|Bedsheet Set|1499,1
ORD-20261002-3182,02/10/2026 00:23,Priya,kapoor,"PUNE, MAHARASHTRA",Home And Kitchen|Non Stick Pan|1099,1
ORD-20261002-0092,30/02/2026 17:28,Bhavna,Patil,"COIMBATORE, TAMIL NADU",Beauty|Face Wash|249,4
ORD-20261002-0648,2026-10-02 19:43:06,Dev,dubey,"mumbai, maharashtra",Fashion|Denim Jeans|1199,6
ORD-20261002-2482,02/10/2026 13:52,ayaan,  Dubey ,"DELHI, DELHI",Home And Kitchen|Steel Water Bottle|399,1
ORD-20261002-0883,02-10-2026 23:31,krishna,arora,"  Nagpur, Maharashtra ",Beauty|Lipstick|399,1
ORD-20261002-4628,02-10-2026 21:08,Ananya,  Mukherjee ,"Surat, Gujarat",Home And Kitchen|Non Stick Pan|1099,2
ORD-20261002-2525,02/10/2026 23:13,Ritu,Yadav,"Bengaluru, Karnataka",Sports|Football|799, 3 
ORD-20261002-0402,02/10/2026 20:33,manish,Trivedi,"Surat, Gujarat",Home And Kitchen|Wall Clock|649,1
ORD-20261002-4728,2026-10-02 22:05:56,Nisha,Shah,"Bengaluru, Karnataka",Fashion|Cotton Kurta|799,1
ORD-20261002-2044,02/10/2026 17:56,Kunal,Joshi,"  Delhi, Delhi ",Sports|Dumbbell Set|1899,1
ORD-20261002-1044,02/10/2026 19:31,  Rahul ,Vyas,"MUMBAI, MAHARASHTRA",Fashion|Running Shoes|2199,2
ORD-20261002-4346,02/10/2026 20:03,Ananya,SHAH,"Vadodara, Gujarat",Home And Kitchen|Non Stick Pan|1099,3
ORD-20261002-4694,02/10/2026 08:12,Bhavna,mehta,"  Vadodara, Gujarat ",Home And Kitchen|Wall Clock|649,1
ORD-20261002-3983,02/10/2026 10:22,Tanvi,Patil,"HYDERABAD, TELANGANA",Sports|Football|799,1
ORD-20261002-0009,2026-10-02 08:11:15,Ritu,Kumar,"  Chennai, Tamil Nadu ",Beauty|Face Wash|249,1
ORD-20261002-0633,02/10/2026 22:15,Neha,Nair,"Nagpur, Maharashtra",Sports|Skipping Rope|199,1
ORD-20261002-0670,02/10/2026 21:16,ISHA,nair,"Ahmedabad, Gujarat",Electronics|Laptop Stand|749,2
ORD-20261002-3100,2026-10-02 18:35:51,Tushar,Sharma,"Delhi, Delhi",Electronics|Laptop Stand|749,3
ORD-20261002-2325,02/10/2026 11:58,Nikhil,sinha,"surat, gujarat",Beauty|Lipstick|399,1
ORD-20261002-3704,02/10/2026 13:34,KRITI,YADAV,"BENGALURU, KARNATAKA",Sports|Skipping Rope|199,1
ORD-20261002-0412,02/10/2026 21:25,Myra,vyas,"Bengaluru, Karnataka",Home And Kitchen|Steel Water Bottle|399,1.0
ORD-20261002-4835,2026-10-02 20:21:33,  Anjali ,bansal,"jaipur, rajasthan",Beauty|Sunscreen|449,4
ORD-20261002-4765,02/10/2026 17:15,Sara,Reddy,"Ahmedabad, Gujarat",Home And Kitchen|Non Stick Pan|1099,5
ORD-20261002-2031,02-10-2026 22:07,Priya,mehta,"Coimbatore, Tamil Nadu",Beauty|Hair Serum|549,2
ORD-20261002-0743,02/10/2026 09:56,  Yash ,Saxena,"Hyderabad, Telangana",Electronics|Wireless Earbuds|1299,1
ORD-20261002-1383,2026-10-02 16:34:26,Myra,  Vyas ,"  Bengaluru, Karnataka ",Fashion|Leather Wallet|499,4
ORD-20261002-0567,2026-10-02 10:05:16,YASH,Pillai,"Bengaluru, Karnataka",Electronics|Smart Watch|2499,1
ORD-20261002-4073,02/10/2026 18:43,Krupa,Gupta,"Lucknow, Uttar Pradesh",Fashion|Running Shoes|2199,1
ORD-20261002-2365,02/10/2026 18:28,harsh,Rathod,"Lucknow, Uttar Pradesh",Home And Kitchen|Non Stick Pan|1099,1
ORD-20261002-4404,02/10/2026 12:40,Tushar,Mishra,"BENGALURU, KARNATAKA",Home And Kitchen|Steel Water Bottle|399,2
ORD-20261002-0570,02/10/2026 23:01,Tanvi,Mehta,"MYSURU, KARNATAKA",Sports|Cricket Bat|1599,3
ORD-20261002-2617,02/10/2026 15:54,Komal,das,"LUCKNOW, UTTAR PRADESH",Sports|Skipping Rope|199,2
ORD-20261002-2944,02/10/2026 03:38,Kavya,SAXENA,"delhi, delhi",Fashion|Cotton Kurta|799, 2 
ORD-20261002-2427,2026-10-02 11:25:12,Divya,Patil,"mumbai, maharashtra",Fashion|Running Shoes|2199,1
ORD-20261002-2683,02/10/2026 19:40,Yash,  Ghosh ,,Electronics|Bluetooth Speaker|1799,2
ORD-20261002-3811,02-10-2026 20:47,Vivaan,  Trivedi ,"chennai, tamil nadu",Beauty|Hair Serum|549,2
ORD-20261002-0952,02-10-2026 22:13,saanvi,  Menon ,"Chennai, Tamil Nadu",Home And Kitchen|Non Stick Pan|1099,1
ORD-20261002-0921,30/02/2026 15:24,  Reyansh ,,"Ahmedabad, Gujarat",Electronics|Bluetooth Speaker|1799,1
ORD-20261002-1047,02/10/2026 02:41,Parth,Dubey,"Jaipur, Rajasthan",Fashion|Sunglasses|999,4
ORD-20261002-1729,,  Isha ,Kalavadia,"Chennai, Tamil Nadu",Beauty|Face Wash|249,1
ORD-20261002-0716,02/10/2026 19:18,TANVI,Sharma,"Mumbai, Maharashtra",Electronics|Bluetooth Speaker|1799,1
ORD-20261002-0420,2026-10-02 08:10:52,tanvi,  Mehta ,"Mysuru, Karnataka",Fashion|Sunglasses|999,1
ORD-20261002-2197,02-10-2026 20:02,Janvi,Tiwari,"Surat, Gujarat",Sports|Cricket Bat|1599,2
ORD-20261002-2926,02-10-2026 17:58,Navya,Khanna,"nagpur, maharashtra",Beauty|Hair Serum|549, 1 
ORD-20261002-3649,02-10-2026 17:46,SWATI,Thakkar,"ahmedabad, gujarat",Home And Kitchen|Bedsheet Set|1499,5
ORD-20261002-4725,02/10/2026 10:18,Ananya,Chaudhary,"Lucknow, Uttar Pradesh",Electronics|Laptop Stand|749,1
ORD-20261002-1841,02/10/2026 21:14,ISHA,Chaudhary,"Vadodara, Gujarat",Electronics|Laptop Stand|749,2
ORD-20261002-0482,2026-10-02 23:38:24,Bhavna,MALHOTRA,"Jaipur, Rajasthan",Fashion|Cotton Kurta|799,1
ORD-20261002-1155,2026-10-02 20:46:13,Vihaan,Das,"Ahmedabad, Gujarat",Home And Kitchen|Bedsheet Set|1499,2
ORD-20261002-0587,2026-10-02 19:04:58,  Atharv ,Chopra,"Coimbatore, Tamil Nadu",Electronics|Bluetooth Speaker|1799,3
ORD-20261002-1016,2026-10-02 20:59:12,tushar,Pawar,"  Lucknow, Uttar Pradesh ",Beauty|Perfume|1299,1
ORD-20261002-3367,,Aanya,BOSE,"Vadodara, Gujarat",Electronics|Bluetooth Speaker|1799,3
ORD-20261002-2289,02/10/2026 08:40,Shreya,  Chauhan ,"Jaipur, Rajasthan",Beauty|Hair Serum|549,2
ORD-20261002-1963,02-10-2026 19:03,Kunal,Ghosh,N/A,Fashion|Leather Wallet|499,2
ORD-20261002-0997,02/10/2026 05:01,Nidhi,chauhan,"  Mumbai, Maharashtra ",Electronics|Laptop Stand|749,1
ORD-20261002-0206,02/10/2026 20:39,Manish,Singh,"  Bengaluru, Karnataka ",Electronics|Smart Watch|2499,1
ORD-20261002-3646,02/10/2026 12:04,Roshni,kalavadia,"jaipur, rajasthan",Sports|Cricket Bat|1599,4
ORD-20261002-3711,02-10-2026 23:38,Neha,Mukherjee,"jaipur, rajasthan",Beauty|Hair Serum|549,3
ORD-20261002-0654,2026-10-02 18:22:15,anjali,Chauhan,"BENGALURU, KARNATAKA",Beauty|Perfume|1299,1
ORD-20261002-3203,2026-10-02 19:05:04,Ayaan,menon,"hyderabad, telangana",Fashion|Sunglasses|999,2
ORD-20261002-3945,02/10/2026 16:46,Deepak,das,"surat, gujarat",Home And Kitchen|Storage Box|299,2
ORD-20261002-1567,02/10/2026 10:29,Reyansh,  Saxena ,"Hyderabad, Telangana",Beauty|Face Wash|249,5
ORD-20261002-3653,02/10/2026 11:59,Rohan,yadav,"Coimbatore, Tamil Nadu",Beauty|Perfume|1299,2.0
ORD-20261002-1269,02/10/2026 21:48,Om,PILLAI,"Coimbatore, Tamil Nadu",Home And Kitchen|Storage Box|299,1
ORD-20261002-3438,02/10/2026 21:32,riya,Gupta,"Chennai, Tamil Nadu",Home And Kitchen|Storage Box|299,1
ORD-20261002-1089,2026-10-02 11:11:14,Aditya,khanna,"  Lucknow, Uttar Pradesh ",Beauty|Face Wash|249,1
ORD-20261002-2839,02/10/2026 12:08,TUSHAR,Yadav,"Lucknow, Uttar Pradesh",Fashion|Denim Jeans|1199,1
ORD-20261002-1091,02-10-2026 19:29,Amit,Rao,"hyderabad, telangana",Fashion|Sunglasses|999,1
ORD-20261002-2707,2026-10-02 19:34:14,Krupa,Solanki,"Pune, Maharashtra",Fashion|Running Shoes|2199,1
ORD-20261002-0709,2026-10-02 11:33:48,  Komal ,modi,"Surat, Gujarat",Sports|Yoga Mat|699,5.0
ORD-20261002-0795,2026-10-02 17:08:59,  Dhwani ,Gupta,"Pune, Maharashtra",Sports|Dumbbell Set|1899,3
ORD-20261002-3919,02/10/2026 14:24,NAVYA,Kapoor,"Bengaluru, Karnataka",Home And Kitchen|Bedsheet Set|1499,3
ORD-20261002-3147,2026-10-02 12:37:56,Pooja,THAKKAR,"  Mumbai, Maharashtra ",Beauty|Hair Serum|549,1
ORD-20261002-0405,2026-10-02 23:33:29,rohan,patel,"Lucknow, Uttar Pradesh",Beauty|Perfume|1299,1
ORD-20261002-3630,02-10-2026 02:22,krishna,Pawar,"Delhi, Delhi",Sports|Football|799,2
ORD-20261002-1019,2026-10-02 15:14:26,Bhavna,  Verma ,"Pune, Maharashtra",Electronics|Bluetooth Speaker|1799,
ORD-20261002-0011,02/10/2026 13:31,advik,Mehta,"  Pune, Maharashtra ",Home And Kitchen|Non Stick Pan|1099,6
ORD-20261002-3431,02/10/2026 09:51,Isha,Khanna,"Mumbai, Maharashtra",Home And Kitchen|Bedsheet Set|1499,2
ORD-20261002-4567,2026-10-02 21:45:34,  Hetal ,Bhatt,"bengaluru, karnataka",Sports|Cricket Bat|1599,1
ORD-20261002-2395,2026-10-02 14:24:06,Kriti,trivedi,"  Coimbatore, Tamil Nadu ",Fashion|Cotton Kurta|799,6
ORD-20261002-0757,02/10/2026 07:10,Swati,Vyas,"  Bengaluru, Karnataka ",Fashion|Sunglasses|999,3
ORD-20261002-2446,02/10/2026 22:49,Vivaan,Desai,"Chennai, Tamil Nadu",Sports|Dumbbell Set|1899,2
ORD-20261002-4398,02/10/2026 20:31,Manish,pawar,"Jaipur, Rajasthan",Fashion|Denim Jeans|1199,1
ORD-20261002-1666,02/10/2026 16:49,Aadhya,Bansal,"Hyderabad, Telangana",Fashion|Leather Wallet|499,1
ORD-20261002-0596,2026-10-02 18:31:04,dhwani,Joshi,"LUCKNOW, UTTAR PRADESH",Fashion|Cotton Kurta|799,1
ORD-20261002-4284,02/10/2026 19:09,Kavya,Tiwari,"Delhi, Delhi",Home And Kitchen|Wall Clock|649,2
ORD-20261002-4428,02/10/2025 11:15,Komal,Chopra,"Kolkata, West Bengal",, 2 
ORD-20261002-0537,2026-10-02 20:34:55,harsh,Arora,"mumbai, maharashtra",Sports|Dumbbell Set|1899, 3 
ORD-20261002-2675,02/10/2026 03:29,Krupa,Das,"Delhi, Delhi",Electronics|Power Bank|899,1
ORD-20261002-1597,2026-10-02 19:19:42,Anika,bose,"Hyderabad, Telangana",Fashion|Denim Jeans|1199,1
ORD-20261002-3559,02/10/2026 12:02,Aditya,Srivastava,"Ahmedabad, Gujarat",Fashion|Denim Jeans|1199,1
ORD-20261002-3376,2026-10-02 17:52:02,Gaurav,Gupta,"Mysuru, Karnataka",Electronics|Wireless Earbuds|1299, 1 
ORD-20261002-2141,02-10-2026 14:39,KARAN,Das,"KOLKATA, WEST BENGAL",Electronics|Power Bank|899,1
ORD-20261002-0763,02/10/2062 12:24,Tushar,Parmar,"Lucknow, Uttar Pradesh",Home And Kitchen|Wall Clock|649,1
ORD-20261002-0929,02/10/2026 22:49,Bhavna,Kalavadia,"Bengaluru, Karnataka",Fashion|Running Shoes|2199,3
ORD-20261002-3290,2026-10-02 07:09:40,Kriti,TRIVEDI,"  Lucknow, Uttar Pradesh ",Home And Kitchen|Bedsheet Set|1499,1
ORD-20261002-4054,2026-10-02 20:02:06,Krishna,Chopra,"Surat, Gujarat",Sports|Football|799,2
ORD-20261002-3205,02/10/2026 20:44,Pooja,Gupta,"Pune, Maharashtra",Fashion|Cotton Kurta|799,1
ORD-20261002-1735,2026-10-02 23:45:45,Arjun,Kumar,"Surat, Gujarat",Sports|Dumbbell Set|1899,2
ORD-20261002-3294,2026-10-02 19:43:18,Myra,Bhatt,"Ahmedabad, Gujarat",Fashion|Leather Wallet|499,1
ORD-20261002-0988,02/10/2026 11:13,Pooja,ARORA,"Bengaluru, Karnataka",Home And Kitchen|Steel Water Bottle|399,2
ORD-20261002-3050,02/10/2026 20:04,Reyansh,Bhatt,"Ahmedabad, Gujarat",Beauty|Sunscreen|449,1
ORD-20261002-3947,2026-10-02 03:22:44,  Janvi ,gupta,"Lucknow, Uttar Pradesh",Home And Kitchen|Steel Water Bottle|399,1
ORD-20261002-0287,02/10/2026 19:17,  Shreya ,Dubey,"Ahmedabad, Gujarat",Fashion|Leather Wallet|499,1
ORD-20261002-4477,,Hetal,Kapoor,"Chennai, Tamil Nadu",Home And Kitchen|Non Stick Pan|1099,
ORD-20261002-3119,2026-10-02 16:09:40,Megha,Yadav,"Kolkata, West Bengal",Beauty|Face Wash|249,1
ORD-20261002-0966,2026-10-02 09:40:37,,patil,"Mysuru, Karnataka",Electronics|Smart Watch|2499,1
ORD-20261002-0049,2026-10-02 23:15:59,pranav,das,"BENGALURU, KARNATAKA",Electronics|Bluetooth Speaker|1799,3
ORD-20261002-4276,02/10/2026 13:03,Aanya,Vyas,"Mumbai, Maharashtra",Sports|Cricket Bat|1599,5
ORD-20261002-0205,02-10-2026 18:59,,kumar,"Hyderabad, Telangana",Beauty|Sunscreen|449,2.0
ORD-20261002-4479,02-10-2026 18:02,parth,Shah,,Beauty|Sunscreen|449,5.0
ORD-20261002-3267,02/10/2026 04:43,Anjali,Bansal,"jaipur, rajasthan",Electronics|Smart Watch|2499,5
ORD-20261002-1767,2026-10-02 15:51:54,Rahul,khanna,"Mysuru, Karnataka",Sports|Skipping Rope|199,1
ORD-20261002-3351,02/10/2026 21:49,NIDHI,Kalavadia,"KOLKATA, WEST BENGAL",Home And Kitchen|Non Stick Pan|1099,2
ORD-20261002-2957,2026-10-02 20:26:05,Saanvi,Iyer,"Coimbatore, Tamil Nadu",Fashion|Sunglasses|999,1
ORD-20261002-4114,02/10/2026 18:06,TANVI,Verma,"  Ahmedabad, Gujarat ",Home And Kitchen|Non Stick Pan|1099,1
ORD-20261002-1124,02-10-2026 13:33,Varun,Chauhan,"lucknow, uttar pradesh",Sports|Dumbbell Set|1899,1
ORD-20261002-4051,02/10/2025 10:03,Neel,Sinha,"  Ahmedabad, Gujarat ",Fashion|Cotton Kurta|799,2
ORD-20261002-0661,2026-10-02 07:10:56,  Mihir ,Jain,"Ahmedabad, Gujarat",Electronics|Power Bank|899,2
ORD-20261002-3705,02/10/2026 21:25,Aadhya,Sinha,"mumbai, maharashtra",Sports|Cricket Bat|1599,1
ORD-20261002-2000,02-10-2026 11:52,arjun,  Agarwal ,"  Chennai, Tamil Nadu ",Home And Kitchen|Storage Box|299,1
ORD-20261002-1630,02/10/2026 21:43,Swati,Kumar,"MUMBAI, MAHARASHTRA",Fashion|Denim Jeans|1199,1.0
ORD-20261002-4063,02/10/2026 20:55,hetal,Chaudhary,"  Pune, Maharashtra ",Home And Kitchen|Steel Water Bottle|399,1
ORD-20261002-4741,02-10-2026 18:17,Priya,bansal,"Mumbai, Maharashtra",Electronics|Bluetooth Speaker|1799,1
ORD-20261002-2247,02/10/2026 18:18,Simran,Pillai,"hyderabad, telangana",Sports|Cricket Bat|1599,
ORD-20261002-3411,02-10-2026 11:24,Aditya,Menon,"lucknow, uttar pradesh",Fashion|Running Shoes|2199,5
ORD-20261002-4231,02-10-2026 21:03,rohan,  Yadav ,"Coimbatore, Tamil Nadu",Fashion|Cotton Kurta|799,2
ORD-20261002-3185,2026-10-02 08:51:39,SARA,reddy,"Pune, Maharashtra",Fashion|Sunglasses|999,1
ORD-20261002-0949,,Neel,rao,"Delhi, Delhi",Sports|Dumbbell Set|1899,2.0
,2026-10-02 16:38:10,Aditya,Pawar,"Jaipur, Rajasthan",Beauty|Lipstick|399,1
ORD-20261002-0556,02/10/2026 21:15,Sara,  Srivastava ,"Delhi, Delhi",Electronics|Wireless Earbuds|1299,1
ORD-20261002-3417,02/10/2026 15:53,Ishaan,Nair,"Delhi, Delhi",Fashion|Cotton Kurta|799,1
ORD-20261002-3036,2026-10-02 19:49:11,Jay,  Tiwari ,"Pune, Maharashtra",Electronics|Laptop Stand|749,1
ORD-20261002-2782,02/10/2026 09:01,Myra,dubey,"  Kolkata, West Bengal ",Home And Kitchen|Non Stick Pan|1099,1.0
ORD-20261002-3477,02-10-2026 08:30,Manish,TIWARI,"vadodara, gujarat",Home And Kitchen|Bedsheet Set|1499,2
ORD-20261002-4318,2026-10-02 12:58:13,  Navya ,  Sinha ,"delhi, delhi",Sports|Football|799,2
ORD-20261002-1120,02/10/2026 11:42,Varun,Kulkarni,"  Jaipur, Rajasthan ",Electronics|Smart Watch|2499,2
ORD-20261002-1710,02/10/2026 22:31,reyansh,  Thakkar ,"Hyderabad, Telangana",Home And Kitchen|Non Stick Pan|1099,4
ORD-20261002-2135,02/10/2026 10:17,  Rajesh ,Solanki,"Bengaluru, Karnataka",Electronics|Wireless Earbuds|1299,1
ORD-20261002-0222,2026-10-02 23:14:16,swati,Menon,"mumbai, maharashtra",Sports|Yoga Mat|699,1
ORD-20261002-1045,2026-10-02 16:58:28,Reyansh,mukherjee,"Bengaluru, Karnataka",Fashion|Denim Jeans|1199,1
ORD-20261002-1870,2026-10-02 08:22:19,karan,verma,"chennai, tamil nadu",Beauty|Sunscreen|449,3
ORD-20261002-2928,02-10-2026 22:59,Megha,rao,"ahmedabad, gujarat",Home And Kitchen|Bedsheet Set|1499,1
ORD-20261002-2635,02-10-2026 19:15,vihaan,Jain,"Nagpur, Maharashtra",Sports|Cricket Bat|1599,1
ORD-20261002-3793,02/10/2026 15:25,Anika,saxena,"Mysuru, Karnataka",Electronics|Power Bank|899,4
ORD-20261002-1683,02-10-2026 08:05,Sara,Jain,"Mysuru, Karnataka",Fashion|Denim Jeans|1199,1
ORD-20261002-3257,02/10/2026 01:13,Om,Parmar,"Bengaluru, Karnataka",Home And Kitchen|Non Stick Pan|1099,6
ORD-20261002-4269,02/10/2026 12:59,Kabir,Solanki,"Delhi, Delhi",Electronics|Laptop Stand|749,1
ORD-20261002-0963,2026-10-02 18:18:58,Pranav,BHATT,"BENGALURU, KARNATAKA",Beauty|Hair Serum|549,1
ORD-20261002-1472,2026-10-02 08:11:18,Vihaan,SINHA,"mumbai, maharashtra",,2
ORD-20261002-2209,02-10-2026 10:49,Aryan,pandya,"  Ahmedabad, Gujarat ",Fashion|Cotton Kurta|799,1
ORD-20261002-2448,02/10/2026 19:11,  Aarav ,Modi,"  Delhi, Delhi ",Fashion|Running Shoes|2199,1
ORD-20261002-4616,2026-10-02 01:57:18,Vikas,iyer,"pune, maharashtra",Sports|Skipping Rope|199,4
ORD-20261002-1863,2026-10-02 03:18:10,kavya,Thakkar,"Ahmedabad, Gujarat",,1.0
ORD-20261002-0900,2026-10-02 19:45:05,  Aanya ,Das,"Pune, Maharashtra",Fashion|Running Shoes|2199,1
ORD-20261002-2479,2026-10-02 16:14:34,ANIKA,Das,"Mumbai, Maharashtra",Home And Kitchen|Wall Clock|649,-1
ORD-20261002-0679,02/10/2026 09:01,Kabir,Singh,"Hyderabad, Telangana",Fashion|Leather Wallet|499,1
ORD-20261002-0640,02/10/2026 19:46,Payal,Nair,"coimbatore, tamil nadu",Beauty|Face Wash|249,2
ORD-20261002-1619,2026-10-02 20:46:05,Sneha,Desai,"Vadodara, Gujarat",Fashion|Running Shoes|2199,2
ORD-20261002-2613,02-10-2026 16:26,varun,Solanki,"bengaluru, karnataka",Sports|Football|799,1
ORD-20261002-4728,2026-10-02 22:05:56,Nisha,Shah,"Bengaluru, Karnataka",Fashion|Cotton Kurta|799,1
ORD-20261002-3960,02/10/2026 21:10,Ritu,  Solanki ,"Jaipur, Rajasthan",Beauty|Hair Serum|549,1
ORD-20261002-4577,2026-10-02 22:48:58,Rajesh,Bose,"surat, gujarat",Home And Kitchen|Wall Clock|649,1
ORD-20261002-1198,02/10/2026 13:39,Swati,Malhotra,"  Pune, Maharashtra ",Electronics|Wireless Earbuds|1299, 1 
ORD-20261002-0494,2026-10-02 14:31:42,pranav,Bose,"Ahmedabad, Gujarat",Fashion|Running Shoes|2199,1
ORD-20261002-0240,02/10/2026 22:08,Nidhi,yadav,"Coimbatore, Tamil Nadu",Beauty|Face Wash|249,2
ORD-20261002-3799,02/10/2026 13:16,null,  Thakkar ,"chennai, tamil nadu",Fashion|Denim Jeans|1199,2
ORD-20261002-2803,2026-10-02 17:40:34,deepak,Nair,"Delhi, Delhi",Sports|Yoga Mat|699,1
ORD-20261002-4256,02/10/2026 12:41,Sneha,  Jain ,"Pune, Maharashtra",Home And Kitchen|Bedsheet Set|1499,1
ORD-20261002-2071,02/10/2026 00:24,,Patel,"MUMBAI, MAHARASHTRA",Electronics|Wireless Earbuds|1299,2
ORD-20261002-1080,02/10/2026 21:43,Amit,SAXENA,"BENGALURU, KARNATAKA",Electronics|Bluetooth Speaker|1799,1
ORD-20261002-0527,2026-10-02 10:33:34,,Modi,"delhi, delhi",Fashion|Running Shoes|2199,4
ORD-20261002-0890,2026-10-02 16:58:30,Sai,  Bose ,"Kolkata, West Bengal",Electronics|Wireless Earbuds|1299,5
ORD-20261002-4558,2026-10-02 19:37:11,Neel,AGARWAL,"Lucknow, Uttar Pradesh",Electronics|Bluetooth Speaker|1799,1
ORD-20261002-2269,02-10-2026 20:44,Varun,thakkar,N/A,Sports|Yoga Mat|699,2
ORD-20261002-2128,2026-10-02 19:54:58,Neel,Pandya,"Bengaluru, Karnataka",Home And Kitchen|Storage Box|299,1
ORD-20261002-1937,2026-10-02 15:11:37,  Kavya ,Parmar,"Mysuru, Karnataka",Sports|Cricket Bat|1599,4
ORD-20261002-1496,02/10/2026 08:07,Aditi,Bansal,"  Ahmedabad, Gujarat ",Home And Kitchen|Steel Water Bottle|399,1
ORD-20261002-1532,2026-10-02 17:04:17,  Aadhya ,Patel,"  Ahmedabad, Gujarat ",Electronics|Power Bank|899,2
ORD-20261002-2852,02/10/2026 13:32,navya,pandya,"Surat, Gujarat",Fashion|Sunglasses|999,1
ORD-20261002-1339,02-10-2026 08:16,myra,Vyas,"Bengaluru, Karnataka",Home And Kitchen|Storage Box|299,2
ORD-20261002-1281,02/10/2026 11:10,sai,Menon,"Delhi, Delhi",Electronics|Smart Watch|2499,2
ORD-20261002-2173,2026-10-02 20:36:26,Navya,Bansal,"Mumbai, Maharashtra",Home And Kitchen|Wall Clock|649,1
ORD-20261002-2894,02/10/2026 10:50,Nidhi,PATEL,"Bengaluru, Karnataka",Fashion|Denim Jeans|1199,1
ORD-20261002-0440,02/10/2026 07:49,Dhwani,Sharma,"BENGALURU, KARNATAKA",Sports|Yoga Mat|699,1.0
ORD-20261002-3874,02/10/2026 23:27,Varun,IYER,"chennai, tamil nadu",Electronics|Bluetooth Speaker|1799,1
ORD-20261002-4670,02-10-2026 17:42,Sara,Vyas,"Delhi, Delhi",Home And Kitchen|Bedsheet Set|1499,4
ORD-20261002-1432,02/10/2062 16:41,Vivaan,Joshi,"Jaipur, Rajasthan",Fashion|Sunglasses|999,6
ORD-20261002-3623,2026-10-02 21:34:20,  Amit ,Jain,"hyderabad, telangana",Home And Kitchen|Steel Water Bottle|399, 3 
ORD-20261002-1843,02/10/2026 17:13,Isha,mishra,"Lucknow, Uttar Pradesh",Fashion|Denim Jeans|1199,1
ORD-20261002-0673,02/10/2026 11:32,Nisha,Verma,"Surat, Gujarat",,2
ORD-20261002-1588,02/10/2026 12:10,Dev,Agarwal,"lucknow, uttar pradesh",Fashion|Denim Jeans|1199,2
ORD-20261002-1771,02/10/2026 09:12,,Das,"Kolkata, West Bengal",Beauty|Face Wash|249,1
ORD-20261002-1410,02/10/2026 14:15,  Simran ,Chopra,"Chennai, Tamil Nadu",Sports|Football|799,2
ORD-20261002-0877,2026-10-02 12:16:26,SWATI,  Trivedi ,"Delhi, Delhi",Beauty|Perfume|1299,1
ORD-20261002-4229,02/10/2026 14:39,aryan,  Pandya ,"MUMBAI, MAHARASHTRA",Electronics|Smart Watch|2499,3
ORD-20261002-3079,02/10/2026 20:19,Varun,Mukherjee,"SURAT, GUJARAT",Electronics|Power Bank|899,4
ORD-20261002-4629,2026-10-02 14:00:57,komal,Reddy,"Nagpur, Maharashtra",Fashion|Running Shoes|2199,5
ORD-20261002-0407,2026-10-02 21:39:28,ROSHNI,Modi,"Nagpur, Maharashtra",Home And Kitchen|Bedsheet Set|1499,2
ORD-20261002-1921,02/10/2026 13:33,Aanya,Dubey,"PUNE, MAHARASHTRA",Fashion|Leather Wallet|499,1
ORD-20261002-2359,02-10-2026 22:37,Ritu,kalavadia,"Hyderabad, Telangana",Home And Kitchen|Non Stick Pan|1099,3
ORD-20261002-1278,02/10/2026 13:31,  Priya ,SRIVASTAVA,"chennai, tamil nadu",Beauty|Sunscreen|449,2
ORD-20261002-4507,2026-10-02 14:35:25,Janvi,Chaudhary,"Kolkata, West Bengal",Sports|Cricket Bat|1599,2
ORD-20261002-2962,02/10/2026 21:13,saanvi,Sharma,"Mumbai, Maharashtra",Sports|Yoga Mat|699,1
ORD-20261002-1493,2026-10-02 09:26:53,TUSHAR,Yadav,"Pune, Maharashtra",Beauty|Sunscreen|449,2
ORD-20261002-0793,02/10/2026 12:49,aanya,Joshi,"Delhi, Delhi",Electronics|Smart Watch|2499,1
ORD-20261002-3750,2026-10-02 17:13:14,Roshni,Chaudhary,"Coimbatore, Tamil Nadu",Home And Kitchen|Storage Box|299,2
ORD-20261002-0152,02/10/2026 18:39,vivaan,Menon,"  Delhi, Delhi ",Fashion|Cotton Kurta|799,1.0
ORD-20261002-3153,2026-10-02 08:12:32,Swati,Singh,"coimbatore, tamil nadu",Electronics|Bluetooth Speaker|1799,1
ORD-20261002-1364,02/10/2026 09:59,Vikas,Bose,"Ahmedabad, Gujarat",Sports|Yoga Mat|699,1
ORD-20261002-0444,2026-10-02 12:46:00,,Vyas,"Bengaluru, Karnataka",Electronics|Smart Watch|2499,2
ORD-20261002-0400,2026-10-02 18:33:35,Harsh,Agarwal,"Mysuru, Karnataka",Sports|Football|799,2
ORD-20261002-1950,02/10/2026 13:23,Pooja,khanna,"coimbatore, tamil nadu",Beauty|Face Wash|249,1
ORD-20261002-3276,2026-10-02 10:20:58,BHAVNA,sharma,"Coimbatore, Tamil Nadu",Fashion|Running Shoes|2199,1
ORD-20261002-3604,02/10/2026 12:05,Gaurav,  Malhotra ,,Home And Kitchen|Steel Water Bottle|399,1
ORD-20261002-0666,2026-10-02 10:50:48,nikhil,Mukherjee,"Pune, Maharashtra",Home And Kitchen|Wall Clock|649,2
ORD-20261002-3191,02-10-2026 15:53,shreya,mishra,"delhi, delhi",Home And Kitchen|Steel Water Bottle|399,1
ORD-20261002-4420,02/10/2026 15:36,  Pranav ,Agarwal,"Delhi, Delhi",Electronics|Power Bank|899,1
ORD-20261002-3212,02/10/2026 18:45,Mihir,  Jain ,"Pune, Maharashtra",Home And Kitchen|Storage Box|299,2
ORD-20261002-0132,02/10/2026 21:56,Kunal,pandya,"Jaipur, Rajasthan",Home And Kitchen|Non Stick Pan|1099,2
ORD-20261002-4778,2026-10-02 20:57:50,null,Mukherjee,"MYSURU, KARNATAKA",Sports|Yoga Mat|699,
ORD-20261002-1900,2026-10-02 22:58:44,ritu,Mishra,"Delhi, Delhi",Electronics|Bluetooth Speaker|1799,6
ORD-20261002-3175,2026-10-02 22:40:51,HARSH,PAWAR,"hyderabad, telangana",Electronics|Wireless Earbuds|1299,1
ORD-20261002-4113,2026-10-02 19:50:51,Vivaan,Arora,"Nagpur, Maharashtra",Home And Kitchen|Wall Clock|649,6
ORD-20261002-4317,02/10/2026 13:02,Ananya,Tiwari,"Pune, Maharashtra",Home And Kitchen|Steel Water Bottle|399,2
ORD-20261002-0599,2026-10-02 14:18:53,  Tanvi ,Patil,"hyderabad, telangana",Home And Kitchen|Steel Water Bottle|399,1.0
ORD-20261002-1877,2026-10-02 17:05:21,SHAURYA,Mishra,"mumbai, maharashtra",Fashion|Cotton Kurta|799,3
ORD-20261002-2554,02/10/2026 15:07,Neha,JOSHI,"DELHI, DELHI",Electronics|Bluetooth Speaker|1799,1
ORD-20261002-0436,2026-10-02 14:02:50,ishaan,ARORA,"Lucknow, Uttar Pradesh",Beauty|Perfume|1299,4
ORD-20261002-4617,2026-10-02 14:46:24,  Megha ,Kalavadia,"  Mumbai, Maharashtra ",Home And Kitchen|Storage Box|299,2
ORD-20261002-3853,02/10/2026 07:32,anjali,Chopra,"  Delhi, Delhi ",Sports|Skipping Rope|199,2
ORD-20261002-2309,2026-10-02 13:30:55,nikhil,arora,"Mumbai, Maharashtra",Electronics|Laptop Stand|749,2
ORD-20261002-0144,02/10/2062 10:13,Reyansh,khanna,"mumbai, maharashtra",Home And Kitchen|Steel Water Bottle|399,
ORD-20261002-1701,2026-10-02 15:31:05,diya,Kapoor,"CHENNAI, TAMIL NADU",Sports|Yoga Mat|699, 1 
ORD-20261002-2845,02/10/2026 11:13,  Swati ,parmar,"Mumbai, Maharashtra",Electronics|Laptop Stand|749,1
ORD-20261002-3641,02/10/2026 15:25,Reyansh,Rathod,"Mysuru, Karnataka",Electronics|Laptop Stand|749,1
ORD-20261002-3220,02/10/2026 19:14,Rudra,Yadav,"Bengaluru, Karnataka",Home And Kitchen|Steel Water Bottle|399,1
ORD-20261002-0296,02/10/2026 19:34,Aryan,pandya,"Mumbai, Maharashtra",Home And Kitchen|Steel Water Bottle|399,1
ORD-20261002-1599,,Pranav,Chopra,"  Pune, Maharashtra ",Home And Kitchen|Bedsheet Set|1499,1
ORD-20261002-1434,02/10/2026 09:42,simran,Menon,"Delhi, Delhi",Home And Kitchen|Storage Box|299,5
ORD-20261002-2374,02/10/2026 23:49,aditya,Khanna,"hyderabad, telangana",Fashion|Leather Wallet|499,5
ORD-20261002-0344,02/10/2026 22:23,Isha,Mehta,"Mysuru, Karnataka",Sports|Cricket Bat|1599,1
ORD-20261002-0882,02/10/2026 11:14,Reyansh,Iyer,"Bengaluru, Karnataka",Sports|Yoga Mat|699,1
ORD-20261002-4148,2026-10-02 09:42:35,  Krupa ,Chaudhary,"  Surat, Gujarat ",Electronics|Wireless Earbuds|1299,1
ORD-20261002-2469,02/10/2026 22:02,payal,Malhotra,"Kolkata, West Bengal",Electronics|Smart Watch|2499, 1 
ORD-20261002-1566,2026-10-02 17:52:19,PRIYA,Shah,"delhi, delhi",Beauty|Lipstick|399,3
ORD-20261002-1274,2026-10-02 20:57:48,Vikas,Patil,"Mumbai, Maharashtra",Fashion|Cotton Kurta|799,2
ORD-20261002-2658,02/10/2026 15:58,Suresh,Dubey,"PUNE, MAHARASHTRA",Fashion|Leather Wallet|499,1
ORD-20261002-2115,02/10/2026 09:30,Myra,pillai,"coimbatore, tamil nadu",Electronics|Bluetooth Speaker|1799,1.0
ORD-20261002-4675,2026-10-02 17:45:52,Yash,Pawar,"Chennai, Tamil Nadu",Electronics|Wireless Earbuds|1299,2
ORD-20261002-2358,02/10/2026 21:25,Kabir,khanna,"  Delhi, Delhi ",Sports|Yoga Mat|699,5
ORD-20261002-0076,02/10/2026 17:53,Vikas,Chaudhary,"Kolkata, West Bengal",Beauty|Lipstick|399,1.0
ORD-20261002-3616,02/10/2026 22:05,khushi,Rathod,"  Mumbai, Maharashtra ",Electronics|Bluetooth Speaker|1799,2
ORD-20261002-4157,02-10-2026 11:38,Diya,Kalavadia,"Kolkata, West Bengal",Electronics|Power Bank|899,1
ORD-20261002-0609,2026-10-02 17:35:32,KARAN,MALHOTRA,"Pune, Maharashtra",Home And Kitchen|Steel Water Bottle|399,2
ORD-20261002-0041,02/10/2026 18:00,  Sara ,Pandya,"Coimbatore, Tamil Nadu",Fashion|Running Shoes|2199,1
ORD-20261002-1712,02/10/2026 21:39,varun,Gupta,"coimbatore, tamil nadu",Fashion|Denim Jeans|1199,1
ORD-20261002-2189,02/10/2026 20:09,Rahul,Rathod,"Bengaluru, Karnataka",Beauty|Sunscreen|449,1
ORD-20261002-2410,2026-10-02 11:42:47,Aryan,singh,"mumbai, maharashtra",Sports|Football|799,4
ORD-20261002-2871,2026-10-02 16:42:02,KHUSHI,Menon,"Delhi, Delhi",Home And Kitchen|Non Stick Pan|1099,1
ORD-20261002-4619,2026-10-02 08:03:31,priya,Pillai,"Mumbai, Maharashtra",Fashion|Running Shoes|2199,2
ORD-20261002-0090,02/10/2026 22:39,Parth,CHAUHAN,"jaipur, rajasthan",Home And Kitchen|Steel Water Bottle|399,1
ORD-20261002-1375,02/10/2026 17:44,Mansi,,"Kolkata, West Bengal",Fashion|Cotton Kurta|799,1
ORD-20261002-3735,02/10/2026 20:22,TANVI,Trivedi,"hyderabad, telangana",Fashion|Denim Jeans|1199,1
ORD-20261002-4505,02/10/2026 10:14,Amit,Pawar,"lucknow, uttar pradesh",Sports|Dumbbell Set|1899,3
ORD-20261002-2205,02-10-2026 19:51,Karan,Das,"Kolkata, West Bengal",Fashion|Denim Jeans|1199,1
ORD-20261002-1879,2026-10-02 21:59:27,Aditya,Tiwari,"Hyderabad, Telangana",Home And Kitchen|Wall Clock|649,1
ORD-20261002-3261,2026-10-02 13:03:25,sara,Malhotra,"Mumbai, Maharashtra",Home And Kitchen|Storage Box|299,1
ORD-20261002-0499,02-10-2026 10:06,  Karan ,das,"Kolkata, West Bengal",Electronics|Smart Watch|2499,1
ORD-20261002-1653,02/10/2026 19:06,Nidhi,  Rao ,"Mumbai, Maharashtra",Beauty|Sunscreen|449,1
ORD-20261002-4609,2026-10-02 13:14:34,manish,Parmar,"Chennai, Tamil Nadu",Electronics|Wireless Earbuds|1299,1
ORD-20261002-2182,02/10/2026 19:53,Hetal,Menon,"delhi, delhi",Beauty|Lipstick|399,
ORD-20261002-4757,2026-10-02 19:21:56,khushi,Pillai,"Ahmedabad, Gujarat",Sports|Dumbbell Set|1899,3
ORD-20261002-1397,02/10/2026 16:04,AADHYA,Pawar,"  Ahmedabad, Gujarat ",Home And Kitchen|Bedsheet Set|1499,1
ORD-20261002-2837,02/10/2026 18:39,Varun,rao,"Coimbatore, Tamil Nadu",Sports|Skipping Rope|199,1
ORD-20261002-1531,02-10-2026 14:50,Suresh,Iyer,"delhi, delhi",Sports|Yoga Mat|699,2
ORD-20261002-1951,02/10/2026 18:42,Vihaan,  Mishra ,"ahmedabad, gujarat",Electronics|Laptop Stand|749,5
ORD-20261002-2940,02/10/2026 22:22,Harsh,mishra,"mysuru, karnataka",Electronics|Smart Watch|2499,1.0
ORD-20261002-4781,02/10/2026 11:51,Kabir,Mukherjee,"  Hyderabad, Telangana ",Electronics|Bluetooth Speaker|1799,4
ORD-20261002-1702,02-10-2026 21:11,ADITYA,parmar,"Delhi, Delhi",Sports|Dumbbell Set|1899,3
ORD-20261002-0887,2026-10-02 12:10:41,Ananya,  Das ,"Delhi, Delhi",Fashion|Running Shoes|2199,1
ORD-20261002-1173,02/10/2026 12:03,  Divya ,  Chauhan ,"Vadodara, Gujarat",Sports|Football|799,2
ORD-20261002-3067,02/10/2026 21:09,Shaurya,  Ghosh ,"HYDERABAD, TELANGANA",Beauty|Perfume|1299,2
ORD-20261002-4714,2026-10-02 22:55:37,Saanvi,arora,"mumbai, maharashtra",Home And Kitchen|Bedsheet Set|1499,1
ORD-20261002-1932,02/10/2026 13:02,AMIT,bose,"Lucknow, Uttar Pradesh",Electronics|Laptop Stand|749,6
ORD-20261002-1533,2026-10-02 23:43:57,Nisha,Khanna,"Delhi, Delhi",Home And Kitchen|Non Stick Pan|1099,2
ORD-20261002-3909,02/10/2026 05:07,Bhavna,Chaudhary,"Hyderabad, Telangana",Fashion|Sunglasses|999,2
ORD-20261002-1387,02/10/2026 14:34,  Swati ,sharma,"Nagpur, Maharashtra",Fashion|Running Shoes|2199,2
ORD-20261002-3460,2026-10-02 11:10:22,Rajesh,Sinha,"ahmedabad, gujarat",Electronics|Smart Watch|2499,1
ORD-20261002-2290,02/10/2026 18:30,PAYAL,Ghosh,"Bengaluru, Karnataka",Fashion|Running Shoes|2199,1
ORD-20261002-4080,02/10/2026 22:32,Payal,KULKARNI,"Kolkata, West Bengal",Home And Kitchen|Bedsheet Set|1499,2
ORD-20261002-0059,02/10/2026 10:31,Shreya,modi,"  Ahmedabad, Gujarat ",Home And Kitchen|Bedsheet Set|1499,2
ORD-20261002-0070,02/10/2026 11:11,Nisha,Vyas,"hyderabad, telangana",Beauty|Hair Serum|549,1
ORD-20261002-3386,2026-10-02 03:09:54,janvi,Rao,"  Lucknow, Uttar Pradesh ",Sports|Football|799,1
ORD-20261002-4350,02/10/2026 22:04,varun,Nair,"SURAT, GUJARAT",Fashion|Denim Jeans|1199,1
ORD-20261002-0185,2026-10-02 18:46:42,Palak,Dubey,"Mumbai, Maharashtra",Home And Kitchen|Bedsheet Set|1499,1.0
ORD-20261002-0714,02/10/2026 14:21,Mansi,PARMAR,"Hyderabad, Telangana",Electronics|Bluetooth Speaker|1799,2
ORD-20261002-0509,02/10/2026 20:43,  Aanya ,Trivedi,"Delhi, Delhi",Electronics|Smart Watch|2499,3
ORD-20261002-1078,02/10/2026 11:07,Deepak,bose,N/A,Electronics|Power Bank|899,1
ORD-20261002-3229,2026-10-02 20:33:21,RITU,Shah,"Vadodara, Gujarat",,5
ORD-20261002-1888,02/10/2026 19:55,Saanvi,Bhatt,"Mumbai, Maharashtra",Home And Kitchen|Storage Box|299,1
ORD-20261002-4332,02/10/2025 14:35,,Mishra,"Hyderabad, Telangana",Fashion|Denim Jeans|1199,2
ORD-20261002-3321,02-10-2026 17:13,Rajesh,Das,"  Mysuru, Karnataka ",Sports|Cricket Bat|1599,1
ORD-20261002-3835,02/10/2026 14:06,Kavya,Dubey,"ahmedabad, gujarat",Sports|Cricket Bat|1599,4
ORD-20261002-1695,02-10-2026 16:15,Nisha,Modi,"ahmedabad, gujarat",Electronics|Power Bank|899,1
ORD-20261002-3691,02/10/2026 21:45,SHAURYA,  Pawar ,"CHENNAI, TAMIL NADU",Home And Kitchen|Storage Box|299,2
ORD-20261002-3890,02-10-2026 10:56,Janvi,Saxena,"Vadodara, Gujarat",Fashion|Denim Jeans|1199,1.0
ORD-20261002-0914,02-10-2026 11:38,deepak,Singh,"Delhi, Delhi",Home And Kitchen|Storage Box|299,1
ORD-20261002-3399,2026-10-02 23:41:19,dhruv,Sharma,"Mumbai, Maharashtra",Sports|Football|799,3
ORD-20261002-3233,02/10/2026 20:55,Rajesh,Reddy,"hyderabad, telangana",Fashion|Sunglasses|999,1
ORD-20261002-4818,2026-10-02 19:10:42,TANVI,Mehta,"Mysuru, Karnataka",Home And Kitchen|Wall Clock|649,1
ORD-20261002-4218,2026-10-02 10:11:14,krupa,Parmar,"pune, maharashtra",Fashion|Sunglasses|999,2
ORD-20261002-2869,2026-10-02 14:53:46,Mansi,kapoor,"DELHI, DELHI",Fashion|Sunglasses|999,2
ORD-20261002-2450,2026-10-02 13:32:43,Anika,chauhan,"Hyderabad, Telangana",Home And Kitchen|Storage Box|299,1
ORD-20261002-0938,2026-10-02 18:02:58,Ayaan,TIWARI,"Chennai, Tamil Nadu",Home And Kitchen|Steel Water Bottle|399,2
ORD-20261002-0772,02/10/2026 12:57,Sara,Desai,"Nagpur, Maharashtra",Electronics|Wireless Earbuds|1299,3
ORD-20261002-3428,02/10/2026 16:19,Palak,Tiwari,"  Lucknow, Uttar Pradesh ",Sports|Yoga Mat|699,1
ORD-20261002-0552,02/10/2026 21:30,  Karan ,Kalavadia,"Surat, Gujarat",Beauty|Lipstick|399,2
ORD-20261002-0998,02/10/2026 21:46,Pranav,Chauhan,"pune, maharashtra",Beauty|Perfume|1299,1
ORD-20261002-0383,02-10-2026 02:33,  Kunal ,ghosh,"  Mysuru, Karnataka ",Beauty|Face Wash|249,1.0
ORD-20261002-3968,,Anjali,  Patil ,"Mumbai, Maharashtra",Electronics|Smart Watch|2499,3
ORD-20261002-3023,2026-10-02 08:04:05,manish,Shah,"Bengaluru, Karnataka",Electronics|Smart Watch|2499,2
ORD-20261002-2534,02/10/2026 19:23,Isha,Gupta,"Lucknow, Uttar Pradesh",Beauty|Lipstick|399,1
ORD-20261002-0102,2026-10-02 19:10:39,  Neel ,Trivedi,"CHENNAI, TAMIL NADU",Sports|Dumbbell Set|1899,3
ORD-20261002-1675,02/10/2026 10:35,advik,Patel,"  Chennai, Tamil Nadu ",Fashion|Sunglasses|999,1
ORD-20261002-2303,02/10/2026 18:28,DIVYA,Bose,"  Ahmedabad, Gujarat ",Home And Kitchen|Non Stick Pan|1099,4
ORD-20261002-4085,2026-10-02 03:19:56,mansi,  Mishra ,"Lucknow, Uttar Pradesh",Fashion|Denim Jeans|1199,1
ORD-20261002-0485,2026-10-02 15:06:25,Kriti,Joshi,"MUMBAI, MAHARASHTRA",Home And Kitchen|Bedsheet Set|1499,3.0
ORD-20261002-2383,2026-10-02 14:04:38,  Diya ,Iyer,"Surat, Gujarat",Home And Kitchen|Storage Box|299, 2 
ORD-20261002-4112,02-10-2026 22:13,Karan,Saxena,"  Pune, Maharashtra ",Home And Kitchen|Wall Clock|649,1
ORD-20261002-0520,2026-10-02 03:08:15,Swati,Menon,"COIMBATORE, TAMIL NADU",,4
ORD-20261002-3990,02/10/2026 21:35,Kunal,Pawar,"MUMBAI, MAHARASHTRA",Fashion|Leather Wallet|499,
ORD-20261002-4020,02-10-2026 14:41,neel,Pandya,,Electronics|Power Bank|899,5
ORD-20261002-0542,2026-10-02 14:01:54,  Komal ,kulkarni,"Kolkata, West Bengal",Electronics|Bluetooth Speaker|1799, 6 
ORD-20261002-1060,2026-10-02 20:00:52,Megha,parmar,"Delhi, Delhi",Beauty|Lipstick|399,1
ORD-20261002-1277,02/10/2026 08:47,,gupta,"Bengaluru, Karnataka",Electronics|Wireless Earbuds|1299,1
ORD-20261002-0182,02/10/2026 14:36,Kavya,CHAUDHARY,"Surat, Gujarat",Home And Kitchen|Non Stick Pan|1099,1.0
ORD-20261002-2716,02-10-2026 08:37,Rudra,Yadav,"Bengaluru, Karnataka",Sports|Cricket Bat|1599,2
ORD-20261002-4529,02-10-2026 19:24,Jay,Tiwari,"pune, maharashtra",Electronics|Bluetooth Speaker|1799,4
ORD-20261002-3029,N/A,Rajesh,Bose,"Surat, Gujarat",Sports|Dumbbell Set|1899,1
ORD-20261002-0324,2026-10-02 23:54:10,kriti,Pillai,"coimbatore, tamil nadu",Sports|Dumbbell Set|1899,3
ORD-20261002-1850,2026-10-02 09:16:53,Aditi,CHAUDHARY,"Bengaluru, Karnataka",Fashion|Sunglasses|999,5
ORD-20261002-3467,2026-10-02 10:13:26,Khushi,DAS,"chennai, tamil nadu",Electronics|Bluetooth Speaker|1799,1
ORD-20261002-1908,2026-10-02 15:28:41,hetal,Rathod,"surat, gujarat",Fashion|Denim Jeans|1199,5
ORD-20261002-4671,02/10/2026 07:16,Myra,solanki,"Ahmedabad, Gujarat",,2
ORD-20261002-4235,2026-10-02 10:45:15,Deepak,Rathod,"Hyderabad, Telangana",Electronics|Smart Watch|2499,1
ORD-20261002-4236,02/10/2026 13:16,myra,,"Delhi, Delhi",Beauty|Face Wash|249,1
ORD-20261002-3237,2026-10-02 15:13:10,pranav,THAKKAR,"Mumbai, Maharashtra",Beauty|Hair Serum|549,3
ORD-20261002-0271,02/10/2026 19:22,Ritu,  Srivastava ,"  Pune, Maharashtra ",Home And Kitchen|Steel Water Bottle|399,0
ORD-20261002-2556,02/10/2026 16:45,komal,Saxena,"Kolkata, West Bengal",Home And Kitchen|Storage Box|299,1.0
ORD-20261002-4115,02/10/2026 18:23,tushar,Parmar,"CHENNAI, TAMIL NADU",Electronics|Power Bank|899,1
ORD-20261002-3039,02/10/2026 11:01,PARTH,Pawar,"BENGALURU, KARNATAKA",Home And Kitchen|Wall Clock|649,3
ORD-20261002-2080,02/10/2026 21:45,Aditya,AGARWAL,"SURAT, GUJARAT",Electronics|Laptop Stand|749,1.0
ORD-20261002-4693,2026-10-02 22:04:13,Divya,Mehta,"delhi, delhi",Electronics|Power Bank|899,1
ORD-20261002-0526,02/10/2026 16:26,Roshni,kalavadia,"NAGPUR, MAHARASHTRA",Fashion|Leather Wallet|499,1
ORD-20261002-3753,02/10/2026 22:23,Aarav,Trivedi,"bengaluru, karnataka",Home And Kitchen|Wall Clock|649,1
ORD-20261002-1997,2026-10-02 16:42:18,khushi,  Bose ,"Jaipur, Rajasthan",Home And Kitchen|Steel Water Bottle|399,1
ORD-20261002-0756,2026-10-02 20:25:18,sai,Trivedi,"Lucknow, Uttar Pradesh",Fashion|Denim Jeans|1199,2
ORD-20261002-2860,02/10/2026 11:56,manish,Sinha,"Mumbai, Maharashtra",Beauty|Sunscreen|449,1
ORD-20261002-0126,2026-10-02 10:55:41,Arjun,Mehta,"Lucknow, Uttar Pradesh",Fashion|Denim Jeans|1199,2
ORD-20261002-4069,02/10/2026 03:53,  Dhruv ,sharma,"MUMBAI, MAHARASHTRA",Beauty|Hair Serum|549,
ORD-20261002-2763,02/10/2026 20:14,Karan,Sinha,"hyderabad, telangana",Home And Kitchen|Bedsheet Set|1499,1
ORD-20261002-2644,2026-10-02 11:07:29,Isha,Kumar,"surat, gujarat",Electronics|Smart Watch|2499,3
ORD-20261002-3558,02/10/2026 12:25,Ishaan,menon,"Bengaluru, Karnataka",Electronics|Bluetooth Speaker|1799,2
ORD-20261002-0671,02/10/2026 20:01,Tanvi,Bose,"vadodara, gujarat",Sports|Cricket Bat|1599,3
ORD-20261002-1234,2026-10-02 11:58:47,Nikhil,  Yadav ,"  Vadodara, Gujarat ",Electronics|Bluetooth Speaker|1799,3
ORD-20261002-0306,02-10-2026 12:10,om,bansal,"ahmedabad, gujarat",Sports|Cricket Bat|1599,1
ORD-20261002-1208,02/10/2026 14:45,Roshni,Iyer,"Bengaluru, Karnataka",Fashion|Sunglasses|999,1
ORD-20261002-1227,02/10/2026 13:06,,GUPTA,"Chennai, Tamil Nadu",Sports|Football|799,3
ORD-20261002-0204,02/10/2026 21:55,ayaan,MEHTA,"Ahmedabad, Gujarat",Fashion|Denim Jeans|1199,1
ORD-20261002-3627,2026-10-02 21:58:39,Saanvi,Trivedi,"Surat, Gujarat",Electronics|Bluetooth Speaker|1799,5
ORD-20261002-2652,02/10/2026 13:26,Palak,DUBEY,"ahmedabad, gujarat",Fashion|Denim Jeans|1199,4
ORD-20261002-2039,02/10/2026 18:12,varun,Patil,"Lucknow, Uttar Pradesh",Beauty|Perfume|1299,1
ORD-20261002-1273,02/10/2026 19:32,,Kapoor,"Chennai, Tamil Nadu",Sports|Dumbbell Set|1899,1.0
ORD-20261002-3797,02/10/2026 19:12,MANISH,Iyer,"  Mumbai, Maharashtra ",Beauty|Perfume|1299,1
ORD-20261002-1162,02/10/2026 22:19,dhruv,Iyer,"mysuru, karnataka",Beauty|Sunscreen|449,2
ORD-20261002-2391,02/10/2026 20:38,Aditya,Mishra,"Pune, Maharashtra",Electronics|Laptop Stand|749,2
ORD-20261002-2311,2026-10-02 12:15:48,  Neha ,Trivedi,"MUMBAI, MAHARASHTRA",Fashion|Denim Jeans|1199,3
ORD-20261002-4549,02-10-2026 16:54,Neha,Bansal,,Fashion|Leather Wallet|499,1
ORD-20261002-0229,02-10-2026 19:17,Diya,CHAUHAN,"Vadodara, Gujarat",Fashion|Leather Wallet|499,6
ORD-20261002-2388,02/10/2026 19:27,Nisha,Mukherjee,"Bengaluru, Karnataka",Electronics|Power Bank|899,1
ORD-20261002-4306,02/10/2026 14:12,Riya,GHOSH,"Delhi, Delhi",Beauty|Perfume|1299,1
ORD-20261002-2629,2026-10-02 13:31:42,Riya,solanki,"Delhi, Delhi",Electronics|Smart Watch|2499,2
ORD-20261002-3345,02/10/2026 14:15,shreya,Sharma,"  Hyderabad, Telangana ",Electronics|Wireless Earbuds|1299,1
ORD-20261002-3651,2026-10-02 21:23:23,Ritu,pillai,"Chennai, Tamil Nadu",Home And Kitchen|Wall Clock|649,1
ORD-20261002-0947,2026-10-02 22:43:11,rajesh,PANDYA,"Surat, Gujarat",Electronics|Smart Watch|2499,1
ORD-20261002-0350,02/10/2026 13:27,jay,Trivedi,"Mysuru, Karnataka",Sports|Cricket Bat|1599,2.0
ORD-20261002-4623,2026-10-02 22:19:31,Swati,  Chauhan ,"JAIPUR, RAJASTHAN",Sports|Cricket Bat|1599,2
ORD-20261002-1225,02/10/2026 20:31,Priya,Das,"Delhi, Delhi",Beauty|Perfume|1299,2
ORD-20261002-1582,02/10/2026 13:17,Anika,Shah,"Pune, Maharashtra",Electronics|Bluetooth Speaker|1799,1
ORD-20261002-4158,02-10-2026 17:15,kavya,  Modi ,"vadodara, gujarat",Fashion|Running Shoes|2199,2
ORD-20261002-1095,2026-10-02 22:46:44,Krishna,PANDYA,"Surat, Gujarat",Home And Kitchen|Bedsheet Set|1499,1
ORD-20261002-2285,02/10/2026 15:03,Ishaan,Bansal,"jaipur, rajasthan",Electronics|Bluetooth Speaker|1799,1
ORD-20261002-4743,02/10/2026 11:56,  Palak ,Das,"  Pune, Maharashtra ",Sports|Football|799, 2 
ORD-20261002-0992,02/10/2026 16:56,Amit,PANDYA,"Delhi, Delhi",Home And Kitchen|Storage Box|299,4
ORD-20261002-0766,02/10/2026 19:08,yash,  Arora ,"Delhi, Delhi",Electronics|Wireless Earbuds|1299, 1 
ORD-20261002-0434,02/10/2026 09:07,janvi,Jain,"Surat, Gujarat",Beauty|Lipstick|399,1
ORD-20261002-1713,2026-10-02 18:24:46,vikas,arora,"Surat, Gujarat",Fashion|Running Shoes|2199,1
ORD-20261002-2737,02/10/2026 12:03,Myra,Bansal,"Chennai, Tamil Nadu",Electronics|Laptop Stand|749,2
ORD-20261002-1638,02-10-2026 17:21,Mihir,parmar,"Kolkata, West Bengal",Electronics|Wireless Earbuds|1299,2
ORD-20261002-3037,02-10-2026 20:19,Rajesh,Solanki,"Ahmedabad, Gujarat",Sports|Dumbbell Set|1899,3
ORD-20261002-0377,2026-10-02 15:18:52,swati,Pawar,"Ahmedabad, Gujarat",Fashion|Cotton Kurta|799,1
ORD-20261002-0719,02/10/2026 11:15,advik,trivedi,"  Hyderabad, Telangana ",Beauty|Sunscreen|449,1
ORD-20261002-0704,02/10/2026 12:16,Swati,Modi,,Fashion|Denim Jeans|1199,6
ORD-20261002-2662,02/10/2026 20:11,Vivaan,Bhatt,"Bengaluru, Karnataka",Beauty|Perfume|1299,2
ORD-20261002-0741,02/10/2026 10:23,Kabir,Saxena,"delhi, delhi",Fashion|Sunglasses|999,5
ORD-20261002-4495,02/10/2026 09:58,jay,PARMAR,"Chennai, Tamil Nadu",Home And Kitchen|Wall Clock|649,2
ORD-20261002-4336,02/10/2026 22:05,,Solanki,"delhi, delhi",Home And Kitchen|Wall Clock|649,2
ORD-20261002-2227,02/10/2026 14:16,  Nidhi ,,"Delhi, Delhi",Fashion|Running Shoes|2199,1
ORD-20261002-3787,02-10-2026 10:45,Vikas,  Solanki ,"BENGALURU, KARNATAKA",Beauty|Hair Serum|549, 2 
ORD-20261002-2820,02/10/2026 09:30,Pranav,Rao,"Hyderabad, Telangana",Home And Kitchen|Bedsheet Set|1499,2
ORD-20261002-0338,02/10/2026 08:07,Aryan,Mukherjee,"Mumbai, Maharashtra",Fashion|Cotton Kurta|799,1
ORD-20261002-1958,2026-10-02 07:58:29,Ananya,Kapoor,,Sports|Football|799,1
ORD-20261002-3160,2026-10-02 15:25:19,Nikhil,Verma,"Bengaluru, Karnataka",Electronics|Smart Watch|2499,6
ORD-20261002-3021,2026-10-02 09:05:01,jay,rao,"mumbai, maharashtra",Home And Kitchen|Bedsheet Set|1499, 3 
ORD-20261002-4266,02/10/2026 22:00,Kavya,bansal,"Kolkata, West Bengal",Beauty|Hair Serum|549,2
ORD-20261002-4068,2026-10-02 05:15:13,Parth,Sinha,"Surat, Gujarat",Electronics|Bluetooth Speaker|1799,1
ORD-20261002-2507,02/10/2026 22:15,DIVYA,Sinha,"Chennai, Tamil Nadu",Electronics|Laptop Stand|749,2
ORD-20261002-4130,02/10/2026 18:24,komal,trivedi,"Mumbai, Maharashtra",Electronics|Smart Watch|2499,4
ORD-20261002-3298,2026-10-02 19:50:35,,Chaudhary,"HYDERABAD, TELANGANA",Sports|Football|799,2
ORD-20261002-1255,02-10-2026 18:36,kriti,Sinha,"Pune, Maharashtra",Home And Kitchen|Non Stick Pan|1099,3
ORD-20261002-1047,02/10/2026 02:41,Parth,Dubey,"Jaipur, Rajasthan",Fashion|Sunglasses|999,4
ORD-20261002-0228,02/10/2026 18:44,Myra,Dubey,"Mumbai, Maharashtra",Sports|Yoga Mat|699,1
ORD-20261002-3561,02/10/2026 22:24,Janvi,Joshi,"Jaipur, Rajasthan",Sports|Dumbbell Set|1899,2
ORD-20261002-0870,02/10/2026 19:40,Jay,CHOPRA,"Mumbai, Maharashtra",Home And Kitchen|Steel Water Bottle|399,1
ORD-20261002-0027,02-10-2026 14:16,nisha,IYER,"Delhi, Delhi",Beauty|Lipstick|399,2.0
ORD-20261002-1962,02/10/2026 07:11,isha,Parmar,"Lucknow, Uttar Pradesh",Home And Kitchen|Steel Water Bottle|399,1
ORD-20261002-0742,02-10-2026 19:29,Karan,Malhotra,"pune, maharashtra",Fashion|Cotton Kurta|799,-1
ORD-20261002-2758,2026-10-02 07:14:15,Anika,SINHA,"Nagpur, Maharashtra",Beauty|Lipstick|399,3
ORD-20261002-3572,02/10/2026 14:18,Roshni,kulkarni,"Delhi, Delhi",Electronics|Laptop Stand|749,4
ORD-20261002-1140,02/10/2026 22:02,Parth,Nair,"PUNE, MAHARASHTRA",Fashion|Denim Jeans|1199,1
ORD-20261002-4070,02/10/2026 23:53,Megha,Patel,"hyderabad, telangana",Electronics|Smart Watch|2499,3
ORD-20261002-1793,2026-10-02 13:00:40,aanya,Rao,"  Chennai, Tamil Nadu ",Home And Kitchen|Storage Box|299,1
ORD-20261002-2029,02/10/2026 14:59,Dhwani,Yadav,"Surat, Gujarat",Beauty|Sunscreen|449,1
ORD-20261002-1314,02/10/2026 10:21,Pari,Kumar,"Pune, Maharashtra",Home And Kitchen|Non Stick Pan|1099,2
ORD-20261002-4590,2026-10-02 22:33:55,Mihir,Nair,"Bengaluru, Karnataka",Home And Kitchen|Steel Water Bottle|399,1
ORD-20261002-3650,02/10/2026 15:06,  Krupa ,Gupta,"Lucknow, Uttar Pradesh",Electronics|Bluetooth Speaker|1799,1
ORD-20261002-3193,02/10/2026 17:53,Ananya,Chaudhary,"Lucknow, Uttar Pradesh",Home And Kitchen|Storage Box|299,3
ORD-20261002-1979,2026-10-02 18:24:06,  Suresh ,desai,"Hyderabad, Telangana",Home And Kitchen|Storage Box|299,2
,02/10/2026 21:31,Dev,Reddy,"Coimbatore, Tamil Nadu",Fashion|Cotton Kurta|799,1
ORD-20261002-2151,02/10/2026 05:53,Shreya,Gupta,"DELHI, DELHI",Beauty|Face Wash|249,4
ORD-20261002-1787,02/10/2026 19:16,Dhwani,Khanna,"mumbai, maharashtra",Sports|Cricket Bat|1599,2
ORD-20261002-2026,2026-10-02 17:02:11,ANANYA,  Chaudhary ,"lucknow, uttar pradesh",Home And Kitchen|Storage Box|299,2
ORD-20261002-2711,2026-10-02 21:50:07,GAURAV,Kumar,"mumbai, maharashtra",Sports|Skipping Rope|199,1
ORD-20261002-2935,02/10/2026 23:09,pranav,Sharma,"Ahmedabad, Gujarat",Sports|Dumbbell Set|1899,3
ORD-20261002-3781,02-10-2026 16:07,  Ritu ,Gupta,"Hyderabad, Telangana",Home And Kitchen|Wall Clock|649,3
ORD-20261002-3282,02/10/2026 17:21,  Navya ,Saxena,"AHMEDABAD, GUJARAT",Home And Kitchen|Bedsheet Set|1499,1
ORD-20261002-0145,02-10-2026 09:37,priya,Ghosh,"delhi, delhi",Home And Kitchen|Steel Water Bottle|399,2
ORD-20261002-3272,02/10/2026 03:57,Rahul,VYAS,"Mumbai, Maharashtra",Home And Kitchen|Wall Clock|649, 1 
ORD-20261002-3816,02/10/2026 19:32,  Jay ,Tiwari,"  Pune, Maharashtra ",Beauty|Face Wash|249,3
ORD-20261002-3515,02/10/2026 17:12,Reyansh,desai,"Surat, Gujarat",Electronics|Bluetooth Speaker|1799,2
ORD-20261002-3339,02/10/2026 21:18,MANSI,  Iyer ,"chennai, tamil nadu",Sports|Skipping Rope|199,1
ORD-20261002-1250,02-10-2026 19:23,  Saanvi ,Kumar,"  Hyderabad, Telangana ",Electronics|Wireless Earbuds|1299,1
ORD-20261002-2766,2026-10-02 18:25:55,Varun,thakkar,"mysuru, karnataka",Beauty|Perfume|1299,4
ORD-20261002-4494,02-10-2026 20:27,Reyansh,Bhatt,"Chennai, Tamil Nadu",,2
ORD-20261002-2719,02/10/2026 21:11,Pari,Arora,"Mumbai, Maharashtra",Electronics|Bluetooth Speaker|1799,1
ORD-20261002-4089,02/10/2026 12:45,swati,Kulkarni,"  Delhi, Delhi ",Electronics|Wireless Earbuds|1299,
ORD-20261002-0401,2026-10-02 21:34:12,Pranav,Agarwal,,Home And Kitchen|Wall Clock|649, 1 
ORD-20261002-1452,2026-10-02 13:55:59,  Vihaan ,Chopra,"COIMBATORE, TAMIL NADU",Electronics|Smart Watch|2499,3
ORD-20261002-1831,2026-10-02 20:57:07,Swati,Solanki,"pune, maharashtra",Home And Kitchen|Wall Clock|649,3
ORD-20261002-1678,02/10/2026 13:34,Neel,parmar,"  Bengaluru, Karnataka ",Home And Kitchen|Steel Water Bottle|399,1
ORD-20261002-2002,02/10/2026 08:24,VARUN,Bose,"Delhi, Delhi",Sports|Dumbbell Set|1899,5
ORD-20261002-3213,2026-10-02 13:53:16,harsh,Modi,"BENGALURU, KARNATAKA",Beauty|Face Wash|249,1
ORD-20261002-0939,2026-10-02 18:13:37,Rajesh,Saxena,"AHMEDABAD, GUJARAT",Fashion|Running Shoes|2199,2
ORD-20261002-3549,02/10/2026 11:53,ishaan,Dubey,"kolkata, west bengal",Beauty|Hair Serum|549,1
ORD-20261002-0381,02/10/2026 13:43,Dev,THAKKAR,"Ahmedabad, Gujarat",Home And Kitchen|Bedsheet Set|1499,2
ORD-20261002-4463,2026-10-02 16:50:37,Sai,Singh,"surat, gujarat",Beauty|Hair Serum|549,
ORD-20261002-3716,02/10/2026 14:11,Om,Parmar,"chennai, tamil nadu",Beauty|Perfume|1299,
ORD-20261002-2222,31/02/2026 13:03,Vikas,Dubey,"Pune, Maharashtra",Sports|Dumbbell Set|1899,2
ORD-20261002-2108,2026-10-02 13:58:52,NAVYA,bhatt,"  Delhi, Delhi ",Home And Kitchen|Bedsheet Set|1499,2
ORD-20261002-3017,02/10/2026 20:26,om,Tiwari,"mumbai, maharashtra",Electronics|Power Bank|899,1
ORD-20261002-0519,2026-10-02 19:53:37,RAHUL,DUBEY,"delhi, delhi",Home And Kitchen|Non Stick Pan|1099,1
ORD-20261002-4565,02-10-2026 09:57,Priya,Modi,"Surat, Gujarat",Beauty|Hair Serum|549,3
ORD-20261002-0655,2026-10-02 13:01:13,SURESH,Singh,"  Hyderabad, Telangana ",Sports|Cricket Bat|1599,1
ORD-20261002-1471,02/10/2026 18:43,Isha,jain,"Mumbai, Maharashtra",Sports|Cricket Bat|1599,2
ORD-20261002-3384,02/10/2026 22:51,SWATI,thakkar,"  Hyderabad, Telangana ",Electronics|Power Bank|899,4
ORD-20261002-2754,2026-10-02 09:40:58,Komal,dubey,"bengaluru, karnataka",Beauty|Hair Serum|549,2
ORD-20261002-3201,2026-10-02 21:54:00,Reyansh,Desai,"Chennai, Tamil Nadu",Electronics|Power Bank|899,1
ORD-20261002-4492,2026-10-02 06:41:28,Varun,Vyas,"Delhi, Delhi",Electronics|Wireless Earbuds|1299,2
ORD-20261002-0155,2026-10-02 14:17:37,MANSI,Ghosh,"mumbai, maharashtra",Home And Kitchen|Non Stick Pan|1099,1
ORD-20261002-3490,02/10/2026 11:13,REYANSH,chaudhary,"Mumbai, Maharashtra",Fashion|Running Shoes|2199,1
ORD-20261002-0862,2026-10-02 20:56:28,AMIT,Modi,"  Delhi, Delhi ",,1
ORD-20261002-3812,2026-10-02 22:28:30,KRISHNA,Nair,"hyderabad, telangana",Sports|Dumbbell Set|1899,1
ORD-20261002-1686,2026-10-02 21:34:18,  Gaurav ,Iyer,"Mumbai, Maharashtra",Sports|Yoga Mat|699,4
ORD-20261002-2785,02-10-2026 16:34,nisha,Singh,"Kolkata, West Bengal",Home And Kitchen|Non Stick Pan|1099,5
ORD-20261002-3251,2026-10-02 21:53:01,Aditya,Khanna,"Ahmedabad, Gujarat",Home And Kitchen|Wall Clock|649,1
ORD-20261002-3510,2026-10-02 12:28:56,null,Pillai,"Ahmedabad, Gujarat",Electronics|Wireless Earbuds|1299,1
ORD-20261002-4460,02-10-2026 11:01,Tushar,kulkarni,"Jaipur, Rajasthan",Sports|Dumbbell Set|1899,1
ORD-20261002-0318,2026-10-02 21:19:30,  Shreya ,Menon,"MUMBAI, MAHARASHTRA",Beauty|Sunscreen|449,2
ORD-20261002-1132,02/10/2026 10:00,  Kabir ,Kulkarni,"Ahmedabad, Gujarat",Sports|Dumbbell Set|1899,1
ORD-20261002-0903,2026-10-02 20:23:56,  Diya ,Mehta,"kolkata, west bengal",Beauty|Face Wash|249,1
ORD-20261002-1651,2026-10-02 11:28:32,Advik,  Pandya ,"Mumbai, Maharashtra",Home And Kitchen|Wall Clock|649,1
ORD-20261002-2364,2026-10-02 13:54:20,hetal,Rao,"Bengaluru, Karnataka",Home And Kitchen|Bedsheet Set|1499,2
ORD-20261002-2337,02-10-2026 15:48,navya,Thakkar,"Delhi, Delhi",Home And Kitchen|Storage Box|299,2
ORD-20261002-2226,02/10/2026 16:29,  Megha ,Singh,"Kolkata, West Bengal",Fashion|Denim Jeans|1199,1
ORD-20261002-2142,02-10-2026 11:01,ADVIK,Chauhan,"Kolkata, West Bengal",Home And Kitchen|Bedsheet Set|1499,3
ORD-20261002-2794,2026-10-02 23:57:48,Harsh,Bose,"Ahmedabad, Gujarat",Beauty|Sunscreen|449,1
ORD-20261002-2415,02/10/2026 12:08,Amit,patil,"mumbai, maharashtra",Sports|Skipping Rope|199,1
ORD-20261002-0308,02/10/2026 09:36,varun,  Yadav ,"Surat, Gujarat",Electronics|Wireless Earbuds|1299,1
ORD-20261002-0510,2026-10-02 11:09:09,,Kulkarni,"  Ahmedabad, Gujarat ",Fashion|Running Shoes|2199,1
ORD-20261002-3658,02/10/2026 21:14,PARI,Bhatt,"  Chennai, Tamil Nadu ",Electronics|Bluetooth Speaker|1799,1
ORD-20261002-3108,02-10-2026 20:00,Anika,Kumar,"MUMBAI, MAHARASHTRA",Sports|Football|799,3
ORD-20261002-1551,02-10-2026 15:48,Jay,das,"surat, gujarat",Electronics|Power Bank|899, 3 
ORD-20261002-1023,2026-10-02 22:27:54,Dhruv,Chopra,"Chennai, Tamil Nadu",Sports|Cricket Bat|1599,2
ORD-20261002-3591,02/10/2026 21:35,  Janvi ,Patel,"Jaipur, Rajasthan",Home And Kitchen|Steel Water Bottle|399,1.0
ORD-20261002-0610,2026-10-02 22:23:58,Reyansh,Sharma,"Mumbai, Maharashtra",Home And Kitchen|Wall Clock|649,3
ORD-20261002-3131,02/10/2026 17:56,  Priya ,Bhatt,"  Hyderabad, Telangana ",Home And Kitchen|Storage Box|299,5
ORD-20261002-0672,2026-10-02 21:02:24,Simran,JAIN,"Mumbai, Maharashtra",Electronics|Bluetooth Speaker|1799,4
ORD-20261002-1134,02/10/2026 15:43,aadhya,kulkarni,"Mumbai, Maharashtra",Sports|Skipping Rope|199,1
ORD-20261002-4259,2026-10-02 09:51:50,Riya,Chopra,"Mumbai, Maharashtra",Sports|Skipping Rope|199,2
ORD-20261002-2397,02/10/2026 07:28,,Kumar,"Nagpur, Maharashtra",Sports|Cricket Bat|1599,4
ORD-20261002-1164,02/10/2026 12:23,Advik,Jain,"mysuru, karnataka",Fashion|Leather Wallet|499,1
ORD-20261002-2295,2026-10-02 19:32:03,Nisha,Das,"Chennai, Tamil Nadu",Sports|Skipping Rope|199,1
ORD-20261002-0898,02/10/2026 09:20,  Kavya ,desai,"Ahmedabad, Gujarat",Electronics|Smart Watch|2499, 1 
ORD-20261002-4032,2026-10-02 20:45:59,Khushi,Kumar,"bengaluru, karnataka",Fashion|Running Shoes|2199,2
ORD-20261002-1930,2026-10-02 15:36:08,swati,Reddy,"Jaipur, Rajasthan",Home And Kitchen|Bedsheet Set|1499,2.0
ORD-20261002-4840,02/10/2026 12:19,simran,MISHRA,"Kolkata, West Bengal",Fashion|Sunglasses|999,2
ORD-20261002-0946,02-10-2026 10:08,Roshni,Iyer,"Bengaluru, Karnataka",Sports|Yoga Mat|699,1
ORD-20261002-2106,02/10/2026 11:51,  Neel ,Reddy,"Delhi, Delhi",Sports|Cricket Bat|1599,1
ORD-20261002-1061,02/10/2026 19:38,Amit,mishra,"Mumbai, Maharashtra",Sports|Dumbbell Set|1899,3
ORD-20261002-2168,02/10/2026 18:21,Yash,  Verma ,"Ahmedabad, Gujarat",Fashion|Denim Jeans|1199,2
ORD-20261002-3755,02/10/2026 13:49,Myra,ARORA,"Mumbai, Maharashtra",Electronics|Power Bank|899,1
ORD-20261002-3091,02/10/2026 16:28,  Kriti ,khanna,"Mumbai, Maharashtra",Sports|Dumbbell Set|1899,2
ORD-20261002-3466,2026-10-02 14:29:38,,Modi,"  Pune, Maharashtra ",Home And Kitchen|Non Stick Pan|1099,1
ORD-20261002-1211,02/10/2026 19:17,Anjali,Kapoor,,Sports|Cricket Bat|1599,-5
ORD-20261002-3437,02-10-2026 13:05,Komal,Jain,"  Mumbai, Maharashtra ",Sports|Dumbbell Set|1899,5
ORD-20261002-4774,02/10/2026 17:58,Aditya,Singh,"Hyderabad, Telangana",Sports|Yoga Mat|699,1
ORD-20261002-4190,2026-10-02 23:39:15,Priya,  Desai ,"vadodara, gujarat",Electronics|Laptop Stand|749,
ORD-20261002-4522,02/10/2026 12:12,Navya,Rao,,Fashion|Denim Jeans|1199,1
ORD-20261002-1135,2026-10-02 13:02:35,Aditya,Mehta,"Pune, Maharashtra",Sports|Football|799,3
ORD-20261002-2681,02/10/2026 19:13,  Jay ,Rao,"Bengaluru, Karnataka",Electronics|Laptop Stand|749,4
ORD-20261002-2737,02/10/2026 12:03,Myra,Bansal,"Chennai, Tamil Nadu",Electronics|Laptop Stand|749,2
ORD-20261002-4086,2026-10-02 10:34:01,Ayaan,gupta,"Chennai, Tamil Nadu",Home And Kitchen|Steel Water Bottle|399,1
ORD-20261002-3538,02/10/2026 19:18,Rohan,Yadav,"Coimbatore, Tamil Nadu",Electronics|Laptop Stand|749,3
ORD-20261002-3614,2026-10-02 22:54:05,parth,Thakkar,"Mysuru, Karnataka",Electronics|Smart Watch|2499,1
ORD-20261002-0199,02/10/2026 16:50,Gaurav,Bhatt,"Ahmedabad, Gujarat",Home And Kitchen|Steel Water Bottle|399,5
ORD-20261002-4042,2026-10-02 12:36:01,Isha,mehta,"Mysuru, Karnataka",Fashion|Cotton Kurta|799,4
ORD-20261002-3354,02/10/2026 19:55,Shaurya,  Gupta ,"Jaipur, Rajasthan",Sports|Dumbbell Set|1899,1
ORD-20261002-2402,2026-10-02 15:25:07,Arjun,bhatt,"surat, gujarat",Fashion|Denim Jeans|1199,1
ORD-20261002-1899,02-10-2026 19:50,harsh,jain,"Delhi, Delhi",Fashion|Leather Wallet|499,3
ORD-20261002-3791,2026-10-02 14:02:16,RIYA,chaudhary,"ahmedabad, gujarat",Home And Kitchen|Steel Water Bottle|399,1
ORD-20261002-1237,02/10/2026 11:13,Shreya,Reddy,,Home And Kitchen|Bedsheet Set|1499,4
ORD-20261002-0358,02/10/2026 10:19,Priya,Rao,"Coimbatore, Tamil Nadu",Home And Kitchen|Wall Clock|649,2
ORD-20261002-0667,02/10/2026 14:55,Kriti,parmar,"Ahmedabad, Gujarat",Electronics|Smart Watch|2499,1
ORD-20261002-4823,02/10/2026 00:05,Aryan,  Mehta ,"Hyderabad, Telangana",Fashion|Running Shoes|2199,6
ORD-20261002-3040,2026-10-02 19:35:30,  Jay ,Das,"Surat, Gujarat",Fashion|Denim Jeans|1199,3
ORD-20261002-3615,02/10/2026 16:26,Anika,  Bose ,"chennai, tamil nadu",Beauty|Lipstick|399,1
ORD-20261002-1820,,Vihaan,menon,"Nagpur, Maharashtra",Beauty|Hair Serum|549,2
ORD-20261002-3085,02/10/2026 09:34,krupa,Gupta,,Fashion|Leather Wallet|499,3
ORD-20261002-3340,02/10/2026 14:01,Saanvi,Solanki,"  Lucknow, Uttar Pradesh ",Fashion|Denim Jeans|1199,3
ORD-20261002-4689,02-10-2026 22:42,Gaurav,parmar,"Kolkata, West Bengal",Beauty|Sunscreen|449,1
ORD-20261002-0826,2026-10-02 21:23:30,Gaurav,Chaudhary,"Hyderabad, Telangana",Beauty|Perfume|1299,1
ORD-20261002-0569,2026-10-02 11:54:56,Kriti,KUMAR,"NAGPUR, MAHARASHTRA",Home And Kitchen|Wall Clock|649,1
ORD-20261002-1020,2026-10-02 17:06:54,KARAN,  Chauhan ,"Ahmedabad, Gujarat",Home And Kitchen|Bedsheet Set|1499,
ORD-20261002-1054,02/10/2026 19:33,Manish,Bhatt,"  Kolkata, West Bengal ",Home And Kitchen|Wall Clock|649,3
ORD-20261002-2473,2026-10-02 10:13:25,Komal,Chauhan,"Delhi, Delhi",Home And Kitchen|Bedsheet Set|1499,5
ORD-20261002-1789,2026-10-02 15:33:08,  Advik ,Vyas,"  Jaipur, Rajasthan ",Home And Kitchen|Steel Water Bottle|399,2
ORD-20261002-0327,2026-10-02 21:48:18,  Kunal ,rathod,"Mumbai, Maharashtra",Beauty|Sunscreen|449,4
ORD-20261002-1418,02/10/2026 22:29,Vivaan,pawar,"Mysuru, Karnataka",Home And Kitchen|Storage Box|299,1.0
ORD-20261002-3177,2026-10-02 17:47:47,Vikas,Menon,"Ahmedabad, Gujarat",Home And Kitchen|Bedsheet Set|1499,1
ORD-20261002-2418,02/10/2026 09:24,Ayaan,Patel,"Coimbatore, Tamil Nadu",Beauty|Perfume|1299,1
ORD-20261002-3178,2026-10-02 20:34:41,Diya,Trivedi,"Bengaluru, Karnataka",Fashion|Leather Wallet|499,4
ORD-20261002-3851,02-10-2026 13:01,Dhwani,Desai,"Bengaluru, Karnataka",Electronics|Laptop Stand|749,2
ORD-20261002-3917,02/10/2026 15:14,rohan,Gupta,"Pune, Maharashtra",Fashion|Running Shoes|2199,3
ORD-20261002-2136,2026-10-02 15:40:35,  Yash ,Reddy,"  Jaipur, Rajasthan ",Home And Kitchen|Steel Water Bottle|399,1
ORD-20261002-3027,02-10-2026 15:53,RAHUL,MODI,"Coimbatore, Tamil Nadu",Home And Kitchen|Steel Water Bottle|399,1
ORD-20261002-3664,02/10/2026 18:31,  Deepak ,Patel,"Chennai, Tamil Nadu",Fashion|Leather Wallet|499,5
ORD-20261002-0967,02/10/2026 20:01,Advik,Trivedi,"Hyderabad, Telangana",Beauty|Hair Serum|549,4
ORD-20261002-3776,N/A,aryan,Mishra,"hyderabad, telangana",Home And Kitchen|Steel Water Bottle|399,1
ORD-20261002-0284,02/10/2026 21:28,isha,JAIN,"Mumbai, Maharashtra",Electronics|Smart Watch|2499,1
ORD-20261002-0875,02/10/2026 14:06,  Krishna ,chauhan,"Chennai, Tamil Nadu",Electronics|Power Bank|899,2
ORD-20261002-4751,02/10/2026 15:05,Amit,,"mumbai, maharashtra",Fashion|Denim Jeans|1199,2
ORD-20261002-1345,02-10-2026 12:49,aditya,,"MUMBAI, MAHARASHTRA",Home And Kitchen|Storage Box|299,1
ORD-20261002-4221,02/10/2026 13:20,Priya,Bansal,"Mumbai, Maharashtra",Fashion|Sunglasses|999,1
ORD-20261002-2022,2026-10-02 21:41:22,Sneha,Bansal,"Delhi, Delhi",Home And Kitchen|Wall Clock|649, 3 
ORD-20261002-4618,N/A,Manish,Pillai,"Hyderabad, Telangana",Home And Kitchen|Steel Water Bottle|399,6
ORD-20261002-1977,02/10/2026 19:15,  Aditya ,Kulkarni,"Ahmedabad, Gujarat",Electronics|Smart Watch|2499,2
ORD-20261002-1261,02-10-2026 21:56,rohan,saxena,"mumbai, maharashtra",Electronics|Bluetooth Speaker|1799,1
ORD-20261002-0415,02/10/2026 19:54,  Myra ,malhotra,"Mysuru, Karnataka",Beauty|Hair Serum|549,1
ORD-20261002-2231,2026-10-02 20:56:30,Kunal,Mishra,"Delhi, Delhi",Sports|Dumbbell Set|1899,1
ORD-20261002-2506,2026-10-02 20:22:47,  Bhavna ,Patil,"Vadodara, Gujarat",,4
ORD-20261002-4362,02/10/2025 14:03,  Ishaan ,  Dubey ,"Hyderabad, Telangana",Home And Kitchen|Non Stick Pan|1099,3
ORD-20261002-2805,2026-10-02 16:15:31,Myra,Rathod,"Chennai, Tamil Nadu",Sports|Dumbbell Set|1899,1
ORD-20261002-1607,02/10/2026 19:59,  Riya ,  Dubey ,"Lucknow, Uttar Pradesh",Fashion|Sunglasses|999,2.0
ORD-20261002-3241,02/10/2026 21:23,parth,bansal,"Mumbai, Maharashtra",Sports|Skipping Rope|199,1
ORD-20261002-0022,02/10/2026 18:54,Ayaan,Sharma,"coimbatore, tamil nadu",Home And Kitchen|Storage Box|299,4
ORD-20261002-1480,02/10/2026 10:34,Vikas,VYAS,"hyderabad, telangana",Fashion|Cotton Kurta|799,1
ORD-20261002-3801,02-10-2026 12:02,Kavya,Modi,"vadodara, gujarat",Home And Kitchen|Bedsheet Set|1499,4
ORD-20261002-1436,02/10/2026 17:08,Vihaan,RATHOD,"mumbai, maharashtra",Beauty|Perfume|1299,4
ORD-20261002-1220,02/10/2026 22:32,Neha,Khanna,"surat, gujarat",Beauty|Perfume|1299, 1 
ORD-20261002-3083,02/10/2026 15:39,Priya,mukherjee,"DELHI, DELHI",Home And Kitchen|Storage Box|299,2
ORD-20261002-0937,02/10/2026 13:43,  Nisha ,  Arora ,"ahmedabad, gujarat",Beauty|Sunscreen|449,4
ORD-20261002-3349,02-10-2026 15:37,null,Patel,"Delhi, Delhi",Beauty|Face Wash|249,2
ORD-20261002-2842,02-10-2026 09:28,Shreya,  Srivastava ,"Ahmedabad, Gujarat",Home And Kitchen|Non Stick Pan|1099,3.0
ORD-20261002-2958,2026-10-02 20:57:05,AMIT,Sinha,,Home And Kitchen|Wall Clock|649,1
ORD-20261002-2638,2026-10-02 21:42:56,dev,SHAH,"DELHI, DELHI",Electronics|Smart Watch|2499, 3 
ORD-20261002-1520,2026-10-02 10:45:28,  Kriti ,Joshi,"Delhi, Delhi",Electronics|Wireless Earbuds|1299,1
ORD-20261002-2302,02/10/2026 11:59,Atharv,verma,"lucknow, uttar pradesh",Sports|Cricket Bat|1599,1
ORD-20261002-0020,02-10-2026 13:40,VIVAAN,Reddy,"Lucknow, Uttar Pradesh",Fashion|Denim Jeans|1199,3
ORD-20261002-0787,02/10/2026 14:50,Hetal,Thakkar,"Nagpur, Maharashtra",Home And Kitchen|Non Stick Pan|1099,4
ORD-20261002-2521,02/10/2026 02:13,mihir,Kumar,"CHENNAI, TAMIL NADU",Sports|Yoga Mat|699,1.0
ORD-20261002-3523,2026-10-02 17:40:08,Roshni,  Iyer ,"bengaluru, karnataka",Beauty|Perfume|1299,1
ORD-20261002-3404,02/10/2026 22:38,  Tushar ,reddy,"Bengaluru, Karnataka",Home And Kitchen|Bedsheet Set|1499,2
ORD-20261002-3783,02/10/2026 07:38,Karan,jain,"AHMEDABAD, GUJARAT",Fashion|Cotton Kurta|799,4
ORD-20261002-2799,02/10/2026 11:47,  Hetal ,Trivedi,"hyderabad, telangana",Electronics|Smart Watch|2499,1
ORD-20261002-1186,02/10/2026 22:51,,bhatt,"kolkata, west bengal",Electronics|Power Bank|899,1
ORD-20261002-2471,02-10-2026 14:09,Myra,Sharma,"  Nagpur, Maharashtra ",Home And Kitchen|Steel Water Bottle|399,3
ORD-20261002-4447,31/02/2026 07:05,Priya,  Nair ,"Lucknow, Uttar Pradesh",Electronics|Power Bank|899,1
ORD-20261002-1530,02-10-2026 22:23,Bhavna,mishra,"mumbai, maharashtra",Sports|Yoga Mat|699, 2 
ORD-20261002-1629,02/10/2025 19:12,Om,tiwari,"Pune, Maharashtra",Fashion|Denim Jeans|1199,1
ORD-20261002-0356,2026-10-02 13:40:58,Om,  Verma ,"lucknow, uttar pradesh",Home And Kitchen|Steel Water Bottle|399,1
ORD-20261002-2772,02/10/2026 17:34,Aditya,Shah,"Chennai, Tamil Nadu",Home And Kitchen|Storage Box|299,1
ORD-20261002-2982,02/10/2026 21:56,rudra,Kalavadia,"  Jaipur, Rajasthan ",Home And Kitchen|Non Stick Pan|1099,2
ORD-20261002-1034,02-10-2026 16:12,Shreya,das,"Nagpur, Maharashtra",Beauty|Perfume|1299,1
ORD-20261002-3928,2026-10-02 13:38:50,Simran,  Vyas ,"chennai, tamil nadu",Home And Kitchen|Non Stick Pan|1099, 1 
ORD-20261002-4225,02-10-2026 16:36,aadhya,  Patil ,"delhi, delhi",Beauty|Lipstick|399,1
ORD-20261002-4469,2026-10-02 07:20:26,Saanvi,Menon,"chennai, tamil nadu",Fashion|Leather Wallet|499,2
ORD-20261002-4669,02/10/2026 19:49,Ananya,Srivastava,"mumbai, maharashtra",Sports|Football|799,1
ORD-20261002-3234,02/10/2026 11:53,Manish,Pawar,"Pune, Maharashtra",Sports|Skipping Rope|199,3
ORD-20261002-1154,02/10/2026 20:08,aditi,Dubey,"VADODARA, GUJARAT",Electronics|Power Bank|899,1
ORD-20261002-1822,2026-10-02 14:55:23,  Arjun ,nair,"Hyderabad, Telangana",Fashion|Running Shoes|2199,1
ORD-20261002-3882,2026-10-02 19:05:05,Swati,  Verma ,"Mumbai, Maharashtra",Fashion|Denim Jeans|1199,2.0
ORD-20261002-3302,02/10/2026 16:53,Kriti,MISHRA,"Surat, Gujarat",Electronics|Power Bank|899,1
ORD-20261002-4148,2026-10-02 09:42:35,  Krupa ,Chaudhary,"  Surat, Gujarat ",Electronics|Wireless Earbuds|1299,1
ORD-20261002-3497,2026-10-02 10:01:46,Neha,  Mishra ,"Kolkata, West Bengal",Fashion|Running Shoes|2199,1
ORD-20261002-0853,02/10/2026 21:45,Dhwani,Vyas,"Surat, Gujarat",Beauty|Lipstick|399,3
ORD-20261002-3904,02-10-2026 11:14,Dhwani,  Mehta ,"Bengaluru, Karnataka",Beauty|Lipstick|399,1
ORD-20261002-0374,02/10/2026 14:35,Shreya,Mehta,"Delhi, Delhi",Electronics|Wireless Earbuds|1299,1.0
ORD-20261002-4002,2026-10-02 20:09:32,Anjali,Trivedi,"  Ahmedabad, Gujarat ",Electronics|Laptop Stand|749,1
ORD-20261002-2107,2026-10-02 21:14:13,anika,Chaudhary,"delhi, delhi",Home And Kitchen|Non Stick Pan|1099,1
ORD-20261002-0317,02/10/2026 22:31,Aanya,  Bhatt ,"hyderabad, telangana",Home And Kitchen|Storage Box|299,1
ORD-20261002-3137,02/10/2026 18:46,Anjali,  Bose ,"Mumbai, Maharashtra",Sports|Cricket Bat|1599,2
ORD-20261002-1708,02/10/2026 19:26,Sai,  Chaudhary ,"VADODARA, GUJARAT",Fashion|Leather Wallet|499,1
ORD-20261002-3979,02/10/2026 02:54,Ishaan,Mishra,"Kolkata, West Bengal",Fashion|Running Shoes|2199,4
ORD-20261002-2879,2026-10-02 21:30:40,Rahul,Patel,"Coimbatore, Tamil Nadu",Fashion|Cotton Kurta|799, 1 
ORD-20261002-1093,02/10/2026 21:24,Mihir,Jain,"ahmedabad, gujarat",Electronics|Power Bank|899,1
ORD-20261002-1374,2026-10-02 14:53:51,Megha,Yadav,"kolkata, west bengal",Fashion|Running Shoes|2199,2
ORD-20261002-1897,02/10/2026 12:59,kabir,  Sinha ,,Home And Kitchen|Steel Water Bottle|399,1
ORD-20261002-1099,02/10/2026 07:08,pari,Kapoor,"Jaipur, Rajasthan",Home And Kitchen|Bedsheet Set|1499,1
ORD-20261002-4446,02-10-2026 14:04,Atharv,Trivedi,"jaipur, rajasthan",Home And Kitchen|Steel Water Bottle|399,2
ORD-20261002-2715,02/10/2062 11:46,Divya,Rao,"CHENNAI, TAMIL NADU",Beauty|Hair Serum|549,1
ORD-20261002-1142,02/10/2026 19:50,Anika,Pandya,"jaipur, rajasthan",Home And Kitchen|Non Stick Pan|1099,3
ORD-20261002-4141,02/10/2026 19:12,rahul,saxena,"Lucknow, Uttar Pradesh",Fashion|Running Shoes|2199,1
ORD-20261002-4280,2026-10-02 22:40:24,SIMRAN,  Thakkar ,"pune, maharashtra",Fashion|Running Shoes|2199,6
ORD-20261002-1209,2026-10-02 19:17:50,ANJALI,Nair,"Delhi, Delhi",Fashion|Denim Jeans|1199,-4
ORD-20261002-3260,02/10/2026 11:37,Amit,PANDYA,"Mumbai, Maharashtra",Electronics|Bluetooth Speaker|1799,1
ORD-20261002-3195,2026-10-02 08:00:29,Krupa,  Gupta ,"lucknow, uttar pradesh",Home And Kitchen|Bedsheet Set|1499,1
ORD-20261002-4723,02/10/2026 19:01,Tanvi,saxena,"Kolkata, West Bengal",Sports|Football|799,3
ORD-20261002-2826,02/10/2026 18:24,Ishaan,Bhatt,"Hyderabad, Telangana",Electronics|Wireless Earbuds|1299,1
ORD-20261002-3823,02/10/2026 03:24,kabir,,"Hyderabad, Telangana",Home And Kitchen|Steel Water Bottle|399,4
ORD-20261002-0962,02-10-2026 22:50,Saanvi,tiwari,"Mumbai, Maharashtra",Fashion|Cotton Kurta|799,2
ORD-20261002-3253,02-10-2026 19:17,Dhwani,Bansal,"Delhi, Delhi",Home And Kitchen|Wall Clock|649,2
ORD-20261002-0282,02/10/2026 21:41,Yash,thakkar,"MUMBAI, MAHARASHTRA",Electronics|Bluetooth Speaker|1799,1
ORD-20261002-0056,02/10/2026 17:29,Kunal,tiwari,"DELHI, DELHI",Home And Kitchen|Storage Box|299,1
ORD-20261002-1475,02/10/2026 01:16,ADITYA,Thakkar,,Home And Kitchen|Non Stick Pan|1099,2
ORD-20261002-3734,2026-10-02 13:51:47,Aryan,Thakkar,"bengaluru, karnataka",Sports|Cricket Bat|1599,2
ORD-20261002-3397,2026-10-02 07:40:33,Arjun,Tiwari,"SURAT, GUJARAT",Fashion|Sunglasses|999,2
ORD-20261002-2090,02/10/2026 13:08,parth,PANDYA,"Ahmedabad, Gujarat",Fashion|Running Shoes|2199,2
ORD-20261002-3865,2026-10-02 19:04:44,,Yadav,"Chennai, Tamil Nadu",Sports|Dumbbell Set|1899,1
ORD-20261002-0250,02-10-2026 15:10,Aadhya,Ghosh,"Coimbatore, Tamil Nadu",Home And Kitchen|Wall Clock|649,2
ORD-20261002-0731,02-10-2026 08:52,Shreya,GUPTA,"delhi, delhi",Home And Kitchen|Bedsheet Set|1499,2
ORD-20261002-1157,02-10-2026 18:49,Yash,RATHOD,"Delhi, Delhi",Electronics|Bluetooth Speaker|1799,1
ORD-20261002-0976,02/10/2026 22:07,  Aadhya ,Khanna,"Hyderabad, Telangana",Sports|Cricket Bat|1599,1
ORD-20261002-0366,02/10/2062 13:31,Kavya,Chaudhary,"CHENNAI, TAMIL NADU",Electronics|Bluetooth Speaker|1799,2
ORD-20261002-3204,02-10-2026 17:52,Parth,Rao,"bengaluru, karnataka",Electronics|Laptop Stand|749,3
ORD-20261002-1409,02-10-2026 20:38,Bhavna,Sharma,"Jaipur, Rajasthan",Fashion|Denim Jeans|1199,0
ORD-20261002-3622,2026-10-02 22:53:01,Simran,Bose,"Mumbai, Maharashtra",Fashion|Denim Jeans|1199,2
ORD-20261002-3541,02-10-2026 15:54,Vihaan,chauhan,"bengaluru, karnataka",Electronics|Wireless Earbuds|1299,1
ORD-20261002-0624,2026-10-02 14:57:51,Tanvi,Malhotra,"  Kolkata, West Bengal ",Sports|Cricket Bat|1599,2
ORD-20261002-0479,02/10/2026 19:32,Jay,Chauhan,"delhi, delhi",Sports|Dumbbell Set|1899,1
ORD-20261002-4828,02-10-2026 13:47,,trivedi,"Surat, Gujarat",Home And Kitchen|Storage Box|299,4
ORD-20261002-3139,02/10/2026 17:15,Roshni,singh,"Ahmedabad, Gujarat",Home And Kitchen|Non Stick Pan|1099,2
ORD-20261002-2145,02/10/2026 22:09,Varun,Patil,"  Ahmedabad, Gujarat ",Fashion|Leather Wallet|499,3.0
ORD-20261002-4291,02/10/2026 16:59,Deepak,Patil,"Bengaluru, Karnataka",Sports|Dumbbell Set|1899,3.0
ORD-20261002-2489,02/10/2025 09:01,Harsh,menon,"Hyderabad, Telangana",Beauty|Hair Serum|549,1
ORD-20261002-3116,2026-10-02 20:10:52,Arjun,Mishra,"hyderabad, telangana",Beauty|Face Wash|249,3
ORD-20261002-4589,02-10-2026 17:31,Parth,Sinha,"LUCKNOW, UTTAR PRADESH",Fashion|Leather Wallet|499,6
ORD-20261002-2960,02/10/2026 12:24,MYRA,SINGH,"vadodara, gujarat",Home And Kitchen|Bedsheet Set|1499,2
ORD-20261002-1404,02/10/2026 21:41,Krupa,parmar,"PUNE, MAHARASHTRA",Home And Kitchen|Storage Box|299,0
ORD-20261002-4328,02-10-2026 22:56,palak,Kalavadia,"DELHI, DELHI",Home And Kitchen|Steel Water Bottle|399,1
ORD-20261002-3977,02/10/2026 17:07,sai,Singh,"Surat, Gujarat",,3
ORD-20261002-4474,02-10-2026 00:35,rudra,Patel,"  Mumbai, Maharashtra ",Home And Kitchen|Non Stick Pan|1099,2
ORD-20261002-3961,02/10/2026 18:06,VIKAS,Parmar,"kolkata, west bengal",Electronics|Laptop Stand|749,1
ORD-20261002-0970,02-10-2026 08:09,kriti,Srivastava,"Mumbai, Maharashtra",Sports|Cricket Bat|1599,1
ORD-20261002-0559,02/10/2026 13:42,,Trivedi,"Hyderabad, Telangana",Beauty|Perfume|1299,1
ORD-20261002-1561,02/10/2026 11:56,Gaurav,Iyer,"Mumbai, Maharashtra",Home And Kitchen|Storage Box|299,1
ORD-20261002-2007,2026-10-02 22:45:52,saanvi,Kumar,"Hyderabad, Telangana",Fashion|Sunglasses|999,2
ORD-20261002-2420,02/10/2026 19:25,POOJA,,"Mumbai, Maharashtra",Fashion|Leather Wallet|499,1
ORD-20261002-0905,02/10/2026 22:29,Yash,Reddy,"pune, maharashtra",Fashion|Leather Wallet|499,1
ORD-20261002-1775,02/10/2026 21:45,Amit,BANSAL,"Lucknow, Uttar Pradesh",Fashion|Leather Wallet|499,1
ORD-20261002-3188,02-10-2026 14:33,MEGHA,RAO,"Ahmedabad, Gujarat",Sports|Dumbbell Set|1899,1
ORD-20261002-2129,2026-10-02 01:19:15,Kriti,Saxena,"JAIPUR, RAJASTHAN",Sports|Skipping Rope|199,2
ORD-20261002-1894,,Dev,kalavadia,"  Pune, Maharashtra ",Home And Kitchen|Storage Box|299,1
ORD-20261002-1721,02/10/2026 12:04,rohan,Pandya,"BENGALURU, KARNATAKA",Home And Kitchen|Bedsheet Set|1499,2
ORD-20261002-3052,2026-10-02 20:59:51,Shaurya,Bhatt,"CHENNAI, TAMIL NADU",Electronics|Wireless Earbuds|1299,2
ORD-20261002-2725,2026-10-02 12:47:23,  Neha ,Arora,"Mumbai, Maharashtra",Home And Kitchen|Bedsheet Set|1499,5
ORD-20261002-0266,02/10/2026 23:59,MYRA,Trivedi,"jaipur, rajasthan",Beauty|Face Wash|249,1
ORD-20261002-2810,02-10-2026 20:20,advik,thakkar,"Jaipur, Rajasthan",Home And Kitchen|Bedsheet Set|1499,1
ORD-20261002-2943,02-10-2026 19:43,rajesh,Mishra,"Delhi, Delhi",Fashion|Running Shoes|2199,1
ORD-20261002-1889,02/10/2026 16:01,manish,Bhatt,"kolkata, west bengal",Fashion|Sunglasses|999,3
ORD-20261002-0465,02-10-2026 13:22,  Krishna ,arora,"Nagpur, Maharashtra",Sports|Cricket Bat|1599,1
ORD-20261002-1753,2026-10-02 00:13:51,Karan,Gupta,"Pune, Maharashtra",Fashion|Cotton Kurta|799,3
ORD-20261002-4127,N/A,Navya,MENON,"  Delhi, Delhi ",Electronics|Smart Watch|2499,3
ORD-20261002-2474,02/10/2026 10:08,Kriti,bose,"Surat, Gujarat",Home And Kitchen|Storage Box|299,1
ORD-20261002-2477,02-10-2026 19:50,Priya,Srivastava,"Delhi, Delhi",Electronics|Smart Watch|2499,1
ORD-20261002-2444,02/10/2026 10:57,riya,Solanki,"Bengaluru, Karnataka",Sports|Yoga Mat|699, 2 
ORD-20261002-4417,02/10/2026 21:26,Aditya,Chauhan,"Surat, Gujarat",Electronics|Laptop Stand|749,1
ORD-20261002-4576,02/10/2026 07:57,RITU,Vyas,"Hyderabad, Telangana",Beauty|Sunscreen|449,1
ORD-20261002-0881,02-10-2026 02:57,TANVI,Kumar,"ahmedabad, gujarat",Beauty|Lipstick|399,3
ORD-20261002-0469,02/10/2026 08:49,Aadhya,sinha,"BENGALURU, KARNATAKA",Sports|Yoga Mat|699,5
ORD-20261002-0857,02/10/2026 09:14,Pari,bose,"Jaipur, Rajasthan",Electronics|Bluetooth Speaker|1799,5
ORD-20261002-0943,2026-10-02 10:14:57,,verma,"hyderabad, telangana",Electronics|Bluetooth Speaker|1799,1
ORD-20261002-4324,2026-10-02 17:14:31,aanya,Kulkarni,"Coimbatore, Tamil Nadu",Electronics|Power Bank|899,1
ORD-20261002-3660,02/10/2026 13:43,Deepak,das,"Ahmedabad, Gujarat",Sports|Skipping Rope|199,1
ORD-20261002-2923,2026-10-02 17:07:03,Mihir,Malhotra,"Chennai, Tamil Nadu",Electronics|Laptop Stand|749,2
ORD-20261002-2178,02/10/2026 12:32,Rajesh,  Rathod ,"surat, gujarat",Electronics|Smart Watch|2499,2
ORD-20261002-4219,02/10/2026 01:28,rohan,bose,"  Hyderabad, Telangana ",Beauty|Lipstick|399,1
ORD-20261002-0382,02-10-2026 13:11,ANJALI,Bhatt,"Surat, Gujarat",Sports|Dumbbell Set|1899,2
ORD-20261002-4043,02-10-2026 12:37,tanvi,Tiwari,"  Delhi, Delhi ",Beauty|Perfume|1299,1
ORD-20261002-1985,2026-10-02 07:26:47,Neha,Mishra,"Kolkata, West Bengal",Home And Kitchen|Storage Box|299,1
ORD-20261002-3603,02/10/2026 10:34,Janvi,Yadav,"Nagpur, Maharashtra",Home And Kitchen|Steel Water Bottle|399,4
ORD-20261002-4056,02/10/2026 21:07,Vivaan,  Kalavadia ,"Vadodara, Gujarat",Home And Kitchen|Steel Water Bottle|399,2
ORD-20261002-1740,2026-10-02 15:46:44,shreya,Solanki,"Mysuru, Karnataka",Home And Kitchen|Wall Clock|649,4
ORD-20261002-0283,2026-10-02 20:27:17,Sara,Thakkar,"Mumbai, Maharashtra",Fashion|Cotton Kurta|799,1
ORD-20261002-3564,2026-10-02 21:28:20,Komal,Kalavadia,"Kolkata, West Bengal",Home And Kitchen|Wall Clock|649,2
ORD-20261002-1079,02/10/2026 22:14,Yash,  Sharma ,"Ahmedabad, Gujarat",Home And Kitchen|Storage Box|299,3
ORD-20261002-1834,02/10/2062 21:15,  Tanvi ,  Mishra ,"Hyderabad, Telangana",Beauty|Lipstick|399,2
ORD-20261002-0200,02/10/2026 22:49,Manish,Rao,"Coimbatore, Tamil Nadu",Electronics|Bluetooth Speaker|1799,1
ORD-20261002-4123,2026-10-02 13:32:29,Amit,khanna,"hyderabad, telangana",Electronics|Bluetooth Speaker|1799,5
ORD-20261002-4535,2026-10-02 10:13:27,Dhwani,Solanki,"Bengaluru, Karnataka",Electronics|Wireless Earbuds|1299, 1 
ORD-20261002-0473,02/10/2026 11:26,Tushar,Patel,"Surat, Gujarat",Sports|Dumbbell Set|1899,1
ORD-20261002-3929,2026-10-02 13:51:56,Rudra,Patil,"  Hyderabad, Telangana ",Home And Kitchen|Wall Clock|649,1
ORD-20261002-2089,02/10/2026 10:24,  Nidhi ,Modi,"Nagpur, Maharashtra",Home And Kitchen|Wall Clock|649,1
ORD-20261002-1312,02/10/2026 10:20,ANIKA,Dubey,"LUCKNOW, UTTAR PRADESH",Home And Kitchen|Wall Clock|649,2
ORD-20261002-2655,02/10/2026 20:18,Ayaan,  Arora ,"bengaluru, karnataka",Sports|Dumbbell Set|1899,5
ORD-20261002-0371,02/10/2026 22:22,Roshni,iyer,"Bengaluru, Karnataka",Home And Kitchen|Wall Clock|649,4
ORD-20261002-0858,02-10-2026 22:02,Nikhil,iyer,"Kolkata, West Bengal",Electronics|Laptop Stand|749,2
ORD-20261002-1698,02-10-2026 12:40,Kabir,trivedi,"Bengaluru, Karnataka",Fashion|Sunglasses|999,2
ORD-20261002-3465,2026-10-02 12:51:43,Anjali,BANSAL,"Jaipur, Rajasthan",Fashion|Leather Wallet|499,6
ORD-20261002-0891,2026-10-02 15:41:29,Janvi,Gupta,"lucknow, uttar pradesh",Beauty|Hair Serum|549,-1
ORD-20261002-1807,02/10/2026 09:05,NEEL,Vyas,"nagpur, maharashtra",Electronics|Laptop Stand|749,2
ORD-20261002-2054,02/10/2026 23:12,Diya,Rathod,"delhi, delhi",Electronics|Bluetooth Speaker|1799,5
ORD-20261002-3033,2026-10-02 19:53:22,MIHIR,,"SURAT, GUJARAT",Sports|Skipping Rope|199, 1 
ORD-20261002-1543,02/10/2026 14:42,KARAN,Kumar,"Coimbatore, Tamil Nadu",Electronics|Laptop Stand|749,5
ORD-20261002-3609,02-10-2026 22:24,rajesh,Pawar,"mumbai, maharashtra",Sports|Dumbbell Set|1899,-1
ORD-20261002-0676,02-10-2026 13:05,Bhavna,mukherjee,"Bengaluru, Karnataka",Electronics|Smart Watch|2499,2
ORD-20261002-2739,2026-10-02 20:16:01,Neha,THAKKAR,"  Chennai, Tamil Nadu ",Home And Kitchen|Bedsheet Set|1499,1
ORD-20261002-3436,2026-10-02 15:06:46,Aanya,TRIVEDI,"Kolkata, West Bengal",Fashion|Running Shoes|2199,1
ORD-20261002-4316,02-10-2026 09:46,Pari,AGARWAL,"delhi, delhi",Home And Kitchen|Storage Box|299,2.0
ORD-20261002-1025,2026-10-02 02:38:46,Palak,sharma,,Sports|Skipping Rope|199,2
ORD-20261002-1248,02/10/2026 21:21,Arjun,Reddy,"MUMBAI, MAHARASHTRA",Electronics|Smart Watch|2499,1
ORD-20261002-1483,02/10/2026 17:01,Ananya,PARMAR,"Pune, Maharashtra",Home And Kitchen|Non Stick Pan|1099,5
ORD-20261002-2708,02-10-2026 13:31,,saxena,"Kolkata, West Bengal",Sports|Dumbbell Set|1899,3
ORD-20261002-0522,02/10/2026 22:54,Navya,Tiwari,N/A,Sports|Football|799,1
ORD-20261002-2648,2026-10-02 13:26:15,Isha,,"Mumbai, Maharashtra",Electronics|Laptop Stand|749,3
ORD-20261002-4045,2026-10-02 21:44:25,  Gaurav ,Gupta,"delhi, delhi",Fashion|Denim Jeans|1199,5.0
ORD-20261002-3636,02/10/2026 17:11,mihir,Solanki,"Coimbatore, Tamil Nadu",Fashion|Leather Wallet|499,4
ORD-20261002-4732,2026-10-02 22:26:54,  Megha ,patil,"Bengaluru, Karnataka",Home And Kitchen|Steel Water Bottle|399,1
ORD-20261002-1974,02/10/2026 18:59,  Myra ,BHATT,"jaipur, rajasthan",Home And Kitchen|Steel Water Bottle|399, 1 
ORD-20261002-0294,02-10-2026 22:20,Karan,ghosh,"Delhi, Delhi",Beauty|Perfume|1299,4
ORD-20261002-1178,02/10/2026 19:20,Rudra,Tiwari,"Hyderabad, Telangana",Sports|Skipping Rope|199,-1
ORD-20261002-0311,02/10/2026 10:56,pooja,gupta,,Home And Kitchen|Steel Water Bottle|399,1
ORD-20261002-2278,02/10/2026 20:06,Komal,BANSAL,,Home And Kitchen|Bedsheet Set|1499, 5 
ORD-20261002-2809,02/10/2026 11:24,Reyansh,chauhan,"Delhi, Delhi",Home And Kitchen|Wall Clock|649,2
ORD-20261002-2017,2026-10-02 13:57:00,Dhwani,Das,"Chennai, Tamil Nadu",Home And Kitchen|Steel Water Bottle|399, 1 
ORD-20261002-2901,02/10/2026 14:34,Amit,Iyer,"bengaluru, karnataka",Fashion|Leather Wallet|499,1
ORD-20261002-1323,2026-10-02 10:49:25,karan,Kulkarni,"Chennai, Tamil Nadu",Fashion|Denim Jeans|1199,1
ORD-20261002-1429,02/10/2026 22:24,Khushi,Bose,"  Hyderabad, Telangana ",Electronics|Wireless Earbuds|1299,2
ORD-20261002-0131,2026-10-02 12:19:40,pranav,patil,"Bengaluru, Karnataka",Electronics|Wireless Earbuds|1299,1
ORD-20261002-1925,2026-10-02 17:33:14,Rohan,  Jain ,"Delhi, Delhi",Fashion|Sunglasses|999,1
ORD-20261002-3970,2026-10-02 20:15:57,Nidhi,mehta,"Lucknow, Uttar Pradesh",Electronics|Laptop Stand|749,1
ORD-20261002-2676,02-10-2026 21:16,  Krishna ,chauhan,"  Delhi, Delhi ",Fashion|Running Shoes|2199,1
ORD-20261002-1469,2026-10-02 20:18:53,  Jay ,Chauhan,"Delhi, Delhi",Electronics|Smart Watch|2499,1
ORD-20261002-3117,02-10-2026 15:34,,Vyas,"Coimbatore, Tamil Nadu",Electronics|Power Bank|899,2
ORD-20261002-4542,2026-10-02 18:01:28,Krishna,JOSHI,"Mysuru, Karnataka",Electronics|Smart Watch|2499,1.0
ORD-20261002-3032,2026-10-02 10:46:18,Neha,bansal,"Bengaluru, Karnataka",Sports|Skipping Rope|199,4
ORD-20261002-0841,02-10-2026 11:12,  Shreya ,Kumar,"Mumbai, Maharashtra",Home And Kitchen|Bedsheet Set|1499,6
ORD-20261002-3326,02/10/2026 21:55,swati,Kulkarni,"Delhi, Delhi",Sports|Cricket Bat|1599,1
ORD-20261002-2687,2026-10-02 21:19:55,swati,Solanki,"  Pune, Maharashtra ",Home And Kitchen|Steel Water Bottle|399,
ORD-20261002-0160,2026-10-02 22:11:02,tushar,Patil,"Delhi, Delhi",Electronics|Power Bank|899,2
ORD-20261002-0572,02/10/2026 11:41,Deepak,bhatt,"Hyderabad, Telangana",Fashion|Cotton Kurta|799,1
ORD-20261002-4638,N/A,Hetal,Kapoor,"Chennai, Tamil Nadu",Fashion|Cotton Kurta|799,1
ORD-20261002-2703,02/10/2026 22:26,  Anjali ,Jain,"Pune, Maharashtra",Beauty|Face Wash|249,1
ORD-20261002-2980,02/10/2026 12:47,aditi,Bhatt,"Hyderabad, Telangana",Sports|Skipping Rope|199,1
ORD-20261002-2588,02/10/2026 19:59,khushi,Dubey,,Sports|Cricket Bat|1599,1
ORD-20261002-1454,02-10-2026 22:08,myra,CHAUHAN,"surat, gujarat",Fashion|Sunglasses|999,2
ORD-20261002-4217,02/10/2026 20:38,,Pawar,"BENGALURU, KARNATAKA",Fashion|Leather Wallet|499,
ORD-20261002-2767,02/10/2026 12:38,NAVYA,  Bansal ,"Mumbai, Maharashtra",Electronics|Bluetooth Speaker|1799,1
ORD-20261002-4593,2026-10-02 11:20:17,Varun,Mishra,"Hyderabad, Telangana",Fashion|Sunglasses|999,2
ORD-20261002-4201,02/10/2026 00:51,atharv,Vyas,"Nagpur, Maharashtra",Beauty|Sunscreen|449,4
ORD-20261002-4487,02/10/2026 23:53,Vihaan,Pawar,"bengaluru, karnataka",Sports|Skipping Rope|199,3
ORD-20261002-3657,02/10/2026 17:40,TUSHAR,sharma,,Electronics|Bluetooth Speaker|1799,1
ORD-20261002-2464,02/10/2026 19:37,reyansh,Yadav,"Pune, Maharashtra",Electronics|Power Bank|899,1
ORD-20261002-3273,02-10-2026 18:00,RAHUL,singh,"LUCKNOW, UTTAR PRADESH",Sports|Skipping Rope|199,1.0
ORD-20261002-2211,02/10/2026 09:14,ATHARV,Trivedi,"Jaipur, Rajasthan",Home And Kitchen|Non Stick Pan|1099,1.0
ORD-20261002-3870,2026-10-02 12:33:48,Arjun,Shah,"ahmedabad, gujarat",Fashion|Denim Jeans|1199, 3 
ORD-20261002-4627,02/10/2026 12:26,Aadhya,Sinha,"mysuru, karnataka",Home And Kitchen|Non Stick Pan|1099, 2 
ORD-20261002-2665,02/10/2026 07:58,MANISH,Verma,"Chennai, Tamil Nadu",Home And Kitchen|Non Stick Pan|1099,1
ORD-20261002-1373,02-10-2026 11:12,Roshni,Bose,"Hyderabad, Telangana",Electronics|Power Bank|899,2
ORD-20261002-1756,02/10/2026 13:46,Vikas,Nair,"Lucknow, Uttar Pradesh",Electronics|Smart Watch|2499, 6 
ORD-20261002-2870,02/10/2026 12:25,Atharv,Kapoor,"Delhi, Delhi",Sports|Skipping Rope|199,5
ORD-20261002-0811,02-10-2026 21:59,Swati,Patel,"Bengaluru, Karnataka",Home And Kitchen|Bedsheet Set|1499,3
ORD-20261002-4111,02/10/2026 18:52,khushi,Bhatt,"Bengaluru, Karnataka",Fashion|Sunglasses|999,1
ORD-20261002-2393,2026-10-02 17:06:18,Palak,SINGH,"kolkata, west bengal",Home And Kitchen|Wall Clock|649,6
ORD-20261002-3666,02/10/2026 16:44,Aditya,KHANNA,"mumbai, maharashtra",Fashion|Leather Wallet|499,1
ORD-20261002-4410,2026-10-02 10:13:57,Sneha,Ghosh,"Mysuru, Karnataka",Home And Kitchen|Storage Box|299,1
ORD-20261002-2599,2026-10-02 13:18:22,Yash,Desai,"  Mumbai, Maharashtra ",Home And Kitchen|Non Stick Pan|1099,3
ORD-20261002-1102,2026-10-02 20:17:05,  Shreya ,Nair,"Bengaluru, Karnataka",Home And Kitchen|Storage Box|299,1
