ord_id,order_dt,cust_fname,cust_lname,location,product_info,qty
ORD-20261003-4114,03/10/2026 12:06,Aadhya,  Kulkarni ,"Mumbai, Maharashtra",Fashion|Running Shoes|2199,1
ORD-20261003-3392,03/10/2026 21:51,Kriti,  Vyas ,"Kolkata, West Bengal",Beauty|Face Wash|249,1
ORD-20261003-2249,03/10/2026 06:35,Aanya,Yadav,"lucknow, uttar pradesh",Beauty|Hair Serum|549,6
ORD-20261003-4176,03/10/2026 21:21,atharv,Rao,,Sports|Dumbbell Set|1899,1
ORD-20261003-2992,03/10/2026 22:54,payal,  Patil ,"pune, maharashtra",Fashion|Leather Wallet|499, 4 
ORD-20261003-0382,2026-10-03 22:19:40,tanvi,Menon,"hyderabad, telangana",Fashion|Running Shoes|2199,-2
ORD-20261003-4776,03/10/2026 21:54,rahul,BANSAL,"  Delhi, Delhi ",Beauty|Face Wash|249,3
ORD-20261003-1729,2026-10-03 23:12:53,Kunal,Ghosh,"Pune, Maharashtra",Electronics|Laptop Stand|749,1
ORD-20261003-0815,2026-10-03 21:05:47,Bhavna,Gupta,"Pune, Maharashtra",Electronics|Laptop Stand|749,1
ORD-20261003-1307,03/10/2026 14:16,Dev,Thakkar,"Pune, Maharashtra",Home And Kitchen|Wall Clock|649,1
ORD-20261003-0509,03/10/2026 14:22,Aarav,Sinha,"Ahmedabad, Gujarat",Fashion|Sunglasses|999,1
ORD-20261003-0448,03/10/2026 16:42,Tushar,Bose,"Mumbai, Maharashtra",Fashion|Running Shoes|2199,3
ORD-20261003-4152,03-10-2026 12:46,Nisha,Verma,"Surat, Gujarat",Electronics|Laptop Stand|749,2
ORD-20261003-4223,2026-10-03 01:05:26,Tushar,Yadav,"Mumbai, Maharashtra",Fashion|Denim Jeans|1199,2
ORD-20261003-1511,03-10-2026 12:57,Janvi,chauhan,"Mysuru, Karnataka",Fashion|Denim Jeans|1199,1
ORD-20261003-0137,03/10/2026 09:30,vikas,Thakkar,"Mumbai, Maharashtra",Fashion|Sunglasses|999,1
ORD-20261003-0988,2026-10-03 13:27:38,Nisha,Rao,"  Hyderabad, Telangana ",Fashion|Sunglasses|999,2
ORD-20261003-0779,2026-10-03 22:15:28,NISHA,Verma,"Delhi, Delhi",Electronics|Power Bank|899,4
ORD-20261003-2161,2026-10-03 12:21:02,Anjali,Dubey,"Bengaluru, Karnataka",Home And Kitchen|Steel Water Bottle|399,4
ORD-20261003-4295,03/10/2026 19:14,Suresh,Bose,"Ahmedabad, Gujarat",Electronics|Smart Watch|2499,5
ORD-20261003-2169,03/10/2026 21:02,Ananya,Pawar,"Vadodara, Gujarat",Electronics|Smart Watch|2499,6
ORD-20261003-0627,2026-10-03 14:52:20,tushar,dubey,"Vadodara, Gujarat",Home And Kitchen|Bedsheet Set|1499,3
ORD-20261003-3700,2026-10-03 19:28:57,Mansi,mehta,"  Bengaluru, Karnataka ",Sports|Yoga Mat|699,3
ORD-20261003-2457,03/10/2026 16:17,Palak,nair,"Ahmedabad, Gujarat",Home And Kitchen|Non Stick Pan|1099,1
ORD-20261003-4830,03-10-2026 06:29,Deepak,Iyer,"Bengaluru, Karnataka",Fashion|Cotton Kurta|799,2
ORD-20261003-4002,2026-10-03 12:34:22,Rahul,gupta,"surat, gujarat",Electronics|Laptop Stand|749,2
ORD-20261003-0709,03/10/2026 20:34,Amit,Yadav,"Jaipur, Rajasthan",Electronics|Wireless Earbuds|1299,1
ORD-20261003-2522,03/10/2026 13:07,Rajesh,Iyer,"Kolkata, West Bengal",Fashion|Leather Wallet|499,1
ORD-20261003-2712,2026-10-03 08:58:37,Kunal,Sharma,"Mysuru, Karnataka",, 1 
ORD-20261003-1720,03-10-2026 21:37,shaurya,Desai,"  Nagpur, Maharashtra ",Fashion|Denim Jeans|1199,2.0
ORD-20261003-1220,2026-10-03 00:34:22,Karan,Khanna,"kolkata, west bengal",Beauty|Perfume|1299,1
ORD-20261003-3747,03/10/2026 19:20,pranav,Das,"Bengaluru, Karnataka",Electronics|Bluetooth Speaker|1799,4
ORD-20261003-0914,03/10/2026 10:21,Nidhi,mehta,"Delhi, Delhi",Fashion|Running Shoes|2199,1
ORD-20261003-4733,03/10/2026 13:53,Bhavna,Pandya,"Jaipur, Rajasthan",Electronics|Power Bank|899,5
ORD-20261003-1382,2026-10-03 18:01:49,  Rohan ,  Srivastava ,"Nagpur, Maharashtra",Fashion|Cotton Kurta|799,1
ORD-20261003-0304,2026-10-03 19:29:20,Jay,Jain,"Chennai, Tamil Nadu",Beauty|Sunscreen|449,3
ORD-20261003-3675,03/10/2026 19:20,Palak,Malhotra,"Mumbai, Maharashtra",Electronics|Laptop Stand|749,2
ORD-20261003-1488,,Krishna,Sharma,"  Delhi, Delhi ",Sports|Dumbbell Set|1899,1
ORD-20261003-0482,03/10/2026 11:35,Navya,Bansal,"Mumbai, Maharashtra",Electronics|Wireless Earbuds|1299,5
ORD-20261003-4759,2026-10-03 20:42:55,Diya,Chauhan,"vadodara, gujarat",Home And Kitchen|Steel Water Bottle|399,3
ORD-20261003-2617,03/10/2026 12:43,Nisha,Arora,"Kolkata, West Bengal",Beauty|Face Wash|249,3
ORD-20261003-3112,03/10/2026 11:44,Aditya,Yadav,"chennai, tamil nadu",Sports|Skipping Rope|199,1
ORD-20261003-2667,03/10/2026 22:08,Vivaan,Iyer,"Bengaluru, Karnataka",Electronics|Laptop Stand|749,1
ORD-20261003-1989,03-10-2026 18:24,  Mihir ,  Rao ,"bengaluru, karnataka",Electronics|Power Bank|899,2
ORD-20261003-3132,03-10-2026 22:45,Advik,Chauhan,"Jaipur, Rajasthan",Electronics|Bluetooth Speaker|1799,1
ORD-20261003-3183,03/10/2062 21:13,parth,Pawar,"Bengaluru, Karnataka",Electronics|Bluetooth Speaker|1799,1
ORD-20261003-3627,2026-10-03 10:15:03,Rohan,GUPTA,"Pune, Maharashtra",Home And Kitchen|Steel Water Bottle|399,1
ORD-20261003-3907,2026-10-03 19:46:14,  Gaurav ,,"Bengaluru, Karnataka",Fashion|Running Shoes|2199,1
ORD-20261003-2473,2026-10-03 15:23:53,Sai,  Vyas ,"Vadodara, Gujarat",,2
ORD-20261003-1381,03/10/2026 11:30,vivaan,shah,"chennai, tamil nadu",Beauty|Hair Serum|549,1
ORD-20261003-0778,2026-10-03 13:08:17,Ayaan,malhotra,"Ahmedabad, Gujarat",Home And Kitchen|Steel Water Bottle|399,2
ORD-20261003-4191,03/10/2026 19:04,Bhavna,Solanki,"ahmedabad, gujarat",Beauty|Sunscreen|449,1
ORD-20261003-2602,03/10/2026 23:27,Priya,agarwal,"  Surat, Gujarat ",Fashion|Sunglasses|999,1
ORD-20261003-0752,2026-10-03 17:05:50,Pari,Chopra,"Chennai, Tamil Nadu",Fashion|Sunglasses|999,1
ORD-20261003-3382,2026-10-03 20:49:18,Aadhya,Jain,"delhi, delhi",Sports|Football|799,1
ORD-20261003-3011,2026-10-03 04:22:26,rajesh,Pandya,"Surat, Gujarat",Home And Kitchen|Storage Box|299,4
ORD-20261003-2050,03-10-2026 21:59,Aarav,Chopra,"Delhi, Delhi",Home And Kitchen|Storage Box|299,
ORD-20261003-0832,2026-10-03 17:37:21,Kunal,vyas,"mumbai, maharashtra",Home And Kitchen|Storage Box|299,3
ORD-20261003-3902,2026-10-03 21:02:45,Shreya,MODI,"Vadodara, Gujarat",Electronics|Wireless Earbuds|1299,3
ORD-20261003-3684,03/10/2026 18:19,Kavya,VERMA,"AHMEDABAD, GUJARAT",Home And Kitchen|Bedsheet Set|1499,1
ORD-20261003-0218,03/10/2026 12:20,  Vihaan ,Thakkar,"MUMBAI, MAHARASHTRA",Fashion|Running Shoes|2199,1
ORD-20261003-0178,03/10/2062 14:40,Deepak,Sharma,"chennai, tamil nadu",Beauty|Lipstick|399,5
ORD-20261003-4825,2026-10-03 20:22:23,Rahul,  Kalavadia ,"nagpur, maharashtra",Sports|Yoga Mat|699,2
ORD-20261003-4173,2026-10-03 18:45:20,Priya,Thakkar,"Lucknow, Uttar Pradesh",Fashion|Running Shoes|2199,2
ORD-20261003-0743,03/10/2026 13:21,anjali,Patel,"  Delhi, Delhi ",Electronics|Laptop Stand|749,1
ORD-20261003-1622,03/10/2026 21:02,Arjun,mukherjee,"chennai, tamil nadu",Fashion|Cotton Kurta|799,1
ORD-20261003-1430,03/10/2026 19:34,bhavna,Kalavadia,"BENGALURU, KARNATAKA",Sports|Cricket Bat|1599,1
ORD-20261003-2801,03/10/2026 21:26,DIYA,Chauhan,"Vadodara, Gujarat",Beauty|Hair Serum|549,1
ORD-20261003-2912,03/10/2026 16:05,Jay,patel,"Bengaluru, Karnataka",Sports|Yoga Mat|699,1
ORD-20261003-4774,03/10/2026 17:57,Bhavna,Kapoor,"Pune, Maharashtra",Sports|Yoga Mat|699,1
ORD-20261003-2562,03/10/2026 09:28,Nidhi,Menon,"Delhi, Delhi",Electronics|Wireless Earbuds|1299,1
ORD-20261003-2746,03/10/2026 23:53,Varun,  Sinha ,"  Ahmedabad, Gujarat ",Home And Kitchen|Bedsheet Set|1499,1
ORD-20261003-2529,03/10/2026 12:22,Aditi,Iyer,"HYDERABAD, TELANGANA",Beauty|Hair Serum|549,3
ORD-20261003-0883,2026-10-03 08:44:40,diya,Mukherjee,"Hyderabad, Telangana",Sports|Cricket Bat|1599,1.0
ORD-20261003-3471,03-10-2026 19:00,manish,tiwari,"MUMBAI, MAHARASHTRA",Electronics|Wireless Earbuds|1299,1
ORD-20261003-1205,03-10-2026 17:44,Amit,RATHOD,"Pune, Maharashtra",Sports|Cricket Bat|1599,4
ORD-20261003-2588,03/10/2026 21:45,rudra,Rao,"Surat, Gujarat",Home And Kitchen|Wall Clock|649,2
ORD-20261003-1456,03/10/2026 22:44,Hetal,  Chaudhary ,"hyderabad, telangana",Fashion|Denim Jeans|1199,1
ORD-20261003-0913,2026-10-03 19:54:48,  Roshni ,PATIL,"mumbai, maharashtra",Fashion|Running Shoes|2199,2
ORD-20261003-0927,03/10/2026 20:58,jay,singh,"Coimbatore, Tamil Nadu",Beauty|Sunscreen|449,3
ORD-20261003-1177,2026-10-03 13:54:51,  Gaurav ,Iyer,"Pune, Maharashtra",Electronics|Smart Watch|2499,2
ORD-20261003-4139,03-10-2026 16:15,Riya,Saxena,"  Lucknow, Uttar Pradesh ",Electronics|Power Bank|899,2
ORD-20261003-4077,03/10/2026 01:56,Megha,Iyer,"lucknow, uttar pradesh",Sports|Cricket Bat|1599,2
ORD-20261003-1318,03-10-2026 22:36,anjali,parmar,"KOLKATA, WEST BENGAL",Home And Kitchen|Steel Water Bottle|399,1
ORD-20261003-4843,2026-10-03 21:11:32,Ishaan,  Bhatt ,"chennai, tamil nadu",Sports|Skipping Rope|199,1
ORD-20261003-1399,03/10/2062 02:47,Kabir,reddy,"Chennai, Tamil Nadu",Electronics|Power Bank|899,3
ORD-20261003-2003,03/10/2026 16:42,Sara,Bhatt,"hyderabad, telangana",Fashion|Leather Wallet|499, 2 
ORD-20261003-2368,2026-10-03 12:57:24,deepak,Patil,"bengaluru, karnataka",Electronics|Power Bank|899,1
ORD-20261003-0070,2026-10-03 08:06:21,Shreya,gupta,"Delhi, Delhi",Home And Kitchen|Bedsheet Set|1499,1
ORD-20261003-1951,03-10-2026 10:37,harsh,bose,"Ahmedabad, Gujarat",Electronics|Laptop Stand|749,1
ORD-20261003-1244,03/10/2026 15:20,Swati,tiwari,"Hyderabad, Telangana",Fashion|Denim Jeans|1199,3
ORD-20261003-3255,03/10/2026 11:44,Ayaan,Kapoor,"Bengaluru, Karnataka",Electronics|Wireless Earbuds|1299,1
ORD-20261003-3619,03/10/2026 10:00,Ananya,chaudhary,"Lucknow, Uttar Pradesh",Fashion|Denim Jeans|1199,2
ORD-20261003-3950,03/10/2026 18:53,kabir,Rathod,"DELHI, DELHI",Electronics|Laptop Stand|749,2
ORD-20261003-3958,2026-10-03 20:42:50,ANJALI,malhotra,"Delhi, Delhi",Electronics|Wireless Earbuds|1299,1
ORD-20261003-2193,03/10/2026 12:43,Parth,Iyer,"bengaluru, karnataka",Electronics|Laptop Stand|749,1
ORD-20261003-3556,2026-10-03 10:55:40,Kabir,reddy,"  Chennai, Tamil Nadu ",Sports|Cricket Bat|1599,1
ORD-20261003-1358,03/10/2026 08:21,Kunal,Sharma,"Mysuru, Karnataka",Home And Kitchen|Steel Water Bottle|399,4
ORD-20261003-0902,03/10/2026 19:11,PARI,  Modi ,"pune, maharashtra",Fashion|Running Shoes|2199,1
ORD-20261003-1347,2026-10-03 22:47:30,sai,vyas,"bengaluru, karnataka",Home And Kitchen|Bedsheet Set|1499,2
ORD-20261003-0729,03/10/2026 13:45,Mihir,Vyas,"Ahmedabad, Gujarat",Electronics|Smart Watch|2499,1
ORD-20261003-2427,03/10/2026 09:58,divya,Saxena,"Hyderabad, Telangana",Beauty|Lipstick|399,2
ORD-20261003-1221,2026-10-03 13:05:14,Gaurav,Menon,"hyderabad, telangana",Fashion|Cotton Kurta|799,1
ORD-20261003-1587,03/10/2026 22:23,  Advik ,Pillai,"bengaluru, karnataka",Beauty|Hair Serum|549,1.0
ORD-20261003-1526,03/10/2026 18:42,Krupa,Gupta,"bengaluru, karnataka",Fashion|Leather Wallet|499,1
ORD-20261003-4764,03/10/2026 21:18,Anika,Sharma,"Mumbai, Maharashtra",Fashion|Leather Wallet|499,2
ORD-20261003-0026,03/10/2026 16:13,DIVYA,patel,"MUMBAI, MAHARASHTRA",Electronics|Power Bank|899,1
ORD-20261003-2366,03/10/2026 13:30,Aarav,Solanki,"Pune, Maharashtra",Beauty|Perfume|1299,1
ORD-20261003-4569,03/10/2026 13:56,  Divya ,  Iyer ,"SURAT, GUJARAT",Electronics|Laptop Stand|749,2
ORD-20261003-1748,03/10/2026 08:53,Ayaan,Mishra,"Lucknow, Uttar Pradesh",Beauty|Hair Serum|549,1
ORD-20261003-2921,03/10/2026 23:18,Mansi,,"hyderabad, telangana",Electronics|Bluetooth Speaker|1799,
ORD-20261003-3120,03/10/2026 22:16,om,Tiwari,"Pune, Maharashtra",Electronics|Smart Watch|2499,1
ORD-20261003-2315,2026-10-03 06:31:55,Dhwani,Pawar,"Bengaluru, Karnataka",Fashion|Cotton Kurta|799,2
ORD-20261003-2373,03/10/2026 13:31,Payal,Sharma,"Bengaluru, Karnataka",Electronics|Bluetooth Speaker|1799,1
ORD-20261003-3356,2026-10-03 17:16:42,Deepak,Singh,"Chennai, Tamil Nadu",Fashion|Running Shoes|2199,1
ORD-20261003-3387,03/10/2026 12:17,  Rahul ,chauhan,"Lucknow, Uttar Pradesh",Fashion|Cotton Kurta|799,
ORD-20261003-1806,03/10/2026 23:58,Ritu,Vyas,"  Hyderabad, Telangana ",Fashion|Cotton Kurta|799,1
ORD-20261003-4237,03/10/2026 13:32,tanvi,MUKHERJEE,"nagpur, maharashtra",Electronics|Bluetooth Speaker|1799,2
ORD-20261003-3869,30/02/2026 16:20,Atharv,Singh,"delhi, delhi",Beauty|Lipstick|399,1
ORD-20261003-4641,03/10/2026 20:26,MYRA,Rao,"LUCKNOW, UTTAR PRADESH",Home And Kitchen|Non Stick Pan|1099,4
ORD-20261003-4697,03-10-2026 21:23,anjali,PARMAR,"Kolkata, West Bengal",Electronics|Power Bank|899,1
ORD-20261003-0806,03/10/2026 11:07,Saanvi,menon,"Chennai, Tamil Nadu",Fashion|Running Shoes|2199,1
ORD-20261003-1811,03/10/2026 11:33,Kunal,Iyer,"Surat, Gujarat",Electronics|Smart Watch|2499,1
ORD-20261003-3914,03/10/2026 04:19,Pari,  Agarwal ,"Hyderabad, Telangana",Beauty|Face Wash|249,4.0
ORD-20261003-1236,03-10-2026 16:31,Reyansh,Chauhan,"mumbai, maharashtra",Fashion|Cotton Kurta|799,1
ORD-20261003-2410,03/10/2026 07:38,Tanvi,das,"chennai, tamil nadu",Sports|Yoga Mat|699,1
ORD-20261003-1414,2026-10-03 12:41:27,aryan,Bansal,"lucknow, uttar pradesh",Beauty|Perfume|1299,2
ORD-20261003-4670,2026-10-03 11:16:40,kunal,Vyas,"mumbai, maharashtra",Electronics|Smart Watch|2499,3
ORD-20261003-2726,03/10/2026 19:38,  Saanvi ,Saxena,"Vadodara, Gujarat",Sports|Yoga Mat|699,1
ORD-20261003-4490,03-10-2026 20:19,Nisha,Bansal,"Surat, Gujarat",Home And Kitchen|Storage Box|299,1
ORD-20261003-1823,03/10/2026 22:03,suresh,mehta,"  Hyderabad, Telangana ",Home And Kitchen|Steel Water Bottle|399,1
ORD-20261003-2646,03/10/2026 23:22,komal,BHATT,"kolkata, west bengal",Sports|Cricket Bat|1599,2
ORD-20261003-2820,,Mansi,  Desai ,"delhi, delhi",Electronics|Bluetooth Speaker|1799,3
ORD-20261003-2424,03/10/2026 20:19,kunal,Bansal,"Hyderabad, Telangana",Home And Kitchen|Storage Box|299,4
ORD-20261003-0017,2026-10-03 21:24:05,Hetal,Gupta,"Delhi, Delhi",, 5 
ORD-20261003-4245,03/10/2026 23:43,Krishna,Shah,"bengaluru, karnataka",Fashion|Running Shoes|2199,1.0
ORD-20261003-0048,03/10/2026 16:31,Dev,Kalavadia,"Nagpur, Maharashtra",Sports|Football|799,1
ORD-20261003-1885,N/A,Parth,Pawar,"bengaluru, karnataka",Home And Kitchen|Non Stick Pan|1099,1
ORD-20261003-4103,2026-10-03 01:13:36,Riya,,"LUCKNOW, UTTAR PRADESH",Fashion|Denim Jeans|1199,1
ORD-20261003-2318,03/10/2026 22:28,Myra,mehta,"bengaluru, karnataka",Electronics|Smart Watch|2499,1
ORD-20261003-3467,03/10/2026 20:04,Saanvi,,"bengaluru, karnataka",Fashion|Leather Wallet|499,2
ORD-20261003-2863,03/10/2026 21:12,Neel,Trivedi,"Chennai, Tamil Nadu",Fashion|Running Shoes|2199,1
ORD-20261003-4461,03-10-2026 17:52,  Tushar ,Tiwari,"Chennai, Tamil Nadu",Sports|Cricket Bat|1599,1
ORD-20261003-4752,2026-10-03 20:32:11,Hetal,Bose,"  Bengaluru, Karnataka ",Beauty|Lipstick|399,1
ORD-20261003-1943,03/10/2026 14:38,vihaan,AGARWAL,"Jaipur, Rajasthan",Electronics|Power Bank|899,1
ORD-20261003-3541,2026-10-03 12:21:17,Karan,  Vyas ,"  Surat, Gujarat ",Fashion|Cotton Kurta|799,2
ORD-20261003-4628,2026-10-03 19:53:19,Megha,pillai,"Hyderabad, Telangana",Electronics|Laptop Stand|749,3
ORD-20261003-1142,03-10-2026 18:30,Amit,arora,"  Bengaluru, Karnataka ",Fashion|Denim Jeans|1199,2
ORD-20261003-4210,03-10-2026 20:43,  Anjali ,Kapoor,"Delhi, Delhi",Fashion|Sunglasses|999,1
ORD-20261003-1997,2026-10-03 14:47:20,PAYAL,  Ghosh ,"Bengaluru, Karnataka",Beauty|Sunscreen|449,1
ORD-20261003-0337,2026-10-03 18:44:16,Pranav,  Tiwari ,"Hyderabad, Telangana",Electronics|Bluetooth Speaker|1799,2
ORD-20261003-0626,31/02/2026 19:27,  Yash ,Sinha,"AHMEDABAD, GUJARAT",Fashion|Cotton Kurta|799,1
ORD-20261003-3240,2026-10-03 23:28:56,Vihaan,Kumar,"  Coimbatore, Tamil Nadu ",Electronics|Smart Watch|2499,2
ORD-20261003-1123,03/10/2026 18:59,Parth,Das,"JAIPUR, RAJASTHAN",Electronics|Power Bank|899,5
ORD-20261003-1912,2026-10-03 08:26:44,Divya,yadav,"hyderabad, telangana",Sports|Football|799,1
ORD-20261003-4797,2026-10-03 19:01:51,Swati,Joshi,"  Kolkata, West Bengal ",Sports|Football|799,1
ORD-20261003-2550,03/10/2026 14:55,karan,Kulkarni,"Chennai, Tamil Nadu",Fashion|Sunglasses|999,2
ORD-20261003-0471,03/10/2026 19:46,Rajesh,BOSE,"surat, gujarat",Electronics|Wireless Earbuds|1299,2
ORD-20261003-3044,03/10/2026 16:11,Deepak,das,"Surat, Gujarat",Electronics|Smart Watch|2499,1
ORD-20261003-1876,2026-10-03 14:34:29,Swati,Trivedi,"  Delhi, Delhi ",Home And Kitchen|Non Stick Pan|1099,1
ORD-20261003-2196,03/10/2026 14:29,Aditi,tiwari,"Pune, Maharashtra",Fashion|Sunglasses|999,2
ORD-20261003-3983,2026-10-03 22:50:50,Bhavna,kalavadia,,Fashion|Cotton Kurta|799, 2 
ORD-20261003-1327,03/10/2026 15:40,Yash,YADAV,"Vadodara, Gujarat",Fashion|Leather Wallet|499,1.0
ORD-20261003-1460,03/10/2026 10:52,,Desai,"Lucknow, Uttar Pradesh",Fashion|Cotton Kurta|799,1
ORD-20261003-2779,03/10/2026 16:08,Harsh,MISHRA,"Hyderabad, Telangana",Fashion|Running Shoes|2199,2
ORD-20261003-1359,03/10/2026 14:04,  Isha ,Sharma,"ahmedabad, gujarat",Sports|Skipping Rope|199,2
ORD-20261003-0829,03/10/2026 19:58,Nidhi,Kulkarni,"Surat, Gujarat",Electronics|Wireless Earbuds|1299,1
ORD-20261003-0396,2026-10-03 12:41:34,NAVYA,KALAVADIA,"Delhi, Delhi",Electronics|Power Bank|899,1
ORD-20261003-1766,03-10-2026 22:41,nikhil,  Khanna ,"  Delhi, Delhi ",Sports|Yoga Mat|699,1
ORD-20261003-4668,2026-10-03 11:23:36,Komal,Yadav,"  Bengaluru, Karnataka ",Fashion|Sunglasses|999, 5 
ORD-20261003-4737,03/10/2026 15:47,Khushi,Dubey,"Bengaluru, Karnataka",Sports|Skipping Rope|199,4
ORD-20261003-3930,2026-10-03 19:32:17,Saanvi,Kumar,"Hyderabad, Telangana",Fashion|Sunglasses|999,2
ORD-20261003-0149,03-10-2026 21:07,Aadhya,Yadav,"Chennai, Tamil Nadu",Fashion|Running Shoes|2199,2
ORD-20261003-2653,03/10/2026 10:25,  Ishaan ,Vyas,"Pune, Maharashtra",Beauty|Sunscreen|449,1
ORD-20261003-4725,03/10/2026 10:37,Nisha,khanna,"Delhi, Delhi",Electronics|Wireless Earbuds|1299,1
ORD-20261003-4795,03/10/2026 12:27,RUDRA,Parmar,"Delhi, Delhi",Fashion|Cotton Kurta|799,1
ORD-20261003-1423,03/10/2026 20:56,Simran,Sinha,"Mumbai, Maharashtra",Home And Kitchen|Steel Water Bottle|399,4
ORD-20261003-1199,2026-10-03 19:38:35,VIVAAN,kalavadia,"pune, maharashtra",Home And Kitchen|Non Stick Pan|1099,2
ORD-20261003-0160,03/10/2026 09:08,  Atharv ,Modi,"Lucknow, Uttar Pradesh",Fashion|Leather Wallet|499,1
ORD-20261003-1863,03-10-2026 12:05,Anjali,Kapoor,"Delhi, Delhi",Beauty|Hair Serum|549,1
ORD-20261003-3513,2026-10-03 13:47:33,Atharv,Yadav,"Hyderabad, Telangana",Beauty|Perfume|1299,1.0
ORD-20261003-2215,03/10/2026 08:14,null,,"Lucknow, Uttar Pradesh",Sports|Cricket Bat|1599,3
ORD-20261003-1852,03/10/2026 02:24,MEGHA,CHOPRA,"Jaipur, Rajasthan",Fashion|Running Shoes|2199,1
ORD-20261003-3161,2026-10-03 16:03:55,krupa,sharma,,Sports|Cricket Bat|1599, 2 
ORD-20261003-2363,03/10/2026 18:58,Myra,Dubey,"Surat, Gujarat",Fashion|Denim Jeans|1199,4
ORD-20261003-4041,03/10/2026 08:38,Dhruv,Desai,,Fashion|Running Shoes|2199,3
ORD-20261003-2483,2026-10-03 19:48:27,Aryan,kulkarni,"KOLKATA, WEST BENGAL",Fashion|Cotton Kurta|799,2
ORD-20261003-4523,03/10/2026 09:51,rajesh,Mehta,"Mumbai, Maharashtra",Fashion|Sunglasses|999,1
ORD-20261003-3824,03-10-2026 22:05,Neha,Bansal,"Coimbatore, Tamil Nadu",Sports|Skipping Rope|199,2
ORD-20261003-2088,03/10/2026 20:10,aditya,Kulkarni,"Mysuru, Karnataka",Electronics|Wireless Earbuds|1299,1
ORD-20261003-4473,2026-10-03 23:40:39,Advik,malhotra,"Hyderabad, Telangana",Electronics|Power Bank|899,2
ORD-20261003-2864,03/10/2026 14:06,  Rajesh ,bansal,"Chennai, Tamil Nadu",Electronics|Power Bank|899,3
ORD-20261003-3603,2026-10-03 23:33:53,Rajesh,Saxena,"Bengaluru, Karnataka",Electronics|Power Bank|899,1
ORD-20261003-0688,2026-10-03 01:40:52,Vikas,menon,"Hyderabad, Telangana",Fashion|Sunglasses|999,1
ORD-20261003-3274,03/10/2026 08:34,  Shaurya ,  Tiwari ,"Mumbai, Maharashtra",Sports|Yoga Mat|699,1
ORD-20261003-2569,2026-10-03 08:27:52,Riya,Pillai,"Delhi, Delhi",Home And Kitchen|Non Stick Pan|1099,two
ORD-20261003-0379,03/10/2026 07:22,Tushar,Sharma,"Ahmedabad, Gujarat",Fashion|Denim Jeans|1199,3.0
ORD-20261003-3846,03/10/2026 22:09,ANIKA,Joshi,"Mysuru, Karnataka",Beauty|Perfume|1299,2
ORD-20261003-3208,03/10/2026 21:47,Isha,  Chaudhary ,"Vadodara, Gujarat",Electronics|Laptop Stand|749,1
ORD-20261003-0706,03-10-2026 17:29,roshni,reddy,"Vadodara, Gujarat",Home And Kitchen|Steel Water Bottle|399, 1 
ORD-20261003-0466,03/10/2026 07:41,Janvi,Reddy,"bengaluru, karnataka",Fashion|Denim Jeans|1199,3
ORD-20261003-4253,03/10/2026 19:40,Neel,Sinha,,Home And Kitchen|Non Stick Pan|1099,2
ORD-20261003-3726,03/10/2026 14:43,SHAURYA,nair,"Pune, Maharashtra",Fashion|Leather Wallet|499,4.0
ORD-20261003-3992,2026-10-03 16:39:16,Janvi,Gupta,"Lucknow, Uttar Pradesh",Electronics|Wireless Earbuds|1299,1
ORD-20261003-3845,03/10/2026 18:34,SHAURYA,Vyas,"Ahmedabad, Gujarat",Home And Kitchen|Steel Water Bottle|399,1
ORD-20261003-1201,03/10/2026 15:49,Anika,Srivastava,"MYSURU, KARNATAKA",Fashion|Running Shoes|2199,4
ORD-20261003-3896,03/10/2026 14:12,Vihaan,Chopra,"mysuru, karnataka",Fashion|Running Shoes|2199,2.0
ORD-20261003-1410,2026-10-03 21:34:59,deepak,SINGH,"Chennai, Tamil Nadu",Beauty|Perfume|1299,1
ORD-20261003-0539,03/10/2026 19:03,Sai,Pillai,"Hyderabad, Telangana",Electronics|Wireless Earbuds|1299,2
ORD-20261003-4547,03/10/2026 16:05,Rohan,arora,"Surat, Gujarat",Fashion|Sunglasses|999,1
ORD-20261003-2876,03/10/2026 10:52,Rahul,Sinha,"Bengaluru, Karnataka",Fashion|Denim Jeans|1199,4
ORD-20261003-3440,03/10/2026 06:44,Nidhi,Patil,"  Mumbai, Maharashtra ",Home And Kitchen|Wall Clock|649,2
ORD-20261003-1081,2026-10-03 11:58:03,  Aadhya ,Pillai,"Pune, Maharashtra",Sports|Cricket Bat|1599,1
ORD-20261003-0243,2026-10-03 21:22:21,Kriti,pawar,"kolkata, west bengal",Electronics|Wireless Earbuds|1299,2
ORD-20261003-4431,03/10/2026 22:06,Karan,Chauhan,"Ahmedabad, Gujarat",Home And Kitchen|Wall Clock|649,1
ORD-20261003-2478,03/10/2026 15:25,Diya,Chaudhary,"Lucknow, Uttar Pradesh",Fashion|Cotton Kurta|799,1
ORD-20261003-1628,03/10/2026 19:48,  Nikhil ,kapoor,"AHMEDABAD, GUJARAT",Home And Kitchen|Storage Box|299,1
ORD-20261003-3390,03/10/2026 12:19,Tushar,SOLANKI,"Mumbai, Maharashtra",Sports|Yoga Mat|699,1
ORD-20261003-1104,2026-10-03 20:49:57,arjun,Patil,N/A,Fashion|Cotton Kurta|799,
ORD-20261003-4106,03/10/2026 20:33,nisha,sinha,"Vadodara, Gujarat",Fashion|Leather Wallet|499, 1 
ORD-20261003-4771,03/10/2026 22:37,parth,parmar,"Nagpur, Maharashtra",Electronics|Laptop Stand|749,3
ORD-20261003-2020,03/10/2026 11:37,,Mehta,"Bengaluru, Karnataka",Fashion|Sunglasses|999,1
ORD-20261003-4561,03/10/2026 04:51,vivaan,pawar,"Mumbai, Maharashtra",Fashion|Sunglasses|999,1
ORD-20261003-0248,03/10/2026 17:48,deepak,Gupta,"Bengaluru, Karnataka",Home And Kitchen|Non Stick Pan|1099,1
ORD-20261003-3130,03/10/2026 18:52,  Janvi ,  Solanki ,"Kolkata, West Bengal",Fashion|Leather Wallet|499,2
ORD-20261003-3019,2026-10-03 09:24:58,Ritu,Trivedi,"ahmedabad, gujarat",Beauty|Face Wash|249,2
ORD-20261003-4829,2026-10-03 20:32:54,  Karan ,Jain,"Bengaluru, Karnataka",Fashion|Leather Wallet|499,2
ORD-20261003-1383,03/10/2026 20:28,rudra,KUMAR,"  Pune, Maharashtra ",Electronics|Power Bank|899,5
ORD-20261003-3634,03/10/2026 13:22,Mihir,Menon,"Ahmedabad, Gujarat",Fashion|Leather Wallet|499,4.0
ORD-20261003-2043,2026-10-03 08:45:25,Sai,Rao,"nagpur, maharashtra",Fashion|Running Shoes|2199,3
ORD-20261003-1931,2026-10-03 12:19:25,Swati,mukherjee,"Chennai, Tamil Nadu",Home And Kitchen|Wall Clock|649,2
ORD-20261003-2374,2026-10-03 19:00:27,Sai,JOSHI,"mumbai, maharashtra",Fashion|Denim Jeans|1199,5
ORD-20261003-0193,03-10-2026 19:03,Dhruv,Singh,"Kolkata, West Bengal",Electronics|Bluetooth Speaker|1799,1
ORD-20261003-2321,03/10/2026 21:19,krupa,sharma,"  Vadodara, Gujarat ",Home And Kitchen|Wall Clock|649,5
ORD-20261003-2384,03/10/2026 19:33,  Harsh ,Chaudhary,"bengaluru, karnataka",Sports|Skipping Rope|199,1
ORD-20261003-4445,2026-10-03 17:19:00,  Saanvi ,Dubey,"Nagpur, Maharashtra",Electronics|Power Bank|899,3
ORD-20261003-1485,03/10/2026 15:04,Parth,Bansal,"Chennai, Tamil Nadu",Beauty|Perfume|1299,2
ORD-20261003-4211,2026-10-03 11:56:27,Vikas,Srivastava,"Lucknow, Uttar Pradesh",Home And Kitchen|Bedsheet Set|1499,1
ORD-20261003-4471,2026-10-03 12:19:23,rahul,Dubey,"jaipur, rajasthan",Electronics|Bluetooth Speaker|1799,1
ORD-20261003-2570,03/10/2026 15:53,Riya,Saxena,"Lucknow, Uttar Pradesh",Electronics|Power Bank|899, 4 
ORD-20261003-3826,2026-10-03 15:35:52,Shaurya,Ghosh,"Delhi, Delhi",Electronics|Power Bank|899, 2 
ORD-20261003-2506,2026-10-03 12:45:04,Aryan,SINGH,"Nagpur, Maharashtra",Electronics|Laptop Stand|749,1
ORD-20261003-2756,2026-10-03 12:34:59,Parth,Sinha,"Chennai, Tamil Nadu",Fashion|Leather Wallet|499,1
ORD-20261003-2858,03/10/2026 09:11,Varun,Solanki,"bengaluru, karnataka",Electronics|Bluetooth Speaker|1799,4
ORD-20261003-0696,03/10/2026 20:30,ayaan,arora,"Delhi, Delhi",Electronics|Wireless Earbuds|1299,1
ORD-20261003-3450,03-10-2026 17:18,MYRA,vyas,"  Bengaluru, Karnataka ",Fashion|Running Shoes|2199,1
ORD-20261003-3762,03/10/2026 21:38,palak,Das,"Pune, Maharashtra",Fashion|Cotton Kurta|799,5
ORD-20261003-0726,03-10-2026 21:04,kriti,Patil,"Mysuru, Karnataka",Home And Kitchen|Bedsheet Set|1499,4
ORD-20261003-1697,03/10/2026 21:49,Swati,Malhotra,"Delhi, Delhi",Electronics|Bluetooth Speaker|1799,2
ORD-20261003-0556,03/10/2026 15:26,tushar,Yadav,,Fashion|Leather Wallet|499,1
ORD-20261003-0768,03-10-2026 10:18,  Myra ,,"Bengaluru, Karnataka",Fashion|Running Shoes|2199,1
ORD-20261003-0415,03-10-2026 11:55,Dev,Chaudhary,"Chennai, Tamil Nadu",Fashion|Sunglasses|999,1
ORD-20261003-3264,03-10-2026 11:30,Arjun,trivedi,"AHMEDABAD, GUJARAT",Fashion|Running Shoes|2199,1
ORD-20261003-3441,03-10-2026 20:43,PARTH,pandya,"ahmedabad, gujarat",Home And Kitchen|Bedsheet Set|1499,1
ORD-20261003-4498,2026-10-03 22:40:16,KARAN,Malhotra,"Pune, Maharashtra",Fashion|Sunglasses|999,2
ORD-20261003-1613,03/10/2026 14:10,Anjali,dubey,"Pune, Maharashtra",Sports|Dumbbell Set|1899,2
ORD-20261003-3123,2026-10-03 12:22:29,neel,Joshi,"chennai, tamil nadu",Sports|Dumbbell Set|1899,4.0
ORD-20261003-2084,03/10/2026 22:41,Swati,VERMA,"Mumbai, Maharashtra",Electronics|Bluetooth Speaker|1799,1
ORD-20261003-3098,03/10/2026 23:54,Pranav,trivedi,"Mumbai, Maharashtra",Fashion|Running Shoes|2199,1
ORD-20261003-3753,03-10-2026 20:50,Shreya,,"Coimbatore, Tamil Nadu",Fashion|Sunglasses|999,2
ORD-20261003-3504,03/10/2025 07:09,palak,kulkarni,"surat, gujarat",Sports|Skipping Rope|199,2
ORD-20261003-4833,2026-10-03 12:10:44,vihaan,Rao,"Pune, Maharashtra",Electronics|Laptop Stand|749,1
ORD-20261003-2766,2026-10-03 12:09:41,ishaan,Bansal,"Jaipur, Rajasthan",Electronics|Bluetooth Speaker|1799,1
ORD-20261003-0953,03/10/2026 19:02,saanvi,  Singh ,"MUMBAI, MAHARASHTRA",Sports|Skipping Rope|199,1
ORD-20261003-0274,03/10/2026 23:22,kabir,Vyas,"bengaluru, karnataka",Fashion|Sunglasses|999,2
ORD-20261003-2244,03-10-2026 17:53,Kavya,vyas,"Bengaluru, Karnataka",Fashion|Sunglasses|999,1
ORD-20261003-1271,03-10-2026 22:41,Sneha,Kapoor,"  Hyderabad, Telangana ",Sports|Cricket Bat|1599,6
ORD-20261003-3981,03/10/2026 04:05,Kriti,Mishra,"Chennai, Tamil Nadu",Electronics|Wireless Earbuds|1299,2
ORD-20261003-2803,03/10/2026 22:16,Aryan,Pillai,"MUMBAI, MAHARASHTRA",Home And Kitchen|Storage Box|299,2.0
ORD-20261003-2335,2026-10-03 18:49:58,Anika,Patel,"Hyderabad, Telangana",Fashion|Cotton Kurta|799,1
ORD-20261003-4525,03/10/2026 09:53,karan,PILLAI,"Ahmedabad, Gujarat",Electronics|Laptop Stand|749,
ORD-20261003-4825,2026-10-03 20:22:23,Rahul,  Kalavadia ,"nagpur, maharashtra",Sports|Yoga Mat|699,2
ORD-20261003-4784,2026-10-03 12:22:54,Rahul,Patil,N/A,Home And Kitchen|Steel Water Bottle|399, 1 
ORD-20261003-1470,03-10-2026 21:54,  Divya ,  Patel ,"mumbai, maharashtra",Fashion|Leather Wallet|499,2
ORD-20261003-3997,2026-10-03 23:31:09,Arjun,  Modi ,"  Coimbatore, Tamil Nadu ",Electronics|Laptop Stand|749,1.0
ORD-20261003-0941,03/10/2026 12:32,advik,  Singh ,"hyderabad, telangana",Electronics|Power Bank|899, 1 
ORD-20261003-1914,03/10/2026 11:26,shaurya,Sinha,"Hyderabad, Telangana",Sports|Cricket Bat|1599,1
ORD-20261003-1631,03/10/2026 21:06,Swati,SHAH,"Lucknow, Uttar Pradesh",Beauty|Hair Serum|549,1
ORD-20261003-0253,03/10/2026 23:49,Pooja,Khanna,"Pune, Maharashtra",Home And Kitchen|Steel Water Bottle|399, 1 
ORD-20261003-3849,,Janvi,  Patil ,"Ahmedabad, Gujarat",Home And Kitchen|Steel Water Bottle|399,1
ORD-20261003-0735,2026-10-03 18:31:44,PARTH,Kapoor,"PUNE, MAHARASHTRA",Beauty|Lipstick|399,2
ORD-20261003-2346,03/10/2026 14:23,ananya,KUMAR,"bengaluru, karnataka",Electronics|Smart Watch|2499, 1 
ORD-20261003-2476,03/10/2026 16:35,mihir,Agarwal,,Beauty|Lipstick|399,2
ORD-20261003-4270,03/10/2026 20:58,PARI,Bhatt,"Vadodara, Gujarat",Fashion|Leather Wallet|499,2
ORD-20261003-3260,03/10/2026 09:39,Priya,Srivastava,"  Chennai, Tamil Nadu ",Beauty|Face Wash|249,1
ORD-20261003-3942,2026-10-03 09:42:32,Riya,PATIL,"Bengaluru, Karnataka",Fashion|Denim Jeans|1199,4
ORD-20261003-1195,03/10/2026 20:56,Kabir,KUMAR,"Mumbai, Maharashtra",Sports|Cricket Bat|1599,1
ORD-20261003-4343,2026-10-03 08:01:48,Kunal,KAPOOR,"KOLKATA, WEST BENGAL",Electronics|Power Bank|899,2
ORD-20261003-2676,03/10/2026 07:49,Anika,kulkarni,"LUCKNOW, UTTAR PRADESH",Electronics|Laptop Stand|749,1
ORD-20261003-1082,2026-10-03 13:00:51,Sara,Saxena,"Chennai, Tamil Nadu",Electronics|Bluetooth Speaker|1799,3
ORD-20261003-2687,03/10/2026 13:49,Vivaan,DAS,"Pune, Maharashtra",Fashion|Leather Wallet|499,1
ORD-20261003-4775,2026-10-03 22:14:06,Ananya,pawar,"lucknow, uttar pradesh",Electronics|Smart Watch|2499,2
ORD-20261003-2900,2026-10-03 10:54:26,Parth,  Khanna ,"Kolkata, West Bengal",Fashion|Sunglasses|999,1
ORD-20261003-2392,2026-10-03 18:18:31,rohan,Reddy,"PUNE, MAHARASHTRA",Fashion|Leather Wallet|499,1
ORD-20261003-2936,03/10/2026 11:58,Anika,Reddy,"Delhi, Delhi",Fashion|Sunglasses|999,1
ORD-20261003-2640,03/10/2026 22:02,  Payal ,Ghosh,"Bengaluru, Karnataka",Home And Kitchen|Storage Box|299,2
ORD-20261003-2258,03-10-2026 18:41,Aryan,Agarwal,"Chennai, Tamil Nadu",Electronics|Wireless Earbuds|1299,2
ORD-20261003-4611,2026-10-03 17:29:35,Arjun,parmar,"Surat, Gujarat",Home And Kitchen|Non Stick Pan|1099,1
ORD-20261003-4629,,mansi,ghosh,"Surat, Gujarat",Fashion|Sunglasses|999,3
ORD-20261003-0323,03/10/2026 15:21,vihaan,Yadav,"Mysuru, Karnataka",Fashion|Running Shoes|2199,1
ORD-20261003-1172,03/10/2026 19:51,Atharv,Agarwal,"Ahmedabad, Gujarat",Sports|Cricket Bat|1599,3
ORD-20261003-3122,03/10/2026 10:58,Ananya,  Menon ,"PUNE, MAHARASHTRA",Electronics|Power Bank|899,1
ORD-20261003-1261,03-10-2026 12:44,om,Desai,"Mysuru, Karnataka",Fashion|Denim Jeans|1199,2
ORD-20261003-1051,03/10/2026 15:53,null,Desai,"  Nagpur, Maharashtra ",Fashion|Leather Wallet|499,1
ORD-20261003-2878,03-10-2026 10:02,Tushar,Shah,"PUNE, MAHARASHTRA",Fashion|Leather Wallet|499,2
ORD-20261003-0553,03/10/2026 07:15,TUSHAR,  Tiwari ,"Chennai, Tamil Nadu",Fashion|Cotton Kurta|799,2
ORD-20261003-1835,03/10/2026 22:36,sneha,Chauhan,"Jaipur, Rajasthan",Electronics|Smart Watch|2499,3
ORD-20261003-0419,03/10/2026 15:47,parth,kumar,"Pune, Maharashtra",Fashion|Sunglasses|999,1
ORD-20261003-2919,2026-10-03 08:55:14,Ananya,Sharma,"  Hyderabad, Telangana ",Beauty|Hair Serum|549,2
ORD-20261003-0222,03/10/2026 16:58,Arjun,Patel,"Pune, Maharashtra",Fashion|Denim Jeans|1199,1
ORD-20261003-4203,03/10/2026 18:17,Dhwani,patil,"Vadodara, Gujarat",Fashion|Leather Wallet|499,1
ORD-20261003-3442,03/10/2026 13:57,Sneha,  Bhatt ,"  Bengaluru, Karnataka ",Sports|Yoga Mat|699,3.0
ORD-20261003-1118,03-10-2026 13:52,myra,Trivedi,"Pune, Maharashtra",Fashion|Leather Wallet|499,2
ORD-20261003-3051,03/10/2026 12:51,,Dubey,"JAIPUR, RAJASTHAN",Fashion|Sunglasses|999,4
ORD-20261003-1618,03/10/2026 21:40,Nisha,Pawar,"BENGALURU, KARNATAKA",Home And Kitchen|Bedsheet Set|1499,2
ORD-20261003-0372,03/10/2026 17:13,Saanvi,Dubey,"Nagpur, Maharashtra",Sports|Dumbbell Set|1899,1.0
ORD-20261003-1185,03/10/2026 22:02,Dev,Bhatt,"Mumbai, Maharashtra",Sports|Yoga Mat|699,1
ORD-20261003-4838,03/10/2026 21:22,Dev,Bansal,"COIMBATORE, TAMIL NADU",Fashion|Leather Wallet|499,2
ORD-20261003-0235,03/10/2026 22:03,  Divya ,  Kapoor ,"  Pune, Maharashtra ",Electronics|Bluetooth Speaker|1799,1
ORD-20261003-2494,03/10/2026 12:41,Vikas,Mukherjee,"HYDERABAD, TELANGANA",Fashion|Leather Wallet|499,1
ORD-20261003-1616,03/10/2026 13:39,Anjali,Chopra,"Hyderabad, Telangana",Sports|Dumbbell Set|1899,1
ORD-20261003-3057,2026-10-03 09:02:46,,Tiwari,"Nagpur, Maharashtra",Fashion|Denim Jeans|1199,1
ORD-20261003-0762,2026-10-03 22:11:17,Sai,Saxena,"  Ahmedabad, Gujarat ",Home And Kitchen|Bedsheet Set|1499,5
ORD-20261003-0694,2026-10-03 09:36:21,Om,Joshi,"Mysuru, Karnataka",Fashion|Sunglasses|999,2
ORD-20261003-0554,03/10/2026 14:06,bhavna,Singh,"Chennai, Tamil Nadu",Home And Kitchen|Storage Box|299,4.0
ORD-20261003-2595,2026-10-03 15:28:45,Krupa,SINGH,"delhi, delhi",Fashion|Running Shoes|2199,2
ORD-20261003-0907,2026-10-03 14:05:33,dhwani,chaudhary,"Coimbatore, Tamil Nadu",Fashion|Running Shoes|2199,1
ORD-20261003-3027,,Pranav,Kapoor,"Surat, Gujarat",Electronics|Wireless Earbuds|1299,1
ORD-20261003-2115,03/10/2026 23:59,  Dev ,,"Bengaluru, Karnataka",Beauty|Sunscreen|449,1
ORD-20261003-1474,,HETAL,  Srivastava ,"AHMEDABAD, GUJARAT",Fashion|Leather Wallet|499,1
ORD-20261003-1043,03-10-2026 16:57,  Ishaan ,Pillai,"PUNE, MAHARASHTRA",Electronics|Laptop Stand|749,4
ORD-20261003-1988,2026-10-03 17:22:13,Sai,Bansal,"Bengaluru, Karnataka",Fashion|Sunglasses|999, 1 
ORD-20261003-3315,2026-10-03 18:55:33,janvi,saxena,"Chennai, Tamil Nadu",Electronics|Bluetooth Speaker|1799,1
ORD-20261003-4172,03/10/2026 19:32,hetal,Patil,"Kolkata, West Bengal",Sports|Cricket Bat|1599,1
ORD-20261003-1921,03/10/2026 12:58,Palak,AGARWAL,"Chennai, Tamil Nadu",Fashion|Sunglasses|999,2
ORD-20261003-3335,2026-10-03 15:35:47,Nisha,khanna,"DELHI, DELHI",Fashion|Leather Wallet|499,3
ORD-20261003-4327,2026-10-03 18:56:48,KRITI,Joshi,"Delhi, Delhi",Home And Kitchen|Storage Box|299,2
ORD-20261003-0880,2026-10-03 19:21:13,Simran,Khanna,"Delhi, Delhi",Beauty|Lipstick|399,1
ORD-20261003-3999,03-10-2026 22:08,tushar,  Patel ,"Ahmedabad, Gujarat",Electronics|Smart Watch|2499,2
ORD-20261003-1341,03/10/2026 16:40,Janvi,Reddy,"Bengaluru, Karnataka",Home And Kitchen|Wall Clock|649,1
ORD-20261003-2973,03/10/2026 06:00,Jay,rathod,"Ahmedabad, Gujarat",Fashion|Denim Jeans|1199,1
ORD-20261003-4183,03/10/2026 19:33,Payal,Srivastava,"pune, maharashtra",Home And Kitchen|Wall Clock|649,1
ORD-20261003-2930,2026-10-03 19:34:07,Parth,pawar,"Lucknow, Uttar Pradesh",Fashion|Denim Jeans|1199,1
ORD-20261003-0788,03/10/2026 06:45,Karan,KULKARNI,"  Jaipur, Rajasthan ",Beauty|Perfume|1299,1
ORD-20261003-2758,03-10-2026 22:24,Roshni,Modi,"pune, maharashtra",Electronics|Wireless Earbuds|1299,1
ORD-20261003-2253,03/10/2026 00:44,Mansi,Solanki,"Delhi, Delhi",Electronics|Power Bank|899, 2 
ORD-20261003-0563,2026-10-03 14:53:48,Ananya,  Sinha ,"Surat, Gujarat",Fashion|Sunglasses|999,1
ORD-20261003-3716,2026-10-03 18:07:31,neha,PARMAR,"Mumbai, Maharashtra",Sports|Cricket Bat|1599,1
ORD-20261003-3855,2026-10-03 11:52:55,Advik,  Pandya ,"Nagpur, Maharashtra",Home And Kitchen|Steel Water Bottle|399,1
ORD-20261003-4130,03-10-2026 12:13,Parth,kapoor,"pune, maharashtra",Fashion|Running Shoes|2199,1
ORD-20261003-3038,03/10/2026 12:02,NIKHIL,Rao,"  Pune, Maharashtra ",Electronics|Bluetooth Speaker|1799,2
ORD-20261003-3783,2026-10-03 15:40:53,Amit,Jain,"Chennai, Tamil Nadu",Sports|Dumbbell Set|1899,3
ORD-20261003-0239,2026-10-03 14:46:48,rajesh,Nair,"Chennai, Tamil Nadu",Beauty|Lipstick|399,2
ORD-20261003-3693,2026-10-03 18:26:51,Ritu,kalavadia,,Fashion|Running Shoes|2199,3
ORD-20261003-2438,03/10/2026 19:42,NIDHI,Chaudhary,"  Bengaluru, Karnataka ",Electronics|Power Bank|899,4
ORD-20261003-2716,03-10-2026 19:14,Ayaan,menon,"Hyderabad, Telangana",Electronics|Wireless Earbuds|1299, 1 
ORD-20261003-0184,03/10/2026 23:13,Krupa,Reddy,"hyderabad, telangana",Sports|Yoga Mat|699,1
ORD-20261003-4026,2026-10-03 07:21:57,,Chopra,"Chennai, Tamil Nadu",Beauty|Lipstick|399,1
ORD-20261003-3073,2026-10-03 14:28:26,Amit,Jain,"Chennai, Tamil Nadu",Fashion|Denim Jeans|1199, 2 
ORD-20261003-3621,03/10/2026 18:10,Nidhi,KULKARNI,"SURAT, GUJARAT",Home And Kitchen|Wall Clock|649,2
ORD-20261003-1259,2026-10-03 10:29:14,pranav,Bhatt,"Bengaluru, Karnataka",Fashion|Leather Wallet|499,1
ORD-20261003-3401,03/10/2026 20:32,Deepak,Rathod,"Bengaluru, Karnataka",Fashion|Running Shoes|2199,3
ORD-20261003-0162,2026-10-03 08:39:09,navya,Bansal,"  Mumbai, Maharashtra ",Electronics|Wireless Earbuds|1299,1
ORD-20261003-1567,03/10/2026 19:34,Pari,Chopra,"Bengaluru, Karnataka",Beauty|Sunscreen|449,3
ORD-20261003-1999,03-10-2026 12:32,Karan,Ghosh,"vadodara, gujarat",Electronics|Power Bank|899,4.0
ORD-20261003-2623,03/10/2026 17:25,Pari,shah,"  Delhi, Delhi ",Electronics|Laptop Stand|749,3
ORD-20261003-4378,03-10-2026 11:30,deepak,Solanki,"  Mumbai, Maharashtra ",Fashion|Leather Wallet|499,1
ORD-20261003-1138,03/10/2026 03:17,  Roshni ,Singh,"Ahmedabad, Gujarat",Sports|Football|799,2
ORD-20261003-4730,03/10/2026 12:58,  Krupa ,gupta,"Lucknow, Uttar Pradesh",Fashion|Denim Jeans|1199,1
ORD-20261003-0996,03/10/2026 11:45,SAI,SINHA,"CHENNAI, TAMIL NADU",Fashion|Cotton Kurta|799,1
ORD-20261003-0798,03-10-2026 14:08,isha,Khanna,"Mumbai, Maharashtra",Electronics|Wireless Earbuds|1299,2
ORD-20261003-2791,2026-10-03 18:12:11,Dhwani,  Agarwal ,"  Ahmedabad, Gujarat ",Electronics|Smart Watch|2499,2
ORD-20261003-4035,03/10/2026 15:40,  Reyansh ,THAKKAR,"CHENNAI, TAMIL NADU",Fashion|Cotton Kurta|799,2.0
ORD-20261003-1826,2026-10-03 11:24:00,Aditya,  Mishra ,"Delhi, Delhi",Fashion|Sunglasses|999,1
ORD-20261003-4313,31/02/2026 14:17,yash,saxena,"Jaipur, Rajasthan",Electronics|Power Bank|899,1
ORD-20261003-0411,2026-10-03 20:01:58,aarav,  Bose ,"Lucknow, Uttar Pradesh",Fashion|Denim Jeans|1199,1
ORD-20261003-0800,03-10-2026 18:40,Shreya,nair,"  Pune, Maharashtra ",Home And Kitchen|Wall Clock|649,4
ORD-20261003-0036,2026-10-03 16:19:19,JANVI,Kapoor,"bengaluru, karnataka",Electronics|Smart Watch|2499,2.0
ORD-20261003-3481,03/10/2026 00:43,ANJALI,parmar,"Kolkata, West Bengal",Fashion|Denim Jeans|1199,1
ORD-20261003-2252,03-10-2026 09:12,Rajesh,Vyas,"Bengaluru, Karnataka",Electronics|Power Bank|899,2
ORD-20261003-4385,2026-10-03 19:04:28,Divya,,"Jaipur, Rajasthan",Home And Kitchen|Steel Water Bottle|399,2
ORD-20261003-0803,03/10/2026 11:03,Aryan,Pandya,"Mumbai, Maharashtra",Fashion|Denim Jeans|1199,3
ORD-20261003-2536,03-10-2026 07:43,Varun,Chopra,"Chennai, Tamil Nadu",Home And Kitchen|Steel Water Bottle|399,3
ORD-20261003-2001,2026-10-03 12:18:07,Mansi,PARMAR,"Nagpur, Maharashtra",Sports|Yoga Mat|699,1
ORD-20261003-0635,03/10/2026 12:15,Myra,MEHTA,"bengaluru, karnataka",Sports|Dumbbell Set|1899,2
ORD-20261003-0164,03/10/2026 14:31,Kunal,Chaudhary,"Surat, Gujarat",Home And Kitchen|Wall Clock|649,1
ORD-20261003-0057,03-10-2026 14:40,  Priya ,rao,"hyderabad, telangana",Fashion|Sunglasses|999,2
ORD-20261003-1200,2026-10-03 13:07:41,Reyansh,Gupta,"vadodara, gujarat",Fashion|Denim Jeans|1199,3
ORD-20261003-4579,03/10/2026 21:18,Mihir,Bansal,"hyderabad, telangana",Home And Kitchen|Wall Clock|649,1
ORD-20261003-0939,2026-10-03 04:53:58,Kriti,Joshi,"jaipur, rajasthan",Fashion|Denim Jeans|1199,1
,2026-10-03 11:33:13,payal,Yadav,"Mumbai, Maharashtra",Fashion|Leather Wallet|499,1
ORD-20261003-3544,03/10/2026 04:54,Myra,kalavadia,"Mumbai, Maharashtra",Fashion|Leather Wallet|499,1
ORD-20261003-4205,03-10-2026 18:17,dhruv,Desai,"Hyderabad, Telangana",Home And Kitchen|Steel Water Bottle|399, 3 
ORD-20261003-2552,03/10/2026 21:27,Aryan,kulkarni,"Kolkata, West Bengal",Fashion|Denim Jeans|1199,1
ORD-20261003-0144,03/10/2026 13:19,navya,Pandya,"  Lucknow, Uttar Pradesh ",Beauty|Sunscreen|449,3
ORD-20261003-2677,03/10/2026 22:16,  Vivaan ,Das,"DELHI, DELHI",Fashion|Cotton Kurta|799,2
ORD-20261003-4706,03/10/2026 13:00,Aarav,malhotra,"  Mumbai, Maharashtra ",Fashion|Running Shoes|2199,2
ORD-20261003-3429,2026-10-03 19:34:37,,mishra,"mumbai, maharashtra",Fashion|Sunglasses|999,2
ORD-20261003-0895,03/10/2026 15:53,Ayaan,mukherjee,"ahmedabad, gujarat",Fashion|Leather Wallet|499,2
ORD-20261003-1336,03-10-2026 14:35,Kunal,sharma,"Mysuru, Karnataka",Sports|Football|799,1
ORD-20261003-4011,03/10/2026 18:31,Rajesh,Mehta,"Mumbai, Maharashtra",Electronics|Wireless Earbuds|1299,2
ORD-20261003-1417,03-10-2026 20:26,Atharv,  Das ,"Kolkata, West Bengal",Home And Kitchen|Wall Clock|649,1
ORD-20261003-3910,03/10/2026 20:57,Aryan,Rao,"delhi, delhi",Fashion|Running Shoes|2199,1
ORD-20261003-3913,03/10/2026 16:37,Komal,trivedi,"Delhi, Delhi",Fashion|Cotton Kurta|799,2
ORD-20261003-3327,03/10/2026 06:44,Gaurav,,"  Delhi, Delhi ",Fashion|Denim Jeans|1199,0
ORD-20261003-0368,2026-10-03 13:07:29,anjali,Parmar,"Kolkata, West Bengal",Fashion|Leather Wallet|499, 1 
ORD-20261003-3980,03/10/2026 21:45,Bhavna,VYAS,"Hyderabad, Telangana",Electronics|Smart Watch|2499,1
ORD-20261003-1070,03/10/2026 11:14,Navya,BOSE,"bengaluru, karnataka",Fashion|Cotton Kurta|799,6
ORD-20261003-0580,2026-10-03 18:56:22,Tanvi,kumar,"Ahmedabad, Gujarat",Fashion|Running Shoes|2199,1
ORD-20261003-2407,2026-10-03 18:49:41,  Roshni ,Singh,"ahmedabad, gujarat",Sports|Skipping Rope|199,1
ORD-20261003-0718,2026-10-03 10:27:55,Ayaan,Chauhan,"Hyderabad, Telangana",Electronics|Smart Watch|2499,2
ORD-20261003-2436,03-10-2026 09:19,Isha,Reddy,"Hyderabad, Telangana",Beauty|Perfume|1299,1
ORD-20261003-0540,03/10/2026 12:37,,Sharma,"Mumbai, Maharashtra",Fashion|Leather Wallet|499,2
ORD-20261003-4090,2026-10-03 13:21:15,Tushar,Kumar,"Mumbai, Maharashtra",Home And Kitchen|Storage Box|299,1
ORD-20261003-2487,03/10/2026 14:45,rajesh,reddy,"Vadodara, Gujarat",Fashion|Cotton Kurta|799,1
ORD-20261003-4581,2026-10-03 20:13:55,Swati,desai,"bengaluru, karnataka",Fashion|Running Shoes|2199, 2 
ORD-20261003-2979,2026-10-03 18:51:29,Krishna,Malhotra,"SURAT, GUJARAT",Home And Kitchen|Wall Clock|649,1
ORD-20261003-3310,2026-10-03 18:52:45,  Rohan ,Mishra,"Mumbai, Maharashtra",,1
ORD-20261003-0863,03/10/2026 11:07,nikhil,Gupta,"Pune, Maharashtra",Electronics|Power Bank|899,2
ORD-20261003-3594,2026-10-03 20:35:29,Simran,patil,"kolkata, west bengal",Electronics|Power Bank|899,1
ORD-20261003-2833,2026-10-03 22:43:37,Dhruv,Dubey,"NAGPUR, MAHARASHTRA",Fashion|Leather Wallet|499, 6 
ORD-20261003-2294,2026-10-03 13:42:59,Divya,DAS,"  Surat, Gujarat ",Beauty|Lipstick|399,1
ORD-20261003-1994,03-10-2026 22:56,Neel,Malhotra,"  Bengaluru, Karnataka ",Fashion|Running Shoes|2199,1
ORD-20261003-3745,03-10-2026 04:15,  Neha ,bhatt,"  Ahmedabad, Gujarat ",Beauty|Lipstick|399,2
ORD-20261003-0228,03/10/2026 12:40,Tanvi,mishra,"Hyderabad, Telangana",Sports|Yoga Mat|699,1
ORD-20261003-0236,03/10/2026 17:10,SHREYA,Desai,"Bengaluru, Karnataka",Electronics|Bluetooth Speaker|1799,5
ORD-20261003-0551,03-10-2026 23:16,neel,verma,"Bengaluru, Karnataka",Fashion|Leather Wallet|499,2
ORD-20261003-3445,03/10/2026 18:27,jay,chaudhary,"pune, maharashtra",Sports|Cricket Bat|1599,6
ORD-20261003-3917,03/10/2026 17:35,Manish,Ghosh,"chennai, tamil nadu",Fashion|Running Shoes|2199,2
ORD-20261003-4682,03-10-2026 12:15,Ayaan,Jain,"bengaluru, karnataka",Home And Kitchen|Wall Clock|649,1
ORD-20261003-2121,03/10/2026 15:58,  Kriti ,kulkarni,"Delhi, Delhi",Fashion|Running Shoes|2199,4
ORD-20261003-0965,03/10/2026 23:09,Komal,Bansal,"Delhi, Delhi",Sports|Skipping Rope|199,1
ORD-20261003-1045,2026-10-03 18:11:35,kabir,Kulkarni,"Ahmedabad, Gujarat",Sports|Football|799,1
ORD-20261003-1836,2026-10-03 21:25:29,deepak,Sharma,"Chennai, Tamil Nadu",Sports|Dumbbell Set|1899,4
ORD-20261003-1901,2026-10-03 19:55:21,Kunal,Ghosh,"Mumbai, Maharashtra",Beauty|Perfume|1299,2
ORD-20261003-0043,03/10/2026 09:49,  Shreya ,Trivedi,"Jaipur, Rajasthan",Fashion|Leather Wallet|499,2
ORD-20261003-0727,N/A,Megha,  Mehta ,"Hyderabad, Telangana",Sports|Yoga Mat|699,3
ORD-20261003-3508,03-10-2026 11:04,DHRUV,  Trivedi ,"  Delhi, Delhi ",Electronics|Wireless Earbuds|1299,1
ORD-20261003-3059,03/10/2026 04:26,Dhwani,Rathod,"Pune, Maharashtra",Fashion|Sunglasses|999,1
ORD-20261003-0517,2026-10-03 18:13:12,Deepak,solanki,"  Mumbai, Maharashtra ",Electronics|Laptop Stand|749,4
ORD-20261003-2440,03-10-2026 09:25,hetal,Rao,"ahmedabad, gujarat",Home And Kitchen|Bedsheet Set|1499,1
ORD-20261003-1499,03/10/2026 15:20,Jay,  Patil ,"Lucknow, Uttar Pradesh",Fashion|Cotton Kurta|799,3
ORD-20261003-3897,2026-10-03 15:04:40,Advik,  Chauhan ,"Nagpur, Maharashtra",Home And Kitchen|Non Stick Pan|1099,1
ORD-20261003-3263,03/10/2026 15:02,Aarav,  Bhatt ,"Bengaluru, Karnataka",Home And Kitchen|Steel Water Bottle|399,1
ORD-20261003-3559,2026-10-03 19:19:49,aditi,Mishra,"Delhi, Delhi",Electronics|Power Bank|899,1
ORD-20261003-4571,,NEHA,Vyas,"Vadodara, Gujarat",Beauty|Lipstick|399,1
ORD-20261003-0475,03-10-2026 21:09,diya,Pillai,"coimbatore, tamil nadu",Fashion|Sunglasses|999,1
ORD-20261003-3008,03/10/2026 18:10,Kabir,  Sharma ,"Pune, Maharashtra",Home And Kitchen|Steel Water Bottle|399,1
ORD-20261003-3456,03/10/2026 11:27,MEGHA,thakkar,"mumbai, maharashtra",Home And Kitchen|Non Stick Pan|1099,4
ORD-20261003-2867,03-10-2026 11:35,KUNAL,Yadav,"Surat, Gujarat",Fashion|Denim Jeans|1199,5
ORD-20261003-0867,03/10/2026 14:35,Anika,Shah,"pune, maharashtra",Electronics|Laptop Stand|749,2
ORD-20261003-2662,03-10-2026 18:16,Janvi,Trivedi,"Chennai, Tamil Nadu",Sports|Football|799,2
ORD-20261003-1207,2026-10-03 09:19:09,Bhavna,Chaudhary,"  Bengaluru, Karnataka ",Sports|Dumbbell Set|1899,1
ORD-20261003-4639,2026-10-03 22:01:34,Kabir,MODI,"hyderabad, telangana",Home And Kitchen|Non Stick Pan|1099,1
ORD-20261003-2757,03/10/2026 10:20,Tushar,Chauhan,"Coimbatore, Tamil Nadu",Electronics|Power Bank|899,1
ORD-20261003-2192,2026-10-03 17:26:45,Advik,  Trivedi ,"hyderabad, telangana",Home And Kitchen|Bedsheet Set|1499,1
ORD-20261003-2546,03/10/2026 14:51,MYRA,SHARMA,"vadodara, gujarat",Beauty|Hair Serum|549,3
ORD-20261003-2198,03/10/2026 14:11,roshni,MEHTA,"Chennai, Tamil Nadu",Fashion|Running Shoes|2199,1
ORD-20261003-2000,03-10-2026 22:52,Isha,PARMAR,"LUCKNOW, UTTAR PRADESH",Home And Kitchen|Wall Clock|649,2
ORD-20261003-2767,03/10/2026 20:11,kriti,Menon,"Ahmedabad, Gujarat",Home And Kitchen|Storage Box|299,1
ORD-20261003-3197,03/10/2026 13:18,Gaurav,Dubey,"Delhi, Delhi",Beauty|Perfume|1299,2
ORD-20261003-3819,03-10-2026 19:17,,TIWARI,"Coimbatore, Tamil Nadu",Beauty|Hair Serum|549,2
ORD-20261003-3267,2026-10-03 08:59:35,KHUSHI,Patel,"Pune, Maharashtra",,1
ORD-20261003-4184,2026-10-03 14:18:37,Rudra,Pawar,"DELHI, DELHI",Sports|Dumbbell Set|1899, 2 
ORD-20261003-4549,2026-10-03 15:00:16,  Saanvi ,  Jain ,"Delhi, Delhi",Sports|Cricket Bat|1599,3
ORD-20261003-3339,03/10/2026 14:33,Tanvi,Bose,"Delhi, Delhi",Beauty|Lipstick|399,1
ORD-20261003-1825,03/10/2026 19:48,Advik,  Malhotra ,"Ahmedabad, Gujarat",Beauty|Perfume|1299,2
ORD-20261003-3900,2026-10-03 20:26:29,Sneha,  Shah ,"Kolkata, West Bengal",Fashion|Running Shoes|2199,1
ORD-20261003-2464,2026-10-03 22:30:00,Bhavna,Iyer,"hyderabad, telangana",Fashion|Leather Wallet|499,2
ORD-20261003-0344,2026-10-03 20:08:34,Palak,AGARWAL,"  Chennai, Tamil Nadu ",Sports|Yoga Mat|699,2
ORD-20261003-0463,03-10-2026 15:25,Diya,Pawar,"HYDERABAD, TELANGANA",Sports|Dumbbell Set|1899,1
ORD-20261003-0642,03/10/2026 18:18,Kriti,chaudhary,"Bengaluru, Karnataka",Sports|Yoga Mat|699,1
ORD-20261003-2075,03/10/2026 11:53,SHAURYA,kumar,"Chennai, Tamil Nadu",Sports|Football|799,1
ORD-20261003-0822,2026-10-03 20:51:25,Vivaan,Reddy,"lucknow, uttar pradesh",Electronics|Power Bank|899,1
ORD-20261003-0847,2026-10-03 21:41:50,KABIR,Patil,"  Surat, Gujarat ",Beauty|Hair Serum|549,1
ORD-20261003-2517,2026-10-03 07:41:25,sara,MENON,"coimbatore, tamil nadu",Beauty|Hair Serum|549,1
ORD-20261003-3010,03/10/2026 19:50,Priya,SOLANKI,"vadodara, gujarat",Fashion|Denim Jeans|1199,5
ORD-20261003-1846,2026-10-03 19:28:22,vivaan,  Vyas ,"  Lucknow, Uttar Pradesh ",Fashion|Sunglasses|999,1
ORD-20261003-0407,03/10/2026 13:04,  Vihaan ,Sinha,"Delhi, Delhi",Electronics|Bluetooth Speaker|1799,2.0
ORD-20261003-3362,03/10/2026 15:45,roshni,  Singh ,"Ahmedabad, Gujarat",Electronics|Bluetooth Speaker|1799,1
ORD-20261003-0816,03/10/2026 02:19,Kriti,Rathod,"Mumbai, Maharashtra",Electronics|Wireless Earbuds|1299,4
ORD-20261003-2021,03/10/2026 19:57,NEHA,Srivastava,"chennai, tamil nadu",Beauty|Hair Serum|549,1
ORD-20261003-3158,03/10/2026 12:10,  Nidhi ,,"CHENNAI, TAMIL NADU",Beauty|Sunscreen|449,1
ORD-20261003-4698,2026-10-03 23:39:48,Kriti,Saxena,"jaipur, rajasthan",Electronics|Laptop Stand|749,1
ORD-20261003-4748,03/10/2026 10:19,RITU,Sinha,"Delhi, Delhi",Fashion|Cotton Kurta|799,3
ORD-20261003-1352,N/A,Anjali,  Patil ,"bengaluru, karnataka",Electronics|Smart Watch|2499,1
ORD-20261003-3268,2026-10-03 20:58:11,NISHA,Khanna,"CHENNAI, TAMIL NADU",Beauty|Sunscreen|449,4
ORD-20261003-3863,03-10-2026 17:55,  Aadhya ,Kalavadia,"chennai, tamil nadu",Fashion|Denim Jeans|1199,1
ORD-20261003-0134,03/10/2026 21:52,aryan,Bansal,"Bengaluru, Karnataka",Fashion|Cotton Kurta|799,4
ORD-20261003-2681,2026-10-03 14:17:59,Anjali,bansal,"  Jaipur, Rajasthan ",Sports|Football|799,1
ORD-20261003-1676,2026-10-03 22:04:57,Aadhya,Kalavadia,"Ahmedabad, Gujarat",Fashion|Running Shoes|2199,6
ORD-20261003-0064,03-10-2026 18:11,Riya,Srivastava,"Nagpur, Maharashtra",Electronics|Laptop Stand|749,4.0
ORD-20261003-2933,2026-10-03 11:37:42,Tushar,Sharma,"delhi, delhi",Fashion|Denim Jeans|1199,1
ORD-20261003-3232,03-10-2026 13:21,BHAVNA,Shah,"Mysuru, Karnataka",Home And Kitchen|Non Stick Pan|1099,6
ORD-20261003-4598,03-10-2026 18:12,VIKAS,Thakkar,"Vadodara, Gujarat",Fashion|Leather Wallet|499,1
ORD-20261003-4743,03/10/2026 14:23,Vikas,vyas,"Jaipur, Rajasthan",Electronics|Laptop Stand|749,3
ORD-20261003-2302,03-10-2026 16:18,AYAAN,Thakkar,"Lucknow, Uttar Pradesh",Fashion|Leather Wallet|499,1
ORD-20261003-1326,2026-10-03 21:48:00,rajesh,GHOSH,"  Hyderabad, Telangana ",Fashion|Cotton Kurta|799,4
ORD-20261003-4251,2026-10-03 16:56:51,Sara,Kumar,"Kolkata, West Bengal",Beauty|Lipstick|399,2
ORD-20261003-2530,03/10/2026 21:52,Ayaan,VYAS,"bengaluru, karnataka",Fashion|Running Shoes|2199,1.0
ORD-20261003-1702,03/10/2026 22:22,dhwani,Chopra,"  Chennai, Tamil Nadu ",Sports|Yoga Mat|699,1
ORD-20261003-1239,03/10/2026 16:03,ROSHNI,Kalavadia,"jaipur, rajasthan",Home And Kitchen|Non Stick Pan|1099,4
ORD-20261003-1920,03/10/2026 18:10,sara,kumar,"Kolkata, West Bengal",Sports|Football|799,2
ORD-20261003-2383,03-10-2026 16:41,Tanvi,arora,"Mumbai, Maharashtra",Electronics|Laptop Stand|749,1
ORD-20261003-0059,03-10-2026 19:04,  Anika ,PAWAR,"Coimbatore, Tamil Nadu",Beauty|Lipstick|399,2
ORD-20261003-1112,03-10-2026 08:16,Shreya,Desai,"Bengaluru, Karnataka",Sports|Skipping Rope|199,6
ORD-20261003-3459,2026-10-03 05:21:02,  Nidhi ,Ghosh,"ahmedabad, gujarat",Fashion|Running Shoes|2199,4
ORD-20261003-3888,03/10/2026 14:06,bhavna,Dubey,"  Chennai, Tamil Nadu ",Sports|Football|799,3
ORD-20261003-1243,03/10/2026 16:32,Roshni,arora,"PUNE, MAHARASHTRA",Electronics|Bluetooth Speaker|1799,6
ORD-20261003-0884,03/10/2026 09:42,  Shaurya ,PARMAR,"coimbatore, tamil nadu",Beauty|Lipstick|399,2
ORD-20261003-4744,03/10/2026 21:09,Rudra,bose,"Pune, Maharashtra",Sports|Dumbbell Set|1899,2
ORD-20261003-2432,2026-10-03 14:49:45,  Aadhya ,kulkarni,"mumbai, maharashtra",Sports|Football|799, 1 
ORD-20261003-0882,03/10/2026 21:17,RIYA,Mukherjee,,Beauty|Lipstick|399,2
ORD-20261003-0947,03/10/2026 21:37,  Janvi ,Shah,"Vadodara, Gujarat",Fashion|Running Shoes|2199,1
ORD-20261003-1173,2026-10-03 08:34:07,swati,Singh,"  Chennai, Tamil Nadu ",, 1 
ORD-20261003-0952,03-10-2026 19:14,ADITI,Reddy,"Nagpur, Maharashtra",Fashion|Leather Wallet|499,3
ORD-20261003-4583,,Roshni,Patil,"Chennai, Tamil Nadu",Sports|Football|799,5
ORD-20261003-1848,03-10-2026 12:32,Tushar,KAPOOR,"  Mysuru, Karnataka ",Electronics|Wireless Earbuds|1299,1
ORD-20261003-0281,2026-10-03 15:48:58,  Myra ,Mehta,"BENGALURU, KARNATAKA",Home And Kitchen|Wall Clock|649,1
ORD-20261003-1514,03-10-2026 12:18,anika,Trivedi,"vadodara, gujarat",Electronics|Smart Watch|2499,2
ORD-20261003-0174,03/10/2026 20:34,aditya,Pillai,"Chennai, Tamil Nadu",Home And Kitchen|Wall Clock|649,3
ORD-20261003-3707,03-10-2026 12:51,Rajesh,Bose,,Fashion|Cotton Kurta|799,3
ORD-20261003-0720,03-10-2026 19:59,Simran,pandya,"Pune, Maharashtra",Home And Kitchen|Steel Water Bottle|399,1
ORD-20261003-1691,03/10/2026 11:51,  Hetal ,thakkar,"SURAT, GUJARAT",Fashion|Cotton Kurta|799, 3 
ORD-20261003-4248,03/10/2026 23:14,Ritu,  Iyer ,"Delhi, Delhi",Sports|Skipping Rope|199,3
ORD-20261003-1139,2026-10-03 13:37:55,ritu,Kalavadia,"Mumbai, Maharashtra",Fashion|Denim Jeans|1199,0
ORD-20261003-3079,N/A,Pooja,Chaudhary,"  Bengaluru, Karnataka ",Electronics|Power Bank|899,2
ORD-20261003-1860,03/10/2026 09:33,Riya,Patel,"chennai, tamil nadu",Sports|Yoga Mat|699,2
ORD-20261003-1924,2026-10-03 21:32:48,Sara,Mehta,"AHMEDABAD, GUJARAT",Beauty|Hair Serum|549,2
ORD-20261003-2093,2026-10-03 20:32:24,Aanya,Patil,"PUNE, MAHARASHTRA",Fashion|Leather Wallet|499,2
ORD-20261003-4827,03/10/2026 12:21,ishaan,chaudhary,"Ahmedabad, Gujarat",Electronics|Laptop Stand|749,3
ORD-20261003-0189,03/10/2026 14:15,  Megha ,Shah,"Delhi, Delhi",Fashion|Sunglasses|999,2
ORD-20261003-4238,03/10/2026 15:55,  Kavya ,TIWARI,"Vadodara, Gujarat",Home And Kitchen|Non Stick Pan|1099,1
ORD-20261003-0586,2026-10-03 09:14:58,Shaurya,Kapoor,"Delhi, Delhi",Fashion|Denim Jeans|1199,5
ORD-20261003-0098,03-10-2026 18:50,Sara,Reddy,"  Mysuru, Karnataka ",Fashion|Running Shoes|2199,1
ORD-20261003-4390,03/10/2026 18:49,Krupa,Chopra,"kolkata, west bengal",Sports|Yoga Mat|699,1
ORD-20261003-1779,03/10/2026 23:41,gaurav,  Iyer ,"Mumbai, Maharashtra",Home And Kitchen|Steel Water Bottle|399,
ORD-20261003-2208,2026-10-03 17:29:09,Tanvi,  Patel ,"KOLKATA, WEST BENGAL",Fashion|Leather Wallet|499,2
ORD-20261003-3179,03-10-2026 20:27,Isha,singh,"Delhi, Delhi",Fashion|Cotton Kurta|799,1
ORD-20261003-0731,03/10/2026 20:38,PAYAL,Gupta,"  Coimbatore, Tamil Nadu ",Beauty|Face Wash|249,1
ORD-20261003-2460,03/10/2026 17:32,Gaurav,Agarwal,"mumbai, maharashtra",Fashion|Running Shoes|2199,1
ORD-20261003-4837,2026-10-03 18:34:36,NISHA,Khanna,"vadodara, gujarat",Electronics|Bluetooth Speaker|1799, 1 
ORD-20261003-1281,03/10/2026 07:43,pranav,Dubey,"Mumbai, Maharashtra",Electronics|Laptop Stand|749,2
ORD-20261003-3617,2026-10-03 03:02:10,,  Pawar ,"Mysuru, Karnataka",Electronics|Wireless Earbuds|1299,1
ORD-20261003-0309,03/10/2026 12:17,Dhwani,  Vyas ,"vadodara, gujarat",Sports|Football|799, 1 
ORD-20261003-2083,03/10/2026 20:06,Palak,dubey,"mumbai, maharashtra",Home And Kitchen|Wall Clock|649,1
ORD-20261003-0468,2026-10-03 04:59:45,Priya,Patel,"Lucknow, Uttar Pradesh",Sports|Football|799,4.0
ORD-20261003-0944,2026-10-03 13:14:51,Rajesh,Pandya,"Kolkata, West Bengal",Fashion|Denim Jeans|1199,
ORD-20261003-3746,03/10/2026 07:45,  Aditi ,nair,"Coimbatore, Tamil Nadu",Electronics|Power Bank|899,1
ORD-20261003-1871,03/10/2026 21:52,  Priya ,ghosh,"pune, maharashtra",Fashion|Sunglasses|999,2
ORD-20261003-0631,03/10/2026 17:07,Bhavna,Gupta,"Lucknow, Uttar Pradesh",Electronics|Wireless Earbuds|1299,6
ORD-20261003-1980,03/10/2026 20:19,Nikhil,Sinha,"  Coimbatore, Tamil Nadu ",Fashion|Denim Jeans|1199,4
ORD-20261003-4039,2026-10-03 19:35:43,Rudra,pawar,"  Delhi, Delhi ",Fashion|Running Shoes|2199,3
ORD-20261003-0671,03/10/2026 16:07,ayaan,Reddy,"MUMBAI, MAHARASHTRA",Beauty|Lipstick|399, 1 
ORD-20261003-2417,03/10/2026 14:59,dhwani,Bose,"chennai, tamil nadu",Fashion|Cotton Kurta|799,2
ORD-20261003-3142,2026-10-03 09:30:13,komal,Chauhan,"  Mumbai, Maharashtra ",Fashion|Denim Jeans|1199,2
ORD-20261003-1428,2026-10-03 21:31:49,Krishna,  Bansal ,"  Chennai, Tamil Nadu ",Sports|Dumbbell Set|1899,2
ORD-20261003-1700,03-10-2026 23:33,Harsh,Singh,"Surat, Gujarat",Electronics|Smart Watch|2499,1
ORD-20261003-2911,03/10/2026 09:10,  Priya ,Srivastava,"Chennai, Tamil Nadu",Home And Kitchen|Storage Box|299,5
ORD-20261003-2105,03-10-2026 21:17,vikas,Chaudhary,"  Coimbatore, Tamil Nadu ",Home And Kitchen|Storage Box|299,3
ORD-20261003-3921,03-10-2026 11:39,gaurav,agarwal,"Delhi, Delhi",Electronics|Power Bank|899,1
ORD-20261003-4273,2026-10-03 14:45:36,MYRA,ghosh,"delhi, delhi",Electronics|Wireless Earbuds|1299,2
ORD-20261003-2539,03/10/2026 21:15,Gaurav,Chauhan,"Kolkata, West Bengal",Electronics|Laptop Stand|749,1
ORD-20261003-1031,03/10/2026 17:42,Vikas,vyas,"Hyderabad, Telangana",Fashion|Cotton Kurta|799,3
ORD-20261003-2201,03/10/2026 14:36,,kalavadia,"Pune, Maharashtra",Electronics|Wireless Earbuds|1299,2
ORD-20261003-0934,03-10-2026 00:34,Aarav,Nair,"  Lucknow, Uttar Pradesh ",Home And Kitchen|Storage Box|299,3
ORD-20261003-2722,03-10-2026 13:37,Swati,SHARMA,"Delhi, Delhi",Electronics|Power Bank|899,4
ORD-20261003-4536,03/10/2026 20:14,Krupa,Verma,"Chennai, Tamil Nadu",Beauty|Perfume|1299,1
ORD-20261003-2749,03/10/2026 16:13,SNEHA,PARMAR,"MUMBAI, MAHARASHTRA",Home And Kitchen|Storage Box|299,2
ORD-20261003-1299,2026-10-03 20:12:50,Tanvi,Bansal,"Bengaluru, Karnataka",Electronics|Wireless Earbuds|1299,1
ORD-20261003-4545,03/10/2026 15:39,Aditya,CHOPRA,"nagpur, maharashtra",Beauty|Face Wash|249,2
ORD-20261003-2943,03/10/2026 17:12,Krupa,THAKKAR,"LUCKNOW, UTTAR PRADESH",Fashion|Leather Wallet|499,6
ORD-20261003-4363,,DEEPAK,Gupta,"Ahmedabad, Gujarat",Fashion|Cotton Kurta|799,2
ORD-20261003-0597,2026-10-03 16:00:50,Om,Kapoor,"Kolkata, West Bengal",Fashion|Sunglasses|999,2
ORD-20261003-1405,2026-10-03 05:15:20,Aarav,Srivastava,"pune, maharashtra",Fashion|Cotton Kurta|799,4
ORD-20261003-2326,03/10/2026 07:38,Ishaan,chopra,"  Pune, Maharashtra ",Fashion|Cotton Kurta|799,1
ORD-20261003-1634,03-10-2026 03:18,Priya,Modi,"nagpur, maharashtra",Fashion|Leather Wallet|499,1
ORD-20261003-2636,03/10/2026 09:25,Bhavna,Chaudhary,"Surat, Gujarat",Fashion|Running Shoes|2199, 1 
ORD-20261003-4122,2026-10-03 12:49:29,DIVYA,Parmar,"Surat, Gujarat",Home And Kitchen|Steel Water Bottle|399,3
ORD-20261003-3359,2026-10-03 17:20:35,Neel,reddy,"mysuru, karnataka",Home And Kitchen|Storage Box|299,1
ORD-20261003-3260,03/10/2026 09:39,Priya,Srivastava,"  Chennai, Tamil Nadu ",Beauty|Face Wash|249,1
ORD-20261003-0940,03/10/2026 12:00,nikhil,Nair,"Hyderabad, Telangana",Fashion|Leather Wallet|499,4
ORD-20261003-3968,2026-10-03 21:29:06,  Tanvi ,Jain,"Vadodara, Gujarat",Fashion|Running Shoes|2199,3
ORD-20261003-4650,03/10/2026 18:20,Shaurya,,"Chennai, Tamil Nadu",Fashion|Leather Wallet|499,1
ORD-20261003-1907,03/10/2026 12:32,  Neha ,mishra,"KOLKATA, WEST BENGAL",Sports|Cricket Bat|1599, 2 
ORD-20261003-4013,03/10/2026 18:39,  Priya ,Patel,"  Hyderabad, Telangana ",Fashion|Denim Jeans|1199,2
ORD-20261003-1674,03/10/2026 04:16,Dhruv,sinha,"Surat, Gujarat",Electronics|Power Bank|899, 3 
ORD-20261003-2535,03-10-2026 15:00,Roshni,IYER,"Delhi, Delhi",Electronics|Power Bank|899,1
ORD-20261003-1206,03/10/2026 20:45,  Ayaan ,Bose,"Jaipur, Rajasthan",Home And Kitchen|Storage Box|299,1
ORD-20261003-2983,03/10/2026 20:26,deepak,  Patil ,"bengaluru, karnataka",Fashion|Leather Wallet|499,3
ORD-20261003-4696,03/10/2026 19:02,Amit,Mukherjee,"Surat, Gujarat",Fashion|Cotton Kurta|799,1
ORD-20261003-4415,2026-10-03 18:04:40,Krishna,JOSHI,"chennai, tamil nadu",Sports|Yoga Mat|699,1
ORD-20261003-3014,2026-10-03 12:52:45,Krishna,  Menon ,"Mumbai, Maharashtra",Fashion|Leather Wallet|499,2
ORD-20261003-2282,03/10/2026 06:54,,MUKHERJEE,"MUMBAI, MAHARASHTRA",Electronics|Laptop Stand|749,1
ORD-20261003-2829,03-10-2026 20:09,Kabir,  Jain ,"Delhi, Delhi",Fashion|Leather Wallet|499, 2 
ORD-20261003-0748,03/10/2026 20:20,Sneha,shah,"Nagpur, Maharashtra",Home And Kitchen|Wall Clock|649, 4 
ORD-20261003-2638,03/10/2026 08:47,Navya,srivastava,"Vadodara, Gujarat",Home And Kitchen|Steel Water Bottle|399,2
ORD-20261003-0039,03/10/2026 19:09,  Aditya ,Modi,"  Kolkata, West Bengal ",Electronics|Power Bank|899,1
ORD-20261003-0397,03-10-2026 18:51,nisha,Trivedi,"Pune, Maharashtra",Sports|Yoga Mat|699, 4 
ORD-20261003-4408,03/10/2026 20:33,Deepak,Nair,"Coimbatore, Tamil Nadu",Fashion|Cotton Kurta|799,3.0
ORD-20261003-1642,2026-10-03 18:09:39,  Vikas ,Patil,"Mumbai, Maharashtra",Electronics|Bluetooth Speaker|1799,1
ORD-20261003-1189,03/10/2026 08:34,Ishaan,  Joshi ,"Mumbai, Maharashtra",Fashion|Denim Jeans|1199,1
ORD-20261003-0708,2026-10-03 20:10:27,nidhi,Mehta,"Delhi, Delhi",Sports|Football|799, 1 
ORD-20261003-3447,03/10/2026 22:50,KRISHNA,Nair,"Hyderabad, Telangana",Beauty|Lipstick|399, 1 
ORD-20261003-4656,03/10/2026 21:36,MIHIR,Mukherjee,"Pune, Maharashtra",Home And Kitchen|Bedsheet Set|1499,2
ORD-20261003-4342,03/10/2026 22:38,Bhavna,Kalavadia,"Bengaluru, Karnataka",Fashion|Sunglasses|999,1
ORD-20261003-3372,,  Simran ,Pillai,"Mumbai, Maharashtra",Electronics|Power Bank|899,1
ORD-20261003-1802,2026-10-03 20:13:33,KRISHNA,Trivedi,"Chennai, Tamil Nadu",Electronics|Power Bank|899,1
ORD-20261003-3399,N/A,  Pooja ,  Pillai ,"Delhi, Delhi",Electronics|Wireless Earbuds|1299,2
ORD-20261003-3287,,aryan,PANDYA,"Chennai, Tamil Nadu",Electronics|Bluetooth Speaker|1799,
ORD-20261003-3962,2026-10-03 20:48:13,Om,Pawar,"surat, gujarat",Home And Kitchen|Steel Water Bottle|399,1
ORD-20261003-1909,03/10/2026 01:18,om,Iyer,"delhi, delhi",Electronics|Smart Watch|2499,3
ORD-20261003-0019,03/10/2026 09:46,Yash,patil,"HYDERABAD, TELANGANA",Fashion|Leather Wallet|499,4
ORD-20261003-4038,03/10/2026 16:34,janvi,reddy,,Sports|Football|799,1
ORD-20261003-1609,03/10/2026 19:08,Dhruv,YADAV,"chennai, tamil nadu",Fashion|Cotton Kurta|799,2
ORD-20261003-4397,03/10/2026 20:33,Khushi,Bansal,"Hyderabad, Telangana",Fashion|Leather Wallet|499,3
ORD-20261003-1108,03/10/2026 19:13,Reyansh,Iyer,"BENGALURU, KARNATAKA",Home And Kitchen|Bedsheet Set|1499, 5 
ORD-20261003-0124,2026-10-03 18:54:42,Riya,Dubey,"Lucknow, Uttar Pradesh",Electronics|Wireless Earbuds|1299,1
ORD-20261003-0447,03/10/2026 20:38,Rajesh,Bose,"mumbai, maharashtra",Fashion|Cotton Kurta|799,1
ORD-20261003-2896,03-10-2026 04:30,aditya,Das,"pune, maharashtra",Sports|Football|799,3
ORD-20261003-0868,03/10/2026 00:46,Parth,Sinha,"Bengaluru, Karnataka",Home And Kitchen|Wall Clock|649,1
ORD-20261003-3426,03/10/2026 16:36,Pari,  Malhotra ,"Lucknow, Uttar Pradesh",Home And Kitchen|Steel Water Bottle|399,1.0
ORD-20261003-4458,2026-10-03 10:09:22,janvi,PATIL,"lucknow, uttar pradesh",Fashion|Denim Jeans|1199, 2 
ORD-20261003-1211,03-10-2026 21:10,  Om ,Kalavadia,"Delhi, Delhi",Fashion|Leather Wallet|499,1
ORD-20261003-1316,03/10/2026 17:30,,BOSE,"Kolkata, West Bengal",Sports|Dumbbell Set|1899,1
ORD-20261003-3697,2026-10-03 15:21:43,Hetal,PARMAR,"Hyderabad, Telangana",Electronics|Smart Watch|2499,1
ORD-20261003-1538,03-10-2026 20:36,Kabir,Kulkarni,"Ahmedabad, Gujarat",Beauty|Face Wash|249,1
ORD-20261003-4101,2026-10-03 10:48:01,Varun,  Patil ,"Surat, Gujarat",Fashion|Denim Jeans|1199,5
ORD-20261003-0199,03-10-2026 23:06,,Joshi,"Surat, Gujarat",Home And Kitchen|Steel Water Bottle|399,2
ORD-20261003-3570,03-10-2026 09:05,Rajesh,Kapoor,"ahmedabad, gujarat",Electronics|Smart Watch|2499,2
ORD-20261003-3032,03/10/2026 12:20,vivaan,  Kalavadia ,"Coimbatore, Tamil Nadu",Home And Kitchen|Storage Box|299,3
ORD-20261003-4291,03/10/2026 22:05,Kriti,Malhotra,"Hyderabad, Telangana",Home And Kitchen|Steel Water Bottle|399,1
ORD-20261003-3637,2026-10-03 08:26:06,Divya,Iyer,"Delhi, Delhi",,1
ORD-20261003-2228,2026-10-03 12:25:38,jay,modi,"Chennai, Tamil Nadu",Electronics|Power Bank|899,2
ORD-20261003-1454,2026-10-03 21:14:09,Dev,KALAVADIA,,Sports|Football|799,4
ORD-20261003-4695,03/10/2026 20:01,,Sinha,"Pune, Maharashtra",Fashion|Leather Wallet|499,
ORD-20261003-3963,2026-10-03 22:57:37,Komal,Chauhan,"Delhi, Delhi",Beauty|Sunscreen|449,1
ORD-20261003-1730,03/10/2026 17:25,Krishna,Menon,"Kolkata, West Bengal",Electronics|Laptop Stand|749,2
ORD-20261003-3779,2026-10-03 20:31:36,rudra,Saxena,"COIMBATORE, TAMIL NADU",Electronics|Wireless Earbuds|1299,1
ORD-20261003-3515,03/10/2026 20:55,KRITI,Menon,"VADODARA, GUJARAT",Fashion|Sunglasses|999,1
ORD-20261003-0020,03/10/2026 10:32,YASH,Pawar,"Chennai, Tamil Nadu",Fashion|Cotton Kurta|799,1
ORD-20261003-4228,03/10/2026 10:53,NEEL,  Kumar ,"Bengaluru, Karnataka",Home And Kitchen|Storage Box|299,5
ORD-20261003-0315,03-10-2026 10:58,NIDHI,menon,"Delhi, Delhi",Home And Kitchen|Wall Clock|649,5
ORD-20261003-2450,2026-10-03 22:34:02,SARA,Rao,"Mumbai, Maharashtra",Electronics|Laptop Stand|749,1
ORD-20261003-3047,2026-10-03 17:26:47,simran,Pandya,"CHENNAI, TAMIL NADU",Electronics|Smart Watch|2499,2
ORD-20261003-1993,2026-10-03 12:25:43,Sara,Pandya,"  Coimbatore, Tamil Nadu ",Fashion|Leather Wallet|499,1
ORD-20261003-2585,03/10/2026 21:04,Ishaan,Chaudhary,"Mumbai, Maharashtra",Beauty|Hair Serum|549,1
,2026-10-03 16:00:06,Mihir,KULKARNI,"Surat, Gujarat",Fashion|Leather Wallet|499,2
ORD-20261003-1217,03/10/2026 11:03,TUSHAR,  Arora ,"Kolkata, West Bengal",Electronics|Wireless Earbuds|1299,1
ORD-20261003-3610,2026-10-03 13:03:52,PARI,yadav,"Mumbai, Maharashtra",Fashion|Denim Jeans|1199,2
ORD-20261003-0317,03/10/2026 10:05,swati,mukherjee,N/A,Electronics|Smart Watch|2499, 3 
ORD-20261003-4000,03-10-2026 12:35,Myra,Trivedi,"pune, maharashtra",Beauty|Perfume|1299,3
ORD-20261003-2560,03/10/2026 20:37,null,menon,,Electronics|Laptop Stand|749,1
ORD-20261003-3767,2026-10-03 12:08:09,Aditi,kulkarni,"Lucknow, Uttar Pradesh",Beauty|Perfume|1299,2
ORD-20261003-1515,03/10/2026 21:20,Shreya,mishra,"Bengaluru, Karnataka",Fashion|Sunglasses|999,4
ORD-20261003-0056,2026-10-03 21:16:47,Simran,Trivedi,"Ahmedabad, Gujarat",Beauty|Hair Serum|549,1
ORD-20261003-0814,03-10-2026 21:54,Ananya,Kulkarni,"Bengaluru, Karnataka",Fashion|Sunglasses|999,3
ORD-20261003-4608,03/10/2026 11:46,Reyansh,DUBEY,"hyderabad, telangana",Fashion|Cotton Kurta|799, 1 
ORD-20261003-0268,03-10-2026 12:08,Mihir,Pawar,"Surat, Gujarat",Electronics|Power Bank|899,2
ORD-20261003-3413,03/10/2026 11:14,Manish,Jain,"bengaluru, karnataka",Electronics|Laptop Stand|749,3
ORD-20261003-2579,2026-10-03 17:49:25,diya,srivastava,"Delhi, Delhi",Home And Kitchen|Steel Water Bottle|399,1
ORD-20261003-4556,03/10/2026 20:03,  Ritu ,dubey,"Bengaluru, Karnataka",Fashion|Denim Jeans|1199,1
ORD-20261003-4255,03-10-2026 19:43,Atharv,Jain,,Fashion|Denim Jeans|1199, 2 
ORD-20261003-2186,2026-10-03 21:23:19,Ayaan,Malhotra,"chennai, tamil nadu",Fashion|Cotton Kurta|799,1
ORD-20261003-0494,03/10/2026 10:32,Om,gupta,"Ahmedabad, Gujarat",Home And Kitchen|Wall Clock|649,1
ORD-20261003-1869,03/10/2025 11:29,Hetal,patil,"Kolkata, West Bengal",Home And Kitchen|Steel Water Bottle|399,3
ORD-20261003-1605,2026-10-03 13:14:50,Arjun,MISHRA,"Ahmedabad, Gujarat",Sports|Skipping Rope|199,1
ORD-20261003-0256,03/10/2026 13:52,roshni,kulkarni,"Delhi, Delhi",Fashion|Running Shoes|2199,1
ORD-20261003-3084,2026-10-03 17:04:16,neel,ARORA,"HYDERABAD, TELANGANA",Fashion|Denim Jeans|1199,3
ORD-20261003-2126,03/10/2026 21:47,Aanya,KULKARNI,"jaipur, rajasthan",Beauty|Face Wash|249,1
ORD-20261003-0736,2026-10-03 17:26:45,  Jay ,Pawar,"  Chennai, Tamil Nadu ",Beauty|Sunscreen|449,4
ORD-20261003-0310,2026-10-03 22:54:57,JAY,VYAS,"COIMBATORE, TAMIL NADU",Beauty|Sunscreen|449,5
ORD-20261003-2188,2026-10-03 08:52:44,Aditya,Arora,"MUMBAI, MAHARASHTRA",Fashion|Leather Wallet|499,1
ORD-20261003-3089,2026-10-03 14:14:02,Hetal,YADAV,"Chennai, Tamil Nadu",Sports|Skipping Rope|199,3
ORD-20261003-2537,03-10-2026 00:28,Roshni,Iyer,"Bengaluru, Karnataka",Electronics|Smart Watch|2499,1.0
ORD-20261003-4004,03/10/2026 22:04,  Sara ,Pandya,"COIMBATORE, TAMIL NADU",Fashion|Running Shoes|2199,1
ORD-20261003-2584,2026-10-03 10:27:37,Hetal,Sinha,"mumbai, maharashtra",Fashion|Leather Wallet|499,2
ORD-20261003-4732,03/10/2026 19:21,Saanvi,chaudhary,"bengaluru, karnataka",Fashion|Sunglasses|999,4
ORD-20261003-1074,03/10/2026 21:05,Riya,Trivedi,"  Pune, Maharashtra ",Sports|Yoga Mat|699,1
ORD-20261003-2251,03/10/2026 08:52,Pari,  Mukherjee ,"Mumbai, Maharashtra",Sports|Yoga Mat|699,1
ORD-20261003-2394,03/10/2062 19:39,Rajesh,PAWAR,"Mumbai, Maharashtra",Beauty|Sunscreen|449,2
ORD-20261003-1286,03-10-2026 16:08,  Pari ,Mukherjee,"chennai, tamil nadu",Fashion|Sunglasses|999, 2 
ORD-20261003-3887,03/10/2026 17:35,PALAK,  Chopra ,"Kolkata, West Bengal",Electronics|Bluetooth Speaker|1799,-3
ORD-20261003-0615,03/10/2026 23:01,Kriti,Kulkarni,"hyderabad, telangana",Electronics|Power Bank|899, 4 
ORD-20261003-2216,03/10/2026 18:22,Nisha,Sinha,"Vadodara, Gujarat",Electronics|Bluetooth Speaker|1799,2
ORD-20261003-1398,03/10/2026 17:46,Aanya,  Bhatt ,"Bengaluru, Karnataka",Fashion|Running Shoes|2199,1
ORD-20261003-0861,03/10/2026 02:20,  Aanya ,Sinha,"Mumbai, Maharashtra",Beauty|Face Wash|249,2
ORD-20261003-4380,2026-10-03 13:13:46,  Kriti ,Desai,"Lucknow, Uttar Pradesh",Electronics|Smart Watch|2499,3
ORD-20261003-2981,03/10/2026 14:32,,modi,"mysuru, karnataka",Fashion|Sunglasses|999,2
ORD-20261003-3775,03/10/2026 21:34,,,"kolkata, west bengal",Fashion|Denim Jeans|1199,5
ORD-20261003-0684,N/A,Ayaan,mishra,"MUMBAI, MAHARASHTRA",Electronics|Bluetooth Speaker|1799,1
ORD-20261003-0520,03/10/2062 20:16,Aarav,Saxena,"Kolkata, West Bengal",Fashion|Cotton Kurta|799,2
ORD-20261003-4648,03-10-2026 18:57,anjali,  Bose ,"Lucknow, Uttar Pradesh",Fashion|Sunglasses|999,4
ORD-20261003-4307,03/10/2026 13:20,Arjun,Menon,"  Mumbai, Maharashtra ",Electronics|Power Bank|899,1
ORD-20261003-4816,03/10/2026 20:35,Aryan,Agarwal,"lucknow, uttar pradesh",Electronics|Wireless Earbuds|1299,1
ORD-20261003-3549,03/10/2026 21:20,Vivaan,SINHA,"Mumbai, Maharashtra",Sports|Yoga Mat|699,1
ORD-20261003-0420,03/10/2026 21:39,  Ananya ,,"Kolkata, West Bengal",Fashion|Running Shoes|2199,1
ORD-20261003-1695,03/10/2026 19:27,Diya,Patil,"pune, maharashtra",Home And Kitchen|Non Stick Pan|1099,3
ORD-20261003-2762,03-10-2026 22:39,Swati,Parmar,"pune, maharashtra",Beauty|Perfume|1299,1
ORD-20261003-3336,03/10/2026 20:12,SIMRAN,Mehta,"Hyderabad, Telangana",Home And Kitchen|Storage Box|299,1
ORD-20261003-1444,03/10/2026 18:14,Mansi,  Ghosh ,"Surat, Gujarat",Home And Kitchen|Bedsheet Set|1499,2
ORD-20261003-4125,03/10/2026 20:26,Dhruv,parmar,"Delhi, Delhi",Electronics|Bluetooth Speaker|1799,2
ORD-20261003-0341,03/10/2026 13:57,REYANSH,Bhatt,,Fashion|Sunglasses|999,1
ORD-20261003-4655,03/10/2026 17:39,Om,Trivedi,"  Surat, Gujarat ",Fashion|Running Shoes|2199,3
ORD-20261003-4384,2026-10-03 16:32:03,nikhil,  Kalavadia ,"Chennai, Tamil Nadu",Fashion|Leather Wallet|499,1
ORD-20261003-0175,2026-10-03 08:10:18,Dhwani,Rao,"chennai, tamil nadu",Sports|Yoga Mat|699,1
ORD-20261003-1498,2026-10-03 09:14:22,Anjali,parmar,"  Kolkata, West Bengal ",Electronics|Wireless Earbuds|1299,3
ORD-20261003-1710,03/10/2026 10:48,  Rohan ,Pandya,"Coimbatore, Tamil Nadu",Home And Kitchen|Storage Box|299,1
ORD-20261003-4459,2026-10-03 14:04:14,Saanvi,Patel,"Ahmedabad, Gujarat",Fashion|Cotton Kurta|799,2
ORD-20261003-4048,2026-10-03 20:15:52,Aanya,Sharma,"MUMBAI, MAHARASHTRA",Fashion|Sunglasses|999,1
ORD-20261003-2063,2026-10-03 12:12:09,AADHYA,Yadav,"Nagpur, Maharashtra",Fashion|Running Shoes|2199,1
ORD-20261003-0068,2026-10-03 20:52:02,Rajesh,Trivedi,"Hyderabad, Telangana",Electronics|Bluetooth Speaker|1799,2
ORD-20261003-4493,03/10/2026 23:27,kriti,menon,"Vadodara, Gujarat",Sports|Yoga Mat|699,1
ORD-20261003-4437,2026-10-03 16:43:29,MANISH,Ghosh,"Chennai, Tamil Nadu",Fashion|Cotton Kurta|799,6
ORD-20261003-0740,03/10/2026 08:57,Aadhya,Tiwari,"JAIPUR, RAJASTHAN",Fashion|Leather Wallet|499,1
ORD-20261003-3732,03-10-2026 12:03,ayaan,Saxena,"Mysuru, Karnataka",Sports|Football|799,1
ORD-20261003-0841,03-10-2026 18:32,dhruv,Bose,"Vadodara, Gujarat",Home And Kitchen|Non Stick Pan|1099, 1 
ORD-20261003-0860,03-10-2026 11:08,Shaurya,Desai,"Hyderabad, Telangana",Home And Kitchen|Steel Water Bottle|399,2
ORD-20261003-0565,2026-10-03 14:25:10,NAVYA,Sinha,"Delhi, Delhi",Electronics|Wireless Earbuds|1299,4
ORD-20261003-4624,2026-10-03 17:41:30,SHREYA,Pillai,"mumbai, maharashtra",Beauty|Face Wash|249,2
ORD-20261003-3020,2026-10-03 16:32:16,Mansi,Patel,"Hyderabad, Telangana",Home And Kitchen|Steel Water Bottle|399,1
ORD-20261003-2652,03-10-2026 20:59,  Ishaan ,Kulkarni,"Bengaluru, Karnataka",Electronics|Wireless Earbuds|1299,1
ORD-20261003-3213,03/10/2026 21:49,Ayaan,Jain,"Delhi, Delhi",Fashion|Cotton Kurta|799,1
ORD-20261003-0585,2026-10-03 10:49:07,megha,Vyas,,Home And Kitchen|Wall Clock|649,4
ORD-20261003-1801,03/10/2026 09:45,Krishna,pillai,"  Delhi, Delhi ",Fashion|Running Shoes|2199,3
ORD-20261003-3800,2026-10-03 19:07:52,Bhavna,  Chaudhary ,"Hyderabad, Telangana",Fashion|Denim Jeans|1199,5
ORD-20261003-1450,03/10/2026 17:50,Megha,Sharma,"Bengaluru, Karnataka",Sports|Football|799, 1 
ORD-20261003-2416,2026-10-03 21:59:48,Neel,Sinha,"AHMEDABAD, GUJARAT",Fashion|Running Shoes|2199,1
ORD-20261003-1540,03/10/2026 13:03,MANISH,  Yadav ,"mumbai, maharashtra",Fashion|Leather Wallet|499,1
ORD-20261003-0454,2026-10-03 20:35:05,Roshni,Modi,"Mumbai, Maharashtra",Sports|Football|799,3
ORD-20261003-2347,03/10/2026 20:45,Saanvi,dubey,"Pune, Maharashtra",Fashion|Leather Wallet|499,1.0
ORD-20261003-3642,03/10/2026 19:49,VIHAAN,Thakkar,"mumbai, maharashtra",Fashion|Running Shoes|2199,2
ORD-20261003-4264,03/10/2026 17:06,Isha,Saxena,"Pune, Maharashtra",Fashion|Cotton Kurta|799,2
ORD-20261003-3755,03/10/2026 13:26,NIKHIL,Srivastava,"Hyderabad, Telangana",Sports|Skipping Rope|199,1
ORD-20261003-1956,03-10-2026 11:24,kriti,Arora,"Chennai, Tamil Nadu",Home And Kitchen|Non Stick Pan|1099, 1 
ORD-20261003-2247,2026-10-03 09:49:24,Aanya,Singh,"Surat, Gujarat",Fashion|Leather Wallet|499,5
ORD-20261003-1627,03-10-2026 14:30,Ishaan,Agarwal,"Delhi, Delhi",Electronics|Smart Watch|2499, 1 
ORD-20261003-4495,2026-10-03 11:29:23,myra,Malhotra,"Delhi, Delhi",Fashion|Leather Wallet|499,3
ORD-20261003-2116,03/10/2026 19:25,Palak,Kumar,"Chennai, Tamil Nadu",Electronics|Power Bank|899,1
ORD-20261003-3061,03/10/2026 18:55,Nidhi,Agarwal,"vadodara, gujarat",Fashion|Sunglasses|999,1
ORD-20261003-4323,03/10/2026 17:35,Shaurya,DUBEY,"pune, maharashtra",Electronics|Wireless Earbuds|1299,1
ORD-20261003-0892,2026-10-03 22:38:58,Dhwani,Singh,"ahmedabad, gujarat",Fashion|Leather Wallet|499,1.0
ORD-20261003-2880,03/10/2026 15:36,Neel,Joshi,"delhi, delhi",Fashion|Denim Jeans|1199,2
ORD-20261003-2226,2026-10-03 06:27:19,  Gaurav ,Kumar,"Pune, Maharashtra",Fashion|Leather Wallet|499, 2 
ORD-20261003-3195,03/10/2026 12:51,Neha,srivastava,"Pune, Maharashtra",Fashion|Cotton Kurta|799,1
ORD-20261003-2262,03/10/2026 05:44,Ishaan,Kulkarni,"lucknow, uttar pradesh",Fashion|Sunglasses|999,1
ORD-20261003-2024,2026-10-03 10:58:32,Kabir,Khanna,"Delhi, Delhi",Beauty|Hair Serum|549,1
ORD-20261003-0888,2026-10-03 11:31:56,Vikas,Patil,"vadodara, gujarat",Fashion|Cotton Kurta|799,1
ORD-20261003-3814,03/10/2026 12:07,Mansi,Ghosh,"SURAT, GUJARAT",Home And Kitchen|Steel Water Bottle|399,1
ORD-20261003-3956,2026-10-03 18:22:13,SIMRAN,Bhatt,"Lucknow, Uttar Pradesh",Sports|Dumbbell Set|1899,2
ORD-20261003-1566,2026-10-03 16:55:24,Kriti,  Dubey ,"Delhi, Delhi",Electronics|Wireless Earbuds|1299,3
ORD-20261003-0031,03/10/2026 16:43,Suresh,Parmar,"Mumbai, Maharashtra",Fashion|Denim Jeans|1199,-1
ORD-20261003-0205,03/10/2026 22:09,Atharv,Kulkarni,"pune, maharashtra",Electronics|Laptop Stand|749,
ORD-20261003-4207,03-10-2026 18:44,Rahul,Patil,"Mumbai, Maharashtra",Home And Kitchen|Wall Clock|649,3
ORD-20261003-2042,03/10/2026 11:49,rajesh,  Verma ,"kolkata, west bengal",Beauty|Perfume|1299,1
ORD-20261003-1448,03/10/2026 08:14,KRUPA,reddy,"  Kolkata, West Bengal ",Fashion|Running Shoes|2199,two
ORD-20261003-0890,03/10/2026 16:39,  Divya ,modi,"Ahmedabad, Gujarat",Fashion|Cotton Kurta|799,5
ORD-20261003-2962,,KARAN,Kulkarni,"JAIPUR, RAJASTHAN",Home And Kitchen|Wall Clock|649,1
ORD-20261003-1929,2026-10-03 02:38:49,bhavna,Chaudhary,"Bengaluru, Karnataka",Electronics|Smart Watch|2499,2
ORD-20261003-4834,2026-10-03 21:31:28,simran,Thakkar,"  Chennai, Tamil Nadu ",Beauty|Hair Serum|549,2
ORD-20261003-4662,2026-10-03 18:17:05,Navya,Dubey,"  Hyderabad, Telangana ",Home And Kitchen|Bedsheet Set|1499,1
ORD-20261003-0334,2026-10-03 21:41:17,navya,Srivastava,"Pune, Maharashtra",Fashion|Denim Jeans|1199,4
ORD-20261003-3923,03/10/2026 15:53,ishaan,Arora,"Ahmedabad, Gujarat",Fashion|Cotton Kurta|799,1
ORD-20261003-3410,2026-10-03 05:01:11,null,Saxena,"Lucknow, Uttar Pradesh",Beauty|Lipstick|399,1.0
ORD-20261003-0470,03/10/2026 02:15,advik,  Kumar ,"Ahmedabad, Gujarat",Electronics|Power Bank|899,1
ORD-20261003-1092,03/10/2026 20:20,anika,Nair,"Delhi, Delhi",Fashion|Leather Wallet|499,2
ORD-20261003-0032,03/10/2026 18:32,Karan,Parmar,"Jaipur, Rajasthan",Fashion|Sunglasses|999,1.0
ORD-20261003-1857,03/10/2026 19:06,  Kunal ,Agarwal,"mumbai, maharashtra",Beauty|Lipstick|399,4
ORD-20261003-1604,03/10/2026 13:28,Rohan,Bhatt,"mumbai, maharashtra",Sports|Yoga Mat|699,1
ORD-20261003-1267,2026-10-03 15:16:40,Megha,KALAVADIA,"Kolkata, West Bengal",Electronics|Smart Watch|2499,1.0
ORD-20261003-4719,2026-10-03 09:51:38,Tanvi,Sinha,"JAIPUR, RAJASTHAN",Sports|Football|799, 1 
ORD-20261003-3547,03/10/2026 09:07,Riya,chauhan,"mysuru, karnataka",Fashion|Leather Wallet|499,2
ORD-20261003-1461,2026-10-03 16:14:31,KUNAL,shah,"Ahmedabad, Gujarat",Fashion|Denim Jeans|1199,1
ORD-20261003-2835,03-10-2026 15:16,Neha,Vyas,"Kolkata, West Bengal",Electronics|Wireless Earbuds|1299,2
ORD-20261003-3383,03/10/2026 16:02,JAY,Mukherjee,"Bengaluru, Karnataka",Electronics|Wireless Earbuds|1299,1
ORD-20261003-2860,03/10/2026 21:46,vikas,Thakkar,"mumbai, maharashtra",,2
ORD-20261003-3788,03-10-2026 08:36,  Amit ,MEHTA,"Delhi, Delhi",Fashion|Denim Jeans|1199,2
ORD-20261003-4534,03/10/2026 10:06,kavya,pillai,"Delhi, Delhi",Fashion|Sunglasses|999,3
ORD-20261003-4642,03-10-2026 19:20,Myra,Desai,"Bengaluru, Karnataka",Home And Kitchen|Wall Clock|649,1
ORD-20261003-1770,03/10/2026 12:20,Dhruv,ARORA,"Jaipur, Rajasthan",Home And Kitchen|Non Stick Pan|1099,6
ORD-20261003-0936,03/10/2026 19:00,Pranav,Vyas,"Bengaluru, Karnataka",Fashion|Denim Jeans|1199,1
ORD-20261003-0284,2026-10-03 16:45:47,AYAAN,Ghosh,"Delhi, Delhi",Sports|Dumbbell Set|1899,2
ORD-20261003-3795,03/10/2026 20:58,Neel,agarwal,"Lucknow, Uttar Pradesh",Beauty|Face Wash|249,1
ORD-20261003-2500,03-10-2026 21:49,Suresh,Gupta,"hyderabad, telangana",Fashion|Denim Jeans|1199,3
ORD-20261003-2176,03/10/2026 22:28,Aryan,BANSAL,"Ahmedabad, Gujarat",Home And Kitchen|Steel Water Bottle|399,1
ORD-20261003-2038,03/10/2026 23:06,Ishaan,pillai,"Hyderabad, Telangana",Electronics|Laptop Stand|749,2
ORD-20261003-2521,2026-10-03 14:20:23,  Krishna ,Desai,"Surat, Gujarat",Home And Kitchen|Storage Box|299,1
ORD-20261003-2387,2026-10-03 18:26:58,Divya,Verma,"Ahmedabad, Gujarat",Beauty|Sunscreen|449,1
ORD-20261003-4172,03/10/2026 19:32,hetal,Patil,"Kolkata, West Bengal",Sports|Cricket Bat|1599,1
ORD-20261003-1580,03/10/2026 13:42,  Ritu ,KUMAR,,Electronics|Wireless Earbuds|1299,1
ORD-20261003-2524,2026-10-03 12:28:48,rajesh,Agarwal,"  Jaipur, Rajasthan ",Fashion|Running Shoes|2199,1
ORD-20261003-1379,03-10-2026 22:02,Sara,Gupta,"JAIPUR, RAJASTHAN",Fashion|Cotton Kurta|799,2
ORD-20261003-0060,2026-10-03 14:07:02,Kriti,Menon,"  Vadodara, Gujarat ",Electronics|Bluetooth Speaker|1799,2.0
ORD-20261003-0293,03/10/2026 15:07,Tanvi,malhotra,"MUMBAI, MAHARASHTRA",Fashion|Cotton Kurta|799,3
ORD-20261003-1180,03/10/2026 16:08,Bhavna,malhotra,"Jaipur, Rajasthan",Fashion|Cotton Kurta|799,
ORD-20261003-2547,03/10/2026 11:10,Riya,  Gupta ,"Chennai, Tamil Nadu",Beauty|Lipstick|399,4
ORD-20261003-3657,2026-10-03 17:29:08,Varun,rao,"  Ahmedabad, Gujarat ",Sports|Football|799,1
ORD-20261003-1044,2026-10-03 16:01:32,Om,Thakkar,"  Bengaluru, Karnataka ",Home And Kitchen|Bedsheet Set|1499,1
ORD-20261003-4417,2026-10-03 23:42:31,palak,Bansal,"hyderabad, telangana",Fashion|Cotton Kurta|799,1
ORD-20261003-0875,2026-10-03 12:23:15,komal,arora,"delhi, delhi",Electronics|Bluetooth Speaker|1799,2
ORD-20261003-0028,03-10-2026 20:50,Megha,  Chaudhary ,"kolkata, west bengal",Electronics|Bluetooth Speaker|1799,4
ORD-20261003-1204,,Rajesh,Srivastava,"MUMBAI, MAHARASHTRA",Electronics|Smart Watch|2499,1.0
ORD-20261003-0279,03/10/2026 12:32,  Deepak ,Bhatt,"Surat, Gujarat",Home And Kitchen|Steel Water Bottle|399,5
ORD-20261003-3279,03/10/2026 18:48,Ritu,,"ahmedabad, gujarat",Electronics|Laptop Stand|749,1.0
ORD-20261003-3623,03/10/2026 22:28,Divya,Pandya,"Hyderabad, Telangana",Fashion|Leather Wallet|499,2
ORD-20261003-3312,03/10/2026 08:42,ANANYA,  Arora ,"Delhi, Delhi",Fashion|Running Shoes|2199,1.0
ORD-20261003-4486,03/10/2026 22:29,NIKHIL,gupta,"Pune, Maharashtra",Fashion|Running Shoes|2199,1
ORD-20261003-1680,03-10-2026 01:36,Vikas,Yadav,"Bengaluru, Karnataka",Home And Kitchen|Storage Box|299,6
ORD-20261003-2297,03/10/2026 14:04,Payal,agarwal,"  Chennai, Tamil Nadu ",Electronics|Smart Watch|2499,6
ORD-20261003-0674,03/10/2026 09:50,Vivaan,Bhatt,"bengaluru, karnataka",Beauty|Face Wash|249,1
ORD-20261003-2634,03/10/2026 11:49,Ananya,agarwal,"Jaipur, Rajasthan",Electronics|Bluetooth Speaker|1799,1
ORD-20261003-4622,03/10/2026 12:26,NISHA,  Rao ,"Ahmedabad, Gujarat",Fashion|Cotton Kurta|799,2
ORD-20261003-0955,03/10/2026 20:45,manish,Mehta,"Hyderabad, Telangana",,
ORD-20261003-1017,03/10/2026 07:39,Gaurav,,"Coimbatore, Tamil Nadu",Sports|Skipping Rope|199,1
ORD-20261003-0982,03/10/2026 16:54,Megha,Chauhan,"MYSURU, KARNATAKA",Sports|Yoga Mat|699,5
ORD-20261003-3309,03/10/2026 17:11,shaurya,KUMAR,"surat, gujarat",Sports|Football|799,1
ORD-20261003-4724,03-10-2026 03:05,Nidhi,kulkarni,"Jaipur, Rajasthan",Fashion|Cotton Kurta|799,
ORD-20261003-0263,03/10/2026 18:56,palak,Pillai,"mumbai, maharashtra",Home And Kitchen|Wall Clock|649,1
ORD-20261003-3355,2026-10-03 20:16:54,Rudra,desai,"Mumbai, Maharashtra",Electronics|Smart Watch|2499,3
ORD-20261003-0525,03-10-2026 15:42,Amit,Mukherjee,"Surat, Gujarat",Fashion|Running Shoes|2199,1
ORD-20261003-0305,03/10/2026 22:59,Divya,Kulkarni,"chennai, tamil nadu",Fashion|Sunglasses|999, 1 
ORD-20261003-0089,03/10/2026 20:14,Gaurav,  Kalavadia ,"Bengaluru, Karnataka",Fashion|Running Shoes|2199,2
ORD-20261003-4003,2026-10-03 06:57:45,Sneha,,"  Delhi, Delhi ",Home And Kitchen|Steel Water Bottle|399,5
ORD-20261003-3146,03/10/2026 20:46,  Aryan ,Bose,"Vadodara, Gujarat",Home And Kitchen|Bedsheet Set|1499,2
ORD-20261003-3321,03/10/2026 13:29,Janvi,Saxena,"Vadodara, Gujarat",Home And Kitchen|Wall Clock|649,4
ORD-20261003-4132,03/10/2026 13:45,reyansh,Jain,"mumbai, maharashtra",Electronics|Power Bank|899,4
ORD-20261003-1985,31/02/2026 09:11,Gaurav,Saxena,"Bengaluru, Karnataka",Fashion|Leather Wallet|499,2
ORD-20261003-3545,03/10/2026 13:49,Saanvi,Kumar,"Hyderabad, Telangana",Fashion|Cotton Kurta|799,1
ORD-20261003-0776,03/10/2026 20:44,Neha,malhotra,"Jaipur, Rajasthan",Sports|Yoga Mat|699,2
ORD-20261003-1927,2026-10-03 05:22:25,JAY,mukherjee,"mumbai, maharashtra",Fashion|Denim Jeans|1199,1
ORD-20261003-1652,03-10-2026 03:36,Kriti,bhatt,"Mumbai, Maharashtra",Electronics|Power Bank|899,1
ORD-20261003-2613,03/10/2026 15:22,arjun,Shah,"ahmedabad, gujarat",Fashion|Denim Jeans|1199,1
ORD-20261003-3436,2026-10-03 06:00:29,  Varun ,Parmar,"mysuru, karnataka",Sports|Football|799,2
ORD-20261003-3682,03/10/2026 17:17,kunal,DESAI,"SURAT, GUJARAT",Beauty|Hair Serum|549,1
ORD-20261003-1945,03-10-2026 19:12,Dhruv,dubey,"Nagpur, Maharashtra",Fashion|Leather Wallet|499,2
ORD-20261003-3615,2026-10-03 10:05:31,Vivaan,Menon,"DELHI, DELHI",Electronics|Power Bank|899,1
ORD-20261003-2415,03/10/2026 22:37,MIHIR,bhatt,"Mumbai, Maharashtra",Home And Kitchen|Storage Box|299,1
ORD-20261003-3088,N/A,Kriti,Modi,"Mumbai, Maharashtra",Home And Kitchen|Non Stick Pan|1099,1
ORD-20261003-2205,03/10/2026 10:45,Khushi,  Chaudhary ,"  Jaipur, Rajasthan ",Fashion|Running Shoes|2199,1
ORD-20261003-0143,03/10/2026 10:46,rudra,rao,"Pune, Maharashtra",Home And Kitchen|Steel Water Bottle|399,1
ORD-20261003-2618,2026-10-03 20:19:42,manish,Bose,"Nagpur, Maharashtra",Sports|Skipping Rope|199,1
ORD-20261003-1990,03/10/2026 11:02,ritu,VYAS,"Delhi, Delhi",Fashion|Cotton Kurta|799,3
ORD-20261003-1067,2026-10-03 21:49:56,Navya,Rao,"Delhi, Delhi",Sports|Yoga Mat|699,1
ORD-20261003-4694,03-10-2026 20:40,yash,Nair,"Mumbai, Maharashtra",Fashion|Leather Wallet|499,1
ORD-20261003-3437,03/10/2026 16:52,Palak,Chaudhary,N/A,Home And Kitchen|Non Stick Pan|1099,2
ORD-20261003-3272,03/10/2026 11:07,Khushi,Trivedi,"Hyderabad, Telangana",Fashion|Leather Wallet|499,1
ORD-20261003-0785,03/10/2026 18:55,sai,Srivastava,"Hyderabad, Telangana",Electronics|Wireless Earbuds|1299,4
ORD-20261003-0405,03-10-2026 14:22,Simran,shah,"  Delhi, Delhi ",Fashion|Running Shoes|2199,4
ORD-20261003-3843,2026-10-03 20:28:22,Dhwani,IYER,"Surat, Gujarat",Fashion|Cotton Kurta|799,2
ORD-20261003-4311,03/10/2026 15:53,arjun,Verma,"Ahmedabad, Gujarat",Sports|Yoga Mat|699,3
ORD-20261003-4593,03/10/2026 19:57,Tanvi,Parmar,"Bengaluru, Karnataka",Home And Kitchen|Storage Box|299,2
ORD-20261003-4747,2026-10-03 21:12:21,Mansi,Shah,"Bengaluru, Karnataka",Electronics|Bluetooth Speaker|1799,3
ORD-20261003-0932,03/10/2026 21:56,Kabir,verma,"NAGPUR, MAHARASHTRA",Fashion|Cotton Kurta|799,0
ORD-20261003-1465,2026-10-03 19:34:52,Sai,,"Mumbai, Maharashtra",Fashion|Running Shoes|2199,2
ORD-20261003-1379,03-10-2026 22:02,Sara,Gupta,"JAIPUR, RAJASTHAN",Fashion|Cotton Kurta|799,2
ORD-20261003-1076,03/10/2026 21:07,  Rohan ,  Rathod ,"chennai, tamil nadu",Fashion|Running Shoes|2199,
ORD-20261003-4016,2026-10-03 20:07:37,RAJESH,Rao,"ahmedabad, gujarat",Fashion|Cotton Kurta|799,6
ORD-20261003-3982,03/10/2026 09:40,JANVI,Tiwari,"Kolkata, West Bengal",Electronics|Bluetooth Speaker|1799,2.0
ORD-20261003-0001,2026-10-03 15:50:07,Arjun,Shah,"  Delhi, Delhi ",Fashion|Cotton Kurta|799,1
ORD-20261003-3064,03/10/2026 13:14,Megha,patil,,Sports|Football|799, 2 
ORD-20261003-2323,03/10/2026 16:13,Janvi,Saxena,"VADODARA, GUJARAT",Home And Kitchen|Steel Water Bottle|399,1
ORD-20261003-4267,2026-10-03 17:56:57,,Rao,"Mumbai, Maharashtra",Electronics|Bluetooth Speaker|1799,6
ORD-20261003-4707,2026-10-03 07:24:25,ANIKA,AGARWAL,"Mumbai, Maharashtra",Fashion|Sunglasses|999,4
ORD-20261003-0292,03-10-2026 13:36,Komal,  Sharma ,"  Mysuru, Karnataka ",Beauty|Lipstick|399,1
ORD-20261003-1602,2026-10-03 17:48:19,dhruv,Gupta,"Jaipur, Rajasthan",Fashion|Running Shoes|2199,
ORD-20261003-0728,03/10/2026 12:56,Navya,kulkarni,"DELHI, DELHI",Electronics|Smart Watch|2499,1
ORD-20261003-1792,03/10/2026 18:01,PRANAV,Bose,"Bengaluru, Karnataka",Home And Kitchen|Wall Clock|649,one
ORD-20261003-0483,03/10/2026 10:38,AANYA,Pandya,"coimbatore, tamil nadu",Home And Kitchen|Wall Clock|649,4
ORD-20261003-3618,2026-10-03 13:36:40,,  Gupta ,"Jaipur, Rajasthan",Electronics|Bluetooth Speaker|1799,1
ORD-20261003-1868,2026-10-03 19:57:56,ROSHNI,singh,"Ahmedabad, Gujarat",Electronics|Smart Watch|2499,1
ORD-20261003-4496,03/10/2026 23:05,MANISH,  Singh ,"Bengaluru, Karnataka",Electronics|Power Bank|899,2
ORD-20261003-3764,03/10/2026 22:37,HARSH,sinha,"  Hyderabad, Telangana ",Home And Kitchen|Steel Water Bottle|399,2
ORD-20261003-3692,03/10/2026 17:44,Yash,Thakkar,"Mumbai, Maharashtra",Electronics|Bluetooth Speaker|1799,4
ORD-20261003-0703,2026-10-03 20:01:31,Swati,Solanki,"pune, maharashtra",Fashion|Sunglasses|999,1
ORD-20261003-1895,03/10/2026 20:14,Mansi,Patel,"Bengaluru, Karnataka",Fashion|Cotton Kurta|799,4
ORD-20261003-1648,2026-10-03 18:46:04,SARA,  Saxena ,"KOLKATA, WEST BENGAL",Electronics|Wireless Earbuds|1299,1
ORD-20261003-2528,03-10-2026 19:03,rahul,bhatt,"SURAT, GUJARAT",Home And Kitchen|Storage Box|299,5
ORD-20261003-0622,03/10/2026 12:07,Krishna,Yadav,"Mumbai, Maharashtra",Fashion|Running Shoes|2199,4
ORD-20261003-1224,2026-10-03 19:21:35,  Pranav ,Bose,"Ahmedabad, Gujarat",Sports|Cricket Bat|1599,6
ORD-20261003-1052,,Sneha,SRIVASTAVA,"Hyderabad, Telangana",Electronics|Bluetooth Speaker|1799,1
ORD-20261003-0924,03/10/2026 22:23,Kriti,Trivedi,"jaipur, rajasthan",Electronics|Wireless Earbuds|1299,1
ORD-20261003-1971,03/10/2026 20:57,Vivaan,,"Pune, Maharashtra",Sports|Football|799,2
ORD-20261003-0429,03/10/2026 21:26,Neha,Arora,"Mumbai, Maharashtra",Electronics|Laptop Stand|749,4
ORD-20261003-4150,03/10/2026 21:16,aarav,Solanki,"Pune, Maharashtra",Electronics|Power Bank|899,4
ORD-20261003-3065,03/10/2026 13:15,anjali,Sharma,"Pune, Maharashtra",Electronics|Laptop Stand|749,1
ORD-20261003-1882,2026-10-03 23:05:22,Tushar,  Parmar ,"Chennai, Tamil Nadu",Fashion|Cotton Kurta|799,1
ORD-20261003-2324,03-10-2026 11:08,simran,Thakkar,"Kolkata, West Bengal",Sports|Football|799,5
,2026-10-03 11:33:16,Rohan,Rathod,"Hyderabad, Telangana",Fashion|Sunglasses|999,
ORD-20261003-0598,03-10-2026 19:32,Nidhi,  Yadav ,"  Hyderabad, Telangana ",Fashion|Denim Jeans|1199,3
ORD-20261003-2469,03/10/2026 20:38,Sneha,  Tiwari ,"Ahmedabad, Gujarat",Sports|Skipping Rope|199,3
ORD-20261003-1684,2026-10-03 11:59:30,shaurya,Ghosh,"Hyderabad, Telangana",Fashion|Sunglasses|999,1
ORD-20261003-3719,03/10/2026 20:21,Rahul,Bansal,"delhi, delhi",Sports|Football|799,2
ORD-20261003-1079,03/10/2026 15:46,Vikas,trivedi,"Hyderabad, Telangana",Sports|Cricket Bat|1599,2
ORD-20261003-4722,03-10-2026 18:43,Neel,sinha,"Ahmedabad, Gujarat",Beauty|Face Wash|249,3
ORD-20261003-1932,03-10-2026 22:12,Kabir,Kumar,"  Mumbai, Maharashtra ",Home And Kitchen|Non Stick Pan|1099,5
ORD-20261003-3626,2026-10-03 17:00:19,Aditi,Bhatt,"mumbai, maharashtra",Home And Kitchen|Wall Clock|649,3
ORD-20261003-0444,2026-10-03 23:24:07,ATHARV,  Yadav ,"Mysuru, Karnataka",Sports|Cricket Bat|1599,5
ORD-20261003-2110,03/10/2026 17:45,Krishna,Pillai,"bengaluru, karnataka",Sports|Yoga Mat|699,1
ORD-20261003-1443,30/02/2026 10:58,Neha,  Saxena ,"lucknow, uttar pradesh",Home And Kitchen|Steel Water Bottle|399,0
ORD-20261003-4680,2026-10-03 22:28:32,KUNAL,Ghosh,,Home And Kitchen|Non Stick Pan|1099,2
ORD-20261003-0250,03/10/2026 19:16,Shreya,Yadav,"pune, maharashtra",Sports|Skipping Rope|199,2
ORD-20261003-2673,2026-10-03 20:43:02,Varun,  Mukherjee ,"surat, gujarat",Fashion|Leather Wallet|499,4
ORD-20261003-4796,03-10-2026 17:36,Aarav,MODI,"Bengaluru, Karnataka",Electronics|Bluetooth Speaker|1799,2
ORD-20261003-0837,2026-10-03 08:33:26,Anika,Dubey,"Ahmedabad, Gujarat",Fashion|Denim Jeans|1199,1
ORD-20261003-2218,2026-10-03 18:20:39,Payal,Rao,"bengaluru, karnataka",Sports|Cricket Bat|1599,3
ORD-20261003-1257,03/10/2026 21:12,aryan,  Mukherjee ,"chennai, tamil nadu",Home And Kitchen|Bedsheet Set|1499,4
ORD-20261003-0415,03-10-2026 11:55,Dev,Chaudhary,"Chennai, Tamil Nadu",Fashion|Sunglasses|999,1
ORD-20261003-1216,03/10/2062 19:56,DHWANI,Srivastava,"delhi, delhi",Sports|Football|799,1.0
ORD-20261003-2501,03/10/2026 19:23,Saanvi,Patel,"Ahmedabad, Gujarat",Fashion|Sunglasses|999,2
ORD-20261003-3499,03/10/2026 16:31,  Simran ,Sinha,"KOLKATA, WEST BENGAL",Home And Kitchen|Storage Box|299,1
ORD-20261003-1795,2026-10-03 12:30:01,VARUN,Yadav,"  Surat, Gujarat ",Sports|Dumbbell Set|1899,1
ORD-20261003-2036,03-10-2026 12:39,riya,Patil,"Bengaluru, Karnataka",Beauty|Lipstick|399,2
ORD-20261003-2202,03-10-2026 14:57,ARYAN,reddy,"bengaluru, karnataka",Fashion|Denim Jeans|1199,5
ORD-20261003-0086,2026-10-03 14:06:25,  Krishna ,Iyer,"Surat, Gujarat",Electronics|Smart Watch|2499, 4 
ORD-20261003-1439,2026-10-03 15:45:16,Vivaan,desai,"  Chennai, Tamil Nadu ",Electronics|Wireless Earbuds|1299,2
ORD-20261003-1828,03-10-2026 08:50,Diya,CHAUDHARY,"nagpur, maharashtra",Fashion|Running Shoes|2199,1
ORD-20261003-3574,03/10/2026 16:57,Dev,JAIN,"Chennai, Tamil Nadu",Electronics|Bluetooth Speaker|1799,4
ORD-20261003-1270,03-10-2026 14:26,Roshni,Verma,"AHMEDABAD, GUJARAT",Electronics|Smart Watch|2499,1
ORD-20261003-1687,03/10/2026 20:26,null,Kulkarni,"Delhi, Delhi",Electronics|Wireless Earbuds|1299, 1 
ORD-20261003-2061,03/10/2026 14:00,Priya,kalavadia,"Delhi, Delhi",Home And Kitchen|Non Stick Pan|1099,5
ORD-20261003-3665,03/10/2062 08:52,  Rajesh ,pawar,"hyderabad, telangana",Electronics|Wireless Earbuds|1299,
ORD-20261003-2923,2026-10-03 14:20:11,Dev,Singh,"Hyderabad, Telangana",Fashion|Running Shoes|2199,4
ORD-20261003-2932,03/10/2026 22:57,shreya,,"Chennai, Tamil Nadu",Sports|Yoga Mat|699,1
ORD-20261003-1071,03/10/2026 22:15,DHWANI,Jain,"Kolkata, West Bengal",Fashion|Denim Jeans|1199,1
ORD-20261003-0266,03/10/2026 09:30,Navya,SINHA,"delhi, delhi",Sports|Skipping Rope|199,2
ORD-20261003-2711,03/10/2026 21:04,Vivaan,Kumar,"Nagpur, Maharashtra",Home And Kitchen|Storage Box|299,4
ORD-20261003-3332,03/10/2026 12:55,manish,Nair,"Hyderabad, Telangana",Fashion|Cotton Kurta|799,1
ORD-20261003-4716,03/10/2026 12:11,tanvi,Parmar,"BENGALURU, KARNATAKA",Sports|Dumbbell Set|1899,2
ORD-20261003-0691,2026-10-03 21:09:26,YASH,Mishra,"Ahmedabad, Gujarat",Fashion|Cotton Kurta|799,2
ORD-20261003-1764,2026-10-03 14:34:15,ishaan,  Mishra ,"HYDERABAD, TELANGANA",Home And Kitchen|Bedsheet Set|1499, 2 
ORD-20261003-2004,03-10-2026 23:19,  Nidhi ,Trivedi,"hyderabad, telangana",Fashion|Leather Wallet|499,3.0
,03-10-2026 21:44,vikas,patil,"PUNE, MAHARASHTRA",Sports|Yoga Mat|699,5
ORD-20261003-4835,03/10/2026 12:30,Vihaan,chaudhary,"chennai, tamil nadu",Fashion|Leather Wallet|499,1
ORD-20261003-0701,2026-10-03 17:41:19,  Amit ,patel,"DELHI, DELHI",Fashion|Sunglasses|999,1
ORD-20261003-2748,2026-10-03 12:48:54,Arjun,Solanki,"hyderabad, telangana",Electronics|Bluetooth Speaker|1799,3
ORD-20261003-0641,2026-10-03 21:13:32,Vikas,Patil,"Vadodara, Gujarat",Fashion|Denim Jeans|1199,2
ORD-20261003-2773,2026-10-03 14:32:26,Ayaan,  Nair ,"Bengaluru, Karnataka",Sports|Skipping Rope|199,1
ORD-20261003-2112,03/10/2026 22:05,rajesh,Pandya,"Nagpur, Maharashtra",Fashion|Denim Jeans|1199,1
ORD-20261003-4457,03/10/2026 18:57,Shreya,Gupta,"DELHI, DELHI",Beauty|Sunscreen|449,1
ORD-20261003-1124,2026-10-03 14:34:04,Kriti,Menon,"VADODARA, GUJARAT",Sports|Football|799, 1 
ORD-20261003-2887,2026-10-03 20:55:58,Rohan,Mishra,"Hyderabad, Telangana",Fashion|Sunglasses|999,2
ORD-20261003-2957,03/10/2026 15:51,Neha,arora,"mumbai, maharashtra",Fashion|Leather Wallet|499,1
ORD-20261003-2259,2026-10-03 14:14:55,null,THAKKAR,"  Mumbai, Maharashtra ",Fashion|Leather Wallet|499,3
ORD-20261003-3578,03-10-2026 21:54,kunal,Bansal,"  Hyderabad, Telangana ",Home And Kitchen|Non Stick Pan|1099,1
ORD-20261003-0769,2026-10-03 22:14:16,Harsh,Modi,"Bengaluru, Karnataka",Sports|Skipping Rope|199,3
ORD-20261003-0481,03-10-2026 14:25,Roshni,yadav,"Jaipur, Rajasthan",Fashion|Running Shoes|2199,1
ORD-20261003-3934,2026-10-03 11:08:53,,Joshi,"Vadodara, Gujarat",Electronics|Bluetooth Speaker|1799,3
ORD-20261003-1821,2026-10-03 12:01:17,  Krupa ,Kapoor,"MUMBAI, MAHARASHTRA",Electronics|Wireless Earbuds|1299,1
ORD-20261003-0265,03-10-2026 19:37,Isha,Jain,"  Mumbai, Maharashtra ",Electronics|Wireless Earbuds|1299,1
ORD-20261003-0980,2026-10-03 15:27:27,  Hetal ,Desai,"JAIPUR, RAJASTHAN",Fashion|Denim Jeans|1199,two
ORD-20261003-2361,03-10-2026 20:22,AANYA,Trivedi,"Delhi, Delhi",Fashion|Cotton Kurta|799,1
ORD-20261003-4419,03/10/2026 17:57,Anika,Reddy,"Delhi, Delhi",Home And Kitchen|Steel Water Bottle|399,1
ORD-20261003-3344,03/10/2026 18:40,RUDRA,Parmar,"Hyderabad, Telangana",Fashion|Cotton Kurta|799,4.0
ORD-20261003-2175,03/10/2026 12:04,  Tanvi ,parmar,"BENGALURU, KARNATAKA",Fashion|Running Shoes|2199,1
ORD-20261003-0780,03/10/2026 07:11,  Nisha ,AGARWAL,"  Mumbai, Maharashtra ",Sports|Football|799,4
ORD-20261003-4634,03/10/2026 20:11,Khushi,Nair,"Mysuru, Karnataka",Fashion|Sunglasses|999,1
ORD-20261003-0207,03/10/2026 15:55,KRITI,Jain,"Lucknow, Uttar Pradesh",Fashion|Denim Jeans|1199,
ORD-20261003-4477,2026-10-03 19:21:41,Tanvi,Singh,"bengaluru, karnataka",Sports|Football|799,5
ORD-20261003-3068,03/10/2026 14:11,  Aditya ,Dubey,"Vadodara, Gujarat",Electronics|Smart Watch|2499, 4 
ORD-20261003-0155,03/10/2026 08:23,aadhya,TRIVEDI,"KOLKATA, WEST BENGAL",Beauty|Face Wash|249,1
ORD-20261003-2242,03-10-2026 07:23,Nidhi,Arora,"Mysuru, Karnataka",Fashion|Leather Wallet|499,1
ORD-20261003-0038,03/10/2026 13:36,Sai,Mehta,"Delhi, Delhi",Fashion|Leather Wallet|499,1
ORD-20261003-4540,2026-10-03 21:19:27,Manish,Tiwari,"mumbai, maharashtra",Fashion|Sunglasses|999, 2 
ORD-20261003-0169,2026-10-03 13:27:28,Priya,,"Delhi, Delhi",Fashion|Running Shoes|2199,2
ORD-20261003-0675,03/10/2026 15:31,Manish,Verma,"chennai, tamil nadu",Electronics|Laptop Stand|749,2
ORD-20261003-0092,2026-10-03 20:34:03,Aadhya,KULKARNI,"mumbai, maharashtra",Fashion|Denim Jeans|1199,5
ORD-20261003-1896,2026-10-03 16:28:51,nikhil,Bhatt,"coimbatore, tamil nadu",Electronics|Laptop Stand|749,5
ORD-20261003-0330,03-10-2026 13:15,Varun,joshi,"AHMEDABAD, GUJARAT",Fashion|Leather Wallet|499,2
ORD-20261003-4684,2026-10-03 13:27:55,SAI,Khanna,"  Coimbatore, Tamil Nadu ",Fashion|Cotton Kurta|799,1
ORD-20261003-2607,2026-10-03 15:52:55,suresh,Kulkarni,"mumbai, maharashtra",Fashion|Sunglasses|999,1
ORD-20261003-1533,2026-10-03 20:47:38,MANISH,Kumar,"  Jaipur, Rajasthan ",Sports|Cricket Bat|1599,3
ORD-20261003-3253,03/10/2026 09:13,manish,bhatt,"HYDERABAD, TELANGANA",Home And Kitchen|Wall Clock|649,4
ORD-20261003-2299,2026-10-03 18:53:18,Ananya,Chaudhary,"Lucknow, Uttar Pradesh",Fashion|Sunglasses|999,1
ORD-20261003-1890,2026-10-03 11:48:53,JAY,Das,"Surat, Gujarat",Home And Kitchen|Bedsheet Set|1499,1
ORD-20261003-4563,03/10/2026 18:54,SWATI,desai,"Bengaluru, Karnataka",Home And Kitchen|Steel Water Bottle|399,1
ORD-20261003-3571,03-10-2026 20:38,harsh,menon,"lucknow, uttar pradesh",Fashion|Leather Wallet|499,1.0
ORD-20261003-0905,2026-10-03 18:57:44,GAURAV,Chaudhary,"Hyderabad, Telangana",Electronics|Wireless Earbuds|1299,1
ORD-20261003-3085,2026-10-03 07:58:05,Tushar,agarwal,"  Mumbai, Maharashtra ",Fashion|Running Shoes|2199,
ORD-20261003-3283,03/10/2026 19:48,Shreya,Chauhan,"  Coimbatore, Tamil Nadu ",Fashion|Cotton Kurta|799, 1 
ORD-20261003-1824,2026-10-03 16:16:48,myra,Pawar,"Ahmedabad, Gujarat",Fashion|Leather Wallet|499,1
ORD-20261003-0653,03/10/2026 19:51,Ishaan,Dubey,N/A,Electronics|Laptop Stand|749,1
ORD-20261003-0287,03/10/2026 17:53,  Myra ,Sharma,"nagpur, maharashtra",Beauty|Perfume|1299,1
,03-10-2026 11:09,Hetal,  Tiwari ,"LUCKNOW, UTTAR PRADESH",Fashion|Denim Jeans|1199,1
ORD-20261003-1585,2026-10-03 19:25:02,TUSHAR,Malhotra,"DELHI, DELHI",Electronics|Power Bank|899,2
ORD-20261003-3178,03/10/2026 15:30,Khushi,SOLANKI,"  Bengaluru, Karnataka ",Fashion|Sunglasses|999,2
ORD-20261003-1029,03/10/2026 22:07,aanya,Chauhan,"Ahmedabad, Gujarat",Sports|Yoga Mat|699,5
ORD-20261003-2190,03/10/2026 08:30,Pranav,Modi,"  Bengaluru, Karnataka ",Fashion|Leather Wallet|499,-3
ORD-20261003-3561,2026-10-03 20:08:39,Aadhya,  Pandya ,"Mumbai, Maharashtra",Fashion|Denim Jeans|1199,5
ORD-20261003-2582,03-10-2026 05:02,Janvi,Chopra,"Surat, Gujarat",Home And Kitchen|Wall Clock|649,1
ORD-20261003-3343,03/10/2026 09:09,Simran,Ghosh,"  Delhi, Delhi ",Electronics|Bluetooth Speaker|1799, 1 
ORD-20261003-2480,03/10/2026 11:35,Vihaan,Jain,"Pune, Maharashtra",Electronics|Laptop Stand|749,1
ORD-20261003-0794,03/10/2026 21:24,  Nikhil ,Chaudhary,"Lucknow, Uttar Pradesh",Fashion|Sunglasses|999,6
ORD-20261003-3847,03/10/2026 12:19,Sneha,patil,"Vadodara, Gujarat",Sports|Football|799,2
ORD-20261003-1073,03/10/2026 20:27,Karan,rathod,"  Jaipur, Rajasthan ",Beauty|Face Wash|249,1
ORD-20261003-0528,2026-10-03 12:10:23,tanvi,Modi,"Coimbatore, Tamil Nadu",Fashion|Sunglasses|999,1
ORD-20261003-1135,03-10-2026 18:20,neha,rao,,Fashion|Sunglasses|999,1
ORD-20261003-0467,2026-10-03 19:29:26,Deepak,Patil,"Bengaluru, Karnataka",Beauty|Sunscreen|449,2
ORD-20261003-2906,03/10/2026 06:54,kriti,Reddy,"Pune, Maharashtra",Home And Kitchen|Bedsheet Set|1499,3
ORD-20261003-3706,03-10-2026 17:47,aryan,Joshi,"Delhi, Delhi",Sports|Skipping Rope|199,2.0
ORD-20261003-4504,03-10-2026 19:23,Aarav,kumar,"mysuru, karnataka",Electronics|Bluetooth Speaker|1799,5
ORD-20261003-1459,03/10/2026 20:39,Ananya,Mishra,"Pune, Maharashtra",Beauty|Lipstick|399,3
ORD-20261003-2016,2026-10-03 11:16:49,null,malhotra,"delhi, delhi",Fashion|Leather Wallet|499,2
ORD-20261003-4753,03/10/2026 19:59,Dhruv,chopra,"Hyderabad, Telangana",Sports|Yoga Mat|699,5
ORD-20261003-3110,03/10/2026 20:26,Neel,  Parmar ,"  Pune, Maharashtra ",Beauty|Perfume|1299,1
ORD-20261003-4285,03/10/2026 16:02,,Saxena,"Kolkata, West Bengal",Fashion|Denim Jeans|1199,1
ORD-20261003-4131,03-10-2026 20:30,sneha,Das,"MUMBAI, MAHARASHTRA",Fashion|Leather Wallet|499,2
ORD-20261003-1873,03/10/2026 17:04,Khushi,Pawar,"vadodara, gujarat",Home And Kitchen|Steel Water Bottle|399,2
ORD-20261003-3003,2026-10-03 16:18:53,DEEPAK,Gupta,"Mysuru, Karnataka",Fashion|Leather Wallet|499,2
ORD-20261003-4054,03/10/2026 18:44,,Mishra,"Nagpur, Maharashtra",Home And Kitchen|Bedsheet Set|1499,1
ORD-20261003-2810,2026-10-03 13:00:16,Janvi,  Reddy ,"Bengaluru, Karnataka",Home And Kitchen|Non Stick Pan|1099, 1 
ORD-20261003-3277,2026-10-03 21:00:27,Ayaan,DESAI,"Ahmedabad, Gujarat",Home And Kitchen|Steel Water Bottle|399,2.0
ORD-20261003-2040,03/10/2026 21:37,karan,bose,"hyderabad, telangana",Beauty|Perfume|1299,one
ORD-20261003-4224,2026-10-03 12:19:29,krupa,kalavadia,"surat, gujarat",Beauty|Sunscreen|449,2
ORD-20261003-0320,03/10/2026 15:39,Diya,Kumar,"Lucknow, Uttar Pradesh",Fashion|Denim Jeans|1199,1
ORD-20261003-3909,03/10/2026 21:23,Kunal,modi,"Delhi, Delhi",Home And Kitchen|Storage Box|299,1
ORD-20261003-3222,2026-10-03 21:02:00,Myra,Mehta,"Bengaluru, Karnataka",Sports|Dumbbell Set|1899,1
ORD-20261003-4484,03/10/2026 19:44,Vikas,Patil,"Mumbai, Maharashtra",Home And Kitchen|Steel Water Bottle|399,1
ORD-20261003-3756,,Varun,menon,"Jaipur, Rajasthan",Fashion|Denim Jeans|1199,0
ORD-20261003-4748,03/10/2026 10:19,RITU,Sinha,"Delhi, Delhi",Fashion|Cotton Kurta|799,3
ORD-20261003-3203,2026-10-03 21:06:47,  Simran ,Tiwari,"Jaipur, Rajasthan",Electronics|Power Bank|899,1
ORD-20261003-2490,2026-10-03 23:42:05,kriti,  Rao ,"ahmedabad, gujarat",Fashion|Running Shoes|2199,1
ORD-20261003-2904,03/10/2026 13:33,Kriti,  Joshi ,,Electronics|Laptop Stand|749,2
ORD-20261003-0435,2026-10-03 19:37:21,Megha,chaudhary,"Ahmedabad, Gujarat",Beauty|Lipstick|399,2
ORD-20261003-4021,2026-10-03 10:42:50,MYRA,Bansal,"CHENNAI, TAMIL NADU",Fashion|Cotton Kurta|799,2
ORD-20261003-4057,2026-10-03 22:20:01,Aadhya,  Modi ,"Bengaluru, Karnataka",Home And Kitchen|Storage Box|299,1
ORD-20261003-0221,03/10/2026 20:08,PARTH,Modi,"Pune, Maharashtra",Sports|Football|799,
ORD-20261003-1635,2026-10-03 11:58:56,  Jay ,Modi,"Chennai, Tamil Nadu",Beauty|Lipstick|399,3
ORD-20261003-3233,2026-10-03 16:39:15,neha,MUKHERJEE,"Kolkata, West Bengal",Fashion|Denim Jeans|1199,3
ORD-20261003-4268,2026-10-03 18:36:29,Rohan,Saxena,"Delhi, Delhi",Home And Kitchen|Steel Water Bottle|399,1
ORD-20261003-2472,2026-10-03 21:51:30,aditya,Menon,"Delhi, Delhi",Electronics|Bluetooth Speaker|1799,
ORD-20261003-4293,03/10/2026 08:47,Ayaan,Thakkar,"Mumbai, Maharashtra",Fashion|Cotton Kurta|799,1
ORD-20261003-4683,03-10-2026 21:30,rohan,Gupta,"PUNE, MAHARASHTRA",Beauty|Sunscreen|449,4.0
ORD-20261003-3971,03/10/2026 12:01,aryan,Patil,"lucknow, uttar pradesh",Beauty|Sunscreen|449,2
ORD-20261003-2733,03-10-2026 14:42,AMIT,Pawar,"lucknow, uttar pradesh",Home And Kitchen|Bedsheet Set|1499,1
ORD-20261003-2672,03/10/2026 13:00,Palak,DAS,"Pune, Maharashtra",Electronics|Smart Watch|2499,3
ORD-20261003-1524,2026-10-03 08:54:16,Palak,Mishra,"Pune, Maharashtra",Home And Kitchen|Bedsheet Set|1499,1
ORD-20261003-1094,2026-10-03 00:30:11,Saanvi,SHARMA,"HYDERABAD, TELANGANA",Electronics|Laptop Stand|749, 1 
ORD-20261003-2939,03/10/2026 10:48,Swati,chopra,"Bengaluru, Karnataka",Fashion|Denim Jeans|1199,1
ORD-20261003-0383,03/10/2026 16:09,Riya,Chauhan,"Delhi, Delhi",Home And Kitchen|Bedsheet Set|1499,3
ORD-20261003-0384,03-10-2026 10:02,Krishna,Bhatt,"chennai, tamil nadu",Fashion|Leather Wallet|499,
ORD-20261003-3404,03-10-2026 07:44,khushi,Arora,"Delhi, Delhi",Fashion|Running Shoes|2199,4
ORD-20261003-0008,2026-10-03 19:26:23,Atharv,  Chauhan ,"Coimbatore, Tamil Nadu",Fashion|Denim Jeans|1199,6
ORD-20261003-1966,03/10/2026 14:46,Yash,Desai,"delhi, delhi",Sports|Dumbbell Set|1899,1
ORD-20261003-1310,03/10/2026 00:32,palak,Menon,"Coimbatore, Tamil Nadu",Electronics|Wireless Earbuds|1299,2
ORD-20261003-3518,03/10/2026 06:58,Vikas,  Vyas ,"  Chennai, Tamil Nadu ",Fashion|Leather Wallet|499, 1 
ORD-20261003-3198,03/10/2026 21:17,kriti,Patel,"  Kolkata, West Bengal ",Home And Kitchen|Bedsheet Set|1499,2
ORD-20261003-4328,2026-10-03 14:36:10,  Saanvi ,Verma,"Delhi, Delhi",Fashion|Cotton Kurta|799,2
ORD-20261003-1708,03/10/2026 22:03,hetal,khanna,"delhi, delhi",Electronics|Bluetooth Speaker|1799,3
ORD-20261003-3096,03/10/2026 15:05,Yash,  Nair ,"  Mumbai, Maharashtra ",Fashion|Leather Wallet|499,1
ORD-20261003-1709,2026-10-03 13:13:07,kabir,Bose,"Ahmedabad, Gujarat",Electronics|Bluetooth Speaker|1799,2
ORD-20261003-0853,2026-10-03 21:46:39,  Vihaan ,Rathod,"Mumbai, Maharashtra",Fashion|Denim Jeans|1199,2.0
ORD-20261003-1233,03-10-2026 16:40,null,,"Mumbai, Maharashtra",Beauty|Lipstick|399,2
ORD-20261003-3883,2026-10-03 21:07:15,  Nisha ,Mehta,"Delhi, Delhi",Fashion|Denim Jeans|1199,1
ORD-20261003-2353,03-10-2026 23:11,  Aditya ,Solanki,"Mumbai, Maharashtra",Sports|Cricket Bat|1599,6
ORD-20261003-0109,2026-10-03 19:04:55,Ananya,  Mishra ,"Pune, Maharashtra",Fashion|Sunglasses|999,1
ORD-20261003-4076,2026-10-03 21:08:52,Parth,Solanki,"Lucknow, Uttar Pradesh",Fashion|Sunglasses|999,2
ORD-20261003-1008,2026-10-03 23:34:13,Vikas,Modi,"Delhi, Delhi",Fashion|Leather Wallet|499,4
ORD-20261003-3072,03/10/2026 23:18,atharv,Joshi,"  Ahmedabad, Gujarat ",Fashion|Denim Jeans|1199,2
ORD-20261003-2557,2026-10-03 16:53:10,  Deepak ,iyer,"Bengaluru, Karnataka",Electronics|Wireless Earbuds|1299,1.0
ORD-20261003-1935,03-10-2026 20:02,Janvi,RATHOD,"Lucknow, Uttar Pradesh",Electronics|Wireless Earbuds|1299,3.0
ORD-20261003-1723,2026-10-03 04:30:26,Ritu,Bansal,"Mumbai, Maharashtra",Sports|Cricket Bat|1599,2
ORD-20261003-1543,03/10/2026 17:29,nikhil,Kapoor,"Bengaluru, Karnataka",Home And Kitchen|Wall Clock|649,1
ORD-20261003-1133,03/10/2026 21:05,Pranav,,"BENGALURU, KARNATAKA",Sports|Football|799,1
ORD-20261003-2341,31/02/2026 21:09,ANJALI,parmar,"Kolkata, West Bengal",Sports|Yoga Mat|699,1
ORD-20261003-1643,03/10/2026 09:15,Aanya,TRIVEDI,"DELHI, DELHI",Sports|Yoga Mat|699,4
ORD-20261003-0857,03-10-2026 18:11,varun,Shah,"COIMBATORE, TAMIL NADU",Fashion|Leather Wallet|499,
ORD-20261003-4347,03/10/2026 12:23,Neha,Mishra,"Kolkata, West Bengal",Home And Kitchen|Bedsheet Set|1499,4
ORD-20261003-4187,2026-10-03 20:59:56,kabir,NAIR,"Delhi, Delhi",Electronics|Laptop Stand|749, 1 
ORD-20261003-4403,2026-10-03 19:49:59,Sneha,gupta,"Bengaluru, Karnataka",Sports|Yoga Mat|699,4
ORD-20261003-3765,03/10/2026 14:13,kabir,  Bhatt ,"nagpur, maharashtra",Home And Kitchen|Storage Box|299,1
ORD-20261003-4527,03/10/2026 18:47,navya,  Sinha ,"Delhi, Delhi",Fashion|Running Shoes|2199,5
ORD-20261003-1075,03/10/2026 22:31,Aarav,Desai,"bengaluru, karnataka",Home And Kitchen|Steel Water Bottle|399,1
ORD-20261003-1412,03-10-2026 13:54,Tanvi,Kumar,"Ahmedabad, Gujarat",Fashion|Cotton Kurta|799,-3
ORD-20261003-4352,2026-10-03 19:38:21,,ghosh,"Coimbatore, Tamil Nadu",Electronics|Laptop Stand|749,2
ORD-20261003-2621,2026-10-03 15:48:58,Mansi,Bansal,"Bengaluru, Karnataka",Sports|Skipping Rope|199,1
ORD-20261003-1390,2026-10-03 20:41:00,Aanya,Mishra,"Pune, Maharashtra",Fashion|Denim Jeans|1199,1
ORD-20261003-0845,03/10/2026 19:55,Tanvi,Modi,"  Coimbatore, Tamil Nadu ",Beauty|Face Wash|249,4
ORD-20261003-2272,03/10/2026 12:02,  Pari ,Patel,"Delhi, Delhi",Fashion|Running Shoes|2199,3
ORD-20261003-2402,03/10/2026 13:08,Aditya,gupta,"Delhi, Delhi",Home And Kitchen|Storage Box|299,1.0
ORD-20261003-1977,03-10-2026 18:55,Isha,Chaudhary,"Vadodara, Gujarat",Fashion|Denim Jeans|1199,1
ORD-20261003-4568,31/02/2026 07:27,Rudra,Mehta,"AHMEDABAD, GUJARAT",Electronics|Wireless Earbuds|1299,1
ORD-20261003-2563,03-10-2026 15:56,Aanya,dubey,,Home And Kitchen|Storage Box|299,1
ORD-20261003-3449,03/10/2026 19:31,Rudra,Pawar,,Home And Kitchen|Non Stick Pan|1099,1
ORD-20261003-2655,03/10/2026 21:03,Priya,BHATT,"Hyderabad, Telangana",Fashion|Leather Wallet|499,4
ORD-20261003-3650,03/10/2026 22:28,Diya,Trivedi,"Bengaluru, Karnataka",Electronics|Laptop Stand|749,5
ORD-20261003-0376,2026-10-03 18:43:24,Atharv,Desai,"Hyderabad, Telangana",Beauty|Lipstick|399,1
ORD-20261003-3303,03-10-2026 13:20,NEEL,mishra,"surat, gujarat",Fashion|Denim Jeans|1199,1
ORD-20261003-2052,03-10-2026 14:11,kavya,KUMAR,"pune, maharashtra",Fashion|Running Shoes|2199,2
ORD-20261003-3432,03/10/2026 09:51,Diya,Menon,"delhi, delhi",Beauty|Hair Serum|549,6
ORD-20261003-3104,03/10/2026 21:17,janvi,Chaudhary,"coimbatore, tamil nadu",Beauty|Perfume|1299,1
ORD-20261003-2694,03/10/2026 16:27,reyansh,  Yadav ,"Delhi, Delhi",Beauty|Sunscreen|449,1
ORD-20261003-3739,2026-10-03 13:18:26,Divya,Chauhan,"Delhi, Delhi",, 4 
ORD-20261003-4052,03/10/2026 12:25,,MODI,"CHENNAI, TAMIL NADU",Home And Kitchen|Wall Clock|649,1
ORD-20261003-0925,2026-10-03 16:50:54,Mihir,dubey,"mumbai, maharashtra",Home And Kitchen|Wall Clock|649,1.0
ORD-20261003-3776,03/10/2026 19:45,Varun,Patil,"Delhi, Delhi",Electronics|Bluetooth Speaker|1799, 1 
ORD-20261003-1842,03-10-2026 14:24,swati,desai,"Bengaluru, Karnataka",Sports|Dumbbell Set|1899,3
ORD-20261003-3281,2026-10-03 10:39:49,Mihir,Malhotra,"Chennai, Tamil Nadu",Sports|Yoga Mat|699,3
ORD-20261003-0064,03-10-2026 18:11,Riya,Srivastava,"Nagpur, Maharashtra",Electronics|Laptop Stand|749,4.0
ORD-20261003-0245,03/10/2026 21:12,ISHA,Modi,"Hyderabad, Telangana",Beauty|Lipstick|399,1
ORD-20261003-3782,03-10-2026 19:56,ananya,Parmar,"Mumbai, Maharashtra",Sports|Cricket Bat|1599,1
ORD-20261003-2365,03-10-2026 16:42,Atharv,Joshi,"Ahmedabad, Gujarat",Electronics|Smart Watch|2499,2
ORD-20261003-3230,,NEHA,Kumar,"  Hyderabad, Telangana ",Electronics|Smart Watch|2499,1
ORD-20261003-3148,03/10/2026 22:34,  Simran ,Pillai,"hyderabad, telangana",Home And Kitchen|Storage Box|299,
ORD-20261003-2037,03/10/2026 14:37,Krishna,jain,"Ahmedabad, Gujarat",Sports|Yoga Mat|699, 2 
ORD-20261003-1595,03/10/2026 12:40,Suresh,Solanki,"Chennai, Tamil Nadu",Home And Kitchen|Non Stick Pan|1099,1
ORD-20261003-2325,03/10/2026 14:39,Aryan,parmar,"Hyderabad, Telangana",Fashion|Cotton Kurta|799,-2
ORD-20261003-1657,03-10-2026 11:01,Riya,Reddy,"  Delhi, Delhi ",Electronics|Power Bank|899,3
ORD-20261003-2717,03/10/2026 18:11,  Gaurav ,KULKARNI,"chennai, tamil nadu",Home And Kitchen|Non Stick Pan|1099,1
ORD-20261003-3526,03/10/2026 16:09,suresh,Jain,"surat, gujarat",Sports|Yoga Mat|699,1
ORD-20261003-1153,2026-10-03 18:11:50,Navya,Bhatt,"Ahmedabad, Gujarat",Beauty|Sunscreen|449,1
ORD-20261003-3569,03/10/2026 08:58,,  Nair ,"Pune, Maharashtra",Fashion|Cotton Kurta|799,2
ORD-20261003-1755,03-10-2026 00:38,  Jay ,Thakkar,"Bengaluru, Karnataka",Sports|Dumbbell Set|1899,1
ORD-20261003-3539,03/10/2026 10:23,Swati,Trivedi,"Delhi, Delhi",Fashion|Sunglasses|999,0
ORD-20261003-1334,2026-10-03 23:58:53,Anjali,patil,"jaipur, rajasthan",Electronics|Power Bank|899,4
ORD-20261003-0312,2026-10-03 10:07:59,Myra,Vyas,"Bengaluru, Karnataka",Electronics|Bluetooth Speaker|1799,3.0
ORD-20261003-3927,03/10/2026 20:26,Ayaan,,"Hyderabad, Telangana",Fashion|Sunglasses|999,1
ORD-20261003-2002,03/10/2026 14:39,Rajesh,Verma,"KOLKATA, WEST BENGAL",Electronics|Power Bank|899,1
ORD-20261003-4661,03/10/2026 19:56,Rohan,Kulkarni,"  Delhi, Delhi ",Sports|Cricket Bat|1599,3
ORD-20261003-2227,2026-10-03 03:49:04,PRIYA,Yadav,"  Lucknow, Uttar Pradesh ",Fashion|Denim Jeans|1199,2
ORD-20261003-4463,03/10/2026 19:31,Yash,mukherjee,"Pune, Maharashtra",Sports|Cricket Bat|1599,2
ORD-20261003-4626,03/10/2026 13:01,  Neel ,  Shah ,"surat, gujarat",Beauty|Perfume|1299,1
ORD-20261003-1140,03/10/2026 17:12,Mansi,GUPTA,"Vadodara, Gujarat",Fashion|Running Shoes|2199,1
ORD-20261003-2170,03-10-2026 09:43,  Dhruv ,parmar,"Delhi, Delhi",Sports|Dumbbell Set|1899,3
ORD-20261003-2106,2026-10-03 15:06:04,Om,gupta,"Ahmedabad, Gujarat",Home And Kitchen|Wall Clock|649,4
ORD-20261003-1004,03/10/2026 08:39,tanvi,Bose,"mumbai, maharashtra",Sports|Yoga Mat|699,1
ORD-20261003-3880,03/10/2026 15:38,riya,  Vyas ,"Lucknow, Uttar Pradesh",Home And Kitchen|Steel Water Bottle|399,3
ORD-20261003-1554,2026-10-03 15:48:03,Simran,Rathod,"delhi, delhi",Home And Kitchen|Bedsheet Set|1499,1
ORD-20261003-2027,2026-10-03 19:52:26,Neha,SINHA,"Vadodara, Gujarat",Fashion|Sunglasses|999,2
ORD-20261003-2416,2026-10-03 21:59:48,Neel,Sinha,"AHMEDABAD, GUJARAT",Fashion|Running Shoes|2199,1
ORD-20261003-2972,03/10/2026 16:07,ROHAN,KULKARNI,"mysuru, karnataka",Home And Kitchen|Bedsheet Set|1499,1
ORD-20261003-4727,2026-10-03 17:59:30,Shreya,Rao,"Chennai, Tamil Nadu",Fashion|Denim Jeans|1199,2
ORD-20261003-1884,2026-10-03 12:05:45,Hetal,thakkar,"Vadodara, Gujarat",Home And Kitchen|Storage Box|299,1
ORD-20261003-0041,03/10/2026 18:23,Megha,Thakkar,"Mumbai, Maharashtra",Beauty|Lipstick|399,1.0
ORD-20261003-1569,03-10-2026 20:40,  Amit ,PANDYA,"mumbai, maharashtra",Sports|Dumbbell Set|1899,1
ORD-20261003-2916,2026-10-03 13:11:12,jay,,"  Surat, Gujarat ",Sports|Skipping Rope|199,1
ORD-20261003-0505,2026-10-03 20:13:42,anika,,"PUNE, MAHARASHTRA",Electronics|Wireless Earbuds|1299,1
ORD-20261003-3022,03-10-2026 11:53,Aanya,Pandya,"chennai, tamil nadu",Electronics|Wireless Earbuds|1299,1
ORD-20261003-2823,03/10/2026 19:48,neel,Kapoor,"Delhi, Delhi",Home And Kitchen|Non Stick Pan|1099, 3 
ORD-20261003-1406,03/10/2026 04:50,vikas,Gupta,"Hyderabad, Telangana",Sports|Cricket Bat|1599,2
ORD-20261003-1837,2026-10-03 12:50:35,Atharv,Srivastava,"Surat, Gujarat",Home And Kitchen|Non Stick Pan|1099,3
ORD-20261003-2556,03/10/2026 12:30,Simran,,"Surat, Gujarat",Fashion|Sunglasses|999,1
ORD-20261003-2009,03-10-2026 16:19,Aadhya,Kulkarni,"MUMBAI, MAHARASHTRA",Fashion|Sunglasses|999,1
ORD-20261003-1550,03/10/2026 21:24,Shreya,Patel,"Mumbai, Maharashtra",Electronics|Laptop Stand|749,2
ORD-20261003-2907,2026-10-03 09:21:59,  Saanvi ,Bose,"bengaluru, karnataka",Sports|Football|799,5
ORD-20261003-2696,2026-10-03 19:48:29,payal,Ghosh,"Bengaluru, Karnataka",Home And Kitchen|Wall Clock|649,2
ORD-20261003-4036,2026-10-03 23:14:17,Kabir,Kulkarni,"Ahmedabad, Gujarat",Fashion|Leather Wallet|499,1
ORD-20261003-0922,03-10-2026 17:22,reyansh,menon,"Mumbai, Maharashtra",Fashion|Running Shoes|2199,1
ORD-20261003-4261,03-10-2026 15:39,aditya,Mishra,,Beauty|Hair Serum|549,1
ORD-20261003-2516,03/10/2026 12:37,Deepak,Rathod,"Coimbatore, Tamil Nadu",Sports|Football|799,1
ORD-20261003-1743,03/10/2026 08:44,  Yash ,solanki,"pune, maharashtra",Fashion|Running Shoes|2199,1
ORD-20261003-3622,2026-10-03 21:53:23,Vikas,  Patil ,"  Mumbai, Maharashtra ",Sports|Football|799,1
ORD-20261003-2044,2026-10-03 07:35:07,krupa,  Kapoor ,"Kolkata, West Bengal",Sports|Dumbbell Set|1899,1
ORD-20261003-2051,03/10/2026 15:45,KUNAL,Iyer,"  Surat, Gujarat ",Fashion|Running Shoes|2199,1
ORD-20261003-4259,03/10/2026 11:30,Mansi,Rao,"Delhi, Delhi",Home And Kitchen|Bedsheet Set|1499,1
ORD-20261003-2486,03/10/2026 13:32,Roshni,Thakkar,"bengaluru, karnataka",Beauty|Lipstick|399,1
ORD-20261003-3671,03/10/2026 20:19,megha,shah,"Hyderabad, Telangana",Fashion|Denim Jeans|1199,1
ORD-20261003-1072,N/A,Pooja,Nair,"Hyderabad, Telangana",Electronics|Smart Watch|2499,1
ORD-20261003-4783,03/10/2026 13:17,rajesh,kalavadia,"Bengaluru, Karnataka",Home And Kitchen|Non Stick Pan|1099,2
ORD-20261003-1165,03-10-2026 12:31,Kavya,Mishra,"Hyderabad, Telangana",Fashion|Running Shoes|2199,1
ORD-20261003-1758,2026-10-03 22:39:24,varun,Solanki,"bengaluru, karnataka",Sports|Skipping Rope|199,1
ORD-20261003-4511,03/10/2026 07:04,  Swati ,  Kulkarni ,"Mumbai, Maharashtra",Beauty|Hair Serum|549,3
ORD-20261003-4121,03-10-2026 19:25,Diya,dubey,"Bengaluru, Karnataka",Home And Kitchen|Steel Water Bottle|399, 5 
ORD-20261003-3218,2026-10-03 12:09:20,aanya,  Yadav ,"Kolkata, West Bengal",Electronics|Power Bank|899,2
ORD-20261003-0335,03/10/2026 12:05,Palak,Menon,"Bengaluru, Karnataka",Home And Kitchen|Non Stick Pan|1099,1
ORD-20261003-0210,03/10/2026 16:01,Aryan,Desai,"Chennai, Tamil Nadu",Fashion|Sunglasses|999,1
ORD-20261003-2694,03/10/2026 16:27,reyansh,  Yadav ,"Delhi, Delhi",Beauty|Sunscreen|449,1
ORD-20261003-0108,03-10-2026 10:03,Dhwani,  Yadav ,"Vadodara, Gujarat",Beauty|Lipstick|399,2
ORD-20261003-3026,2026-10-03 18:49:46,Dhruv,  Das ,"  Mumbai, Maharashtra ",Fashion|Denim Jeans|1199,1
ORD-20261003-1302,03/10/2026 20:04,Janvi,Mishra,"jaipur, rajasthan",Sports|Skipping Rope|199,-1
ORD-20261003-2615,2026-10-03 22:13:32,Yash,Nair,"Mumbai, Maharashtra",Electronics|Smart Watch|2499,1
ORD-20261003-3870,2026-10-03 21:27:38,Parth,  Patel ,"Bengaluru, Karnataka",Fashion|Cotton Kurta|799,1
ORD-20261003-1041,,VIVAAN,Parmar,"  Jaipur, Rajasthan ",Fashion|Sunglasses|999,1
ORD-20261003-0362,2026-10-03 22:05:26,Riya,Patel,"Vadodara, Gujarat",Fashion|Denim Jeans|1199,1
ORD-20261003-3256,2026-10-03 08:50:17,Roshni,Mukherjee,"Delhi, Delhi",Home And Kitchen|Bedsheet Set|1499,
ORD-20261003-0267,2026-10-03 17:59:14,Divya,GHOSH,"Pune, Maharashtra",Sports|Dumbbell Set|1899,2
ORD-20261003-0402,03/10/2026 20:16,mansi,Shah,"surat, gujarat",Electronics|Smart Watch|2499,1
ORD-20261003-0660,03/10/2026 18:07,Arjun,SHAH,"Delhi, Delhi",Beauty|Face Wash|249,2
ORD-20261003-1350,03/10/2026 07:14,Kriti,Mukherjee,"Ahmedabad, Gujarat",Sports|Football|799,1
ORD-20261003-3497,03/10/2026 11:15,,Menon,"Hyderabad, Telangana",Sports|Dumbbell Set|1899,1
ORD-20261003-3679,2026-10-03 18:24:00,Deepak,Mishra,"Chennai, Tamil Nadu",Fashion|Leather Wallet|499,3
ORD-20261003-4367,03-10-2026 09:53,Ishaan,Desai,"Chennai, Tamil Nadu",Beauty|Sunscreen|449,3
ORD-20261003-2532,03/10/2026 20:32,VIKAS,Verma,"pune, maharashtra",Home And Kitchen|Steel Water Bottle|399,2
ORD-20261003-2935,03/10/2026 17:01,Sara,  Bansal ,"Hyderabad, Telangana",Fashion|Cotton Kurta|799, 1 
ORD-20261003-2955,03/10/2026 16:31,Dhwani,  Jain ,"Kolkata, West Bengal",Fashion|Running Shoes|2199,
ORD-20261003-0150,2026-10-03 21:27:03,  Vivaan ,SINHA,"pune, maharashtra",Fashion|Cotton Kurta|799,2
ORD-20261003-2233,03/10/2026 23:36,Jay,PAWAR,"Chennai, Tamil Nadu",Electronics|Laptop Stand|749,1
ORD-20261003-3013,2026-10-03 19:07:16,kriti,BOSE,"Kolkata, West Bengal",Fashion|Leather Wallet|499,
ORD-20261003-0054,03-10-2026 20:08,NIDHI,Sinha,"Mumbai, Maharashtra",Fashion|Sunglasses|999,6
ORD-20261003-1303,31/02/2026 22:11,Krupa,,"Mumbai, Maharashtra",Beauty|Lipstick|399,2
ORD-20261003-3959,2026-10-03 16:06:33,SHREYA,trivedi,"jaipur, rajasthan",Fashion|Running Shoes|2199,1
ORD-20261003-2609,2026-10-03 17:10:43,Rajesh,Reddy,"Vadodara, Gujarat",Electronics|Laptop Stand|749,2
ORD-20261003-2520,03/10/2026 18:48,,dubey,"Surat, Gujarat",Beauty|Sunscreen|449,1
ORD-20261003-0401,03/10/2026 12:18,ANANYA,Saxena,"  Bengaluru, Karnataka ",,4
ORD-20261003-0004,31/02/2026 18:16,SARA,MALHOTRA,"Mysuru, Karnataka",Fashion|Denim Jeans|1199,
ORD-20261003-3579,2026-10-03 13:40:04,  Saanvi ,  Solanki ,"Lucknow, Uttar Pradesh",Sports|Football|799,1
ORD-20261003-0558,2026-10-03 00:35:20,DEEPAK,Gupta,"Mysuru, Karnataka",Electronics|Smart Watch|2499,1
ORD-20261003-3606,03/10/2026 15:17,Rudra,Kalavadia,"Mumbai, Maharashtra",Home And Kitchen|Storage Box|299,2
ORD-20261003-1975,03/10/2026 08:17,Deepak,Bansal,"Ahmedabad, Gujarat",Sports|Football|799,1
ORD-20261003-0364,2026-10-03 17:38:31,yash,Bansal,"ahmedabad, gujarat",Electronics|Bluetooth Speaker|1799,1
ORD-20261003-3118,03/10/2026 14:00,Divya,Pawar,"pune, maharashtra",Fashion|Sunglasses|999,3
ORD-20261003-3879,2026-10-03 18:07:06,tanvi,PATIL,"hyderabad, telangana",Beauty|Face Wash|249,2
ORD-20261003-3188,2026-10-03 13:29:32,Vikas,Patil,"mumbai, maharashtra",Fashion|Leather Wallet|499,1
ORD-20261003-2007,03/10/2026 20:04,Harsh,Mishra,"Hyderabad, Telangana",Home And Kitchen|Non Stick Pan|1099,2
ORD-20261003-2760,2026-10-03 17:00:35,Arjun,Mukherjee,"jaipur, rajasthan",Sports|Dumbbell Set|1899,1
ORD-20261003-4688,2026-10-03 18:48:42,roshni,jain,"Delhi, Delhi",Sports|Football|799,2
ORD-20261003-1268,03/10/2026 17:57,nidhi,agarwal,"Mumbai, Maharashtra",Fashion|Sunglasses|999,1
ORD-20261003-4232,2026-10-03 21:46:21,nisha,Malhotra,"Mumbai, Maharashtra",Fashion|Cotton Kurta|799,1
ORD-20261003-3251,03/10/2026 14:54,NIKHIL,gupta,"Pune, Maharashtra",Home And Kitchen|Wall Clock|649,1
ORD-20261003-3809,03/10/2026 15:07,Khushi,Solanki,"mumbai, maharashtra",Beauty|Face Wash|249, 2 
ORD-20261003-2097,2026-10-03 22:41:25,nikhil,Pawar,"Ahmedabad, Gujarat",Home And Kitchen|Storage Box|299,5
ORD-20261003-2927,03/10/2026 20:31,Jay,Pawar,"Surat, Gujarat",Home And Kitchen|Storage Box|299,2
ORD-20261003-4522,03/10/2026 19:32,Bhavna,tiwari,"  Bengaluru, Karnataka ",Electronics|Power Bank|899,1
ORD-20261003-0593,03/10/2026 07:38,Rahul,menon,"Jaipur, Rajasthan",Electronics|Laptop Stand|749,3
ORD-20261003-4476,03/10/2026 21:59,aditya,pandya,"Hyderabad, Telangana",Sports|Football|799,2
ORD-20261003-3227,03-10-2026 21:10,Roshni,Pawar,"Bengaluru, Karnataka",Electronics|Smart Watch|2499,1.0
ORD-20261003-2268,03-10-2026 07:42,HETAL,Kalavadia,"Chennai, Tamil Nadu",Electronics|Wireless Earbuds|1299,1
ORD-20261003-0530,03-10-2026 07:58,  Kriti ,Yadav,"Pune, Maharashtra",Fashion|Leather Wallet|499,1
ORD-20261003-2136,03-10-2026 21:57,Krupa,Parmar,"  Pune, Maharashtra ",Beauty|Lipstick|399,1
ORD-20261003-3839,03/10/2026 13:31,Ishaan,joshi,,Fashion|Cotton Kurta|799,1
ORD-20261003-3433,2026-10-03 21:54:20,  Sara ,Joshi,"Hyderabad, Telangana",Home And Kitchen|Steel Water Bottle|399,1.0
ORD-20261003-0347,2026-10-03 10:24:16,Tushar,  Menon ,"Kolkata, West Bengal",Fashion|Cotton Kurta|799,4
ORD-20261003-0887,N/A,Krupa,Bansal,"Bengaluru, Karnataka",Fashion|Denim Jeans|1199,1
ORD-20261003-1190,2026-10-03 09:04:07,Aanya,Mishra,"Nagpur, Maharashtra",Sports|Yoga Mat|699,3
ORD-20261003-2370,03/10/2026 07:23,Jay,mukherjee,"mumbai, maharashtra",Electronics|Smart Watch|2499,2
ORD-20261003-2731,03/10/2026 20:32,Aadhya,Sharma,"Chennai, Tamil Nadu",Home And Kitchen|Non Stick Pan|1099,
ORD-20261003-1157,2026-10-03 22:26:15,  Om ,mishra,"MYSURU, KARNATAKA",Sports|Cricket Bat|1599,2
ORD-20261003-2798,03-10-2026 23:04,Kriti,Das,"Hyderabad, Telangana",Electronics|Wireless Earbuds|1299,1
ORD-20261003-3290,03/10/2026 17:06,Rahul,Mukherjee,"CHENNAI, TAMIL NADU",Sports|Yoga Mat|699,2
ORD-20261003-3944,03/10/2026 15:31,Palak,dubey,"Ahmedabad, Gujarat",,4
ORD-20261003-2409,03/10/2026 19:29,mansi,Ghosh,"Surat, Gujarat",Home And Kitchen|Storage Box|299,2
ORD-20261003-4420,03/10/2026 20:19,neha,DAS,"kolkata, west bengal",Fashion|Leather Wallet|499,6
ORD-20261003-4521,2026-10-03 19:00:21,Vivaan,Dubey,"COIMBATORE, TAMIL NADU",Fashion|Leather Wallet|499,
ORD-20261003-1786,2026-10-03 21:29:59,  Manish ,Nair,"HYDERABAD, TELANGANA",Sports|Cricket Bat|1599,1
ORD-20261003-0477,03/10/2026 22:08,Manish,nair,"Hyderabad, Telangana",Fashion|Running Shoes|2199,1
ORD-20261003-3091,2026-10-03 21:03:30,navya,Mehta,"Jaipur, Rajasthan",Sports|Yoga Mat|699,1
ORD-20261003-3421,03/10/2026 18:57,SWATI,Bansal,"mumbai, maharashtra",Fashion|Running Shoes|2199,1
ORD-20261003-0157,2026-10-03 11:44:41,  Pranav ,Rathod,"AHMEDABAD, GUJARAT",Fashion|Sunglasses|999,3
ORD-20261003-1178,2026-10-03 15:39:21,Ritu,Vyas,"  Hyderabad, Telangana ",Fashion|Cotton Kurta|799,1
ORD-20261003-1598,2026-10-03 13:06:48,DHWANI,reddy,"Hyderabad, Telangana",Home And Kitchen|Bedsheet Set|1499,1
ORD-20261003-2413,2026-10-03 14:14:49,  Krishna ,Patil,"coimbatore, tamil nadu",Fashion|Cotton Kurta|799,1
ORD-20261003-3375,03/10/2026 20:49,  Nisha ,Khanna,"Delhi, Delhi",Fashion|Leather Wallet|499,2
ORD-20261003-3146,03/10/2026 20:46,  Aryan ,Bose,"Vadodara, Gujarat",Home And Kitchen|Bedsheet Set|1499,2
ORD-20261003-2222,03/10/2062 10:31,Navya,Chopra,"ahmedabad, gujarat",Fashion|Denim Jeans|1199,1.0
ORD-20261003-3295,03-10-2026 19:50,Shaurya,Mehta,"bengaluru, karnataka",Beauty|Sunscreen|449,1
ORD-20261003-2902,03/10/2026 13:44,  Harsh ,KUMAR,"chennai, tamil nadu",Home And Kitchen|Bedsheet Set|1499,1
ORD-20261003-3955,03/10/2026 21:13,Rajesh,DAS,"ahmedabad, gujarat",Sports|Football|799,1
ORD-20261003-0013,03/10/2026 17:47,Aditya,chopra,"hyderabad, telangana",Beauty|Lipstick|399,1
ORD-20261003-0855,2026-10-03 18:02:00,bhavna,KALAVADIA,"bengaluru, karnataka",Home And Kitchen|Wall Clock|649,1
ORD-20261003-0136,03/10/2026 04:39,Manish,Nair,"Hyderabad, Telangana",Sports|Cricket Bat|1599,5
ORD-20261003-3876,03/10/2026 21:51,Payal,Reddy,"chennai, tamil nadu",Home And Kitchen|Wall Clock|649,2
ORD-20261003-2395,03/10/2026 15:51,Aadhya,Kapoor,"Hyderabad, Telangana",Electronics|Wireless Earbuds|1299,2
ORD-20261003-0416,2026-10-03 16:14:17,pranav,Patil,"Surat, Gujarat",Home And Kitchen|Wall Clock|649,1
ORD-20261003-4681,03/10/2026 12:06,Atharv,Chaudhary,"nagpur, maharashtra",Fashion|Running Shoes|2199,4
ORD-20261003-0830,03-10-2026 06:21,ANANYA,Rathod,"Mysuru, Karnataka",Fashion|Running Shoes|2199,2
ORD-20261003-3405,03/10/2026 20:47,SARA,MEHTA,"Kolkata, West Bengal",Home And Kitchen|Wall Clock|649,2
ORD-20261003-2806,03/10/2026 09:41,Mihir,Yadav,"Bengaluru, Karnataka",Beauty|Sunscreen|449, 1 
ORD-20261003-2041,03-10-2026 14:16,Nikhil,Malhotra,"Kolkata, West Bengal",Electronics|Laptop Stand|749,3.0
ORD-20261003-2714,2026-10-03 23:53:54,Pooja,Ghosh,"Surat, Gujarat",Home And Kitchen|Non Stick Pan|1099,3
ORD-20261003-2604,03-10-2026 20:41,Dhwani,Patel,"coimbatore, tamil nadu",Fashion|Sunglasses|999,1.0
ORD-20261003-3438,03/10/2026 19:39,Pooja,Rathod,"Hyderabad, Telangana",Beauty|Face Wash|249,1
ORD-20261003-1033,03-10-2026 11:37,MYRA,Desai,"Bengaluru, Karnataka",Fashion|Sunglasses|999,1
ORD-20261003-0133,03/10/2026 18:30,Priya,Srivastava,"CHENNAI, TAMIL NADU",Fashion|Denim Jeans|1199,2
ORD-20261003-1644,03/10/2026 12:53,kunal,sharma,"MYSURU, KARNATAKA",Fashion|Leather Wallet|499,4
ORD-20261003-2307,2026-10-03 22:45:15,MIHIR,Sinha,"Delhi, Delhi",Fashion|Cotton Kurta|799,1
ORD-20261003-1535,2026-10-03 23:35:28,Khushi,Vyas,"pune, maharashtra",Fashion|Cotton Kurta|799,1
ORD-20261003-1065,2026-10-03 22:45:27,Saanvi,  Malhotra ,"Kolkata, West Bengal",Beauty|Sunscreen|449,4
ORD-20261003-2811,03/10/2026 20:40,Khushi,das,"Delhi, Delhi",Fashion|Cotton Kurta|799,2
ORD-20261003-4197,03/10/2026 13:47,khushi,Solanki,"Nagpur, Maharashtra",Sports|Yoga Mat|699, 1 
ORD-20261003-0549,03/10/2026 21:45,Saanvi,Kumar,"Hyderabad, Telangana",Sports|Cricket Bat|1599,0
ORD-20261003-1833,03-10-2026 21:21,Harsh,mishra,"Hyderabad, Telangana",Sports|Football|799,1
ORD-20261003-0997,03-10-2026 16:19,Suresh,  Iyer ,"delhi, delhi",Electronics|Smart Watch|2499, 5 
ORD-20261003-0508,03/10/2026 23:34,Shreya,Srivastava,"ahmedabad, gujarat",Fashion|Sunglasses|999,1
ORD-20261003-0137,03/10/2026 09:30,vikas,Thakkar,"Mumbai, Maharashtra",Fashion|Sunglasses|999,1
ORD-20261003-4794,03/10/2026 15:59,JAY,Das,"  Surat, Gujarat ",Fashion|Cotton Kurta|799, 3 
ORD-20261003-0979,03/10/2026 17:17,Komal,Bose,"BENGALURU, KARNATAKA",Beauty|Hair Serum|549,1
ORD-20261003-2645,2026-10-03 19:41:16,Kriti,dubey,"Jaipur, Rajasthan",Sports|Football|799,1
ORD-20261003-3620,03/10/2026 13:54,KRUPA,Gupta,"Lucknow, Uttar Pradesh",Beauty|Face Wash|249,2
ORD-20261003-3864,03/10/2026 22:43,Ananya,MENON,"  Pune, Maharashtra ",Sports|Yoga Mat|699,2
ORD-20261003-2397,03/10/2026 22:21,Simran,Trivedi,"Chennai, Tamil Nadu",Beauty|Sunscreen|449,3
ORD-20261003-1234,2026-10-03 11:47:37,Aryan,Kumar,"  Bengaluru, Karnataka ",Beauty|Hair Serum|549,1
ORD-20261003-2131,03/10/2026 21:26,vikas,Thakkar,"Mumbai, Maharashtra",Fashion|Running Shoes|2199,
ORD-20261003-0393,03/10/2026 21:21,palak,rao,"jaipur, rajasthan",Sports|Football|799,2
ORD-20261003-3945,03/10/2026 15:33,aditya,  Mishra ,"Pune, Maharashtra",Fashion|Cotton Kurta|799,1
ORD-20261003-3416,03/10/2026 12:03,Tanvi,Iyer,"AHMEDABAD, GUJARAT",Fashion|Denim Jeans|1199,1
ORD-20261003-0378,2026-10-03 14:34:46,anjali,Bansal,"Jaipur, Rajasthan",Electronics|Smart Watch|2499,1
ORD-20261003-2658,2026-10-03 12:45:55,Neel,Agarwal,"Lucknow, Uttar Pradesh",Electronics|Laptop Stand|749,4
ORD-20261003-3540,2026-10-03 19:05:13,Myra,dubey,"Chennai, Tamil Nadu",Fashion|Denim Jeans|1199,2
ORD-20261003-2454,03/10/2026 08:09,advik,Tiwari,"hyderabad, telangana",Home And Kitchen|Wall Clock|649,3
ORD-20261003-0667,2026-10-03 09:09:04,VIKAS,Chaudhary,"COIMBATORE, TAMIL NADU",Electronics|Laptop Stand|749,1
ORD-20261003-4178,30/02/2026 08:36,Mihir,Verma,"pune, maharashtra",Home And Kitchen|Non Stick Pan|1099,-1
ORD-20261003-0637,03/10/2026 22:30,DEV,sinha,"SURAT, GUJARAT",Fashion|Running Shoes|2199,1
ORD-20261003-2647,03/10/2026 17:51,TANVI,patil,"Hyderabad, Telangana",Sports|Yoga Mat|699,1
ORD-20261003-3192,03-10-2026 19:42,shreya,PATIL,"MUMBAI, MAHARASHTRA",Sports|Dumbbell Set|1899,1
ORD-20261003-2991,03/10/2026 21:14,  Rohan ,CHAUHAN,"  Mumbai, Maharashtra ",Fashion|Cotton Kurta|799,2
ORD-20261003-3533,03-10-2026 22:48,varun,Mukherjee,"Surat, Gujarat",Fashion|Cotton Kurta|799,2
ORD-20261003-1175,2026-10-03 08:36:15,Rohan,Kalavadia,"chennai, tamil nadu",Electronics|Laptop Stand|749,2
ORD-20261003-0603,03-10-2026 08:29,Hetal,kapoor,"Chennai, Tamil Nadu",Fashion|Leather Wallet|499,1
ORD-20261003-4401,2026-10-03 22:54:09,Navya,Solanki,"  Ahmedabad, Gujarat ",Electronics|Laptop Stand|749,1
ORD-20261003-0027,03-10-2026 19:50,Parth,  Yadav ,"Ahmedabad, Gujarat",Electronics|Smart Watch|2499,1
ORD-20261003-3524,03/10/2026 19:01,neel,trivedi,"  Chennai, Tamil Nadu ",Home And Kitchen|Wall Clock|649,1
ORD-20261003-0749,2026-10-03 06:51:25,Jay,Saxena,"jaipur, rajasthan",Sports|Skipping Rope|199,1
ORD-20261003-3224,,neel,Rathod,"Nagpur, Maharashtra",Home And Kitchen|Storage Box|299,2
ORD-20261003-2527,2026-10-03 19:15:28,sai,jain,"Ahmedabad, Gujarat",Electronics|Bluetooth Speaker|1799,2
ORD-20261003-4329,03/10/2026 10:24,  Tushar ,Pillai,"Hyderabad, Telangana",Sports|Skipping Rope|199,5
ORD-20261003-1121,03-10-2026 09:13,Priya,  Modi ,"  Kolkata, West Bengal ",Beauty|Face Wash|249,3
ORD-20261003-3580,2026-10-03 20:59:42,JAY,Mukherjee,"Ahmedabad, Gujarat",Sports|Cricket Bat|1599,2
ORD-20261003-2736,2026-10-03 17:51:47,Komal,chauhan,"Delhi, Delhi",Fashion|Running Shoes|2199,2
ORD-20261003-0990,03-10-2026 23:12,Yash,khanna,"pune, maharashtra",Fashion|Sunglasses|999,4
ORD-20261003-0767,03/10/2026 22:56,Krupa,Joshi,"  Mysuru, Karnataka ",Electronics|Power Bank|899,4
ORD-20261003-3522,2026-10-03 20:59:19,  Suresh ,Malhotra,"Chennai, Tamil Nadu",Electronics|Power Bank|899,1
ORD-20261003-0849,03-10-2026 21:38,kunal,sharma,"  Mysuru, Karnataka ",Home And Kitchen|Non Stick Pan|1099,1
ORD-20261003-2841,03/10/2026 17:47,Nidhi,singh,"Mumbai, Maharashtra",Electronics|Power Bank|899,1
ORD-20261003-4651,03/10/2026 17:55,aditi,Chauhan,"NAGPUR, MAHARASHTRA",Fashion|Leather Wallet|499,2
ORD-20261003-4165,03-10-2026 22:58,  Advik ,Modi,"delhi, delhi",Fashion|Leather Wallet|499,1
ORD-20261003-0872,2026-10-03 18:33:15,anika,shah,"Pune, Maharashtra",Electronics|Bluetooth Speaker|1799, 1 
ORD-20261003-1831,03-10-2026 14:26,Aadhya,  Patil ,"MUMBAI, MAHARASHTRA",Beauty|Hair Serum|549, 1 
ORD-20261003-3035,03/10/2026 19:07,Ananya,Thakkar,"Jaipur, Rajasthan",Home And Kitchen|Steel Water Bottle|399,3
ORD-20261003-1449,03/10/2026 18:56,Arjun,Yadav,"Chennai, Tamil Nadu",Fashion|Sunglasses|999,4
ORD-20261003-2069,03/10/2026 14:34,  Ishaan ,Rao,"DELHI, DELHI",Electronics|Power Bank|899,1
ORD-20261003-0835,2026-10-03 21:34:59,  Anika ,Sinha,"Nagpur, Maharashtra",Beauty|Face Wash|249,6
ORD-20261003-0211,03/10/2026 21:28,aditya,mishra,"Pune, Maharashtra",Fashion|Cotton Kurta|799,4
ORD-20261003-4006,2026-10-03 18:21:59,DHWANI,RATHOD,"Pune, Maharashtra",Fashion|Leather Wallet|499,1
ORD-20261003-0699,2026-10-03 22:55:57,Vivaan,Modi,"vadodara, gujarat",Fashion|Leather Wallet|499,1
ORD-20261003-3681,03/10/2026 20:55,Kunal,  Yadav ,"  Delhi, Delhi ",Fashion|Leather Wallet|499,1
ORD-20261003-0751,03/10/2026 13:42,pari,Joshi,"PUNE, MAHARASHTRA",Sports|Cricket Bat|1599,1.0
ORD-20261003-3502,2026-10-03 19:51:37,Saanvi,Patel,"AHMEDABAD, GUJARAT",Electronics|Laptop Stand|749,2
ORD-20261003-3028,03/10/2026 23:24,  Hetal ,rao,"bengaluru, karnataka",Electronics|Power Bank|899,1
ORD-20261003-0560,2026-10-03 21:08:11,payal,Sharma,"Delhi, Delhi",Beauty|Lipstick|399,3
ORD-20261003-1348,03/10/2026 12:20,Sara,Chauhan,"Mumbai, Maharashtra",Fashion|Leather Wallet|499,3.0
ORD-20261003-0617,03-10-2026 21:47,Rudra,Desai,"delhi, delhi",Beauty|Face Wash|249,2
ORD-20261003-4346,03/10/2026 21:14,rahul,,"Delhi, Delhi",Sports|Dumbbell Set|1899,4
ORD-20261003-2949,N/A,ayaan,Reddy,"Delhi, Delhi",Fashion|Leather Wallet|499,1
ORD-20261003-0518,03/10/2026 12:46,Harsh,Bansal,"bengaluru, karnataka",Sports|Skipping Rope|199,1
ORD-20261003-1715,03-10-2026 21:12,hetal,Modi,"Kolkata, West Bengal",Fashion|Running Shoes|2199,one
ORD-20261003-2754,03/10/2026 16:00,janvi,Modi,"Delhi, Delhi",Beauty|Lipstick|399,1
ORD-20261003-3646,2026-10-03 10:18:09,Ishaan,  Bansal ,"Jaipur, Rajasthan",Fashion|Denim Jeans|1199,2
ORD-20261003-3007,03/10/2026 21:35,  Divya ,modi,"mumbai, maharashtra",Fashion|Running Shoes|2199,4
ORD-20261003-2266,2026-10-03 19:04:20,  Om ,rathod,"Coimbatore, Tamil Nadu",Fashion|Cotton Kurta|799,3
ORD-20261003-4144,2026-10-03 13:00:53,Vihaan,Vyas,"Pune, Maharashtra",Home And Kitchen|Storage Box|299,-3
ORD-20261003-0319,2026-10-03 19:57:13,Bhavna,  Srivastava ,"  Coimbatore, Tamil Nadu ",Home And Kitchen|Storage Box|299,1
ORD-20261003-2257,03/10/2026 10:26,  Sai ,  Menon ,"CHENNAI, TAMIL NADU",Electronics|Power Bank|899,4
ORD-20261003-0395,2026-10-03 19:30:27,vikas,khanna,"surat, gujarat",Fashion|Running Shoes|2199,3
ORD-20261003-1704,2026-10-03 14:00:48,Riya,Saxena,"lucknow, uttar pradesh",Sports|Dumbbell Set|1899,2
ORD-20261003-3262,2026-10-03 13:22:38,  Jay ,PARMAR,"Pune, Maharashtra",Fashion|Cotton Kurta|799,1
ORD-20261003-3826,2026-10-03 15:35:52,Shaurya,Ghosh,"Delhi, Delhi",Electronics|Power Bank|899, 2 
ORD-20261003-2355,03-10-2026 14:55,rajesh,Reddy,"Mumbai, Maharashtra",Sports|Skipping Rope|199,2.0
ORD-20261003-0865,2026-10-03 08:59:14,Pooja,Agarwal,"Mumbai, Maharashtra",Fashion|Denim Jeans|1199,1
ORD-20261003-2494,03/10/2026 12:41,Vikas,Mukherjee,"HYDERABAD, TELANGANA",Fashion|Leather Wallet|499,1
ORD-20261003-3186,03/10/2026 19:54,shaurya,bhatt,"bengaluru, karnataka",Fashion|Denim Jeans|1199,2
ORD-20261003-0978,03/10/2026 21:49,Shaurya,Joshi,"  Bengaluru, Karnataka ",Fashion|Denim Jeans|1199,2
ORD-20261003-2437,2026-10-03 21:59:59,RITU,mehta,"Mysuru, Karnataka",Electronics|Bluetooth Speaker|1799,1
ORD-20261003-2422,03-10-2026 06:20,AARAV,Modi,"bengaluru, karnataka",Sports|Football|799,2
ORD-20261003-1527,03-10-2026 19:18,Karan,Patil,"Coimbatore, Tamil Nadu",Sports|Cricket Bat|1599,1
ORD-20261003-3595,03/10/2026 13:32,Shaurya,Solanki,"Mumbai, Maharashtra",Home And Kitchen|Wall Clock|649,1
ORD-20261003-3111,03/10/2026 22:03,ANIKA,Sinha,"Nagpur, Maharashtra",Fashion|Cotton Kurta|799,1
,03/10/2026 21:05,Aryan,,"Delhi, Delhi",Home And Kitchen|Wall Clock|649,4
ORD-20261003-4297,03/10/2026 19:10,  Rahul ,Joshi,"Hyderabad, Telangana",Sports|Football|799,1
ORD-20261003-2894,2026-10-03 17:06:00,Anjali,Patel,"Bengaluru, Karnataka",Beauty|Hair Serum|549,4
ORD-20261003-3275,2026-10-03 09:02:05,Hetal,Nair,N/A,Home And Kitchen|Steel Water Bottle|399,1
ORD-20261003-4604,03/10/2026 18:25,Parth,,"surat, gujarat",,2
ORD-20261003-2358,2026-10-03 19:48:09,isha,Rao,"Chennai, Tamil Nadu",Beauty|Face Wash|249,two
ORD-20261003-2381,2026-10-03 20:45:36,Rohan,Pandya,"coimbatore, tamil nadu",Electronics|Bluetooth Speaker|1799,3
ORD-20261003-1672,03/10/2026 21:41,Arjun,Bose,"Ahmedabad, Gujarat",Beauty|Lipstick|399,1
ORD-20261003-1661,2026-10-03 16:23:03,komal,Ghosh,"Delhi, Delhi",Electronics|Smart Watch|2499,5
ORD-20261003-0957,03-10-2026 21:22,Parth,menon,"Mysuru, Karnataka",Beauty|Perfume|1299,1
ORD-20261003-2401,03/10/2026 17:09,Pooja,Ghosh,"surat, gujarat",Fashion|Denim Jeans|1199,3
ORD-20261003-2491,2026-10-03 19:34:51,kriti,Kulkarni,"Hyderabad, Telangana",Fashion|Leather Wallet|499,3
ORD-20261003-3821,03/10/2026 22:06,Gaurav,Rathod,"kolkata, west bengal",Electronics|Smart Watch|2499,1
ORD-20261003-4685,2026-10-03 19:59:20,Anika,Kapoor,"delhi, delhi",Sports|Cricket Bat|1599,2
ORD-20261003-3343,03/10/2026 09:09,Simran,Ghosh,"  Delhi, Delhi ",Electronics|Bluetooth Speaker|1799, 1 
ORD-20261003-4572,2026-10-03 22:34:06,Suresh,Gupta,"HYDERABAD, TELANGANA",Fashion|Denim Jeans|1199, 6 
ORD-20261003-0165,03/10/2026 15:03,Khushi,bhatt,"bengaluru, karnataka",Fashion|Cotton Kurta|799,1
ORD-20261003-1855,2026-10-03 10:01:11,Neha,Chopra,"Delhi, Delhi",Sports|Dumbbell Set|1899,1
ORD-20261003-2698,03/10/2026 19:39,Kriti,Bose,"Mumbai, Maharashtra",Fashion|Leather Wallet|499,4
ORD-20261003-3108,03-10-2026 22:19,Varun,Ghosh,"bengaluru, karnataka",Fashion|Cotton Kurta|799,1
ORD-20261003-4720,2026-10-03 16:11:39,diya,trivedi,"Bengaluru, Karnataka",Sports|Cricket Bat|1599,1
ORD-20261003-1239,03/10/2026 16:03,ROSHNI,Kalavadia,"jaipur, rajasthan",Home And Kitchen|Non Stick Pan|1099,4
ORD-20261003-0469,03/10/2026 19:48,Khushi,rao,"Lucknow, Uttar Pradesh",Sports|Yoga Mat|699,1
ORD-20261003-4619,03/10/2026 22:31,Kunal,Ghosh,"BENGALURU, KARNATAKA",Sports|Yoga Mat|699,1
ORD-20261003-0201,03/10/2026 16:14,Om,Mehta,"  Chennai, Tamil Nadu ",Home And Kitchen|Storage Box|299,1
ORD-20261003-3636,2026-10-03 19:47:31,  Shaurya ,Ghosh,"delhi, delhi",Fashion|Denim Jeans|1199,3
,2026-10-03 07:18:49,Pari,Nair,"Ahmedabad, Gujarat",Fashion|Sunglasses|999,3
ORD-20261003-1508,2026-10-03 12:53:08,Arjun,kapoor,"LUCKNOW, UTTAR PRADESH",Electronics|Laptop Stand|749,2
ORD-20261003-0225,2026-10-03 23:46:47,Vihaan,Sharma,"mumbai, maharashtra",Electronics|Smart Watch|2499,2
ORD-20261003-0170,2026-10-03 08:30:31,PARI,agarwal,"Chennai, Tamil Nadu",Electronics|Wireless Earbuds|1299,2
ORD-20261003-2812,03/10/2026 21:31,DIVYA,Joshi,"Delhi, Delhi",Sports|Cricket Bat|1599,1
ORD-20261003-2743,03/10/2026 04:50,Kunal,bansal,"HYDERABAD, TELANGANA",Electronics|Wireless Earbuds|1299,1
ORD-20261003-2956,03/10/2026 12:58,NIDHI,Yadav,"Coimbatore, Tamil Nadu",Home And Kitchen|Non Stick Pan|1099,1.0
ORD-20261003-0938,03/10/2026 18:09,  Yash ,khanna,"pune, maharashtra",Sports|Dumbbell Set|1899,3
ORD-20261003-3528,03/10/2026 20:16,Kavya,Sinha,"Pune, Maharashtra",Fashion|Denim Jeans|1199,2
ORD-20261003-2107,03/10/2026 14:01,Myra,VYAS,"bengaluru, karnataka",Electronics|Laptop Stand|749,1
ORD-20261003-3712,03/10/2026 22:27,Simran,Joshi,"bengaluru, karnataka",Fashion|Running Shoes|2199,1
ORD-20261003-0198,03/10/2026 04:04,Atharv,joshi,"KOLKATA, WEST BENGAL",Electronics|Power Bank|899,1
ORD-20261003-2431,2026-10-03 23:10:10,Harsh,Kapoor,"Bengaluru, Karnataka",Electronics|Wireless Earbuds|1299,2
ORD-20261003-2944,03/10/2026 21:07,Aanya,Srivastava,"Lucknow, Uttar Pradesh",Home And Kitchen|Wall Clock|649,2
ORD-20261003-3137,03/10/2026 13:29,rahul,Modi,"Coimbatore, Tamil Nadu",Electronics|Wireless Earbuds|1299,5
ORD-20261003-0126,03/10/2026 09:02,Megha,Verma,"Mumbai, Maharashtra",Fashion|Running Shoes|2199,1
ORD-20261003-2596,03/10/2026 08:54,MANISH,Bhatt,"Pune, Maharashtra",Home And Kitchen|Steel Water Bottle|399,1
ORD-20261003-3818,N/A,yash,Nair,"Mumbai, Maharashtra",,1
ORD-20261003-2502,03/10/2026 02:02,ADVIK,Pillai,"Mumbai, Maharashtra",Fashion|Leather Wallet|499,5
ORD-20261003-2280,03-10-2026 19:06,  Khushi ,Joshi,"vadodara, gujarat",Fashion|Sunglasses|999,3
ORD-20261003-4214,03-10-2026 12:48,Jay,Tiwari,"Pune, Maharashtra",Sports|Cricket Bat|1599,1
ORD-20261003-3030,2026-10-03 19:10:32,Palak,Dubey,"Mumbai, Maharashtra",Beauty|Hair Serum|549,1
ORD-20261003-1493,2026-10-03 20:24:44,roshni,chauhan,"Chennai, Tamil Nadu",Electronics|Smart Watch|2499,4
ORD-20261003-0130,03/10/2026 12:11,DEEPAK,Malhotra,"Ahmedabad, Gujarat",Sports|Football|799,1
ORD-20261003-0571,2026-10-03 07:50:33,Advik,singh,"Mumbai, Maharashtra",Electronics|Smart Watch|2499,1
ORD-20261003-1762,2026-10-03 22:02:18,Rohan,Kapoor,"Nagpur, Maharashtra",Electronics|Smart Watch|2499, 3 
ORD-20261003-0272,03/10/2026 17:11,ROSHNI,  Kulkarni ,"  Delhi, Delhi ",Sports|Cricket Bat|1599,5
ORD-20261003-3049,2026-10-03 21:03:07,Arjun,Verma,"Lucknow, Uttar Pradesh",Fashion|Sunglasses|999,3
ORD-20261003-1782,,Aditya,mishra,"Pune, Maharashtra",Fashion|Denim Jeans|1199,1
ORD-20261003-0612,2026-10-03 21:17:18,karan,  Sharma ,"Bengaluru, Karnataka",Sports|Dumbbell Set|1899,2
ORD-20261003-0992,03/10/2026 20:05,NISHA,Shah,"mysuru, karnataka",Fashion|Running Shoes|2199,1
ORD-20261003-1899,03/10/2026 18:50,ritu,Dubey,"  Chennai, Tamil Nadu ",Electronics|Smart Watch|2499,2
ORD-20261003-4652,2026-10-03 20:34:56,ROSHNI,Desai,"bengaluru, karnataka",Home And Kitchen|Steel Water Bottle|399,3
ORD-20261003-2316,2026-10-03 13:14:11,Myra,  Sharma ,"Nagpur, Maharashtra",Beauty|Perfume|1299,1
ORD-20261003-0921,2026-10-03 22:36:25,ritu,PARMAR,"Kolkata, West Bengal",Electronics|Bluetooth Speaker|1799,1
ORD-20261003-3031,2026-10-03 20:04:29,Nikhil,Pawar,"Mumbai, Maharashtra",Sports|Football|799,5
ORD-20261003-3167,03/10/2026 16:05,Simran,Joshi,"Bengaluru, Karnataka",Fashion|Denim Jeans|1199,1
ORD-20261003-4808,2026-10-03 14:13:45,Myra,bansal,"Chennai, Tamil Nadu",Home And Kitchen|Steel Water Bottle|399,1
ORD-20261003-3400,2026-10-03 06:20:19,Anika,Chauhan,"bengaluru, karnataka",Electronics|Power Bank|899, 1 
ORD-20261003-4441,03/10/2026 15:25,Anika,  Das ,"Coimbatore, Tamil Nadu",Home And Kitchen|Steel Water Bottle|399,2
ORD-20261003-2804,03/10/2026 10:56,Palak,Mishra,"Bengaluru, Karnataka",Electronics|Laptop Stand|749,0
ORD-20261003-4246,2026-10-03 06:07:18,Nisha,,"  Ahmedabad, Gujarat ",Fashion|Denim Jeans|1199,2
ORD-20261003-2470,03/10/2026 10:50,Rajesh,Bose,"Surat, Gujarat",Fashion|Running Shoes|2199,4
ORD-20261003-4586,03/10/2026 03:09,,MODI,"Mumbai, Maharashtra",Fashion|Leather Wallet|499,1
ORD-20261003-2085,03/10/2026 12:16,Pooja,nair,"Coimbatore, Tamil Nadu",Fashion|Cotton Kurta|799,1
ORD-20261003-4554,03/10/2026 11:03,Khushi,Mehta,"Hyderabad, Telangana",Fashion|Running Shoes|2199,1
ORD-20261003-1799,03/10/2026 20:23,Megha,IYER,"Surat, Gujarat",Home And Kitchen|Bedsheet Set|1499,1
ORD-20261003-1319,03-10-2026 19:25,Pooja,Bansal,"nagpur, maharashtra",Electronics|Wireless Earbuds|1299, 2 
ORD-20261003-4591,03-10-2026 17:55,neha,Nair,"bengaluru, karnataka",Beauty|Perfume|1299,2
ORD-20261003-1962,03/10/2026 13:21,kunal,  Trivedi ,"Mysuru, Karnataka",Sports|Yoga Mat|699,4
ORD-20261003-1434,03/10/2026 16:26,  Pranav ,Das,,Fashion|Leather Wallet|499,2
ORD-20261003-4519,03/10/2026 07:51,janvi,Dubey,"nagpur, maharashtra",Fashion|Denim Jeans|1199,1
ORD-20261003-4124,2026-10-03 15:33:27,Pooja,Desai,"lucknow, uttar pradesh",Electronics|Wireless Earbuds|1299, 1 
ORD-20261003-4053,2026-10-03 14:12:02,krupa,Rathod,"Delhi, Delhi",Fashion|Denim Jeans|1199,3
ORD-20261003-2184,03-10-2026 11:20,Nikhil,Iyer,"KOLKATA, WEST BENGAL",Fashion|Running Shoes|2199,4
ORD-20261003-3973,03/10/2062 15:59,Nisha,Verma,"Surat, Gujarat",Fashion|Sunglasses|999,1
ORD-20261003-1091,2026-10-03 19:48:25,nidhi,KULKARNI,"Surat, Gujarat",Sports|Cricket Bat|1599,1
ORD-20261003-3714,03/10/2026 19:36,,modi,"Mumbai, Maharashtra",Sports|Yoga Mat|699,1
ORD-20261003-1719,2026-10-03 17:12:42,HARSH,pawar,"Delhi, Delhi",Fashion|Cotton Kurta|799,1
ORD-20261003-0501,03-10-2026 23:59,SHREYA,JOSHI,"Surat, Gujarat",Fashion|Leather Wallet|499,2
ORD-20261003-2813,2026-10-03 07:00:11,Aadhya,Desai,"mumbai, maharashtra",Home And Kitchen|Steel Water Bottle|399,2
ORD-20261003-1085,03/10/2026 21:12,Aanya,Verma,"jaipur, rajasthan",Home And Kitchen|Wall Clock|649,1
ORD-20261003-1761,03/10/2026 23:52,Tanvi,Srivastava,"Bengaluru, Karnataka",Fashion|Cotton Kurta|799,1
ORD-20261003-4351,2026-10-03 10:45:47,Janvi,Reddy,"Bengaluru, Karnataka",Electronics|Power Bank|899,1
ORD-20261003-0257,03-10-2026 21:53,Pranav,verma,"Chennai, Tamil Nadu",Fashion|Denim Jeans|1199,1
ORD-20261003-4516,03/10/2026 12:41,Pooja,CHAUDHARY,"Delhi, Delhi",Electronics|Power Bank|899,2
ORD-20261003-1491,2026-10-03 20:18:23,Janvi,Tiwari,"Delhi, Delhi",Sports|Cricket Bat|1599,6
ORD-20261003-1197,2026-10-03 13:39:59,Parth,YADAV,"Delhi, Delhi",Electronics|Smart Watch|2499,1
ORD-20261003-3717,03/10/2026 22:14,Tushar,Kumar,"Mumbai, Maharashtra",Beauty|Lipstick|399,
ORD-20261003-3602,2026-10-03 21:27:44,dev,reddy,"COIMBATORE, TAMIL NADU",Beauty|Sunscreen|449,2
ORD-20261003-0510,03-10-2026 18:34,Saanvi,Thakkar,"Bengaluru, Karnataka",Electronics|Laptop Stand|749,2
ORD-20261003-0306,2026-10-03 15:14:49,  Aarav ,Rathod,"Bengaluru, Karnataka",Home And Kitchen|Bedsheet Set|1499,4
ORD-20261003-2701,,ritu,  Tiwari ,"Ahmedabad, Gujarat",Sports|Football|799,2
ORD-20261003-4394,2026-10-03 19:32:49,,Solanki,"lucknow, uttar pradesh",Home And Kitchen|Steel Water Bottle|399,1
ORD-20261003-1435,03/10/2026 11:32,Simran,Rathod,"  Bengaluru, Karnataka ",Home And Kitchen|Non Stick Pan|1099,3
ORD-20261003-3989,03/10/2026 17:27,kriti,,,Electronics|Smart Watch|2499,1
ORD-20261003-3168,2026-10-03 11:03:57,AADHYA,Kulkarni,"Mumbai, Maharashtra",Fashion|Leather Wallet|499,2
ORD-20261003-1678,03/10/2026 16:59,SHAURYA,PILLAI,"Kolkata, West Bengal",Electronics|Smart Watch|2499,6.0
ORD-20261003-0030,03/10/2026 22:59,vivaan,Modi,"Kolkata, West Bengal",Fashion|Sunglasses|999,1
ORD-20261003-3952,2026-10-03 20:59:21,Aadhya,Tiwari,"  Chennai, Tamil Nadu ",Home And Kitchen|Storage Box|299,1
ORD-20261003-3370,2026-10-03 22:38:25,reyansh,Malhotra,"Hyderabad, Telangana",Sports|Dumbbell Set|1899,2
ORD-20261003-4532,2026-10-03 19:03:32,NEEL,pawar,"Delhi, Delhi",Electronics|Bluetooth Speaker|1799,1
ORD-20261003-4163,03/10/2026 21:42,ishaan,Modi,"Kolkata, West Bengal",Sports|Yoga Mat|699,1
ORD-20261003-1198,03/10/2026 17:26,rajesh,  Malhotra ,"Delhi, Delhi",Electronics|Laptop Stand|749,2
ORD-20261003-1987,2026-10-03 20:48:35,Aditya,  Mehta ,"Ahmedabad, Gujarat",,1
ORD-20261003-0668,2026-10-03 12:15:46,ARJUN,Srivastava,"Chennai, Tamil Nadu",Fashion|Sunglasses|999,1
ORD-20261003-1427,03/10/2026 13:54,riya,Verma,"surat, gujarat",Sports|Skipping Rope|199,1
ORD-20261003-4832,03-10-2026 14:40,Yash,Das,"CHENNAI, TAMIL NADU",Electronics|Wireless Earbuds|1299,1
ORD-20261003-0552,03/10/2026 22:49,Advik,Nair,"  Chennai, Tamil Nadu ",Fashion|Denim Jeans|1199,3
ORD-20261003-1591,03/10/2026 12:18,Om,Das,"Coimbatore, Tamil Nadu",Home And Kitchen|Storage Box|299,3
ORD-20261003-0328,03/10/2026 20:10,Priya,Sinha,"  Nagpur, Maharashtra ",Fashion|Denim Jeans|1199,0
ORD-20261003-2580,03/10/2026 12:30,Dhruv,dubey,"Nagpur, Maharashtra",Home And Kitchen|Bedsheet Set|1499,1
ORD-20261003-0881,2026-10-03 20:59:47,Mihir,Khanna,"COIMBATORE, TAMIL NADU",Fashion|Sunglasses|999,0
ORD-20261003-1464,03/10/2026 06:37,Shaurya,Desai,"Chennai, Tamil Nadu",Beauty|Hair Serum|549,1
ORD-20261003-4022,2026-10-03 13:15:23,Dhruv,Kapoor,"Coimbatore, Tamil Nadu",Electronics|Smart Watch|2499,1
ORD-20261003-1407,03/10/2026 22:54,Parth,KAPOOR,"  Pune, Maharashtra ",Home And Kitchen|Storage Box|299,4
ORD-20261003-4095,2026-10-03 20:37:50,Aryan,Mukherjee,"Chennai, Tamil Nadu",Electronics|Laptop Stand|749,1
ORD-20261003-0661,03-10-2026 13:28,Aryan,  Dubey ,"LUCKNOW, UTTAR PRADESH",Fashion|Running Shoes|2199,1
ORD-20261003-2508,N/A,Hetal,Menon,"delhi, delhi",Sports|Football|799,1
ORD-20261003-1468,03-10-2026 14:51,Rohan,Khanna,"Delhi, Delhi",Electronics|Bluetooth Speaker|1799, 1 
ORD-20261003-1148,2026-10-03 17:16:07,Janvi,Parmar,"Surat, Gujarat",Fashion|Denim Jeans|1199,2
ORD-20261003-3601,03/10/2026 16:25,saanvi,Kumar,"Hyderabad, Telangana",Fashion|Denim Jeans|1199,1
ORD-20261003-4388,03-10-2026 21:19,Ananya,Iyer,"  Surat, Gujarat ",Fashion|Cotton Kurta|799, 2 
ORD-20261003-1807,2026-10-03 16:54:33,Krishna,mehta,"Mumbai, Maharashtra",Sports|Skipping Rope|199,2
ORD-20261003-3949,03-10-2026 12:34,Aanya,Mishra,"mumbai, maharashtra",Fashion|Denim Jeans|1199,1
ORD-20261003-1626,2026-10-03 15:07:25,Krupa,Mehta,"Hyderabad, Telangana",Sports|Cricket Bat|1599,1
ORD-20261003-1594,03-10-2026 10:09,Aanya,pandya,"Delhi, Delhi",Beauty|Face Wash|249,4
ORD-20261003-2281,03/10/2026 21:48,HARSH,Kumar,"NAGPUR, MAHARASHTRA",Fashion|Sunglasses|999,4
ORD-20261003-0107,03/10/2026 03:26,  Deepak ,Sharma,"Chennai, Tamil Nadu",Sports|Yoga Mat|699,2
ORD-20261003-2503,2026-10-03 23:05:47,  Isha ,Tiwari,"Chennai, Tamil Nadu",Fashion|Leather Wallet|499,5
ORD-20261003-0601,03/10/2026 13:31,SAANVI,Parmar,"Coimbatore, Tamil Nadu",Fashion|Denim Jeans|1199,4.0
ORD-20261003-0087,03/10/2026 14:14,krupa,parmar,"Pune, Maharashtra",Home And Kitchen|Bedsheet Set|1499, 2 
ORD-20261003-3330,03/10/2062 23:39,Ananya,Chauhan,"Mumbai, Maharashtra",Electronics|Bluetooth Speaker|1799,2
ORD-20261003-3608,03-10-2026 16:56,Nisha,  Khanna ,"Delhi, Delhi",Electronics|Power Bank|899,1
ORD-20261003-1228,03/10/2026 20:58,Rohan,Bose,"Kolkata, West Bengal",Home And Kitchen|Bedsheet Set|1499,3
ORD-20261003-0750,03/10/2026 20:57,Diya,Sinha,"vadodara, gujarat",Fashion|Leather Wallet|499,4
ORD-20261003-1888,03/10/2026 23:05,Jay,Das,"SURAT, GUJARAT",Fashion|Running Shoes|2199,1
ORD-20261003-4788,03/10/2026 21:54,Om,srivastava,"Ahmedabad, Gujarat",Sports|Dumbbell Set|1899,1
ORD-20261003-3895,2026-10-03 20:41:11,Priya,Ghosh,"Delhi, Delhi",Electronics|Power Bank|899,3
ORD-20261003-4283,2026-10-03 09:22:10,Kunal,  Ghosh ,"Mysuru, Karnataka",Home And Kitchen|Steel Water Bottle|399,2
ORD-20261003-3810,03/10/2026 19:59,aryan,mehta,"Hyderabad, Telangana",Beauty|Sunscreen|449,6
ORD-20261003-1497,2026-10-03 06:36:03,suresh,Tiwari,"  Mumbai, Maharashtra ",Electronics|Laptop Stand|749,3.0
ORD-20261003-1934,03/10/2026 20:30,Divya,Kulkarni,"Delhi, Delhi",Beauty|Sunscreen|449,3
ORD-20261003-0112,03/10/2026 21:31,null,,"ahmedabad, gujarat",Fashion|Sunglasses|999,1
ORD-20261003-3407,2026-10-03 10:56:41,Aditi,  Mehta ,"surat, gujarat",Home And Kitchen|Storage Box|299,2
ORD-20261003-3770,2026-10-03 01:33:02,harsh,mishra,"Hyderabad, Telangana",Sports|Yoga Mat|699, 1 
ORD-20261003-4032,03/10/2026 11:51,  Dhruv ,Bhatt,"chennai, tamil nadu",Electronics|Smart Watch|2499,2
ORD-20261003-4465,03/10/2026 14:35,  Vihaan ,Pawar,"mumbai, maharashtra",Home And Kitchen|Wall Clock|649,4
ORD-20261003-1130,2026-10-03 20:17:57,DIYA,bansal,"Jaipur, Rajasthan",Fashion|Running Shoes|2199,1
ORD-20261003-2551,03/10/2026 15:15,,NAIR,"Bengaluru, Karnataka",Fashion|Leather Wallet|499,3
ORD-20261003-4374,03/10/2026 18:22,Mansi,Arora,"Delhi, Delhi",Fashion|Leather Wallet|499,2
ORD-20261003-0562,2026-10-03 20:53:02,  Varun ,kulkarni,"Vadodara, Gujarat",Sports|Dumbbell Set|1899,1
ORD-20261003-2598,03/10/2026 16:21,swati,  Tiwari ,"Delhi, Delhi",Fashion|Sunglasses|999,1
ORD-20261003-1997,2026-10-03 14:47:20,PAYAL,  Ghosh ,"Bengaluru, Karnataka",Beauty|Sunscreen|449,1
ORD-20261003-0842,03-10-2026 12:50,Krishna,bose,"Mumbai, Maharashtra",Electronics|Laptop Stand|749,1
ORD-20261003-0433,2026-10-03 22:37:05,Aanya,Bose,"VADODARA, GUJARAT",Home And Kitchen|Wall Clock|649,2
ORD-20261003-4066,03/10/2025 04:31,Shaurya,PATEL,"Jaipur, Rajasthan",Beauty|Face Wash|249,3
ORD-20261003-3102,03/10/2026 19:04,Parth,Khanna,N/A,Sports|Football|799,3
ORD-20261003-4028,03/10/2026 19:47,Gaurav,Bose,"Surat, Gujarat",Sports|Dumbbell Set|1899,2
ORD-20261003-1345,03/10/2026 14:23,KAVYA,Bansal,"Delhi, Delhi",Electronics|Wireless Earbuds|1299,4
ORD-20261003-2661,03-10-2026 19:10,yash,Patel,"Pune, Maharashtra",Fashion|Running Shoes|2199,1
ORD-20261003-0052,2026-10-03 14:47:22,Yash,  Desai ,"Kolkata, West Bengal",Home And Kitchen|Storage Box|299, 6 
ORD-20261003-0512,03/10/2026 11:50,Suresh,Malhotra,"Coimbatore, Tamil Nadu",Fashion|Cotton Kurta|799,1
ORD-20261003-1337,2026-10-03 09:02:45,PRANAV,Chauhan,"Surat, Gujarat",Sports|Dumbbell Set|1899,1
ORD-20261003-3848,2026-10-03 20:29:22,Navya,Chauhan,"lucknow, uttar pradesh",Fashion|Leather Wallet|499,1
ORD-20261003-0498,03/10/2026 11:29,  Pooja ,Shah,"Vadodara, Gujarat",Fashion|Cotton Kurta|799,1
ORD-20261003-1744,03/10/2026 04:15,,JOSHI,"Pune, Maharashtra",Electronics|Wireless Earbuds|1299,2
ORD-20261003-1596,2026-10-03 11:07:52,ISHAAN,bansal,"Jaipur, Rajasthan",Beauty|Face Wash|249, 1 
ORD-20261003-4369,2026-10-03 18:06:49,Om,Tiwari,"Pune, Maharashtra",Electronics|Smart Watch|2499,1
ORD-20261003-2128,03/10/2026 19:48,palak,pandya,"  Coimbatore, Tamil Nadu ",Home And Kitchen|Wall Clock|649,3
ORD-20261003-0500,03/10/2026 12:18,  Arjun ,Joshi,"Chennai, Tamil Nadu",Electronics|Laptop Stand|749,3
ORD-20261003-0646,03-10-2026 21:52,Ritu,Saxena,"ahmedabad, gujarat",Fashion|Sunglasses|999,3
ORD-20261003-4612,03/10/2026 10:35,Isha,Vyas,"  Kolkata, West Bengal ",Home And Kitchen|Non Stick Pan|1099,1
ORD-20261003-0657,03/10/2026 19:26,dev,Sharma,"Surat, Gujarat",Beauty|Sunscreen|449,1
ORD-20261003-1049,03-10-2026 15:09,Payal,Kulkarni,"bengaluru, karnataka",Fashion|Leather Wallet|499,3
ORD-20261003-4806,2026-10-03 12:59:52,Rohan,Arora,"Surat, Gujarat",Home And Kitchen|Non Stick Pan|1099,2
ORD-20261003-1325,2026-10-03 22:08:21,Jay,Arora,"  Hyderabad, Telangana ",Fashion|Sunglasses|999,2
ORD-20261003-0897,03/10/2026 20:48,  Parth ,Pawar,"Chennai, Tamil Nadu",Sports|Yoga Mat|699,1
ORD-20261003-3205,03/10/2026 13:14,yash,Mehta,"Chennai, Tamil Nadu",Electronics|Wireless Earbuds|1299,2
ORD-20261003-0909,2026-10-03 21:37:53,Anjali,PATIL,,Sports|Football|799,1
ORD-20261003-0088,2026-10-03 07:16:15,simran,Sinha,"  Bengaluru, Karnataka ",Fashion|Running Shoes|2199,1
ORD-20261003-4345,03/10/2026 23:40,Suresh,Solanki,"Chennai, Tamil Nadu",Electronics|Bluetooth Speaker|1799,2
ORD-20261003-4414,2026-10-03 23:38:27,Sneha,Nair,"Surat, Gujarat",Sports|Yoga Mat|699,1
ORD-20261003-3435,03/10/2026 21:26,  Sai ,Sinha,"Mysuru, Karnataka",Fashion|Denim Jeans|1199,1
ORD-20261003-0496,2026-10-03 04:30:45,Ananya,Bose,"Lucknow, Uttar Pradesh",Beauty|Face Wash|249,4
ORD-20261003-2210,03-10-2026 23:37,  Pooja ,parmar,"CHENNAI, TAMIL NADU",Fashion|Sunglasses|999,1
ORD-20261003-1451,2026-10-03 14:30:15,varun,  Bose ,"MYSURU, KARNATAKA",Fashion|Running Shoes|2199,3
ORD-20261003-1774,2026-10-03 20:06:55,  Dhruv ,  Chopra ,"  Ahmedabad, Gujarat ",Sports|Dumbbell Set|1899,1
ORD-20261003-3632,2026-10-03 16:56:14,Megha,Mishra,"delhi, delhi",Electronics|Laptop Stand|749,5
ORD-20261003-3485,03-10-2026 12:04,Gaurav,Vyas,"  Delhi, Delhi ",Fashion|Running Shoes|2199,1
ORD-20261003-4117,2026-10-03 11:41:21,Neel,Trivedi,"Chennai, Tamil Nadu",Fashion|Sunglasses|999, 3 
ORD-20261003-3738,03-10-2026 21:58,,Parmar,"Hyderabad, Telangana",Electronics|Wireless Earbuds|1299,1
ORD-20261003-1542,03/10/2026 15:30,manish,Mehta,"NAGPUR, MAHARASHTRA",Electronics|Wireless Earbuds|1299,1
ORD-20261003-4541,2026-10-03 17:20:23,Nikhil,Rathod,"Vadodara, Gujarat",Fashion|Sunglasses|999, 2 
ORD-20261003-4537,2026-10-03 21:24:48,  Payal ,arora,"NAGPUR, MAHARASHTRA",Electronics|Power Bank|899,2
ORD-20261003-4819,2026-10-03 12:28:32,Kavya,Iyer,"DELHI, DELHI",Sports|Football|799,1
ORD-20261003-1301,03-10-2026 11:42,Swati,bose,"chennai, tamil nadu",Fashion|Running Shoes|2199,1
ORD-20261003-4644,03/10/2026 18:18,Om,PAWAR,"Surat, Gujarat",Sports|Cricket Bat|1599,3
ORD-20261003-3535,03/10/2026 11:42,divya,Das,"  Surat, Gujarat ",Electronics|Bluetooth Speaker|1799,1
ORD-20261003-3223,2026-10-03 16:46:30,DHWANI,Chauhan,"Delhi, Delhi",Fashion|Cotton Kurta|799,3
ORD-20261003-2987,03/10/2026 12:52,Myra,arora,"Coimbatore, Tamil Nadu",Fashion|Leather Wallet|499,3
ORD-20261003-4811,2026-10-03 21:34:42,Payal,Bhatt,"Hyderabad, Telangana",Sports|Football|799,2
ORD-20261003-3973,03/10/2062 15:59,Nisha,Verma,"Surat, Gujarat",Fashion|Sunglasses|999,1
ORD-20261003-4446,2026-10-03 11:38:00,Kavya,Modi,"Vadodara, Gujarat",Fashion|Running Shoes|2199,1
ORD-20261003-2797,2026-10-03 13:17:59,Rajesh,SAXENA,"Ahmedabad, Gujarat",Fashion|Sunglasses|999,3
ORD-20261003-1721,2026-10-03 10:11:06,kunal,Desai,"Delhi, Delhi",Fashion|Leather Wallet|499,1
ORD-20261003-4790,2026-10-03 05:07:57,pooja,shah,"Hyderabad, Telangana",Fashion|Sunglasses|999,2
ORD-20261003-2545,2026-10-03 13:36:42,sai,  Srivastava ,"Delhi, Delhi",Beauty|Perfume|1299,2
ORD-20261003-4330,2026-10-03 13:10:29,  Gaurav ,Chaudhary,"Hyderabad, Telangana",Fashion|Sunglasses|999,1
ORD-20261003-3323,2026-10-03 19:04:34,,JOSHI,"AHMEDABAD, GUJARAT",Fashion|Cotton Kurta|799,2
ORD-20261003-1968,2026-10-03 15:09:11,Neel,Agarwal,"  Lucknow, Uttar Pradesh ",Fashion|Denim Jeans|1199,2
ORD-20261003-1264,2026-10-03 08:07:24,Janvi,  Reddy ,"BENGALURU, KARNATAKA",Fashion|Running Shoes|2199,4
ORD-20261003-2283,03/10/2026 11:42,Navya,pillai,"  Chennai, Tamil Nadu ",Home And Kitchen|Non Stick Pan|1099,2
ORD-20261003-2496,03/10/2026 16:31,Dev,vyas,"chennai, tamil nadu",Fashion|Denim Jeans|1199,1
ORD-20261003-4789,2026-10-03 16:37:10,Roshni,  Iyer ,"Bengaluru, Karnataka",Fashion|Sunglasses|999,2
ORD-20261003-4513,03/10/2026 14:12,Reyansh,Pawar,"mumbai, maharashtra",Fashion|Sunglasses|999, 1 
ORD-20261003-3696,2026-10-03 13:04:45,palak,  Menon ,"delhi, delhi",Electronics|Power Bank|899,4
ORD-20261003-2377,03/10/2026 19:32,NIDHI,mehta,"Kolkata, West Bengal",Electronics|Bluetooth Speaker|1799,
ORD-20261003-4558,03/10/2026 19:36,,  Sinha ,"mysuru, karnataka",Fashion|Leather Wallet|499,1
ORD-20261003-2719,03/10/2026 11:24,Varun,yadav,"SURAT, GUJARAT",Sports|Dumbbell Set|1899,3
ORD-20261003-4423,03/10/2026 16:52,Swati,Malhotra,"Hyderabad, Telangana",Beauty|Face Wash|249,1
ORD-20261003-1905,2026-10-03 20:47:11,Shreya,  Trivedi ,"Jaipur, Rajasthan",Electronics|Smart Watch|2499,1
ORD-20261003-1610,03/10/2062 15:23,Pari,rathod,"Chennai, Tamil Nadu",Electronics|Bluetooth Speaker|1799,1
ORD-20261003-0386,03/10/2026 11:16,Varun,chauhan,"LUCKNOW, UTTAR PRADESH",Beauty|Face Wash|249,2
,03/10/2026 20:50,Ishaan,Yadav,"Hyderabad, Telangana",Fashion|Running Shoes|2199,1
ORD-20261003-2195,2026-10-03 20:34:52,Karan,Verma,"  Kolkata, West Bengal ",Fashion|Sunglasses|999,1
ORD-20261003-0843,2026-10-03 18:25:03,rahul,Verma,"  Vadodara, Gujarat ",Fashion|Leather Wallet|499,5
ORD-20261003-1314,03/10/2026 18:01,sara,Das,"Kolkata, West Bengal",Home And Kitchen|Non Stick Pan|1099,1
ORD-20261003-1022,03/10/2026 07:36,  Rajesh ,Malhotra,"  Pune, Maharashtra ",Fashion|Cotton Kurta|799,1
ORD-20261003-2411,03/10/2026 11:18,Parth,nair,"PUNE, MAHARASHTRA",Fashion|Sunglasses|999,2
ORD-20261003-1555,2026-10-03 13:57:23,tushar,Parmar,"CHENNAI, TAMIL NADU",Electronics|Laptop Stand|749,1
ORD-20261003-3773,03/10/2026 17:22,  Navya ,Malhotra,"  Delhi, Delhi ",Sports|Dumbbell Set|1899,4
ORD-20261003-2871,,Vihaan,  Malhotra ,"Bengaluru, Karnataka",Fashion|Leather Wallet|499,1
ORD-20261003-2961,03/10/2026 17:17,Arjun,Pawar,"  Delhi, Delhi ",Electronics|Smart Watch|2499,1
ORD-20261003-0589,03/10/2026 11:04,Sai,Sinha,"Chennai, Tamil Nadu",Beauty|Hair Serum|549,2
ORD-20261003-2886,2026-10-03 22:48:05,Aadhya,Trivedi,"BENGALURU, KARNATAKA",Electronics|Power Bank|899,1
ORD-20261003-1814,03-10-2026 17:39,Ishaan,Yadav,"pune, maharashtra",Fashion|Sunglasses|999,1
ORD-20261003-2512,03-10-2026 10:06,,  Patil ,"  Vadodara, Gujarat ",Electronics|Wireless Earbuds|1299,3
ORD-20261003-2934,03/10/2026 21:23,Arjun,Kumar,"mumbai, maharashtra",Home And Kitchen|Bedsheet Set|1499,5
ORD-20261003-3070,2026-10-03 04:57:00,Sneha,mishra,"Pune, Maharashtra",Fashion|Sunglasses|999,1
ORD-20261003-1330,2026-10-03 11:43:18,Krishna,,"Bengaluru, Karnataka",Fashion|Sunglasses|999,1
ORD-20261003-1458,03/10/2026 20:17,Ritu,TIWARI,"Ahmedabad, Gujarat",Fashion|Denim Jeans|1199,2
ORD-20261003-2755,03-10-2026 07:04,Kriti,thakkar,"Hyderabad, Telangana",Fashion|Sunglasses|999,4.0
ORD-20261003-0971,03-10-2026 20:22,SURESH,,"  Vadodara, Gujarat ",Sports|Skipping Rope|199,1
ORD-20261003-1113,03/10/2026 22:53,Tanvi,Bose,"Vadodara, Gujarat",Sports|Skipping Rope|199,1
ORD-20261003-0753,2026-10-03 18:17:23,Deepak,Solanki,,Home And Kitchen|Steel Water Bottle|399,3
ORD-20261003-1095,31/02/2026 11:57,Ayaan,Kumar,"  Mumbai, Maharashtra ",Electronics|Wireless Earbuds|1299,3
ORD-20261003-0151,03/10/2026 16:17,Pranav,Patil,"Bengaluru, Karnataka",Home And Kitchen|Steel Water Bottle|399,2
ORD-20261003-0745,2026-10-03 12:38:18,KARAN,Bose,"CHENNAI, TAMIL NADU",Electronics|Power Bank|899,3
ORD-20261003-0775,2026-10-03 12:16:04,neha,Dubey,"BENGALURU, KARNATAKA",Fashion|Denim Jeans|1199,3
ORD-20261003-0103,2026-10-03 13:56:04,Vivaan,Iyer,"Delhi, Delhi",Sports|Yoga Mat|699,1
ORD-20261003-3780,03/10/2025 20:37,Suresh,  Nair ,"CHENNAI, TAMIL NADU",Electronics|Bluetooth Speaker|1799,4.0
ORD-20261003-0866,03/10/2026 13:56,KHUSHI,Vyas,"Vadodara, Gujarat",Electronics|Smart Watch|2499,1
ORD-20261003-2092,2026-10-03 00:21:27,navya,Shah,"Delhi, Delhi",Sports|Dumbbell Set|1899,3
ORD-20261003-3527,03/10/2025 21:32,Sara,  Desai ,"Nagpur, Maharashtra",Fashion|Denim Jeans|1199,1
ORD-20261003-1478,03/10/2026 10:34,NAVYA,Pandya,"Ahmedabad, Gujarat",Home And Kitchen|Steel Water Bottle|399,two
ORD-20261003-1046,03-10-2026 19:42,Aarav,Arora,"Mumbai, Maharashtra",Electronics|Power Bank|899,1
ORD-20261003-1559,03/10/2026 21:10,Payal,DESAI,"Nagpur, Maharashtra",Electronics|Smart Watch|2499,2
ORD-20261003-3128,2026-10-03 18:51:00,Tanvi,Bansal,"Bengaluru, Karnataka",Home And Kitchen|Storage Box|299,
ORD-20261003-3532,03/10/2026 22:18,Reyansh,Desai,"Surat, Gujarat",Fashion|Running Shoes|2199,1
ORD-20261003-3581,2026-10-03 18:38:53,JAY,Das,"SURAT, GUJARAT",Electronics|Wireless Earbuds|1299,4
ORD-20261003-1982,03/10/2026 17:06,  Aadhya ,Jain,"Coimbatore, Tamil Nadu",Electronics|Wireless Earbuds|1299,1
ORD-20261003-4335,2026-10-03 19:12:27,  Karan ,Iyer,"Delhi, Delhi",Fashion|Running Shoes|2199,3
ORD-20261003-1237,2026-10-03 20:53:19,parth,modi,"jaipur, rajasthan",Beauty|Perfume|1299,2
ORD-20261003-4031,03-10-2026 17:16,Vikas,chaudhary,"kolkata, west bengal",Fashion|Running Shoes|2199,1
ORD-20261003-0190,2026-10-03 18:45:19,manish,  Mishra ,"Mumbai, Maharashtra",Fashion|Leather Wallet|499,3
ORD-20261003-1433,03/10/2026 09:56,Deepak,Sinha,"Delhi, Delhi",Sports|Yoga Mat|699,1
ORD-20261003-1147,03/10/2026 19:36,Priya,SHARMA,"Vadodara, Gujarat",Fashion|Leather Wallet|499,2
ORD-20261003-2271,03/10/2026 21:55,Karan,Kulkarni,"jaipur, rajasthan",Fashion|Sunglasses|999,3.0
ORD-20261003-2843,03/10/2026 12:42,TUSHAR,Gupta,"mumbai, maharashtra",Electronics|Bluetooth Speaker|1799,5.0
ORD-20261003-0669,03/10/2026 13:20,palak,Dubey,"mumbai, maharashtra",Electronics|Wireless Earbuds|1299,1
ORD-20261003-1103,2026-10-03 21:14:25,Varun,Bansal,"mysuru, karnataka",Sports|Cricket Bat|1599,2
ORD-20261003-3836,2026-10-03 22:35:30,,Verma,"Ahmedabad, Gujarat",Sports|Dumbbell Set|1899,1.0
ORD-20261003-0687,2026-10-03 04:01:37,Hetal,Rao,"delhi, delhi",Sports|Football|799,3
ORD-20261003-0353,03/10/2026 08:24,Sara,Menon,"Coimbatore, Tamil Nadu",Fashion|Running Shoes|2199,2
ORD-20261003-0537,03/10/2026 15:51,Rajesh,Khanna,"Bengaluru, Karnataka",Electronics|Power Bank|899,1
ORD-20261003-1484,03/10/2026 21:05,DHWANI,rao,"Kolkata, West Bengal",Sports|Yoga Mat|699,1
ORD-20261003-4017,2026-10-03 22:24:53,Priya,bansal,"mumbai, maharashtra",Fashion|Running Shoes|2199,4
ORD-20261003-1624,2026-10-03 09:52:59,ayaan,Ghosh,"Surat, Gujarat",Electronics|Bluetooth Speaker|1799,2
ORD-20261003-4588,2026-10-03 12:36:51,Ritu,  Reddy ,"Bengaluru, Karnataka",Fashion|Running Shoes|2199,1
ORD-20261003-2932,03/10/2026 22:57,shreya,,"Chennai, Tamil Nadu",Sports|Yoga Mat|699,1
ORD-20261003-3474,03/10/2026 17:57,Sneha,Ghosh,"mysuru, karnataka",Fashion|Leather Wallet|499, 1 
ORD-20261003-3282,03/10/2026 08:44,  Mihir ,mehta,"Ahmedabad, Gujarat",Home And Kitchen|Steel Water Bottle|399,3
ORD-20261003-4337,2026-10-03 09:25:31,  Pooja ,  Pandya ,"pune, maharashtra",Sports|Cricket Bat|1599,6
ORD-20261003-1119,03/10/2026 21:52,Anika,Bose,"Hyderabad, Telangana",Fashion|Denim Jeans|1199,2
ORD-20261003-0994,03/10/2026 03:47,YASH,rathod,"Pune, Maharashtra",Fashion|Cotton Kurta|799,1
ORD-20261003-3165,2026-10-03 19:55:15,ayaan,Rathod,"Delhi, Delhi",Fashion|Sunglasses|999,1
ORD-20261003-1688,2026-10-03 20:37:33,kriti,Reddy,"Mumbai, Maharashtra",Fashion|Running Shoes|2199,2
ORD-20261003-3833,2026-10-03 16:40:01,Megha,Patel,"Hyderabad, Telangana",Electronics|Wireless Earbuds|1299, 1 
ORD-20261003-3425,03-10-2026 00:26,  Vikas ,Rao,"  Pune, Maharashtra ",Fashion|Denim Jeans|1199,3
ORD-20261003-3965,2026-10-03 12:54:53,Aryan,Arora,"Bengaluru, Karnataka",Fashion|Denim Jeans|1199,3
ORD-20261003-3760,03-10-2026 10:31,SURESH,  Nair ,"hyderabad, telangana",Electronics|Power Bank|899,1
ORD-20261003-3052,03/10/2026 19:54,Vihaan,pawar,"Mysuru, Karnataka",Beauty|Face Wash|249,1
ORD-20261003-0677,03-10-2026 15:01,ARYAN,Mehta,"Chennai, Tamil Nadu",Home And Kitchen|Storage Box|299,3
ORD-20261003-1854,03/10/2026 16:21,Saanvi,Verma,"Jaipur, Rajasthan",Fashion|Cotton Kurta|799,1
ORD-20261003-1477,03-10-2026 17:30,Arjun,Verma,"chennai, tamil nadu",Fashion|Leather Wallet|499,1
ORD-20261003-4051,03/10/2026 11:43,OM,SOLANKI,"Surat, Gujarat",Beauty|Lipstick|399,2.0
ORD-20261003-0252,03/10/2026 16:02,Roshni,Bose,"Pune, Maharashtra",Fashion|Running Shoes|2199,1
ORD-20261003-0754,03/10/2026 19:24,Advik,mukherjee,"hyderabad, telangana",Electronics|Smart Watch|2499,3
ORD-20261003-3812,03/10/2026 10:38,Ritu,  Mishra ,"Delhi, Delhi",Home And Kitchen|Wall Clock|649,1
ORD-20261003-0664,03/10/2026 23:46,Isha,Pawar,"Ahmedabad, Gujarat",Beauty|Sunscreen|449,1
ORD-20261003-3329,2026-10-03 11:43:26,Riya,gupta,"Chennai, Tamil Nadu",Sports|Cricket Bat|1599,1
ORD-20261003-0605,2026-10-03 18:38:12,dhwani,PANDYA,"Pune, Maharashtra",Beauty|Lipstick|399,1
ORD-20261003-2435,03-10-2026 19:20,HETAL,Trivedi,"Surat, Gujarat",Fashion|Denim Jeans|1199,4
ORD-20261003-3156,03/10/2026 02:28,Navya,Patel,"JAIPUR, RAJASTHAN",Home And Kitchen|Non Stick Pan|1099, 2 
ORD-20261003-4758,03-10-2026 17:08,Priya,Das,"  Delhi, Delhi ",Beauty|Perfume|1299,2
ORD-20261003-1315,03-10-2026 01:19,Shaurya,JOSHI,"BENGALURU, KARNATAKA",Home And Kitchen|Steel Water Bottle|399,2.0
ORD-20261003-2439,03/10/2026 11:58,arjun,Pillai,"Chennai, Tamil Nadu",,1
ORD-20261003-3145,2026-10-03 22:37:33,DEEPAK,das,"  Surat, Gujarat ",Fashion|Cotton Kurta|799,1
ORD-20261003-0962,03-10-2026 09:20,  Advik ,Sharma,"bengaluru, karnataka",Beauty|Hair Serum|549,1
ORD-20261003-2441,2026-10-03 14:28:43,suresh,  Arora ,"Pune, Maharashtra",Sports|Cricket Bat|1599,2
ORD-20261003-1844,03/10/2026 22:25,Parth,Bansal,"Chennai, Tamil Nadu",Electronics|Smart Watch|2499,2
ORD-20261003-2328,2026-10-03 03:43:59,ritu,Nair,"kolkata, west bengal",Fashion|Sunglasses|999,3
ORD-20261003-3369,03/10/2026 21:04,Ananya,Chopra,"mysuru, karnataka",Sports|Cricket Bat|1599,1
ORD-20261003-1242,03/10/2026 15:19,Nisha,Shah,"Mysuru, Karnataka",Sports|Football|799,
ORD-20261003-2236,03/10/2026 08:19,anika,Rao,"  Delhi, Delhi ",Electronics|Bluetooth Speaker|1799,1
ORD-20261003-3361,03-10-2026 15:15,palak,Agarwal,"Bengaluru, Karnataka",Sports|Skipping Rope|199,1
ORD-20261003-3316,2026-10-03 22:44:55,Palak,Bansal,"Coimbatore, Tamil Nadu",Electronics|Power Bank|899,2
ORD-20261003-0278,03/10/2026 09:48,  Sai ,kulkarni,"coimbatore, tamil nadu",Sports|Cricket Bat|1599, 1 
ORD-20261003-3649,2026-10-03 22:14:06,Hetal,Desai,"Nagpur, Maharashtra",Fashion|Cotton Kurta|799, 1 
ORD-20261003-2753,03/10/2026 19:38,PARI,kulkarni,"Jaipur, Rajasthan",Fashion|Running Shoes|2199,1.0
ORD-20261003-3796,03/10/2026 03:31,Aanya,dubey,"PUNE, MAHARASHTRA",Sports|Football|799,1
ORD-20261003-4546,03/10/2026 14:18,Jay,  Kapoor ,"Delhi, Delhi",Beauty|Sunscreen|449,1
ORD-20261003-0916,2026-10-03 18:47:51,DHWANI,PARMAR,"bengaluru, karnataka",Sports|Skipping Rope|199,2
ORD-20261003-0828,2026-10-03 17:32:02,Mansi,desai,"Pune, Maharashtra",Beauty|Hair Serum|549,2
ORD-20261003-1159,03/10/2026 18:40,Swati,thakkar,"Mumbai, Maharashtra",Fashion|Running Shoes|2199,four
ORD-20261003-2217,2026-10-03 22:07:11,kunal,Saxena,"hyderabad, telangana",Electronics|Power Bank|899,1
ORD-20261003-0826,03/10/2026 18:04,SWATI,solanki,"Hyderabad, Telangana",Fashion|Cotton Kurta|799,2
ORD-20261003-0018,03-10-2026 21:38,Gaurav,desai,"CHENNAI, TAMIL NADU",Beauty|Perfume|1299,1
ORD-20261003-0862,03/10/2026 23:22,Manish,Nair,"Coimbatore, Tamil Nadu",Home And Kitchen|Storage Box|299,1
ORD-20261003-1607,2026-10-03 20:31:45,Ritu,Gupta,"MUMBAI, MAHARASHTRA",Electronics|Bluetooth Speaker|1799,4
ORD-20261003-2951,03/10/2026 06:28,Anjali,Menon,"Chennai, Tamil Nadu",Beauty|Face Wash|249,2
ORD-20261003-3874,03/10/2026 15:58,Reyansh,parmar,"kolkata, west bengal",Electronics|Smart Watch|2499,1
ORD-20261003-0446,03/10/2026 14:55,Manish,Vyas,"Delhi, Delhi",Fashion|Sunglasses|999,1
ORD-20261003-3703,2026-10-03 09:32:30,Ayaan,chopra,"MUMBAI, MAHARASHTRA",Electronics|Laptop Stand|749,1
ORD-20261003-2729,03/10/2026 12:48,anika,Verma,"CHENNAI, TAMIL NADU",Beauty|Sunscreen|449,1
ORD-20261003-0548,2026-10-03 11:21:01,  Neel ,Rathod,"Ahmedabad, Gujarat",Sports|Cricket Bat|1599, 1 
ORD-20261003-2650,03/10/2026 01:01,Kriti,chaudhary,"Kolkata, West Bengal",Sports|Dumbbell Set|1899,1
ORD-20261003-1592,2026-10-03 14:48:56,Jay,RATHOD,"chennai, tamil nadu",Beauty|Hair Serum|549,1
ORD-20261003-0987,03/10/2026 20:25,  Swati ,Srivastava,"Delhi, Delhi",Home And Kitchen|Wall Clock|649,1
ORD-20261003-4137,03-10-2026 17:47,Jay,PAWAR,"Pune, Maharashtra",Sports|Cricket Bat|1599,1
ORD-20261003-3036,2026-10-03 08:10:21,Advik,Trivedi,"Hyderabad, Telangana",Fashion|Cotton Kurta|799,1
ORD-20261003-1096,03/10/2026 16:59,Aanya,Saxena,"Ahmedabad, Gujarat",Electronics|Wireless Earbuds|1299,5
ORD-20261003-0421,2026-10-03 16:31:00,Navya,Sinha,"Delhi, Delhi",Home And Kitchen|Storage Box|299,3
ORD-20261003-1308,03/10/2026 12:13,Krupa,Rathod,"ahmedabad, gujarat",Home And Kitchen|Wall Clock|649,1
ORD-20261003-4064,03/10/2025 22:32,Vihaan,agarwal,"BENGALURU, KARNATAKA",Sports|Skipping Rope|199,4
ORD-20261003-2133,03/10/2026 18:12,jay,PAWAR,"Chennai, Tamil Nadu",Home And Kitchen|Wall Clock|649,2.0
ORD-20261003-3184,2026-10-03 23:44:27,Vivaan,Kulkarni,"Delhi, Delhi",Beauty|Sunscreen|449,-1
ORD-20261003-3904,03/10/2026 17:03,Arjun,  Rathod ,"Mumbai, Maharashtra",Electronics|Power Bank|899,2
ORD-20261003-2851,03/10/2026 22:12,Komal,Singh,"Delhi, Delhi",Electronics|Wireless Earbuds|1299,1
ORD-20261003-3713,03-10-2026 14:23,Krishna,Ghosh,"Surat, Gujarat",Fashion|Running Shoes|2199,1
ORD-20261003-1706,2026-10-03 12:44:03,Dhwani,Mukherjee,"Mysuru, Karnataka",Home And Kitchen|Bedsheet Set|1499,1
ORD-20261003-4432,2026-10-03 13:30:41,  Karan ,das,,Electronics|Bluetooth Speaker|1799,1
ORD-20261003-2703,03/10/2026 18:56,yash,dubey,"Mumbai, Maharashtra",Home And Kitchen|Wall Clock|649,2
ORD-20261003-1689,2026-10-03 11:01:37,ritu,Mehta,"Kolkata, West Bengal",Electronics|Bluetooth Speaker|1799,1
ORD-20261003-4778,2026-10-03 14:27:23,ATHARV,Verma,"Kolkata, West Bengal",Sports|Skipping Rope|199,1
ORD-20261003-2412,03-10-2026 09:41,Tushar,  Bhatt ,"mumbai, maharashtra",Fashion|Running Shoes|2199,2
ORD-20261003-0817,03/10/2026 16:50,Dev,nair,"Nagpur, Maharashtra",Fashion|Cotton Kurta|799,1
ORD-20261003-3777,2026-10-03 23:31:36,atharv,Solanki,"Bengaluru, Karnataka",Fashion|Denim Jeans|1199,1.0
ORD-20261003-1193,03/10/2026 10:22,Saanvi,Pawar,"Nagpur, Maharashtra",Home And Kitchen|Non Stick Pan|1099,5
ORD-20261003-1040,2026-10-03 22:42:54,Mansi,Bose,"kolkata, west bengal",Home And Kitchen|Non Stick Pan|1099,1
ORD-20261003-0226,2026-10-03 15:04:35,Kunal,Sharma,"Mysuru, Karnataka",Home And Kitchen|Non Stick Pan|1099,1.0
ORD-20261003-4119,2026-10-03 18:23:18,Deepak,BHATT,"Bengaluru, Karnataka",Electronics|Laptop Stand|749,1
ORD-20261003-3314,2026-10-03 12:33:22,Ritu,malhotra,"Mumbai, Maharashtra",Sports|Cricket Bat|1599,1
ORD-20261003-4115,03-10-2026 04:05,Kavya,Thakkar,N/A,Beauty|Perfume|1299,2
ORD-20261003-4792,2026-10-03 21:31:14,MYRA,Singh,"Jaipur, Rajasthan",Fashion|Leather Wallet|499,1
ORD-20261003-0574,03/10/2026 14:05,Vivaan,Kalavadia,"AHMEDABAD, GUJARAT",Beauty|Perfume|1299,1
ORD-20261003-1519,03/10/2026 12:14,  Janvi ,Chauhan,"surat, gujarat",Beauty|Lipstick|399,2
ORD-20261003-1481,03-10-2026 21:37,Neel,Pandya,"BENGALURU, KARNATAKA",Home And Kitchen|Storage Box|299,4
ORD-20261003-2998,2026-10-03 22:38:51,Rajesh,Modi,,Home And Kitchen|Bedsheet Set|1499,1
ORD-20261003-4282,2026-10-03 21:07:44,Anika,Reddy,"delhi, delhi",Home And Kitchen|Non Stick Pan|1099,2
ORD-20261003-2371,2026-10-03 16:53:25,kabir,Menon,"Chennai, Tamil Nadu",Sports|Yoga Mat|699,3
ORD-20261003-0801,03/10/2026 19:37,Priya,khanna,"Bengaluru, Karnataka",Home And Kitchen|Storage Box|299,1
ORD-20261003-2311,2026-10-03 19:13:08,Pari,  Sinha ,"Ahmedabad, Gujarat",Sports|Cricket Bat|1599,1
ORD-20261003-1699,03/10/2026 11:31,NIDHI,Patel,"  Bengaluru, Karnataka ",Electronics|Bluetooth Speaker|1799,2
ORD-20261003-2631,2026-10-03 20:24:16,Ayaan,Joshi,"Mumbai, Maharashtra",Electronics|Wireless Earbuds|1299, 1 
ORD-20261003-1378,03-10-2026 08:32,HETAL,Rathod,"  Surat, Gujarat ",Home And Kitchen|Storage Box|299,4
ORD-20261003-3257,2026-10-03 19:13:31,Harsh,Chopra,"Delhi, Delhi",Beauty|Lipstick|399,1
ORD-20261003-2014,03-10-2026 13:48,sneha,parmar,"surat, gujarat",Electronics|Power Bank|899,1
ORD-20261003-2180,03-10-2026 10:45,Janvi,Khanna,"pune, maharashtra",Sports|Dumbbell Set|1899,2
ORD-20261003-1611,2026-10-03 11:30:35,RAHUL,Desai,"kolkata, west bengal",Home And Kitchen|Storage Box|299,1
ORD-20261003-3408,03/10/2026 12:44,Shreya,Tiwari,"  Kolkata, West Bengal ",Home And Kitchen|Wall Clock|649,1
ORD-20261003-3411,2026-10-03 19:22:03,Palak,Rao,"pune, maharashtra",Fashion|Denim Jeans|1199,1
ORD-20261003-2103,2026-10-03 21:24:28,Komal,reddy,"Delhi, Delhi",Electronics|Power Bank|899,3.0
ORD-20261003-1646,2026-10-03 12:25:54,Roshni,pillai,"Delhi, Delhi",Sports|Cricket Bat|1599,1
ORD-20261003-0237,03/10/2026 22:40,jay,tiwari,"pune, maharashtra",Fashion|Denim Jeans|1199,4
ORD-20261003-2279,2026-10-03 21:35:32,Vivaan,Thakkar,"Pune, Maharashtra",Fashion|Running Shoes|2199,1
ORD-20261003-0296,03-10-2026 22:26,Riya,bansal,"Delhi, Delhi",Beauty|Perfume|1299,3
ORD-20261003-1392,2026-10-03 16:07:04,Aadhya,Singh,"Pune, Maharashtra",Sports|Dumbbell Set|1899,3
ORD-20261003-0206,03/10/2026 22:17,Aryan,  Sinha ,"mysuru, karnataka",Home And Kitchen|Non Stick Pan|1099,1
ORD-20261003-2309,03/10/2026 12:33,Navya,Dubey,"Lucknow, Uttar Pradesh",Beauty|Perfume|1299,2
ORD-20261003-3635,03/10/2026 15:56,Manish,Mehta,"DELHI, DELHI",Fashion|Denim Jeans|1199,4
ORD-20261003-2721,03/10/2026 09:52,MANSI,Kulkarni,"Nagpur, Maharashtra",Home And Kitchen|Wall Clock|649,1
ORD-20261003-2693,03/10/2026 09:35,Sneha,vyas,"Bengaluru, Karnataka",Home And Kitchen|Non Stick Pan|1099,3
ORD-20261003-2581,03/10/2026 20:03,roshni,Iyer,"Hyderabad, Telangana",Beauty|Hair Serum|549,1
ORD-20261003-2277,03-10-2026 16:50,Riya,Joshi,"Mumbai, Maharashtra",Home And Kitchen|Steel Water Bottle|399,1
ORD-20261003-3281,2026-10-03 10:39:49,Mihir,Malhotra,"Chennai, Tamil Nadu",Sports|Yoga Mat|699,3
ORD-20261003-4632,03-10-2026 18:38,Rahul,Ghosh,"Pune, Maharashtra",Fashion|Sunglasses|999,1
ORD-20261003-4487,2026-10-03 20:49:57,Pari,Chauhan,"Coimbatore, Tamil Nadu",Fashion|Denim Jeans|1199,2
ORD-20261003-4180,2026-10-03 16:29:04,khushi,Nair,,Electronics|Laptop Stand|749,1
ORD-20261003-1880,03/10/2026 15:04,nidhi,Solanki,"KOLKATA, WEST BENGAL",Electronics|Wireless Earbuds|1299,1
ORD-20261003-4427,03/10/2026 12:42,Hetal,Yadav,"Ahmedabad, Gujarat",Home And Kitchen|Bedsheet Set|1499,1
ORD-20261003-4230,2026-10-03 15:51:02,Mansi,Verma,"PUNE, MAHARASHTRA",Home And Kitchen|Storage Box|299,4
ORD-20261003-3722,2026-10-03 15:52:01,Rohan,Kalavadia,"pune, maharashtra",Fashion|Running Shoes|2199,1
ORD-20261003-2504,03/10/2026 01:40,Atharv,desai,"Kolkata, West Bengal",Sports|Cricket Bat|1599,3
ORD-20261003-4526,03/10/2026 11:10,Kriti,Sinha,"Pune, Maharashtra",Home And Kitchen|Steel Water Bottle|399,3
ORD-20261003-1249,2026-10-03 22:08:33,Ayaan,  Thakkar ,"  Mumbai, Maharashtra ",Fashion|Cotton Kurta|799,1
ORD-20261003-0120,03/10/2026 02:05,Divya,yadav,"lucknow, uttar pradesh",Fashion|Cotton Kurta|799,
ORD-20261003-4104,2026-10-03 12:36:57,Ritu,Malhotra,"bengaluru, karnataka",Electronics|Power Bank|899,4
ORD-20261003-3468,2026-10-03 17:25:22,Hetal,Dubey,"Ahmedabad, Gujarat",Fashion|Leather Wallet|499,2
ORD-20261003-4687,03/10/2026 18:22,Khushi,Khanna,"Chennai, Tamil Nadu",Fashion|Cotton Kurta|799, 5 
ORD-20261003-1970,03/10/2026 20:31,Kunal,mishra,"Mumbai, Maharashtra",Electronics|Smart Watch|2499,2
ORD-20261003-4631,03/10/2026 18:11,Saanvi,Patel,"Lucknow, Uttar Pradesh",Electronics|Laptop Stand|749,1
ORD-20261003-4614,2026-10-03 20:20:16,neha,Jain,"Mumbai, Maharashtra",Home And Kitchen|Bedsheet Set|1499,6
ORD-20261003-1958,2026-10-03 22:48:51,Karan,Kulkarni,"  Jaipur, Rajasthan ",Home And Kitchen|Storage Box|299,1
ORD-20261003-1143,2026-10-03 11:15:40,Aryan,Pillai,"  Mumbai, Maharashtra ",Sports|Skipping Rope|199,1
ORD-20261003-2831,03/10/2026 12:57,Nikhil,Pillai,"Mumbai, Maharashtra",Sports|Yoga Mat|699,6
ORD-20261003-4262,03/10/2026 20:11,Mihir,kumar,"BENGALURU, KARNATAKA",Fashion|Sunglasses|999,1.0
ORD-20261003-2295,2026-10-03 20:47:25,  Harsh ,Menon,"Kolkata, West Bengal",Fashion|Denim Jeans|1199, 3 
ORD-20261003-3261,2026-10-03 22:29:52,Aditya,,"  Mysuru, Karnataka ",Sports|Dumbbell Set|1899,2
ORD-20261003-0247,2026-10-03 12:14:49,Tanvi,Yadav,"Mumbai, Maharashtra",Electronics|Power Bank|899,1
ORD-20261003-4479,03/10/2026 19:11,Deepak,Menon,"Bengaluru, Karnataka",Electronics|Power Bank|899,5
ORD-20261003-1289,03/10/2026 22:36,Swati,Patel,"chennai, tamil nadu",Home And Kitchen|Non Stick Pan|1099,2
ORD-20261003-4272,03/10/2026 22:16,pranav,Mishra,"LUCKNOW, UTTAR PRADESH",Fashion|Leather Wallet|499,1
ORD-20261003-2390,03/10/2026 17:37,ISHA,Nair,"Ahmedabad, Gujarat",Home And Kitchen|Steel Water Bottle|399, 4 
ORD-20261003-3320,2026-10-03 09:32:46,Vivaan,Chaudhary,"Jaipur, Rajasthan",Home And Kitchen|Bedsheet Set|1499,1
ORD-20261003-1115,03/10/2026 14:34,Shreya,  Mishra ,"Kolkata, West Bengal",Fashion|Leather Wallet|499,5
ORD-20261003-4677,03/10/2026 12:12,KABIR,KUMAR,"Chennai, Tamil Nadu",Fashion|Cotton Kurta|799,1
ORD-20261003-3353,03/10/2026 09:49,Varun,DAS,"bengaluru, karnataka",Beauty|Lipstick|399,5
ORD-20261003-1355,2026-10-03 06:01:33,Pranav,Chauhan,"Delhi, Delhi",Sports|Cricket Bat|1599,3
ORD-20261003-4673,03/10/2026 22:02,Aadhya,Kulkarni,"Mumbai, Maharashtra",Sports|Yoga Mat|699,1
ORD-20261003-4746,03/10/2026 12:35,pooja,Bose,"  Coimbatore, Tamil Nadu ",Fashion|Sunglasses|999,2
ORD-20261003-1013,03/10/2026 21:35,Om,Das,"Mysuru, Karnataka",Electronics|Wireless Earbuds|1299,2
ORD-20261003-4450,03/10/2026 15:42,  Komal ,sinha,"Vadodara, Gujarat",Fashion|Leather Wallet|499,3
ORD-20261003-2111,03-10-2026 08:40,Palak,Chopra,"coimbatore, tamil nadu",Home And Kitchen|Storage Box|299,2
ORD-20261003-3868,2026-10-03 22:20:13,Kriti,MENON,"Mysuru, Karnataka",Fashion|Leather Wallet|499,2
ORD-20261003-2230,2026-10-03 14:59:36,Om,Patil,"Lucknow, Uttar Pradesh",Fashion|Running Shoes|2199,2
ORD-20261003-1925,03/10/2026 12:54,dhwani,Bhatt,"Pune, Maharashtra",Electronics|Laptop Stand|749,1
ORD-20261003-2917,03/10/2026 17:12,Tushar,  Singh ,"Kolkata, West Bengal",Home And Kitchen|Bedsheet Set|1499,1.0
ORD-20261003-1633,2026-10-03 19:32:22,Saanvi,Kumar,"Hyderabad, Telangana",Home And Kitchen|Bedsheet Set|1499,2
ORD-20261003-2737,2026-10-03 10:57:08,Aditya,  Joshi ,N/A,Home And Kitchen|Storage Box|299,1
ORD-20261003-4198,03/10/2026 14:22,Sneha,Dubey,"Lucknow, Uttar Pradesh",Fashion|Running Shoes|2199,3
ORD-20261003-3611,03/10/2026 19:10,Anika,das,"Hyderabad, Telangana",Sports|Yoga Mat|699,1
ORD-20261003-0581,2026-10-03 19:57:05,Neel,Trivedi,"bengaluru, karnataka",Beauty|Face Wash|249,5
ORD-20261003-1265,03/10/2026 22:12,Neha,Mukherjee,"Mysuru, Karnataka",Fashion|Denim Jeans|1199,1
ORD-20261003-4531,2026-10-03 16:46:47,  Khushi ,Verma,"Chennai, Tamil Nadu",,2.0
ORD-20261003-1800,03/10/2026 04:41,Simran,  Bansal ,"Bengaluru, Karnataka",Electronics|Bluetooth Speaker|1799,two
ORD-20261003-4158,03/10/2026 12:45,Riya,trivedi,"CHENNAI, TAMIL NADU",Electronics|Bluetooth Speaker|1799,2
ORD-20261003-2603,2026-10-03 13:27:20,  Kabir ,Rao,"Kolkata, West Bengal",Fashion|Sunglasses|999,1
ORD-20261003-0586,2026-10-03 09:14:58,Shaurya,Kapoor,"Delhi, Delhi",Fashion|Denim Jeans|1199,5
ORD-20261003-0179,03-10-2026 09:08,hetal,Dubey,"Ahmedabad, Gujarat",Fashion|Sunglasses|999,1
ORD-20261003-0076,2026-10-03 23:16:38,Arjun,Desai,"Mumbai, Maharashtra",Home And Kitchen|Steel Water Bottle|399,1
ORD-20261003-2046,03/10/2026 11:11,null,Joshi,"delhi, delhi",Fashion|Sunglasses|999,1
ORD-20261003-4442,03/10/2026 23:48,vivaan,Yadav,"Kolkata, West Bengal",Fashion|Cotton Kurta|799,1
ORD-20261003-4502,03/10/2026 21:10,yash,Patil,"Hyderabad, Telangana",Beauty|Lipstick|399,1
ORD-20261003-4145,03/10/2026 15:58,Kabir,Joshi,"Ahmedabad, Gujarat",Fashion|Leather Wallet|499,1
ORD-20261003-4349,2026-10-03 16:08:25,Ananya,Iyer,"Bengaluru, Karnataka",Fashion|Sunglasses|999,2
ORD-20261003-3510,03/10/2026 14:53,Manish,Bhatt,"Kolkata, West Bengal",Home And Kitchen|Steel Water Bottle|399,2
ORD-20261003-4030,03/10/2026 19:42,Reyansh,kulkarni,"Nagpur, Maharashtra",Electronics|Laptop Stand|749,6
ORD-20261003-1304,03/10/2026 12:58,Pari,  Pandya ,"pune, maharashtra",Home And Kitchen|Non Stick Pan|1099,1
ORD-20261003-1599,2026-10-03 13:04:54,nikhil,  Sinha ,"mysuru, karnataka",Electronics|Laptop Stand|749,1
ORD-20261003-4320,2026-10-03 10:58:13,,Dubey,"mumbai, maharashtra",Electronics|Bluetooth Speaker|1799,1
ORD-20261003-4271,03/10/2026 21:11,Vihaan,JAIN,"Mumbai, Maharashtra",Home And Kitchen|Non Stick Pan|1099,1
ORD-20261003-1785,03-10-2026 00:17,Myra,  Sharma ,"Nagpur, Maharashtra",Fashion|Cotton Kurta|799,2
ORD-20261003-2118,03/10/2026 21:05,Amit,pawar,"Bengaluru, Karnataka",Beauty|Lipstick|399,1
ORD-20261003-2889,2026-10-03 12:34:56,om,  Das ,"mysuru, karnataka",Sports|Skipping Rope|199,3
ORD-20261003-2005,2026-10-03 13:58:14,Sneha,Kulkarni,"  Delhi, Delhi ",Beauty|Perfume|1299,6
ORD-20261003-1333,2026-10-03 23:35:35,Hetal,sharma,"Bengaluru, Karnataka",Fashion|Cotton Kurta|799,2
ORD-20261003-0072,03/10/2026 13:33,,Mehta,"Jaipur, Rajasthan",Fashion|Denim Jeans|1199,1
ORD-20261003-0034,03-10-2026 16:49,Nikhil,Mishra,"Bengaluru, Karnataka",Electronics|Power Bank|899,3
ORD-20261003-2796,2026-10-03 16:01:19,Palak,Sinha,"Chennai, Tamil Nadu",Fashion|Cotton Kurta|799,1
ORD-20261003-0045,2026-10-03 18:26:54,,Kumar,"Bengaluru, Karnataka",Sports|Dumbbell Set|1899,1
ORD-20261003-1741,03/10/2026 01:33,mansi,Saxena,"Mumbai, Maharashtra",Fashion|Cotton Kurta|799,2
ORD-20261003-2219,03/10/2026 12:38,varun,  Iyer ,"Chennai, Tamil Nadu",Home And Kitchen|Steel Water Bottle|399,1
ORD-20261003-3818,N/A,yash,Nair,"Mumbai, Maharashtra",,1
ORD-20261003-3758,03-10-2026 08:47,payal,  Jain ,"Bengaluru, Karnataka",Sports|Skipping Rope|199,2
ORD-20261003-1380,03-10-2026 18:03,DHWANI,KUMAR,"  Mumbai, Maharashtra ",Fashion|Cotton Kurta|799,1
ORD-20261003-2826,03/10/2026 23:32,SWATI,Nair,"Delhi, Delhi",Fashion|Denim Jeans|1199,1
ORD-20261003-0576,03/10/2026 09:47,Aarav,DUBEY,"CHENNAI, TAMIL NADU",Electronics|Bluetooth Speaker|1799,1
ORD-20261003-0385,03/10/2026 13:25,pranav,kumar,"Jaipur, Rajasthan",Fashion|Running Shoes|2199,2
ORD-20261003-1409,2026-10-03 12:33:15,KUNAL,Saxena,"Pune, Maharashtra",Beauty|Perfume|1299,1
ORD-20261003-1161,2026-10-03 07:26:48,Hetal,  Sharma ,"coimbatore, tamil nadu",Home And Kitchen|Bedsheet Set|1499,1
ORD-20261003-2137,2026-10-03 22:37:04,Pari,  Pandya ,"Kolkata, West Bengal",Beauty|Lipstick|399,2
ORD-20261003-0125,03/10/2026 16:50,Rahul,patil,"mysuru, karnataka",Home And Kitchen|Steel Water Bottle|399,1
ORD-20261003-4514,03-10-2026 20:55,jay,Mukherjee,"Mumbai, Maharashtra",Beauty|Perfume|1299,2.0
ORD-20261003-2505,N/A,Simran,Chauhan,"Pune, Maharashtra",Electronics|Wireless Earbuds|1299,2
ORD-20261003-3985,03/10/2026 00:50,Rohan,Saxena,"Bengaluru, Karnataka",Fashion|Sunglasses|999,1
ORD-20261003-0437,03-10-2026 07:18,Karan,Verma,"Mumbai, Maharashtra",Fashion|Cotton Kurta|799,3
ORD-20261003-3589,2026-10-03 11:46:31,roshni,Mehta,"BENGALURU, KARNATAKA",Electronics|Bluetooth Speaker|1799,2
ORD-20261003-0073,03-10-2026 16:31,Advik,,"Ahmedabad, Gujarat",Electronics|Laptop Stand|749,2
ORD-20261003-4239,03/10/2026 11:48,Sneha,  Verma ,"Surat, Gujarat",Home And Kitchen|Wall Clock|649,4
ORD-20261003-2157,03/10/2026 22:27,KARAN,  Malhotra ,"Pune, Maharashtra",Beauty|Face Wash|249,2
ORD-20261003-4009,03/10/2026 17:29,Vikas,PATIL,"vadodara, gujarat",Beauty|Sunscreen|449,4
ORD-20261003-0960,2026-10-03 23:06:59,Advik,Sinha,"Surat, Gujarat",Home And Kitchen|Storage Box|299,1
ORD-20261003-4813,03/10/2026 21:55,Simran,PATIL,"Jaipur, Rajasthan",Fashion|Denim Jeans|1199,2
ORD-20261003-2849,2026-10-03 17:10:04,Anjali,rao,"surat, gujarat",Beauty|Lipstick|399,2
ORD-20261003-0360,03-10-2026 17:48,Aditya,DUBEY,"Hyderabad, Telangana",Electronics|Bluetooth Speaker|1799,2
ORD-20261003-0491,2026-10-03 18:27:43,Bhavna,  Kalavadia ,"Bengaluru, Karnataka",Sports|Skipping Rope|199,5
ORD-20261003-3346,03/10/2026 14:16,Aarav,BHATT,"HYDERABAD, TELANGANA",Fashion|Denim Jeans|1199,6
ORD-20261003-1949,,Suresh,SHAH,"Bengaluru, Karnataka",Home And Kitchen|Non Stick Pan|1099,2
ORD-20261003-4055,03-10-2026 19:17,Vihaan,Pawar,"Mumbai, Maharashtra",Fashion|Sunglasses|999,4
ORD-20261003-1841,2026-10-03 12:27:38,Rudra,,"Hyderabad, Telangana",Electronics|Laptop Stand|749,2
ORD-20261003-3512,03/10/2026 19:31,myra,Iyer,"BENGALURU, KARNATAKA",Fashion|Leather Wallet|499,1
ORD-20261003-3987,03/10/2026 18:03,Swati,mishra,"Hyderabad, Telangana",Beauty|Perfume|1299,3
ORD-20261003-0377,2026-10-03 21:40:47,Arjun,MENON,"Kolkata, West Bengal",Home And Kitchen|Non Stick Pan|1099,2
ORD-20261003-0129,2026-10-03 21:24:46,Sai,Thakkar,"KOLKATA, WEST BENGAL",Fashion|Leather Wallet|499,1
ORD-20261003-1765,03-10-2026 20:18,  Karan ,Agarwal,"Vadodara, Gujarat",Beauty|Face Wash|249,2.0
ORD-20261003-0786,03-10-2026 12:08,Aditya,Mishra,"delhi, delhi",Electronics|Laptop Stand|749,2
ORD-20261003-2794,03/10/2026 18:42,Simran,thakkar,"Pune, Maharashtra",Fashion|Sunglasses|999,1
ORD-20261003-3774,2026-10-03 22:53:03,Priya,patel,"Hyderabad, Telangana",Sports|Dumbbell Set|1899,1
ORD-20261003-3815,03-10-2026 02:58,  Diya ,verma,"Bengaluru, Karnataka",Fashion|Denim Jeans|1199,4
ORD-20261003-4643,2026-10-03 08:36:57,kunal,Desai,"Bengaluru, Karnataka",Fashion|Running Shoes|2199,1
ORD-20261003-4780,03/10/2026 20:53,ishaan,Patil,"ahmedabad, gujarat",Fashion|Running Shoes|2199,3
ORD-20261003-1060,03/10/2026 12:37,Saanvi,Dubey,"Chennai, Tamil Nadu",Home And Kitchen|Steel Water Bottle|399,2
ORD-20261003-3163,03/10/2026 11:47,  Nidhi ,Kulkarni,"  Kolkata, West Bengal ",Fashion|Running Shoes|2199,4
ORD-20261003-3520,03/10/2026 17:32,Ritu,  Jain ,"Mumbai, Maharashtra",Sports|Yoga Mat|699,1
ORD-20261003-3689,2026-10-03 21:35:20,Komal,Desai,"Surat, Gujarat",Electronics|Smart Watch|2499,3
ORD-20261003-4201,2026-10-03 11:59:44,vivaan,Pawar,"mysuru, karnataka",Electronics|Smart Watch|2499,3
ORD-20261003-2713,03/10/2026 11:25,VIKAS,Agarwal,"  Mysuru, Karnataka ",Electronics|Laptop Stand|749,1
ORD-20261003-2965,03/10/2026 16:00,saanvi,Jain,"Kolkata, West Bengal",Fashion|Sunglasses|999,1
ORD-20261003-1675,2026-10-03 23:07:16,Pranav,Jain,"chennai, tamil nadu",Home And Kitchen|Wall Clock|649,1
ORD-20261003-1006,03/10/2026 12:12,Harsh,Kapoor,"Pune, Maharashtra",Fashion|Running Shoes|2199,1.0
ORD-20261003-1513,03/10/2026 07:09,,  Ghosh ,"  Jaipur, Rajasthan ",Home And Kitchen|Bedsheet Set|1499,1
ORD-20261003-3806,03-10-2026 20:32,NIKHIL,solanki,"Bengaluru, Karnataka",Fashion|Cotton Kurta|799,3
ORD-20261003-2663,03/10/2026 20:52,Myra,das,"hyderabad, telangana",Fashion|Denim Jeans|1199,2
ORD-20261003-3237,03/10/2026 21:18,,chaudhary,"Hyderabad, Telangana",Sports|Yoga Mat|699,3
ORD-20261003-4603,2026-10-03 19:52:39,  Roshni ,Kapoor,"  Bengaluru, Karnataka ",Fashion|Denim Jeans|1199,1
ORD-20261003-0946,2026-10-03 14:40:35,  Gaurav ,das,"Vadodara, Gujarat",Fashion|Cotton Kurta|799,1
ORD-20261003-3577,2026-10-03 23:04:20,aryan,pillai,"mumbai, maharashtra",Beauty|Perfume|1299,1
ORD-20261003-1647,2026-10-03 20:40:08,  Varun ,patel,"Delhi, Delhi",Electronics|Power Bank|899,1
ORD-20261003-3575,03/10/2026 13:40,Arjun,Trivedi,"Pune, Maharashtra",Beauty|Lipstick|399,0
ORD-20261003-2029,03-10-2026 13:37,Aditya,Khanna,"Hyderabad, Telangana",Sports|Cricket Bat|1599,3
ORD-20261003-2641,2026-10-03 12:35:14,gaurav,Menon,"Ahmedabad, Gujarat",Beauty|Lipstick|399,1
ORD-20261003-2156,03/10/2026 21:09,Kunal,solanki,"Coimbatore, Tamil Nadu",Fashion|Denim Jeans|1199,1
ORD-20261003-1861,2026-10-03 17:47:03,RUDRA,Sinha,"Bengaluru, Karnataka",Fashion|Leather Wallet|499,1
ORD-20261003-1110,03/10/2026 21:45,Ananya,  Parmar ,"mysuru, karnataka",Home And Kitchen|Bedsheet Set|1499,2
ORD-20261003-1170,03/10/2026 13:26,Sara,Desai,"Nagpur, Maharashtra",Electronics|Bluetooth Speaker|1799, 4 
ORD-20261003-4535,03/10/2026 21:19,Anika,Patel,"hyderabad, telangana",Sports|Skipping Rope|199,1
ORD-20261003-2541,03/10/2026 12:01,Jay,Verma,"Mumbai, Maharashtra",Electronics|Power Bank|899,3
ORD-20261003-2458,2026-10-03 09:59:53,Kriti,  Gupta ,"delhi, delhi",Electronics|Power Bank|899, 1 
ORD-20261003-0723,03/10/2026 20:29,Komal,ghosh,"Nagpur, Maharashtra",Beauty|Perfume|1299,2
ORD-20261003-0047,2026-10-03 21:31:24,DHWANI,mukherjee,"Mysuru, Karnataka",Fashion|Leather Wallet|499,1
ORD-20261003-0313,03/10/2026 13:25,Nikhil,Verma,"Pune, Maharashtra",Electronics|Bluetooth Speaker|1799,
ORD-20261003-0793,03/10/2026 04:04,  Deepak ,MALHOTRA,"chennai, tamil nadu",Home And Kitchen|Wall Clock|649,
ORD-20261003-3974,03/10/2026 15:09,Aditya,Kapoor,"Hyderabad, Telangana",Beauty|Hair Serum|549,1
ORD-20261003-2171,03-10-2026 20:04,Ritu,Saxena,"ahmedabad, gujarat",Fashion|Leather Wallet|499,5
ORD-20261003-3297,03-10-2026 18:01,Mansi,MODI,"Hyderabad, Telangana",Fashion|Sunglasses|999,1
ORD-20261003-0821,2026-10-03 19:10:10,RAJESH,PARMAR,,Beauty|Hair Serum|549,2
ORD-20261003-2871,,Vihaan,  Malhotra ,"Bengaluru, Karnataka",Fashion|Leather Wallet|499,1
ORD-20261003-1287,2026-10-03 23:14:23,Priya,Kulkarni,"Mysuru, Karnataka",Fashion|Running Shoes|2199,5
ORD-20261003-3389,2026-10-03 08:13:47,bhavna,Saxena,"Coimbatore, Tamil Nadu",Beauty|Perfume|1299,1
ORD-20261003-4787,03-10-2026 12:52,Tanvi,kulkarni,"Vadodara, Gujarat",Fashion|Cotton Kurta|799,5.0
ORD-20261003-3853,03/10/2026 18:11,Rajesh,verma,"kolkata, west bengal",Fashion|Running Shoes|2199,1
ORD-20261003-0761,2026-10-03 13:10:50,JANVI,Gupta,"Lucknow, Uttar Pradesh",Home And Kitchen|Non Stick Pan|1099,1
ORD-20261003-4280,03/10/2026 14:09,Vivaan,pawar,"Mysuru, Karnataka",Sports|Football|799,1.0
ORD-20261003-3830,2026-10-03 10:40:26,REYANSH,Iyer,"Bengaluru, Karnataka",Beauty|Perfume|1299,1
ORD-20261003-3871,03/10/2026 17:42,Palak,Agarwal,"Chennai, Tamil Nadu",Fashion|Cotton Kurta|799,1
ORD-20261003-0756,2026-10-03 20:53:40,ARJUN,Sharma,"Chennai, Tamil Nadu",Electronics|Power Bank|899,1
ORD-20261003-2231,2026-10-03 22:23:31,Sneha,Pandya,"Kolkata, West Bengal",Home And Kitchen|Bedsheet Set|1499,1
ORD-20261003-0071,03-10-2026 20:38,MANISH,  Menon ,"MUMBAI, MAHARASHTRA",Beauty|Sunscreen|449,2
ORD-20261003-1128,03/10/2026 12:04,Neel,rao,"Pune, Maharashtra",Electronics|Power Bank|899,2
ORD-20261003-1557,03-10-2026 16:32,Saanvi,bansal,"Ahmedabad, Gujarat",Fashion|Leather Wallet|499, 1 
ORD-20261003-3757,2026-10-03 19:10:26,Simran,sharma,"  Delhi, Delhi ",Home And Kitchen|Steel Water Bottle|399,1
ORD-20261003-2098,03/10/2026 22:24,Rudra,thakkar,"Kolkata, West Bengal",Fashion|Sunglasses|999,1.0
ORD-20261003-3488,03/10/2026 20:31,Kunal,RAO,"Pune, Maharashtra",Sports|Cricket Bat|1599,2
ORD-20261003-3099,03-10-2026 13:49,Vihaan,Vyas,"  Coimbatore, Tamil Nadu ",Fashion|Cotton Kurta|799,2.0
ORD-20261003-3135,03/10/2026 13:46,Manish,Vyas,"Delhi, Delhi",Electronics|Power Bank|899,3
ORD-20261003-1728,03/10/2026 17:28,Anika,Bose,"Chennai, Tamil Nadu",Home And Kitchen|Storage Box|299,1
ORD-20261003-2129,03/10/2026 17:51,Nikhil,Agarwal,"surat, gujarat",Fashion|Running Shoes|2199,2
ORD-20261003-3886,03/10/2026 17:02,priya,  Srivastava ,"Chennai, Tamil Nadu",Sports|Dumbbell Set|1899,1.0
ORD-20261003-2784,2026-10-03 14:34:36,Aadhya,  Nair ,"Coimbatore, Tamil Nadu",Fashion|Sunglasses|999,5
ORD-20261003-3984,2026-10-03 21:46:17,Isha,shah,"hyderabad, telangana",Fashion|Running Shoes|2199,
ORD-20261003-4402,03-10-2026 19:03,Arjun,mehta,"KOLKATA, WEST BENGAL",Sports|Yoga Mat|699,1
ORD-20261003-3138,31/02/2026 17:00,Nidhi,Patel,"Bengaluru, Karnataka",Fashion|Running Shoes|2199,3
ORD-20261003-3664,03/10/2026 12:12,Diya,Kalavadia,"Ahmedabad, Gujarat",Beauty|Face Wash|249,1
ORD-20261003-4630,03/10/2026 20:46,Vivaan,Pawar,"Mumbai, Maharashtra",Electronics|Laptop Stand|749,1
ORD-20261003-1670,03/10/2026 13:03,Kriti,reddy,"pune, maharashtra",Beauty|Face Wash|249,2
ORD-20261003-0280,03-10-2026 10:54,Pooja,Malhotra,"NAGPUR, MAHARASHTRA",Fashion|Running Shoes|2199,6
ORD-20261003-1038,03-10-2026 13:21,isha,Chaudhary,"Vadodara, Gujarat",Electronics|Wireless Earbuds|1299,5
ORD-20261003-2403,03/10/2026 11:01,  Ayaan ,Thakkar,"Lucknow, Uttar Pradesh",Fashion|Cotton Kurta|799,2
ORD-20261003-0100,03-10-2026 20:14,Payal,VYAS,"Bengaluru, Karnataka",Electronics|Laptop Stand|749,3
ORD-20261003-3656,03-10-2026 09:26,Pranav,yadav,"ahmedabad, gujarat",Fashion|Sunglasses|999, 2 
ORD-20261003-1545,03/10/2026 00:29,  Parth ,MODI,"Surat, Gujarat",Electronics|Smart Watch|2499,1
ORD-20261003-2290,2026-10-03 20:47:13,Krishna,Joshi,"Surat, Gujarat",Home And Kitchen|Storage Box|299,1
ORD-20261003-4842,03/10/2026 22:50,sara,TRIVEDI,"JAIPUR, RAJASTHAN",Electronics|Laptop Stand|749,1
ORD-20261003-0652,2026-10-03 14:22:22,Harsh,Kulkarni,"Pune, Maharashtra",Home And Kitchen|Wall Clock|649,1
ORD-20261003-0046,03-10-2026 22:36,Neel,Bhatt,"lucknow, uttar pradesh",Fashion|Leather Wallet|499,2
ORD-20261003-1504,2026-10-03 14:56:30,Simran,Kalavadia,"Ahmedabad, Gujarat",Fashion|Denim Jeans|1199,2
ORD-20261003-2734,03-10-2026 23:17,Navya,Mukherjee,"Pune, Maharashtra",Electronics|Bluetooth Speaker|1799,2
ORD-20261003-0181,03-10-2026 16:45,  Rahul ,Menon,"Delhi, Delhi",Fashion|Running Shoes|2199,1
ORD-20261003-4552,03-10-2026 11:35,Amit,  Trivedi ,"Ahmedabad, Gujarat",Home And Kitchen|Non Stick Pan|1099,2
ORD-20261003-3912,03/10/2026 13:04,Amit,PANDYA,"Vadodara, Gujarat",Fashion|Cotton Kurta|799,2
ORD-20261003-2032,2026-10-03 21:27:50,swati,shah,"Vadodara, Gujarat",Electronics|Laptop Stand|749,2
ORD-20261003-3235,03-10-2026 17:56,Vikas,Nair,"  Lucknow, Uttar Pradesh ",Home And Kitchen|Storage Box|299,4
ORD-20261003-0929,03/10/2026 16:25,Mansi,Patel,"hyderabad, telangana",Fashion|Sunglasses|999,4
ORD-20261003-2571,2026-10-03 18:01:14,rajesh,Reddy,"Mumbai, Maharashtra",Fashion|Sunglasses|999,2.0
ORD-20261003-3523,03/10/2026 05:06,Jay,Saxena,"Vadodara, Gujarat",Electronics|Laptop Stand|749,5
ORD-20261003-0977,03/10/2026 05:35,nikhil,Das,"Hyderabad, Telangana",Electronics|Bluetooth Speaker|1799,1
ORD-20261003-2725,03/10/2026 09:41,Jay,chaudhary,"Pune, Maharashtra",Electronics|Laptop Stand|749,2
ORD-20261003-0673,2026-10-03 22:33:52,Isha,solanki,"NAGPUR, MAHARASHTRA",Electronics|Laptop Stand|749,2
ORD-20261003-4488,2026-10-03 08:23:09,Nidhi,Dubey,"  Delhi, Delhi ",Sports|Skipping Rope|199,1
ORD-20261003-2678,03/10/2026 01:35,Shaurya,KHANNA,"  Lucknow, Uttar Pradesh ",Fashion|Leather Wallet|499,2
ORD-20261003-0119,03/10/2026 21:32,Karan,MODI,"Chennai, Tamil Nadu",Beauty|Hair Serum|549,1
ORD-20261003-2396,03-10-2026 05:56,Advik,  Vyas ,"jaipur, rajasthan",Fashion|Running Shoes|2199,2
ORD-20261003-3448,03/10/2026 18:23,Bhavna,Malhotra,"jaipur, rajasthan",Home And Kitchen|Steel Water Bottle|399,2
ORD-20261003-0450,03/10/2025 23:48,  Shreya ,Gupta,"DELHI, DELHI",Electronics|Bluetooth Speaker|1799,5
ORD-20261003-0704,2026-10-03 09:08:31,  Deepak ,nair,"delhi, delhi",Home And Kitchen|Steel Water Bottle|399,2
ORD-20261003-0777,03/10/2026 11:17,jay,  Bose ,"bengaluru, karnataka",Electronics|Smart Watch|2499,1
ORD-20261003-3604,03-10-2026 14:27,Deepak,Verma,"Bengaluru, Karnataka",Electronics|Smart Watch|2499,1
ORD-20261003-4691,03/10/2026 16:19,megha,Mukherjee,"Pune, Maharashtra",Fashion|Leather Wallet|499,1
ORD-20261003-3301,03/10/2026 22:33,Ritu,  Verma ,"Chennai, Tamil Nadu",Home And Kitchen|Steel Water Bottle|399,2
ORD-20261003-0074,03/10/2026 14:50,Roshni,RATHOD,"Jaipur, Rajasthan",Home And Kitchen|Steel Water Bottle|399,1
ORD-20261003-4324,03/10/2026 15:48,KARAN,Joshi,"Mumbai, Maharashtra",Home And Kitchen|Wall Clock|649,1
ORD-20261003-2203,2026-10-03 10:06:30,Krupa,KAPOOR,"Mumbai, Maharashtra",Electronics|Smart Watch|2499,1
ORD-20261003-1549,03/10/2026 14:05,Divya,iyer,"Chennai, Tamil Nadu",Fashion|Cotton Kurta|799,4
ORD-20261003-4100,2026-10-03 20:31:56,Aryan,Agarwal,"DELHI, DELHI",Home And Kitchen|Steel Water Bottle|399,1
ORD-20261003-0453,03-10-2026 21:27,roshni,agarwal,"delhi, delhi",Beauty|Face Wash|249,1
ORD-20261003-0326,2026-10-03 16:43:18,Aryan,dubey,"Lucknow, Uttar Pradesh",Home And Kitchen|Non Stick Pan|1099,1
ORD-20261003-1898,03/10/2026 19:34,  Krupa ,CHAUDHARY,"Mumbai, Maharashtra",Electronics|Laptop Stand|749,2
ORD-20261003-3660,03/10/2026 18:38,  Anjali ,parmar,"Vadodara, Gujarat",Home And Kitchen|Storage Box|299,1
ORD-20261003-3506,03/10/2026 18:49,  Myra ,kulkarni,"Jaipur, Rajasthan",Fashion|Running Shoes|2199,2
ORD-20261003-1939,03/10/2062 11:11,Sneha,Pandya,"Surat, Gujarat",Home And Kitchen|Non Stick Pan|1099,2
ORD-20261003-1950,03/10/2026 10:44,Parth,Bhatt,"  Hyderabad, Telangana ",Home And Kitchen|Bedsheet Set|1499,5
ORD-20261003-4509,03/10/2026 22:30,Megha,Mehta,"Hyderabad, Telangana",Beauty|Lipstick|399,3
ORD-20261003-0398,03/10/2026 22:39,Neha,Arora,"Mumbai, Maharashtra",Fashion|Running Shoes|2199,1
ORD-20261003-4800,03/10/2026 17:50,Priya,Gupta,"Surat, Gujarat",Fashion|Leather Wallet|499,6
ORD-20261003-0820,03-10-2026 16:41,Mansi,Thakkar,"surat, gujarat",Fashion|Cotton Kurta|799,3
ORD-20261003-1668,03-10-2026 20:10,Dhruv,CHAUHAN,"Mumbai, Maharashtra",Sports|Yoga Mat|699,1
ORD-20261003-2792,03/10/2026 17:29,Navya,PAWAR,"Bengaluru, Karnataka",Electronics|Laptop Stand|749,2
ORD-20261003-3954,2026-10-03 19:38:11,Krishna,,"Chennai, Tamil Nadu",Electronics|Power Bank|899,1
ORD-20261003-0021,03/10/2026 19:29,Suresh,Rathod,"Coimbatore, Tamil Nadu",Electronics|Bluetooth Speaker|1799,2.0
ORD-20261003-0015,03/10/2026 14:04,aadhya,Pawar,"Pune, Maharashtra",Home And Kitchen|Storage Box|299,2
ORD-20261003-2738,2026-10-03 16:25:10,Aanya,PATIL,"Lucknow, Uttar Pradesh",Electronics|Smart Watch|2499,2
ORD-20261003-1252,03/10/2026 14:42,Arjun,Chauhan,"Mumbai, Maharashtra",Electronics|Wireless Earbuds|1299,3
ORD-20261003-4844,03-10-2026 17:38,Kriti,saxena,"Jaipur, Rajasthan",Electronics|Bluetooth Speaker|1799,1.0
ORD-20261003-2019,2026-10-03 20:27:11,Saanvi,Desai,"bengaluru, karnataka",Electronics|Smart Watch|2499,3
ORD-20261003-4148,03/10/2026 10:29,  Sai ,Reddy,"  Hyderabad, Telangana ",Electronics|Bluetooth Speaker|1799,2
ORD-20261003-1548,2026-10-03 12:18:37,Aryan,Reddy,"Pune, Maharashtra",Sports|Skipping Rope|199,1
ORD-20261003-4168,2026-10-03 22:10:34,Manish,  Bhatt ,"bengaluru, karnataka",Beauty|Lipstick|399,1
ORD-20261003-3890,03/10/2026 15:00,Myra,Desai,"Bengaluru, Karnataka",Fashion|Cotton Kurta|799,2
ORD-20261003-1690,03/10/2026 21:43,  Jay ,Srivastava,"Lucknow, Uttar Pradesh",Home And Kitchen|Bedsheet Set|1499,1
ORD-20261003-1077,03/10/2026 19:33,Mansi,dubey,"  Lucknow, Uttar Pradesh ",Electronics|Wireless Earbuds|1299,1
ORD-20261003-2548,2026-10-03 15:35:44,PARI,Parmar,"  Kolkata, West Bengal ",Electronics|Power Bank|899,1
ORD-20261003-0387,03/10/2026 20:07,PRIYA,SOLANKI,"Jaipur, Rajasthan",Home And Kitchen|Non Stick Pan|1099,1.0
ORD-20261003-0131,03/10/2026 12:32,Priya,Ghosh,"Delhi, Delhi",Electronics|Bluetooth Speaker|1799,1
ORD-20261003-2348,03/10/2026 13:12,Isha,JOSHI,"bengaluru, karnataka",Fashion|Denim Jeans|1199,3
ORD-20261003-1312,03/10/2026 20:09,Isha,Mishra,"  Lucknow, Uttar Pradesh ",Sports|Cricket Bat|1599,1
ORD-20261003-2558,03/10/2026 07:17,Varun,Pandya,"Coimbatore, Tamil Nadu",Fashion|Denim Jeans|1199,5
ORD-20261003-1657,03-10-2026 11:01,Riya,Reddy,"  Delhi, Delhi ",Electronics|Power Bank|899,3
,03-10-2026 20:53,janvi,Kalavadia,"  Kolkata, West Bengal ",Electronics|Laptop Stand|749,2
ORD-20261003-0389,03-10-2026 19:18,MYRA,Gupta,"Mysuru, Karnataka",Home And Kitchen|Wall Clock|649,5
ORD-20261003-1944,03-10-2026 04:06,  Saanvi ,Bose,"MUMBAI, MAHARASHTRA",Fashion|Denim Jeans|1199,1
ORD-20261003-0695,03/10/2026 14:12,Roshni,Solanki,"Delhi, Delhi",Home And Kitchen|Storage Box|299,1
ORD-20261003-3462,2026-10-03 22:49:14,Riya,Patil,"Bengaluru, Karnataka",Sports|Dumbbell Set|1899,1
ORD-20261003-1654,,tanvi,Khanna,"Mysuru, Karnataka",Sports|Cricket Bat|1599,1
ORD-20261003-4584,2026-10-03 15:30:12,  Advik ,pandya,"Hyderabad, Telangana",Fashion|Leather Wallet|499,1
ORD-20261003-2728,2026-10-03 20:29:46,Advik,YADAV,"Delhi, Delhi",Electronics|Power Bank|899,1
ORD-20261003-4091,03-10-2026 08:57,Pari,modi,"Delhi, Delhi",Electronics|Smart Watch|2499,4.0
ORD-20261003-4321,03/10/2026 19:10,Rajesh,Solanki,"Ahmedabad, Gujarat",Electronics|Smart Watch|2499,5
ORD-20261003-3005,03/10/2026 20:35,Parth,Solanki,"Ahmedabad, Gujarat",Fashion|Running Shoes|2199,
ORD-20261003-2744,2026-10-03 13:41:29,ananya,Pillai,"Delhi, Delhi",Fashion|Running Shoes|2199,4
ORD-20261003-3305,03/10/2026 17:55,Rohan,Iyer,"Chennai, Tamil Nadu",Sports|Skipping Rope|199,1
ORD-20261003-1476,03/10/2026 20:18,  Pranav ,MENON,"Jaipur, Rajasthan",Home And Kitchen|Non Stick Pan|1099,2
ORD-20261003-3953,03/10/2026 12:27,Aryan,Mukherjee,"Mumbai, Maharashtra",Electronics|Smart Watch|2499,1
ORD-20261003-0476,03/10/2026 10:15,Ishaan,  Verma ,"Delhi, Delhi",Electronics|Laptop Stand|749,-3
ORD-20261003-3698,2026-10-03 21:05:44,  Om ,menon,"vadodara, gujarat",Home And Kitchen|Bedsheet Set|1499,1
ORD-20261003-0985,03/10/2026 23:03,Riya,chaudhary,"Mumbai, Maharashtra",Beauty|Perfume|1299,2.0
ORD-20261003-1771,03/10/2026 14:48,komal,Rao,"kolkata, west bengal",Fashion|Running Shoes|2199,one
ORD-20261003-2563,03-10-2026 15:56,Aanya,dubey,,Home And Kitchen|Storage Box|299,1
ORD-20261003-3915,03/10/2026 11:50,aditya,Srivastava,"Ahmedabad, Gujarat",Electronics|Laptop Stand|749,1
ORD-20261003-2033,03-10-2026 09:44,  Parth ,Arora,"Jaipur, Rajasthan",Sports|Cricket Bat|1599,3
ORD-20261003-2614,03/10/2026 20:20,Amit,Mukherjee,"Chennai, Tamil Nadu",Sports|Cricket Bat|1599,2
ORD-20261003-0083,03-10-2026 16:01,hetal,,"BENGALURU, KARNATAKA",Sports|Cricket Bat|1599,2
ORD-20261003-1295,2026-10-03 23:42:03,Aarav,Bhatt,"Hyderabad, Telangana",Home And Kitchen|Non Stick Pan|1099,6
ORD-20261003-3926,2026-10-03 03:57:31,Vikas,Trivedi,"Pune, Maharashtra",Electronics|Laptop Stand|749,1.0
ORD-20261003-4741,2026-10-03 10:36:16,Krishna,Bose,"mumbai, maharashtra",Home And Kitchen|Non Stick Pan|1099,4
ORD-20261003-1960,03-10-2026 11:50,Neel,Solanki,"Ahmedabad, Gujarat",Home And Kitchen|Bedsheet Set|1499,2
ORD-20261003-3032,03/10/2026 12:20,vivaan,  Kalavadia ,"Coimbatore, Tamil Nadu",Home And Kitchen|Storage Box|299,3
ORD-20261003-1174,03/10/2026 07:27,Advik,  Trivedi ,"Hyderabad, Telangana",Fashion|Cotton Kurta|799,2.0
ORD-20261003-3431,03/10/2026 18:53,kriti,Malhotra,"HYDERABAD, TELANGANA",Electronics|Wireless Earbuds|1299,1
ORD-20261003-2141,03/10/2026 09:27,MYRA,Vyas,"Bengaluru, Karnataka",Sports|Skipping Rope|199,4.0
ORD-20261003-3417,2026-10-03 20:56:52,Rajesh,Bose,"Surat, Gujarat",Sports|Skipping Rope|199,1
ORD-20261003-1665,03/10/2026 17:09,KARAN,Kumar,"Pune, Maharashtra",Electronics|Laptop Stand|749,2
ORD-20261003-4472,2026-10-03 12:25:42,Diya,Nair,"Mysuru, Karnataka",Home And Kitchen|Storage Box|299,2
ORD-20261003-2565,03/10/2026 01:04,DIVYA,Patil,"Mumbai, Maharashtra",Fashion|Cotton Kurta|799,1
ORD-20261003-1745,2026-10-03 19:03:34,parth,  Patel ,"Surat, Gujarat",Fashion|Leather Wallet|499,3
ORD-20261003-3979,2026-10-03 20:35:55,PRIYA,  Srivastava ,"Chennai, Tamil Nadu",Sports|Football|799,2
ORD-20261003-1979,03/10/2026 17:03,Karan,Reddy,,Electronics|Smart Watch|2499,1.0
ORD-20261003-1048,2026-10-03 14:47:08,  Sai ,Sinha,"CHENNAI, TAMIL NADU",Fashion|Sunglasses|999,2
ORD-20261003-2313,2026-10-03 12:27:23,saanvi,Kumar,"Hyderabad, Telangana",Electronics|Bluetooth Speaker|1799,1
ORD-20261003-0942,,roshni,Modi,"ahmedabad, gujarat",Sports|Cricket Bat|1599,2
ORD-20261003-2774,2026-10-03 12:18:17,  Shreya ,  Trivedi ,"  Jaipur, Rajasthan ",Sports|Yoga Mat|699,5
ORD-20261003-2468,03/10/2026 16:50,Manish,Sharma,"Vadodara, Gujarat",Fashion|Leather Wallet|499,1
ORD-20261003-4660,2026-10-03 19:17:15,  Roshni ,  Chauhan ,"Chennai, Tamil Nadu",Electronics|Power Bank|899,2
ORD-20261003-3702,03/10/2026 10:53,  Simran ,Mukherjee,"pune, maharashtra",Fashion|Running Shoes|2199,1
ORD-20261003-1116,03/10/2026 22:11,Nisha,Chopra,"Mysuru, Karnataka",Home And Kitchen|Storage Box|299,1
ORD-20261003-0158,2026-10-03 21:16:03,,Patel,"delhi, delhi",Fashion|Denim Jeans|1199,6
ORD-20261003-3095,2026-10-03 17:53:51,Karan,jain,"BENGALURU, KARNATAKA",Fashion|Cotton Kurta|799,1
ORD-20261003-2256,2026-10-03 12:23:15,tushar,KUMAR,"Mumbai, Maharashtra",Home And Kitchen|Bedsheet Set|1499,2
ORD-20261003-0931,03/10/2026 12:07,RAJESH,Dubey,"ahmedabad, gujarat",Sports|Skipping Rope|199,1
ORD-20261003-3737,2026-10-03 11:00:02,Krishna,Khanna,"Delhi, Delhi",Home And Kitchen|Steel Water Bottle|399,2
ORD-20261003-0926,03/10/2026 16:24,Pooja,Ghosh,"Surat, Gujarat",Fashion|Cotton Kurta|799,2
ORD-20261003-4424,03/10/2026 14:40,rohan,  Das ,"Bengaluru, Karnataka",Electronics|Smart Watch|2499,1
ORD-20261003-3403,2026-10-03 18:20:59,hetal,modi,"Mysuru, Karnataka",Sports|Cricket Bat|1599,2
ORD-20261003-4072,2026-10-03 11:04:36,varun,  Kapoor ,"bengaluru, karnataka",Home And Kitchen|Storage Box|299,2
ORD-20261003-2028,2026-10-03 13:29:21,krishna,Chauhan,"CHENNAI, TAMIL NADU",Electronics|Bluetooth Speaker|1799,2
ORD-20261003-4058,03/10/2026 11:03,saanvi,Menon,"Lucknow, Uttar Pradesh",Beauty|Perfume|1299,5
ORD-20261003-0069,2026-10-03 08:53:14,Vikas,khanna,"bengaluru, karnataka",Electronics|Smart Watch|2499,2
ORD-20261003-1162,03-10-2026 16:23,Yash,pawar,"Chennai, Tamil Nadu",Sports|Cricket Bat|1599,4
ORD-20261003-3542,2026-10-03 14:14:16,Isha,Kapoor,"CHENNAI, TAMIL NADU",Electronics|Bluetooth Speaker|1799, 1 
ORD-20261003-1101,03/10/2026 09:23,Pranav,Sharma,"  Hyderabad, Telangana ",Sports|Football|799,1
ORD-20261003-4147,03/10/2026 07:48,Aditi,Das,"Hyderabad, Telangana",Sports|Skipping Rope|199,1
ORD-20261003-2045,03/10/2026 18:18,Aarav,BHATT,"Hyderabad, Telangana",Fashion|Cotton Kurta|799,3
ORD-20261003-3043,2026-10-03 09:56:58,Anjali,Bansal,"jaipur, rajasthan",Fashion|Leather Wallet|499,1
ORD-20261003-2692,2026-10-03 14:30:36,Krishna,NAIR,"  Hyderabad, Telangana ",Sports|Yoga Mat|699,5
ORD-20261003-3970,03/10/2026 10:04,Sara,kumar,"Kolkata, West Bengal",Sports|Yoga Mat|699,1.0
ORD-20261003-1120,03/10/2026 13:20,Harsh,  Sinha ,"JAIPUR, RAJASTHAN",Fashion|Sunglasses|999,2
ORD-20261003-2999,2026-10-03 22:42:12,Priya,Jain,"Bengaluru, Karnataka",Fashion|Denim Jeans|1199,2
ORD-20261003-1572,03/10/2026 13:08,Suresh,patel,"jaipur, rajasthan",Sports|Football|799,2
ORD-20261003-1933,03/10/2026 20:42,Sara,Reddy,"  Mumbai, Maharashtra ",Home And Kitchen|Bedsheet Set|1499,1
ORD-20261003-3024,03/10/2026 06:35,JAY,Pawar,"Chennai, Tamil Nadu",Fashion|Sunglasses|999, 1 
ORD-20261003-0117,03/10/2026 17:41,Kabir,Solanki,"coimbatore, tamil nadu",Fashion|Leather Wallet|499,3
ORD-20261003-0738,2026-10-03 19:26:12,sara,Pandya,"COIMBATORE, TAMIL NADU",Electronics|Wireless Earbuds|1299,1
ORD-20261003-4700,2026-10-03 17:50:04,Dhwani,Joshi,"Nagpur, Maharashtra",Fashion|Sunglasses|999,3
ORD-20261003-0413,03/10/2026 13:51,  Janvi ,  Gupta ,"Lucknow, Uttar Pradesh",Fashion|Denim Jeans|1199,4
ORD-20261003-1892,2026-10-03 13:26:57,Jay,thakkar,"mumbai, maharashtra",Beauty|Hair Serum|549,3
ORD-20261003-0094,03/10/2026 12:29,Megha,Tiwari,"Delhi, Delhi",Fashion|Leather Wallet|499,2
ORD-20261003-1597,03/10/2026 19:21,BHAVNA,Iyer,"Delhi, Delhi",Home And Kitchen|Storage Box|299,1
ORD-20261003-2882,03-10-2026 14:05,Om,Kumar,"CHENNAI, TAMIL NADU",Electronics|Laptop Stand|749,1
ORD-20261003-0141,03/10/2026 13:05,Deepak,Tiwari,"Nagpur, Maharashtra",Beauty|Perfume|1299,3.0
ORD-20261003-4226,03-10-2026 13:00,KRITI,SRIVASTAVA,"hyderabad, telangana",Fashion|Sunglasses|999,2
ORD-20261003-0102,2026-10-03 13:47:57,Atharv,Modi,"Kolkata, West Bengal",Sports|Football|799,1
ORD-20261003-3977,2026-10-03 04:54:48,jay,pawar,"  Kolkata, West Bengal ",Home And Kitchen|Steel Water Bottle|399,1
ORD-20261003-2354,03/10/2026 11:24,Kabir,KULKARNI,"Vadodara, Gujarat",Home And Kitchen|Non Stick Pan|1099,1
ORD-20261003-2446,03-10-2026 14:35,Neel,PANDYA,"Bengaluru, Karnataka",Fashion|Running Shoes|2199,2
ORD-20261003-2675,03/10/2026 20:23,NIKHIL,Rao,"surat, gujarat",Electronics|Wireless Earbuds|1299,1
ORD-20261003-3101,03/10/2026 22:20,  Janvi ,Solanki,"PUNE, MAHARASHTRA",Home And Kitchen|Wall Clock|649,1
ORD-20261003-4209,2026-10-03 01:32:59,Ishaan,Yadav,"pune, maharashtra",Beauty|Lipstick|399,2
ORD-20261003-3048,03/10/2026 11:04,VIKAS,Pawar,"Nagpur, Maharashtra",Fashion|Leather Wallet|499,1
ORD-20261003-0042,03/10/2026 19:30,,Desai,"NAGPUR, MAHARASHTRA",Fashion|Running Shoes|2199,3
ORD-20261003-1420,03/10/2026 14:57,Komal,KALAVADIA,"Delhi, Delhi",Electronics|Laptop Stand|749,2
ORD-20261003-2761,03/10/2026 22:35,Nikhil,Patel,"  Delhi, Delhi ",Fashion|Cotton Kurta|799,1
ORD-20261003-3141,2026-10-03 12:19:40,Deepak,solanki,"MUMBAI, MAHARASHTRA",Fashion|Leather Wallet|499,1
ORD-20261003-3793,2026-10-03 19:11:15,Vikas,singh,"Vadodara, Gujarat",Sports|Football|799, 1 
ORD-20261003-2700,2026-10-03 21:46:18,Advik,Kulkarni,"Chennai, Tamil Nadu",Electronics|Power Bank|899,1
ORD-20261003-4400,03/10/2026 20:41,Swati,  Modi ,"Bengaluru, Karnataka",Electronics|Smart Watch|2499,1
ORD-20261003-4646,03/10/2026 15:36,SARA,Patel,"Bengaluru, Karnataka",Home And Kitchen|Wall Clock|649,3
ORD-20261003-0173,2026-10-03 11:41:48,Nidhi,Kulkarni,"Pune, Maharashtra",Fashion|Denim Jeans|1199, 1 
ORD-20261003-4107,2026-10-03 15:28:41,Aadhya,Vyas,"Mysuru, Karnataka",Sports|Yoga Mat|699,3
ORD-20261003-1322,03/10/2026 19:17,Priya,SRIVASTAVA,"Chennai, Tamil Nadu",Sports|Skipping Rope|199,1
ORD-20261003-4481,03/10/2026 11:01,sara,pillai,"Kolkata, West Bengal",Fashion|Cotton Kurta|799,5
ORD-20261003-2125,03/10/2026 11:49,Aarav,PANDYA,"AHMEDABAD, GUJARAT",Home And Kitchen|Storage Box|299,1
ORD-20261003-1830,03/10/2026 17:59,aadhya,Kulkarni,"Mumbai, Maharashtra",Electronics|Smart Watch|2499,1
ORD-20261003-1480,03-10-2026 21:45,manish,Kumar,"Nagpur, Maharashtra",Home And Kitchen|Steel Water Bottle|399,2
ORD-20261003-4020,03/10/2026 16:26,Divya,Tiwari,"Jaipur, Rajasthan",Home And Kitchen|Non Stick Pan|1099,3.0
ORD-20261003-1724,2026-10-03 14:04:40,RITU,Mehta,"kolkata, west bengal",Fashion|Cotton Kurta|799,1
ORD-20261003-0746,03/10/2026 23:12,  Rajesh ,Bose,"surat, gujarat",Home And Kitchen|Steel Water Bottle|399,2
ORD-20261003-1061,03/10/2026 08:32,Ayaan,Kumar,"Lucknow, Uttar Pradesh",Fashion|Cotton Kurta|799,1
ORD-20261003-3799,03/10/2026 17:25,Swati,MALHOTRA,"mumbai, maharashtra",Sports|Cricket Bat|1599,3
ORD-20261003-3243,03/10/2026 04:12,parth,menon,"  Pune, Maharashtra ",Electronics|Power Bank|899,3
ORD-20261003-2287,03/10/2026 20:14,  Rudra ,Pawar,"Delhi, Delhi",Home And Kitchen|Wall Clock|649,5
ORD-20261003-0648,03-10-2026 18:49,Om,trivedi,"Surat, Gujarat",Beauty|Face Wash|249,1
ORD-20261003-4128,03/10/2026 07:53,Manish,Nair,"Hyderabad, Telangana",Beauty|Face Wash|249,2
ORD-20261003-0264,2026-10-03 12:07:47,  Amit ,Pandya,"HYDERABAD, TELANGANA",Sports|Cricket Bat|1599,2
ORD-20261003-4354,03-10-2026 19:33,PRANAV,Desai,"Ahmedabad, Gujarat",Fashion|Leather Wallet|499,2
ORD-20261003-2209,03-10-2026 06:39,kavya,Ghosh,"coimbatore, tamil nadu",Fashion|Running Shoes|2199,2
ORD-20261003-3293,03/10/2026 21:16,Saanvi,Chaudhary,"Bengaluru, Karnataka",Sports|Skipping Rope|199,3
ORD-20261003-2897,2026-10-03 06:26:44,Rahul,iyer,"Delhi, Delhi",Fashion|Running Shoes|2199,1
ORD-20261003-3067,03-10-2026 10:25,Anjali,RATHOD,,Fashion|Leather Wallet|499,2
ORD-20261003-3585,03/10/2026 18:06,sara,gupta,"JAIPUR, RAJASTHAN",Fashion|Running Shoes|2199,2
ORD-20261003-1824,2026-10-03 16:16:48,myra,Pawar,"Ahmedabad, Gujarat",Fashion|Leather Wallet|499,1
ORD-20261003-4175,03/10/2026 20:22,Rohan,malhotra,N/A,Home And Kitchen|Bedsheet Set|1499,five
ORD-20261003-0645,03/10/2026 21:37,Payal,Kalavadia,"Pune, Maharashtra",Fashion|Denim Jeans|1199,3
ORD-20261003-2891,03-10-2026 12:52,Ayaan,Jain,"Delhi, Delhi",Electronics|Smart Watch|2499,3
ORD-20261003-2873,2026-10-03 21:17:33,Komal,Reddy,"Delhi, Delhi",Sports|Dumbbell Set|1899,1
ORD-20261003-2248,03/10/2026 15:28,simran,Thakkar,"Kolkata, West Bengal",Electronics|Wireless Earbuds|1299,1
ORD-20261003-0403,03/10/2026 21:23,  Shaurya ,dubey,"Chennai, Tamil Nadu",Home And Kitchen|Storage Box|299,5
ORD-20261003-2261,2026-10-03 20:24:52,,Parmar,"Bengaluru, Karnataka",Fashion|Sunglasses|999,1
ORD-20261003-4287,03/10/2026 22:58,Bhavna,Chauhan,"hyderabad, telangana",Beauty|Sunscreen|449,1
ORD-20261003-0436,03/10/2026 12:18,Sara,chopra,"DELHI, DELHI",Fashion|Leather Wallet|499,1
ORD-20261003-2865,03/10/2026 18:06,anika,Kalavadia,"Bengaluru, Karnataka",Beauty|Lipstick|399,1
ORD-20261003-4015,03/10/2026 22:06,Priya,Chopra,"pune, maharashtra",Electronics|Bluetooth Speaker|1799,1
ORD-20261003-3493,2026-10-03 21:00:45,Atharv,Jain,"Pune, Maharashtra",Fashion|Cotton Kurta|799,4
ORD-20261003-1582,03/10/2026 08:01,SHAURYA,Singh,"Mumbai, Maharashtra",Electronics|Laptop Stand|749,1
ORD-20261003-2124,03/10/2026 21:53,Divya,  Sinha ,"Jaipur, Rajasthan",Home And Kitchen|Non Stick Pan|1099,4
ORD-20261003-3567,03/10/2026 19:08,Vihaan,Jain,"Mumbai, Maharashtra",Fashion|Sunglasses|999,1
ORD-20261003-1284,2026-10-03 10:55:39,Saanvi,Kumar,"hyderabad, telangana",Sports|Yoga Mat|699,5
ORD-20261003-3190,03/10/2026 21:16,Saanvi,Menon,"Lucknow, Uttar Pradesh",Fashion|Cotton Kurta|799,2
ORD-20261003-2818,03/10/2026 23:53,hetal,Srivastava,"Delhi, Delhi",Electronics|Wireless Earbuds|1299,1
ORD-20261003-1441,03-10-2026 12:03,Shaurya,Nair,"jaipur, rajasthan",Electronics|Power Bank|899,1
ORD-20261003-3835,,Aryan,Solanki,"Delhi, Delhi",Beauty|Lipstick|399,3
ORD-20261003-4243,2026-10-03 13:25:31,Mansi,Ghosh,"Surat, Gujarat",Electronics|Wireless Earbuds|1299,5
ORD-20261003-3711,03/10/2026 12:01,rajesh,Kumar,"HYDERABAD, TELANGANA",Sports|Dumbbell Set|1899,5
ORD-20261003-3478,03/10/2026 23:31,simran,THAKKAR,"Pune, Maharashtra",Home And Kitchen|Non Stick Pan|1099,2
ORD-20261003-2664,03/10/2026 19:06,Manish,Chaudhary,"bengaluru, karnataka",Fashion|Running Shoes|2199,2
ORD-20261003-1664,03/10/2026 12:19,vihaan,Vyas,"coimbatore, tamil nadu",Beauty|Hair Serum|549,1
ORD-20261003-1669,2026-10-03 21:14:46,DHWANI,  Reddy ,"Pune, Maharashtra",Electronics|Bluetooth Speaker|1799,3
ORD-20261003-1667,03-10-2026 10:52,Isha,singh,"delhi, delhi",Electronics|Power Bank|899,1
ORD-20261003-1606,2026-10-03 14:16:19,Advik,Kulkarni,"  Mysuru, Karnataka ",Electronics|Laptop Stand|749,1
ORD-20261003-3212,03/10/2026 22:30,  Kriti ,Bansal,"Mumbai, Maharashtra",Beauty|Face Wash|249,1
ORD-20261003-4820,2026-10-03 19:24:16,Kunal,Ghosh,"Bengaluru, Karnataka",Fashion|Running Shoes|2199,1
ORD-20261003-4258,03/10/2026 18:26,Riya,Menon,"chennai, tamil nadu",Beauty|Face Wash|249,1
ORD-20261003-3056,03-10-2026 06:09,Myra,srivastava,"HYDERABAD, TELANGANA",Home And Kitchen|Steel Water Bottle|399,1
ORD-20261003-4841,03-10-2026 19:01,Navya,pandya,"Chennai, Tamil Nadu",Fashion|Cotton Kurta|799,1
ORD-20261003-0535,03-10-2026 10:24,Vihaan,Patel,"Jaipur, Rajasthan",Home And Kitchen|Steel Water Bottle|399,4
ORD-20261003-2356,03/10/2026 17:01,manish,Nair,"Hyderabad, Telangana",Electronics|Wireless Earbuds|1299,1
ORD-20261003-0656,03/10/2026 13:51,PARTH,Agarwal,"vadodara, gujarat",Fashion|Sunglasses|999,4
ORD-20261003-1021,03/10/2026 22:04,Simran,BANSAL,"hyderabad, telangana",Fashion|Cotton Kurta|799,3
ORD-20261003-0619,2026-10-03 14:48:54,Vivaan,Desai,"ahmedabad, gujarat",Sports|Dumbbell Set|1899,1
ORD-20261003-1248,03/10/2026 09:57,Khushi,  Bansal ,"Hyderabad, Telangana",Electronics|Wireless Earbuds|1299,1
ORD-20261003-3530,2026-10-03 09:34:04,Pooja,srivastava,"  Surat, Gujarat ",Electronics|Smart Watch|2499, 3 
ORD-20261003-2452,03-10-2026 03:59,Amit,gupta,"Nagpur, Maharashtra",Beauty|Sunscreen|449,1
ORD-20261003-3941,03/10/2026 19:37,Ishaan,mukherjee,"Surat, Gujarat",Home And Kitchen|Wall Clock|649,2
ORD-20261003-4078,03/10/2026 16:02,Roshni,Singh,"lucknow, uttar pradesh",Home And Kitchen|Wall Clock|649, 1 
ORD-20261003-1296,03/10/2026 06:15,YASH,REDDY,"Vadodara, Gujarat",Fashion|Denim Jeans|1199,5
ORD-20261003-3116,2026-10-03 18:49:11,Payal,Sharma,"  Kolkata, West Bengal ",Fashion|Cotton Kurta|799,1
ORD-20261003-1387,03/10/2026 16:43,Mansi,Bose,"Ahmedabad, Gujarat",Home And Kitchen|Storage Box|299,1.0
ORD-20261003-3951,03-10-2026 11:54,Dhruv,Rao,"DELHI, DELHI",Electronics|Wireless Earbuds|1299,1
ORD-20261003-4092,03/10/2026 17:49,null,  Bansal ,"HYDERABAD, TELANGANA",Sports|Skipping Rope|199,1
ORD-20261003-4763,2026-10-03 13:05:44,aditya,Sharma,"Lucknow, Uttar Pradesh",Fashion|Cotton Kurta|799,2
ORD-20261003-4312,2026-10-03 15:11:22,gaurav,Singh,"  Mysuru, Karnataka ",Home And Kitchen|Storage Box|299, 2 
ORD-20261003-4231,03/10/2026 19:11,  Ishaan ,Mishra,"hyderabad, telangana",,2
ORD-20261003-4505,2026-10-03 22:25:26,  Palak ,Mishra,"mumbai, maharashtra",Sports|Yoga Mat|699,4
ORD-20261003-2850,03/10/2026 15:46,  Aryan ,Mukherjee,"Mumbai, Maharashtra",Sports|Yoga Mat|699,4.0
ORD-20261003-3988,2026-10-03 21:45:49,Kriti,  Bhatt ,"  Hyderabad, Telangana ",Beauty|Hair Serum|549,1
ORD-20261003-2809,03/10/2026 21:58,Aanya,Parmar,"Ahmedabad, Gujarat",Beauty|Lipstick|399,2
ORD-20261003-2086,03/10/2026 08:00,  Divya ,  Das ,"Surat, Gujarat",Fashion|Denim Jeans|1199,1
ORD-20261003-1223,03/10/2026 16:50,Simran,Chaudhary,"  Mumbai, Maharashtra ",Electronics|Bluetooth Speaker|1799,three
ORD-20261003-0611,03/10/2026 16:03,rajesh,Mishra,"bengaluru, karnataka",Beauty|Lipstick|399,1
ORD-20261003-2679,2026-10-03 22:29:45,Manish,tiwari,"Mumbai, Maharashtra",Fashion|Sunglasses|999,1
ORD-20261003-4042,03/10/2026 12:26,Yash,reddy,"Delhi, Delhi",Fashion|Leather Wallet|499,2
ORD-20261003-2544,2026-10-03 10:01:14,Aryan,KULKARNI,"Kolkata, West Bengal",Home And Kitchen|Storage Box|299,1
ORD-20261003-4711,03/10/2026 17:52,Krupa,Sharma,"Vadodara, Gujarat",Fashion|Denim Jeans|1199,2
ORD-20261003-4303,03/10/2026 20:13,Karan,Iyer,"Surat, Gujarat",Home And Kitchen|Steel Water Bottle|399,3
ORD-20261003-2035,03-10-2026 20:35,Shreya,Rao,"  Nagpur, Maharashtra ",Fashion|Sunglasses|999,3
ORD-20261003-3808,2026-10-03 12:32:19,DHWANI,shah,"bengaluru, karnataka",Electronics|Bluetooth Speaker|1799,3
ORD-20261003-1819,03/10/2026 15:02,Kunal,Kumar,"DELHI, DELHI",Fashion|Cotton Kurta|799,1
ORD-20261003-1891,2026-10-03 23:39:43,JANVI,Pandya,"Mysuru, Karnataka",Beauty|Lipstick|399,5
ORD-20261003-3986,03-10-2026 13:08,Aryan,Pillai,"Mumbai, Maharashtra",Beauty|Hair Serum|549,1
ORD-20261003-3236,03/10/2026 21:53,Aryan,Vyas,"Mumbai, Maharashtra",Sports|Cricket Bat|1599,1
ORD-20261003-1902,03-10-2026 13:05,Saanvi,Sharma,"Mumbai, Maharashtra",Fashion|Cotton Kurta|799,2
ORD-20261003-1528,03-10-2026 12:17,Kabir,  Yadav ,"Pune, Maharashtra",Electronics|Smart Watch|2499,1
ORD-20261003-0244,30/02/2026 13:27,Atharv,shah,"Surat, Gujarat",Sports|Football|799,1
ORD-20261003-1859,2026-10-03 05:45:49,varun,Mukherjee,"Surat, Gujarat",Home And Kitchen|Bedsheet Set|1499,0
ORD-20261003-4274,03/10/2025 11:30,Rudra,pawar,"Delhi, Delhi",Fashion|Cotton Kurta|799,1
ORD-20261003-2270,03/10/2026 18:54,ATHARV,Rathod,"Nagpur, Maharashtra",Electronics|Smart Watch|2499,6
ORD-20261003-0833,2026-10-03 23:46:40,  Rajesh ,ghosh,"BENGALURU, KARNATAKA",Home And Kitchen|Non Stick Pan|1099,2
ORD-20261003-1276,03/10/2026 16:42,tanvi,Mehta,"MYSURU, KARNATAKA",Home And Kitchen|Bedsheet Set|1499,2
ORD-20261003-3678,2026-10-03 11:50:12,Deepak,DAS,"Surat, Gujarat",Electronics|Bluetooth Speaker|1799,2
ORD-20261003-3464,03/10/2026 18:57,Pranav,Agarwal,"Bengaluru, Karnataka",Beauty|Face Wash|249, 5 
ORD-20261003-2456,03/10/2026 14:59,POOJA,Trivedi,"mumbai, maharashtra",Fashion|Running Shoes|2199,1
ORD-20261003-4822,03/10/2026 16:47,  Reyansh ,Chauhan,"Chennai, Tamil Nadu",Home And Kitchen|Wall Clock|649,2
ORD-20261003-1187,03-10-2026 09:13,Neha,Pillai,"Ahmedabad, Gujarat",Fashion|Running Shoes|2199,1
ORD-20261003-3147,03/10/2026 18:17,roshni,Bhatt,"Chennai, Tamil Nadu",,2
ORD-20261003-1974,03/10/2026 19:30,navya,Desai,"  Mumbai, Maharashtra ",Fashion|Leather Wallet|499, 1 
ORD-20261003-4585,03/10/2026 02:34,pooja,Sinha,"KOLKATA, WEST BENGAL",Beauty|Sunscreen|449,1
ORD-20261003-4146,03/10/2026 10:31,SAANVI,saxena,"Ahmedabad, Gujarat",Home And Kitchen|Storage Box|299,5
ORD-20261003-0757,2026-10-03 12:14:24,Aarav,Pillai,"DELHI, DELHI",Home And Kitchen|Wall Clock|649,2
ORD-20261003-0639,03/10/2026 20:43,Aditya,Mukherjee,"Bengaluru, Karnataka",Fashion|Leather Wallet|499,4.0
ORD-20261003-4143,2026-10-03 16:50:56,null,Patel,"Hyderabad, Telangana",Beauty|Face Wash|249,1.0
ORD-20261003-2697,2026-10-03 02:08:20,VIVAAN,YADAV,"Mumbai, Maharashtra",Home And Kitchen|Wall Clock|649,3
ORD-20261003-1371,03/10/2026 11:56,Ananya,Chopra,"  Mysuru, Karnataka ",Beauty|Face Wash|249,1
ORD-20261003-0541,2026-10-03 13:39:05,aditi,Patil,"delhi, delhi",Electronics|Smart Watch|2499,3
ORD-20261003-2622,03/10/2026 23:22,Diya,Mehta,"Bengaluru, Karnataka",Beauty|Face Wash|249,1
ORD-20261003-2293,03/10/2026 11:48,roshni,  Srivastava ,"Mysuru, Karnataka",Electronics|Wireless Earbuds|1299,2
ORD-20261003-2708,2026-10-03 12:44:37,Nikhil,Khanna,"Ahmedabad, Gujarat",Electronics|Bluetooth Speaker|1799,1
ORD-20261003-3333,03/10/2026 17:49,AARAV,Kapoor,"kolkata, west bengal",Beauty|Face Wash|249, 3 
ORD-20261003-2686,2026-10-03 10:17:23,Deepak,Nair,"Hyderabad, Telangana",Beauty|Sunscreen|449,1
ORD-20261003-2990,2026-10-03 18:02:56,Gaurav,chauhan,"kolkata, west bengal",Fashion|Running Shoes|2199,2
ORD-20261003-0354,2026-10-03 09:26:12,Neha,Vyas,"Vadodara, Gujarat",Home And Kitchen|Storage Box|299,1
ORD-20261003-3939,03/10/2026 18:11,tanvi,sharma,"bengaluru, karnataka",Home And Kitchen|Wall Clock|649,6
ORD-20261003-0145,2026-10-03 12:18:06,Navya,Pillai,"Lucknow, Uttar Pradesh",Fashion|Denim Jeans|1199,2
ORD-20261003-3631,03-10-2026 19:09,Ishaan,solanki,N/A,Electronics|Power Bank|899,2
ORD-20261003-1575,2026-10-03 10:19:46,Gaurav,Chauhan,"Kolkata, West Bengal",Beauty|Hair Serum|549,1
ORD-20261003-2861,2026-10-03 21:13:50,ananya,  Bhatt ,"Hyderabad, Telangana",Home And Kitchen|Non Stick Pan|1099,1
ORD-20261003-2286,03/10/2026 10:22,Kavya,BHATT,"Hyderabad, Telangana",Electronics|Smart Watch|2499,4
ORD-20261003-0336,03/10/2026 21:02,Nisha,Chauhan,"Pune, Maharashtra",Fashion|Cotton Kurta|799,2.0
ORD-20261003-2611,03/10/2026 14:27,Aarav,Modi,"Bengaluru, Karnataka",Fashion|Leather Wallet|499,1
ORD-20261003-4616,2026-10-03 09:25:06,ananya,RAO,"Kolkata, West Bengal",Home And Kitchen|Wall Clock|649,3
,2026-10-03 10:31:45,,Patil,"pune, maharashtra",Fashion|Running Shoes|2199,1
ORD-20261003-3720,2026-10-03 13:41:39,Shaurya,Parmar,"kolkata, west bengal",Fashion|Denim Jeans|1199,5
ORD-20261003-0301,03/10/2026 07:12,pranav,das,"Bengaluru, Karnataka",Home And Kitchen|Wall Clock|649,1
ORD-20261003-0561,03/10/2026 20:46,,Thakkar,"Pune, Maharashtra",Electronics|Bluetooth Speaker|1799,1
ORD-20261003-3458,03/10/2026 23:29,riya,Agarwal,"DELHI, DELHI",Fashion|Cotton Kurta|799,1
ORD-20261003-1208,03/10/2026 19:13,Manish,Dubey,"Mumbai, Maharashtra",Beauty|Perfume|1299,1
ORD-20261003-3687,03/10/2026 16:56,shreya,Solanki,"jaipur, rajasthan",Fashion|Leather Wallet|499,1
ORD-20261003-0577,03-10-2026 21:35,Sara,THAKKAR,"  Mumbai, Maharashtra ",Electronics|Smart Watch|2499,1
ORD-20261003-0182,03-10-2026 20:40,Jay,Kulkarni,"hyderabad, telangana",Home And Kitchen|Non Stick Pan|1099,0
ORD-20261003-2203,2026-10-03 10:06:30,Krupa,KAPOOR,"Mumbai, Maharashtra",Electronics|Smart Watch|2499,1
ORD-20261003-2173,03/10/2026 20:00,Khushi,Mukherjee,"hyderabad, telangana",Sports|Cricket Bat|1599,1
ORD-20261003-0488,2026-10-03 11:13:05,Yash,Kapoor,"Mumbai, Maharashtra",Fashion|Denim Jeans|1199,2
ORD-20261003-4336,03/10/2026 23:14,Pooja,shah,"  Kolkata, West Bengal ",Sports|Skipping Rope|199,1
ORD-20261003-2586,2026-10-03 19:05:03,Gaurav,Iyer,"Mumbai, Maharashtra",Electronics|Power Bank|899,1.0
ORD-20261003-2689,03-10-2026 21:40,Jay,Tiwari,"Pune, Maharashtra",Fashion|Denim Jeans|1199,1
ORD-20261003-0392,2026-10-03 13:53:58,Karan,Bose,"  Bengaluru, Karnataka ",Sports|Yoga Mat|699,1
ORD-20261003-4791,2026-10-03 05:46:51,Riya,Verma,"mumbai, maharashtra",Electronics|Bluetooth Speaker|1799,3
ORD-20261003-3878,03/10/2026 21:15,kabir,joshi,"Mysuru, Karnataka",Electronics|Smart Watch|2499,0
ORD-20261003-0113,2026-10-03 12:59:33,arjun,reddy,"Mysuru, Karnataka",Electronics|Laptop Stand|749,2
ORD-20261003-1682,03/10/2026 14:45,  Sara ,PAWAR,"Hyderabad, Telangana",Electronics|Laptop Stand|749,1
ORD-20261003-4310,2026-10-03 18:08:31,Komal,Kulkarni,"vadodara, gujarat",Fashion|Leather Wallet|499,2
ORD-20261003-0844,2026-10-03 21:43:08,Rahul,Dubey,"Jaipur, Rajasthan",Home And Kitchen|Non Stick Pan|1099,1
ORD-20261003-2966,2026-10-03 13:14:32,  Dev ,MUKHERJEE,"hyderabad, telangana",Fashion|Leather Wallet|499,1
ORD-20261003-3009,03/10/2026 17:00,Mansi,Mishra,"Delhi, Delhi",Fashion|Denim Jeans|1199,two
ORD-20261003-1087,2026-10-03 15:26:05,Hetal,SRIVASTAVA,"Delhi, Delhi",Sports|Yoga Mat|699,2
ORD-20261003-2420,03-10-2026 18:59,Krupa,Sharma,"Vadodara, Gujarat",Fashion|Sunglasses|999,1
ORD-20261003-3473,2026-10-03 13:23:29,Aanya,Patil,"Lucknow, Uttar Pradesh",Electronics|Wireless Earbuds|1299,1
ORD-20261003-1453,03/10/2026 19:46,  Jay ,Pillai,"Bengaluru, Karnataka",Fashion|Cotton Kurta|799,2
ORD-20261003-0712,2026-10-03 09:07:27,Kabir,Patil,"Jaipur, Rajasthan",Home And Kitchen|Bedsheet Set|1499,5
ORD-20261003-3299,2026-10-03 19:36:48,Gaurav,Pillai,"Surat, Gujarat",Home And Kitchen|Steel Water Bottle|399,6
ORD-20261003-1590,03/10/2026 18:15,rudra,  Vyas ,"Mumbai, Maharashtra",Beauty|Sunscreen|449,1
ORD-20261003-1553,03/10/2026 19:47,Hetal,Solanki,"jaipur, rajasthan",Fashion|Cotton Kurta|799,2
ORD-20261003-0583,03/10/2026 20:28,pari,Patil,"Mumbai, Maharashtra",Home And Kitchen|Non Stick Pan|1099,1
ORD-20261003-4233,2026-10-03 17:37:28,Vikas,Thakkar,"MUMBAI, MAHARASHTRA",Home And Kitchen|Non Stick Pan|1099,3
ORD-20261003-2109,2026-10-03 12:03:08,Isha,Pawar,"Jaipur, Rajasthan",Sports|Skipping Rope|199,-2
ORD-20261003-3638,03/10/2026 15:05,Shreya,dubey,"Ahmedabad, Gujarat",Electronics|Bluetooth Speaker|1799,3
ORD-20261003-3597,2026-10-03 22:20:43,Navya,  Desai ,"Delhi, Delhi",Sports|Yoga Mat|699,1
ORD-20261003-2838,03/10/2026 23:26,suresh,Khanna,"Nagpur, Maharashtra",Electronics|Smart Watch|2499,2
ORD-20261003-2670,03-10-2026 07:57,kunal,SHARMA,"coimbatore, tamil nadu",Fashion|Leather Wallet|499,2
ORD-20261003-1853,03/10/2026 18:09,Nidhi,Mehta,"Ahmedabad, Gujarat",Home And Kitchen|Storage Box|299,1
ORD-20261003-3663,2026-10-03 15:36:36,rahul,  Patil ,"  Mumbai, Maharashtra ",Home And Kitchen|Bedsheet Set|1499,2
ORD-20261003-1911,03/10/2026 19:16,Navya,  Malhotra ,"bengaluru, karnataka",Home And Kitchen|Non Stick Pan|1099,1
ORD-20261003-1919,03/10/2026 03:52,palak,yadav,"Pune, Maharashtra",Electronics|Laptop Stand|749,1
ORD-20261003-1486,2026-10-03 21:09:58,Divya,Kumar,"Surat, Gujarat",Beauty|Face Wash|249,1
ORD-20261003-0342,2026-10-03 19:43:23,swati,Mukherjee,"ahmedabad, gujarat",Electronics|Bluetooth Speaker|1799,
ORD-20261003-0139,03/10/2026 04:15,Vivaan,Menon,"jaipur, rajasthan",Beauty|Sunscreen|449,3.0
ORD-20261003-0432,2026-10-03 19:26:24,Anika,Kumar,,Sports|Skipping Rope|199,5
ORD-20261003-1395,03/10/2026 21:53,ritu,Khanna,"Chennai, Tamil Nadu",Electronics|Bluetooth Speaker|1799,1
ORD-20261003-2260,03/10/2026 06:14,YASH,RAO,"Bengaluru, Karnataka",Electronics|Laptop Stand|749, 3 
ORD-20261003-1964,2026-10-03 17:21:57,swati,solanki,"HYDERABAD, TELANGANA",Electronics|Laptop Stand|749,2
ORD-20261003-4315,2026-10-03 22:28:47,Bhavna,Bose,"vadodara, gujarat",Sports|Skipping Rope|199,2
ORD-20261003-3053,03/10/2026 22:58,Megha,NAIR,"Coimbatore, Tamil Nadu",Fashion|Sunglasses|999,1
ORD-20261003-4503,03/10/2026 21:22,Aarav,Joshi,"chennai, tamil nadu",Home And Kitchen|Wall Clock|649,2
ORD-20261003-4242,2026-10-03 16:05:39,  Rohan ,,"Pune, Maharashtra",Home And Kitchen|Steel Water Bottle|399,2
ORD-20261003-0409,03/10/2026 21:17,Riya,RAO,"Mumbai, Maharashtra",Sports|Yoga Mat|699, 2 
ORD-20261003-0869,03-10-2026 14:10,navya,Saxena,"bengaluru, karnataka",Home And Kitchen|Wall Clock|649,1
ORD-20261003-1280,2026-10-03 16:42:31,Aditya,KHANNA,"Mumbai, Maharashtra",Home And Kitchen|Wall Clock|649,1
ORD-20261003-2768,03-10-2026 22:08,KABIR,  Menon ,"Hyderabad, Telangana",Fashion|Denim Jeans|1199,1
ORD-20261003-1606,2026-10-03 14:16:19,Advik,Kulkarni,"  Mysuru, Karnataka ",Electronics|Laptop Stand|749,1
ORD-20261003-3443,03/10/2026 20:18,neha,arora,"Mysuru, Karnataka",Home And Kitchen|Wall Clock|649,two
ORD-20261003-3062,03/10/2026 16:46,Suresh,  Nair ,"Ahmedabad, Gujarat",Fashion|Leather Wallet|499,2
ORD-20261003-4675,03/10/2026 19:51,Vihaan,VYAS,"coimbatore, tamil nadu",Fashion|Cotton Kurta|799,1
,2026-10-03 10:33:52,Varun,Kalavadia,"Kolkata, West Bengal",Electronics|Power Bank|899,4.0
ORD-20261003-2451,03-10-2026 12:50,Diya,Khanna,"Bengaluru, Karnataka",Beauty|Hair Serum|549,1
ORD-20261003-2950,03/10/2026 19:12,Aryan,Reddy,"kolkata, west bengal",Fashion|Leather Wallet|499,2
ORD-20261003-2308,2026-10-03 20:49:19,manish,,"Surat, Gujarat",Sports|Skipping Rope|199,2
ORD-20261003-0321,2026-10-03 23:46:45,Shaurya,Agarwal,"Mumbai, Maharashtra",Fashion|Running Shoes|2199,2
ORD-20261003-0542,2026-10-03 17:46:05,Vikas,Chauhan,"  Chennai, Tamil Nadu ",Sports|Skipping Rope|199, 2 
ORD-20261003-0331,03-10-2026 20:09,Aarav,Kapoor,"delhi, delhi",Home And Kitchen|Bedsheet Set|1499,2
ORD-20261003-0191,2026-10-03 08:26:13,Advik,Das,"delhi, delhi",Fashion|Running Shoes|2199,
ORD-20261003-2654,03/10/2026 11:04,Bhavna,Chaudhary,"hyderabad, telangana",Beauty|Hair Serum|549,1
ORD-20261003-4208,03/10/2026 14:59,shaurya,REDDY,"vadodara, gujarat",Fashion|Sunglasses|999,6.0
ORD-20261003-4053,2026-10-03 14:12:02,krupa,Rathod,"Delhi, Delhi",Fashion|Denim Jeans|1199,3
ORD-20261003-0792,2026-10-03 01:38:48,ayaan,  Mehta ,"Chennai, Tamil Nadu",Fashion|Sunglasses|999, 1 
ORD-20261003-1763,2026-10-03 12:28:20,mansi,Singh,"Kolkata, West Bengal",Electronics|Wireless Earbuds|1299,1
ORD-20261003-2066,2026-10-03 14:42:09,dhwani,Jain,"Pune, Maharashtra",Electronics|Wireless Earbuds|1299,1
ORD-20261003-1608,03/10/2026 11:35,AADHYA,  Parmar ,"Ahmedabad, Gujarat",Sports|Football|799,1
ORD-20261003-3439,03/10/2026 17:56,,  Mehta ,"Coimbatore, Tamil Nadu",Fashion|Denim Jeans|1199,3
ORD-20261003-3012,2026-10-03 20:15:32,Shaurya,Ghosh,"Surat, Gujarat",Fashion|Cotton Kurta|799,1
ORD-20261003-1794,03/10/2026 15:44,pooja,Ghosh,"Surat, Gujarat",Beauty|Perfume|1299,1
ORD-20261003-0818,03/10/2026 22:54,karan,  Malhotra ,"  Nagpur, Maharashtra ",Fashion|Leather Wallet|499,1
ORD-20261003-0388,2026-10-03 19:28:40,  Parth ,Rathod,"Chennai, Tamil Nadu",Sports|Cricket Bat|1599,3
ORD-20261003-3173,03-10-2026 20:35,DIVYA,Arora,"Mumbai, Maharashtra",Electronics|Smart Watch|2499,2
ORD-20261003-4216,03/10/2026 09:32,Kunal,Vyas,"Mumbai, Maharashtra",Fashion|Running Shoes|2199,1
ORD-20261003-0544,2026-10-03 14:26:02,Nidhi,khanna,"Bengaluru, Karnataka",Home And Kitchen|Storage Box|299,5
ORD-20261003-1106,2026-10-03 18:03:45,nikhil,Vyas,"  Pune, Maharashtra ",Fashion|Cotton Kurta|799,2
ORD-20261003-0095,03/10/2026 22:58,Anika,Reddy,"  Delhi, Delhi ",Home And Kitchen|Wall Clock|649,1
,2026-10-03 19:25:59,PALAK,Bansal,"Coimbatore, Tamil Nadu",Fashion|Leather Wallet|499,3
ORD-20261003-3249,03/10/2026 21:47,Manish,Bhatt,"  Kolkata, West Bengal ",Sports|Yoga Mat|699,2
ORD-20261003-0406,03-10-2026 13:37,saanvi,,"Bengaluru, Karnataka",Home And Kitchen|Wall Clock|649,1
ORD-20261003-4689,03/10/2026 21:06,Aditi,Pawar,"Chennai, Tamil Nadu",Electronics|Laptop Stand|749,1
ORD-20261003-3560,03/10/2026 11:57,Pranav,Bose,"Hyderabad, Telangana",Beauty|Sunscreen|449,2
ORD-20261003-3805,03-10-2026 18:47,  Roshni ,Chaudhary,"jaipur, rajasthan",Electronics|Smart Watch|2499,2
ORD-20261003-4093,03-10-2026 15:02,DIVYA,  Verma ,"Delhi, Delhi",Sports|Dumbbell Set|1899, 2 
ORD-20261003-3640,2026-10-03 12:03:49,roshni,  Iyer ,"Bengaluru, Karnataka",Fashion|Leather Wallet|499,1
ORD-20261003-0079,03/10/2026 20:12,SARA,Kumar,"Kolkata, West Bengal",Home And Kitchen|Bedsheet Set|1499,
ORD-20261003-0294,03/10/2026 17:25,Kriti,  Kapoor ,"  Vadodara, Gujarat ",Fashion|Sunglasses|999,1
ORD-20261003-1144,03/10/2026 18:21,Priya,Thakkar,"Bengaluru, Karnataka",Fashion|Leather Wallet|499,
ORD-20261003-2874,03/10/2026 20:04,  Karan ,rao,"Mumbai, Maharashtra",Sports|Cricket Bat|1599,4
ORD-20261003-3573,03/10/2026 04:06,Deepak,Singh,"DELHI, DELHI",Electronics|Laptop Stand|749,6
ORD-20261003-4815,2026-10-03 21:18:56,  Sara ,,"coimbatore, tamil nadu",,3
ORD-20261003-2078,N/A,Aditya,Trivedi,"Delhi, Delhi",Beauty|Lipstick|399,1
ORD-20261003-3078,03/10/2026 18:32,RAHUL,Joshi,"Hyderabad, Telangana",Fashion|Sunglasses|999,4
ORD-20261003-2993,03/10/2026 16:20,Kavya,parmar,"Coimbatore, Tamil Nadu",Sports|Cricket Bat|1599,3
ORD-20261003-3736,03/10/2026 22:08,ISHA,Nair,"  Ahmedabad, Gujarat ",Sports|Skipping Rope|199,4
ORD-20261003-2786,2026-10-03 13:03:25,KHUSHI,Das,"Mysuru, Karnataka",Fashion|Sunglasses|999,1
ORD-20261003-3625,03/10/2026 10:22,deepak,SOLANKI,"Mumbai, Maharashtra",Home And Kitchen|Wall Clock|649,0
ORD-20261003-1694,03-10-2026 20:01,Janvi,  Dubey ,"  Pune, Maharashtra ",Electronics|Smart Watch|2499,2
ORD-20261003-1288,03/10/2026 12:49,Sara,Pandya,"COIMBATORE, TAMIL NADU",Home And Kitchen|Non Stick Pan|1099,1
ORD-20261003-3600,03/10/2026 20:28,Roshni,Yadav,"AHMEDABAD, GUJARAT",Fashion|Denim Jeans|1199,2
ORD-20261003-3993,03-10-2026 20:37,Roshni,rao,"CHENNAI, TAMIL NADU",Electronics|Bluetooth Speaker|1799,2.0
ORD-20261003-4464,2026-10-03 02:18:32,Neel,verma,"Nagpur, Maharashtra",Electronics|Power Bank|899,4
ORD-20261003-3501,2026-10-03 10:24:59,Mansi,Pawar,"chennai, tamil nadu",,1.0
ORD-20261003-0154,03/10/2026 15:15,Advik,Thakkar,"Ahmedabad, Gujarat",Fashion|Sunglasses|999,2
ORD-20261003-4127,2026-10-03 23:34:40,Suresh,Khanna,,Electronics|Power Bank|899, 2 
ORD-20261003-2211,03/10/2026 05:35,Rohan,Kapoor,"Hyderabad, Telangana",Sports|Skipping Rope|199,1
ORD-20261003-1900,2026-10-03 14:23:13,Priya,Sharma,"  Delhi, Delhi ",Electronics|Wireless Earbuds|1299,1
ORD-20261003-4294,03/10/2026 12:16,  Deepak ,Dubey,"KOLKATA, WEST BENGAL",Home And Kitchen|Bedsheet Set|1499,2
ORD-20261003-1272,03/10/2026 12:59,Nisha,Nair,"bengaluru, karnataka",Sports|Dumbbell Set|1899,1
ORD-20261003-4594,2026-10-03 10:17:15,tushar,Saxena,"Ahmedabad, Gujarat",Fashion|Cotton Kurta|799,1
ORD-20261003-0373,03-10-2026 20:31,PALAK,Pandya,"Coimbatore, Tamil Nadu",Sports|Dumbbell Set|1899,3
ORD-20261003-0590,03-10-2026 19:20,Manish,  Mukherjee ,"Chennai, Tamil Nadu",Electronics|Power Bank|899,4
ORD-20261003-0919,2026-10-03 07:33:53,Pooja,PARMAR,"  Hyderabad, Telangana ",Sports|Skipping Rope|199,2
ORD-20261003-4227,2026-10-03 07:21:23,Aadhya,DAS,"Delhi, Delhi",Home And Kitchen|Storage Box|299,5
ORD-20261003-1750,2026-10-03 11:16:23,Dev,Sharma,"coimbatore, tamil nadu",Fashion|Running Shoes|2199,3
ORD-20261003-2709,03/10/2026 18:32,ARJUN,Sharma,"Chennai, Tamil Nadu",Fashion|Running Shoes|2199,1
ORD-20261003-2808,2026-10-03 09:07:15,Myra,Khanna,"Bengaluru, Karnataka",Fashion|Sunglasses|999,1.0
ORD-20261003-0233,2026-10-03 13:08:54,parth,Joshi,"Pune, Maharashtra",Electronics|Wireless Earbuds|1299,4
ORD-20261003-3113,03/10/2026 09:49,varun,Das,"Hyderabad, Telangana",Electronics|Bluetooth Speaker|1799, 1 
ORD-20261003-0877,03/10/2026 19:50,,Bansal,"JAIPUR, RAJASTHAN",Fashion|Running Shoes|2199,1
ORD-20261003-3699,2026-10-03 15:30:14,gaurav,vyas,"Delhi, Delhi",Home And Kitchen|Wall Clock|649,1
ORD-20261003-2952,03/10/2026 14:16,  Neel ,Desai,"Hyderabad, Telangana",Electronics|Bluetooth Speaker|1799,2
ORD-20261003-1338,03/10/2026 08:43,Vikas,Patil,"Vadodara, Gujarat",Beauty|Hair Serum|549,1
ORD-20261003-2986,03/10/2026 13:18,Neel,Pandya,"  Bengaluru, Karnataka ",Home And Kitchen|Storage Box|299,1
ORD-20261003-0906,03/10/2026 23:52,Rudra,  Menon ,"Kolkata, West Bengal",Sports|Football|799,1
ORD-20261003-2576,03/10/2026 23:59,SURESH,Modi,"lucknow, uttar pradesh",Fashion|Leather Wallet|499,2
ORD-20261003-0295,03-10-2026 15:41,  Aryan ,DESAI,"MUMBAI, MAHARASHTRA",Beauty|Sunscreen|449, 1 
ORD-20261003-1273,03-10-2026 19:39,hetal,Menon,"delhi, delhi",Beauty|Sunscreen|449,2
,2026-10-03 18:35:48,Amit,Chopra,"CHENNAI, TAMIL NADU",Fashion|Sunglasses|999,2
ORD-20261003-2144,2026-10-03 19:36:12,Riya,Gupta,"chennai, tamil nadu",Fashion|Cotton Kurta|799,6
ORD-20261003-1452,2026-10-03 13:21:13,krupa,THAKKAR,"Nagpur, Maharashtra",Fashion|Leather Wallet|499,2
ORD-20261003-2095,03/10/2026 13:59,janvi,Mukherjee,"Nagpur, Maharashtra",Beauty|Hair Serum|549,1
ORD-20261003-1300,03/10/2026 12:08,suresh,Yadav,"Mumbai, Maharashtra",Sports|Skipping Rope|199,3
ORD-20261003-3060,2026-10-03 09:49:52,  Dev ,Patil,"LUCKNOW, UTTAR PRADESH",Home And Kitchen|Storage Box|299,2
ORD-20261003-2163,03-10-2026 19:45,ritu,Patel,"Jaipur, Rajasthan",Electronics|Laptop Stand|749,1
ORD-20261003-4577,03/10/2026 18:35,Neel,Arora,"Mysuru, Karnataka",Fashion|Denim Jeans|1199,1
ORD-20261003-4033,03/10/2026 19:40,DHWANI,Vyas,"Vadodara, Gujarat",Fashion|Cotton Kurta|799,2
ORD-20261003-3220,2026-10-03 23:48:42,Neha,Pandya,"delhi, delhi",Fashion|Cotton Kurta|799,1
ORD-20261003-3820,2026-10-03 19:12:19,Rahul,Srivastava,"Bengaluru, Karnataka",,3
ORD-20261003-4034,2026-10-03 16:57:39,Pari,,"Pune, Maharashtra",Sports|Yoga Mat|699,2.0
ORD-20261003-1645,03/10/2026 18:12,Vivaan,malhotra,"Ahmedabad, Gujarat",Electronics|Bluetooth Speaker|1799,2
ORD-20261003-3583,03/10/2026 14:01,Pooja,modi,"pune, maharashtra",Home And Kitchen|Storage Box|299,1
ORD-20261003-0159,03-10-2026 05:48,Atharv,Kalavadia,"Nagpur, Maharashtra",Electronics|Laptop Stand|749,1
ORD-20261003-2291,2026-10-03 15:01:44,  Divya ,Singh,"Bengaluru, Karnataka",Electronics|Power Bank|899,4
ORD-20261003-2781,03/10/2026 18:31,Vikas,PAWAR,"Mumbai, Maharashtra",Electronics|Bluetooth Speaker|1799,2
ORD-20261003-4535,03/10/2026 21:19,Anika,Patel,"hyderabad, telangana",Sports|Skipping Rope|199,1
ORD-20261003-2814,03-10-2026 21:16,Shaurya,Kulkarni,"Nagpur, Maharashtra",Home And Kitchen|Steel Water Bottle|399,2
ORD-20261003-0464,03/10/2026 16:16,,Shah,"  Mumbai, Maharashtra ",Sports|Skipping Rope|199,1
ORD-20261003-4288,03/10/2026 20:57,vikas,Vyas,"hyderabad, telangana",Home And Kitchen|Bedsheet Set|1499,1
ORD-20261003-3500,03-10-2026 09:27,Tushar,Kumar,"mumbai, maharashtra",Electronics|Laptop Stand|749,3
ORD-20261003-4254,03/10/2026 08:03,Pranav,Reddy,"ahmedabad, gujarat",Beauty|Hair Serum|549,3
ORD-20261003-4371,03-10-2026 21:12,Atharv,Joshi,"AHMEDABAD, GUJARAT",Electronics|Bluetooth Speaker|1799,1
ORD-20261003-0983,03/10/2026 09:47,Sara,reddy,"PUNE, MAHARASHTRA",Sports|Cricket Bat|1599,
ORD-20261003-0055,03/10/2026 22:22,  Karan ,CHAUHAN,"Ahmedabad, Gujarat",Electronics|Laptop Stand|749,2
ORD-20261003-4256,03-10-2026 21:18,vivaan,  Jain ,"Jaipur, Rajasthan",Home And Kitchen|Steel Water Bottle|399,1
ORD-20261003-0889,2026-10-03 17:53:37,KRISHNA,kulkarni,"Delhi, Delhi",Electronics|Bluetooth Speaker|1799,1
ORD-20261003-2274,2026-10-03 20:08:30,Shreya,gupta,"Hyderabad, Telangana",Electronics|Bluetooth Speaker|1799,2
ORD-20261003-4277,2026-10-03 09:57:50,Kriti,Saxena,"jaipur, rajasthan",,2
ORD-20261003-3169,2026-10-03 12:27:00,aarav,BHATT,"Hyderabad, Telangana",Fashion|Cotton Kurta|799,4
ORD-20261003-2616,03-10-2026 20:16,neha,Vyas,"Ahmedabad, Gujarat",Fashion|Running Shoes|2199,1
ORD-20261003-2400,2026-10-03 11:31:39,Saanvi,reddy,"ahmedabad, gujarat",Fashion|Cotton Kurta|799,1
ORD-20261003-0956,03/10/2026 02:22,Bhavna,Pandya,"  Mysuru, Karnataka ",Sports|Yoga Mat|699,1
ORD-20261003-0616,03/10/2026 21:38,null,Patil,"Surat, Gujarat",Sports|Football|799,3.0
ORD-20261003-3938,2026-10-03 13:45:27,Myra,Mehta,"Bengaluru, Karnataka",Home And Kitchen|Wall Clock|649,1
ORD-20261003-0604,2026-10-03 21:06:24,Om,Trivedi,"Surat, Gujarat",Home And Kitchen|Bedsheet Set|1499,4
ORD-20261003-2982,2026-10-03 12:42:46,pooja,kalavadia,"Surat, Gujarat",Electronics|Bluetooth Speaker|1799,one
ORD-20261003-0607,03/10/2026 07:15,Parth,Yadav,"Lucknow, Uttar Pradesh",Sports|Yoga Mat|699,1
ORD-20261003-4109,03-10-2026 08:55,Kabir,KULKARNI,,Electronics|Power Bank|899,2
ORD-20261003-3250,03/10/2026 15:05,Nidhi,Tiwari,"Mumbai, Maharashtra",Home And Kitchen|Non Stick Pan|1099,1
ORD-20261003-1025,03/10/2026 07:13,krishna,Chopra,"Pune, Maharashtra",Sports|Yoga Mat|699, 4 
ORD-20261003-3077,03-10-2026 21:39,VIKAS,thakkar,"Ahmedabad, Gujarat",Home And Kitchen|Non Stick Pan|1099,1
ORD-20261003-0840,03/10/2026 19:04,PRIYA,Srivastava,"Coimbatore, Tamil Nadu",Electronics|Bluetooth Speaker|1799,1
ORD-20261003-4252,2026-10-03 23:16:06,ananya,Patil,"  Bengaluru, Karnataka ",Sports|Skipping Rope|199,1
ORD-20261003-1408,2026-10-03 15:36:36,Shaurya,patil,"  Coimbatore, Tamil Nadu ",Electronics|Laptop Stand|749,1
ORD-20261003-2879,2026-10-03 20:50:11,Yash,Malhotra,"Kolkata, West Bengal",Fashion|Denim Jeans|1199,1
ORD-20261003-4559,2026-10-03 14:20:45,Parth,PANDYA,"Ahmedabad, Gujarat",Fashion|Denim Jeans|1199,1
ORD-20261003-1502,03/10/2026 12:43,mihir,sinha,"Mysuru, Karnataka",Fashion|Denim Jeans|1199,4
ORD-20261003-1400,03-10-2026 17:24,reyansh,kulkarni,"pune, maharashtra",Electronics|Bluetooth Speaker|1799,1.0
ORD-20261003-4062,2026-10-03 11:29:35,aryan,gupta,"Bengaluru, Karnataka",Home And Kitchen|Storage Box|299,1
ORD-20261003-1338,03/10/2026 08:43,Vikas,Patil,"Vadodara, Gujarat",Beauty|Hair Serum|549,1
ORD-20261003-1889,03/10/2026 18:02,Rohan,THAKKAR,"Pune, Maharashtra",Fashion|Leather Wallet|499,0
ORD-20261003-3058,2026-10-03 13:07:54,Ishaan,MENON,"Bengaluru, Karnataka",Sports|Football|799,1.0
ORD-20261003-0584,2026-10-03 08:50:55,Khushi,Patil,"  Jaipur, Rajasthan ",Beauty|Lipstick|399,1
ORD-20261003-0885,03/10/2026 18:29,KRISHNA,chauhan,"Chennai, Tamil Nadu",Home And Kitchen|Steel Water Bottle|399,1
ORD-20261003-1937,03/10/2026 15:05,pooja,Singh,"Vadodara, Gujarat",Beauty|Face Wash|249,1
ORD-20261003-2465,2026-10-03 13:28:59,arjun,,"Pune, Maharashtra",Fashion|Sunglasses|999,1
ORD-20261003-1653,03/10/2026 08:21,jay,Rao,"Kolkata, West Bengal",Beauty|Lipstick|399, 2 
ORD-20261003-0357,03/10/2026 20:08,Ananya,Tiwari,"Delhi, Delhi",Electronics|Smart Watch|2499,4
ORD-20261003-0621,2026-10-03 20:34:36,Aadhya,shah,"Delhi, Delhi",Home And Kitchen|Storage Box|299,5
ORD-20261003-4647,03/10/2026 23:12,Arjun,BHATT,"Surat, Gujarat",Fashion|Sunglasses|999,1
ORD-20261003-3645,03/10/2026 14:29,Dhwani,sharma,"Ahmedabad, Gujarat",Fashion|Sunglasses|999,1
ORD-20261003-1908,2026-10-03 13:06:15,SNEHA,Sinha,"Bengaluru, Karnataka",Fashion|Running Shoes|2199,1.0
ORD-20261003-0734,03/10/2026 07:33,Harsh,Tiwari,"Delhi, Delhi",Fashion|Cotton Kurta|799,2.0
ORD-20261003-4620,03-10-2026 22:01,roshni,Arora,"Surat, Gujarat",Electronics|Bluetooth Speaker|1799,1
ORD-20261003-0809,03-10-2026 12:28,Anika,Shah,"Pune, Maharashtra",Home And Kitchen|Wall Clock|649,6
ORD-20261003-2669,03/10/2026 18:08,Rahul,Mukherjee,"  Chennai, Tamil Nadu ",Electronics|Bluetooth Speaker|1799,1
ORD-20261003-0969,03/10/2026 17:42,Nisha,Verma,"surat, gujarat",,1
ORD-20261003-2448,03/10/2026 13:01,Aryan,  Gupta ,"Bengaluru, Karnataka",Fashion|Denim Jeans|1199,1
ORD-20261003-4138,03/10/2026 22:18,Tushar,Kumar,"Mumbai, Maharashtra",Electronics|Power Bank|899,2
ORD-20261003-0521,03/10/2026 13:11,Vivaan,Modi,"Vadodara, Gujarat",Sports|Skipping Rope|199,4
ORD-20261003-2284,2026-10-03 18:21:50,anjali,singh,"Hyderabad, Telangana",Fashion|Sunglasses|999, 4 
ORD-20261003-4043,2026-10-03 19:28:40,khushi,RATHOD,"Mumbai, Maharashtra",Fashion|Leather Wallet|499,2
ORD-20261003-2824,03/10/2026 14:38,Simran,Rathod,"Bengaluru, Karnataka",Home And Kitchen|Storage Box|299,1.0
ORD-20261003-3374,2026-10-03 16:03:09,Dhruv,dubey,"Nagpur, Maharashtra",Fashion|Cotton Kurta|799,1
ORD-20261003-3584,2026-10-03 12:37:27,NEHA,Vyas,"mumbai, maharashtra",Beauty|Hair Serum|549, 1 
ORD-20261003-1947,N/A,vikas,Thakkar,"mumbai, maharashtra",Fashion|Cotton Kurta|799,
ORD-20261003-4007,2026-10-03 12:20:21,Sara,Jain,"Chennai, Tamil Nadu",Home And Kitchen|Bedsheet Set|1499,1
ORD-20261003-3378,03-10-2026 21:36,ananya,Tiwari,,Home And Kitchen|Bedsheet Set|1499,3
ORD-20261003-3245,03-10-2026 12:52,Shreya,Verma,"mumbai, maharashtra",Home And Kitchen|Bedsheet Set|1499,1
ORD-20261003-0010,03/10/2026 14:03,AADHYA,dubey,"Mumbai, Maharashtra",Home And Kitchen|Steel Water Bottle|399,4
ORD-20261003-0526,03/10/2026 18:09,swati,trivedi,"Delhi, Delhi",Sports|Dumbbell Set|1899,1
ORD-20261003-4311,03/10/2026 15:53,arjun,Verma,"Ahmedabad, Gujarat",Sports|Yoga Mat|699,3
ORD-20261003-0614,03-10-2026 20:06,Ritu,Mehta,"  Kolkata, West Bengal ",Fashion|Denim Jeans|1199,1
ORD-20261003-2620,2026-10-03 20:26:59,Neha,JAIN,"Ahmedabad, Gujarat",Sports|Yoga Mat|699,2
ORD-20261003-2656,2026-10-03 17:19:03,Simran,  Patel ,"  Bengaluru, Karnataka ",Fashion|Sunglasses|999,1
ORD-20261003-2443,03/10/2026 07:03,Nikhil,Das,N/A,Electronics|Smart Watch|2499,1
ORD-20261003-2630,03-10-2026 17:53,Saanvi,chaudhary,"BENGALURU, KARNATAKA",Home And Kitchen|Wall Clock|649,3
ORD-20261003-0618,2026-10-03 18:49:49,Kabir,Modi,"delhi, delhi",Fashion|Running Shoes|2199,4
ORD-20261003-2018,03/10/2026 20:30,Harsh,jain,N/A,Beauty|Sunscreen|449,1
ORD-20261003-0506,2026-10-03 13:40:21,Megha,  Parmar ,"Pune, Maharashtra",Home And Kitchen|Wall Clock|649,2
ORD-20261003-0380,2026-10-03 13:19:30,,nair,"Delhi, Delhi",Fashion|Leather Wallet|499,1
ORD-20261003-2974,03/10/2026 13:29,Jay,Chopra,"Lucknow, Uttar Pradesh",Electronics|Power Bank|899,2
ORD-20261003-3961,03/10/2026 19:41,Arjun,Trivedi,"ahmedabad, gujarat",Fashion|Sunglasses|999,1
ORD-20261003-0989,03/10/2026 12:01,  Karan ,agarwal,"VADODARA, GUJARAT",Fashion|Sunglasses|999,3
ORD-20261003-4702,03/10/2026 11:08,  Jay ,Pawar,"  Chennai, Tamil Nadu ",Home And Kitchen|Bedsheet Set|1499,2
ORD-20261003-2839,2026-10-03 17:43:48,Megha,PARMAR,"Delhi, Delhi",Fashion|Running Shoes|2199,2.0
ORD-20261003-0625,2026-10-03 21:50:57,DHWANI,tiwari,"Vadodara, Gujarat",Sports|Football|799,2
ORD-20261003-3724,03/10/2026 18:16,Riya,SAXENA,,Beauty|Lipstick|399,1
ORD-20261003-3185,03/10/2026 14:15,,vyas,"  Nagpur, Maharashtra ",Electronics|Smart Watch|2499,3
ORD-20261003-2995,03/10/2026 12:40,gaurav,Jain,"Hyderabad, Telangana",Sports|Dumbbell Set|1899, 1 
ORD-20261003-3381,2026-10-03 21:30:01,Ishaan,Pawar,"MUMBAI, MAHARASHTRA",Fashion|Sunglasses|999,2
ORD-20261003-3242,03-10-2026 22:15,Manish,  Pawar ,"nagpur, maharashtra",Beauty|Hair Serum|549,1
ORD-20261003-4189,03/10/2026 12:22,Harsh,yadav,"SURAT, GUJARAT",Fashion|Denim Jeans|1199,3
ORD-20261003-3004,2026-10-03 12:07:09,Simran,TIWARI,"MUMBAI, MAHARASHTRA",Beauty|Perfume|1299,1
ORD-20261003-1272,03/10/2026 12:59,Nisha,Nair,"bengaluru, karnataka",Sports|Dumbbell Set|1899,1
ORD-20261003-4710,03/10/2026 10:02,ROSHNI,Verma,"mysuru, karnataka",Electronics|Wireless Earbuds|1299,1
ORD-20261003-4847,2026-10-03 13:54:32,Isha,  Verma ,"mumbai, maharashtra",Home And Kitchen|Wall Clock|649,3
ORD-20261003-0122,03/10/2026 17:59,Vivaan,parmar,"Bengaluru, Karnataka",Fashion|Sunglasses|999,4
ORD-20261003-2444,2026-10-03 16:09:47,  Reyansh ,MISHRA,"delhi, delhi",Sports|Football|799,2
ORD-20261003-3360,03/10/2026 11:07,NEEL,agarwal,"Lucknow, Uttar Pradesh",Sports|Skipping Rope|199,1
ORD-20261003-4460,03/10/2026 20:05,Dhwani,bansal,"Bengaluru, Karnataka",Fashion|Leather Wallet|499,1
ORD-20261003-0901,03/10/2026 14:29,Aanya,Rathod,"Delhi, Delhi",Beauty|Face Wash|249,1
ORD-20261003-3628,03-10-2026 20:47,Arjun,Modi,"lucknow, uttar pradesh",Electronics|Power Bank|899,3
ORD-20261003-1910,2026-10-03 02:20:27,Riya,Saxena,"lucknow, uttar pradesh",Fashion|Sunglasses|999,1
ORD-20261003-4179,2026-10-03 12:37:51,  Rudra ,Reddy,"Surat, Gujarat",Fashion|Running Shoes|2199,2
ORD-20261003-4393,03/10/2026 09:33,Aryan,Saxena,"NAGPUR, MAHARASHTRA",Fashion|Running Shoes|2199, 3 
ORD-20261003-1558,03/10/2026 22:06,Rudra,Bansal,"Lucknow, Uttar Pradesh",Electronics|Power Bank|899,1
ORD-20261003-0659,03/10/2026 18:01,Dev,Menon,"Pune, Maharashtra",Fashion|Leather Wallet|499,2
ORD-20261003-3209,2026-10-03 07:32:37,Palak,Kulkarni,"ahmedabad, gujarat",Home And Kitchen|Bedsheet Set|1499,1
ORD-20261003-1352,N/A,Anjali,  Patil ,"bengaluru, karnataka",Electronics|Smart Watch|2499,1
ORD-20261003-2102,03/10/2026 06:26,Simran,Rathod,"Bengaluru, Karnataka",Sports|Skipping Rope|199,1
ORD-20261003-3735,2026-10-03 21:30:40,Roshni,kalavadia,"hyderabad, telangana",Beauty|Lipstick|399,4
ORD-20261003-4029,2026-10-03 11:00:52,Neha,Solanki,"  Delhi, Delhi ",Fashion|Leather Wallet|499,6
ORD-20261003-4276,03/10/2026 10:52,Rahul,ghosh,"Pune, Maharashtra",Electronics|Smart Watch|2499,1
ORD-20261003-2296,03/10/2026 21:56,REYANSH,DESAI,"Delhi, Delhi",Fashion|Leather Wallet|499,5
ORD-20261003-2447,03/10/2026 13:33,JAY,nair,"  Lucknow, Uttar Pradesh ",Fashion|Leather Wallet|499,5
ORD-20261003-0716,03-10-2026 22:09,Ritu,  Singh ,"Mumbai, Maharashtra",Fashion|Denim Jeans|1199,1
ORD-20261003-3367,2026-10-03 11:58:11,nidhi,Malhotra,"bengaluru, karnataka",Electronics|Smart Watch|2499,2
ORD-20261003-1834,03/10/2026 13:41,Pari,Reddy,"Pune, Maharashtra",Sports|Cricket Bat|1599,2
ORD-20261003-2339,2026-10-03 17:56:08,Aryan,joshi,"Surat, Gujarat",Electronics|Power Bank|899,4
ORD-20261003-3643,03-10-2026 19:47,Komal,Tiwari,"Hyderabad, Telangana",Home And Kitchen|Steel Water Bottle|399,4
ORD-20261003-2624,2026-10-03 21:33:30,Saanvi,kumar,"Hyderabad, Telangana",Fashion|Cotton Kurta|799,2
ORD-20261003-0097,2026-10-03 21:55:37,Rudra,kalavadia,"Lucknow, Uttar Pradesh",Home And Kitchen|Steel Water Bottle|399,6
ORD-20261003-0051,2026-10-03 12:14:04,  Sara ,,"HYDERABAD, TELANGANA",Electronics|Laptop Stand|749,1
ORD-20261003-2423,03/10/2026 22:42,Aditya,Srivastava,"Hyderabad, Telangana",Electronics|Laptop Stand|749,2
ORD-20261003-4005,03/10/2026 18:36,aanya,Jain,"  Surat, Gujarat ",Electronics|Power Bank|899,5
ORD-20261003-2138,03/10/2026 17:07,Atharv,verma,"Surat, Gujarat",Home And Kitchen|Storage Box|299,2
ORD-20261003-4638,03/10/2026 21:01,Reyansh,Gupta,"Kolkata, West Bengal",Fashion|Running Shoes|2199,5
ORD-20261003-4539,03/10/2026 07:57,TUSHAR,Sinha,"Pune, Maharashtra",Electronics|Power Bank|899, 4 
ORD-20261003-0903,2026-10-03 21:41:50,Aarav,Pillai,"Mysuru, Karnataka",Electronics|Power Bank|899,6
ORD-20261003-1086,2026-10-03 17:56:07,Jay,Agarwal,"  Pune, Maharashtra ",Fashion|Denim Jeans|1199,1
ORD-20261003-1531,03/10/2026 21:26,varun,  Thakkar ,"Chennai, Tamil Nadu",Fashion|Leather Wallet|499,1
ORD-20261003-1881,03/10/2026 08:27,  Amit ,MUKHERJEE,"surat, gujarat",Fashion|Running Shoes|2199,2
ORD-20261003-0231,03/10/2026 16:36,isha,mishra,"Lucknow, Uttar Pradesh",Fashion|Denim Jeans|1199,1
ORD-20261003-3340,03/10/2026 11:13,Kriti,Joshi,"Delhi, Delhi",Fashion|Leather Wallet|499,6
ORD-20261003-1360,03/10/2026 22:17,Advik,DAS,"  Chennai, Tamil Nadu ",Fashion|Denim Jeans|1199,2
ORD-20261003-2034,03/10/2026 15:26,Anjali,Kapoor,"Pune, Maharashtra",Fashion|Leather Wallet|499,1
ORD-20261003-0086,2026-10-03 14:06:25,  Krishna ,Iyer,"Surat, Gujarat",Electronics|Smart Watch|2499, 4 
ORD-20261003-2704,2026-10-03 17:39:56,Nikhil,Chopra,"  Ahmedabad, Gujarat ",Fashion|Cotton Kurta|799,1.0
ORD-20261003-3593,2026-10-03 12:09:58,Dhwani,IYER,"  Mumbai, Maharashtra ",Fashion|Running Shoes|2199,1
ORD-20261003-0682,03/10/2026 09:28,tushar,Kapoor,"delhi, delhi",Sports|Football|799,1
ORD-20261003-2903,03/10/2025 20:46,Kunal,Jain,"kolkata, west bengal",Electronics|Power Bank|899,3
ORD-20261003-2320,2026-10-03 11:52:04,KABIR,Chopra,,Fashion|Running Shoes|2199,2
ORD-20261003-3651,03/10/2026 08:23,roshni,Reddy,"  Bengaluru, Karnataka ",Fashion|Denim Jeans|1199,1
ORD-20261003-4761,03-10-2026 16:10,Pooja,Sharma,"  Surat, Gujarat ",Beauty|Perfume|1299,1
ORD-20261003-1132,03/10/2026 18:10,KABIR,Menon,"JAIPUR, RAJASTHAN",Home And Kitchen|Steel Water Bottle|399,1
ORD-20261003-2985,03/10/2026 17:34,Amit,Menon,"Pune, Maharashtra",Beauty|Face Wash|249,1
ORD-20261003-1424,2026-10-03 12:50:03,Krishna,Chauhan,"lucknow, uttar pradesh",Beauty|Sunscreen|449,-1
ORD-20261003-0557,03-10-2026 22:56,Kriti,nair,"coimbatore, tamil nadu",Fashion|Sunglasses|999,1
ORD-20261003-1114,03-10-2026 12:52,priya,SOLANKI,"Delhi, Delhi",Fashion|Running Shoes|2199,1
ORD-20261003-3811,03/10/2026 19:19,Isha,Chaudhary,,Sports|Skipping Rope|199,2
ORD-20261003-0183,03/10/2026 19:26,ANJALI,bansal,"Jaipur, Rajasthan",Fashion|Sunglasses|999,1
ORD-20261003-4154,2026-10-03 14:32:29,VIHAAN,Mehta,"KOLKATA, WEST BENGAL",Electronics|Smart Watch|2499,2
ORD-20261003-0111,03/10/2026 01:22,aadhya,Pandya,"mumbai, maharashtra",Electronics|Power Bank|899,2
ORD-20261003-2485,03/10/2026 16:52,Nikhil,Iyer,"Hyderabad, Telangana",Fashion|Leather Wallet|499,1
ORD-20261003-3662,03-10-2026 18:09,Ishaan,Sinha,"CHENNAI, TAMIL NADU",Electronics|Wireless Earbuds|1299,1
ORD-20261003-2057,03/10/2026 21:39,Rahul,Vyas,"mumbai, maharashtra",Sports|Skipping Rope|199,1
ORD-20261003-1539,2026-10-03 17:31:52,Komal,Rathod,"Jaipur, Rajasthan",Electronics|Bluetooth Speaker|1799,1
ORD-20261003-3341,03/10/2026 20:43,Ritu,Nair,"Vadodara, Gujarat",Electronics|Laptop Stand|749,1
ORD-20261003-1789,03-10-2026 14:09,Harsh,Kumar,"ahmedabad, gujarat",Sports|Cricket Bat|1599,3
ORD-20261003-2393,2026-10-03 12:09:08,Saanvi,  Sinha ,"Chennai, Tamil Nadu",Fashion|Leather Wallet|499,2
ORD-20261003-3827,03/10/2026 20:25,Om,  Das ,"kolkata, west bengal",Fashion|Cotton Kurta|799,1
ORD-20261003-4278,03/10/2026 15:46,Kriti,patil,"Hyderabad, Telangana",Beauty|Perfume|1299,1
ORD-20261003-4269,2026-10-03 21:52:29,janvi,Reddy,"BENGALURU, KARNATAKA",Electronics|Power Bank|899,3
ORD-20261003-0719,03-10-2026 12:18,Neel,Chaudhary,"NAGPUR, MAHARASHTRA",Home And Kitchen|Steel Water Bottle|399,2
ORD-20261003-2510,03/10/2026 13:25,  Saanvi ,Thakkar,"BENGALURU, KARNATAKA",Electronics|Bluetooth Speaker|1799,2
ORD-20261003-0742,2026-10-03 19:49:38,khushi,BHATT,"Bengaluru, Karnataka",Sports|Yoga Mat|699,2
ORD-20261003-1781,2026-10-03 18:25:17,NIDHI,patel,"Bengaluru, Karnataka",Home And Kitchen|Storage Box|299,2
ORD-20261003-0908,03/10/2026 09:36,Sai,Rao,"  Coimbatore, Tamil Nadu ",Home And Kitchen|Bedsheet Set|1499,3
ORD-20261003-3763,2026-10-03 20:54:58,Diya,malhotra,"surat, gujarat",,1
ORD-20261003-3151,2026-10-03 21:11:25,Kriti,,"Mumbai, Maharashtra",Fashion|Leather Wallet|499,1.0
ORD-20261003-0216,03/10/2026 16:02,Tushar,Malhotra,"hyderabad, telangana",Beauty|Face Wash|249,1
ORD-20261003-4756,03/10/2026 20:54,  Anika ,JOSHI,"  Hyderabad, Telangana ",Electronics|Wireless Earbuds|1299,1
ORD-20261003-2404,2026-10-03 03:21:32,AYAAN,Nair,"Delhi, Delhi",Electronics|Smart Watch|2499,3.0
ORD-20261003-3553,03/10/2026 18:28,Amit,mukherjee,"Surat, Gujarat",Home And Kitchen|Bedsheet Set|1499,2
ORD-20261003-0348,03/10/2026 07:12,Pranav,Rathod,"ahmedabad, gujarat",Fashion|Cotton Kurta|799,1
ORD-20261003-4364,03/10/2026 12:36,suresh,  Iyer ,"delhi, delhi",Fashion|Sunglasses|999, 1 
ORD-20261003-1767,03/10/2026 11:54,anjali,Joshi,"JAIPUR, RAJASTHAN",Fashion|Denim Jeans|1199,2
ORD-20261003-1088,03/10/2026 21:19,amit,Tiwari,"Vadodara, Gujarat",Fashion|Sunglasses|999,1
ORD-20261003-2668,2026-10-03 18:58:32,PARTH,Dubey,"Bengaluru, Karnataka",Fashion|Leather Wallet|499,1
ORD-20261003-1563,03/10/2025 13:47,Ishaan,Chopra,,Fashion|Sunglasses|999,3
ORD-20261003-1917,03/10/2026 21:06,divya,Chauhan,"Pune, Maharashtra",Fashion|Leather Wallet|499,1
ORD-20261003-3457,2026-10-03 12:35:25,PALAK,DAS,"  Pune, Maharashtra ",Beauty|Face Wash|249,1
ORD-20261003-1500,03/10/2026 02:02,KHUSHI,Saxena,"bengaluru, karnataka",Fashion|Denim Jeans|1199,1
ORD-20261003-3492,03/10/2026 16:06,Reyansh,Menon,"Chennai, Tamil Nadu",Fashion|Cotton Kurta|799, 2 
ORD-20261003-4518,03/10/2026 11:15,aadhya,Agarwal,"Kolkata, West Bengal",Electronics|Wireless Earbuds|1299,1
ORD-20261003-3363,03/10/2026 13:23,Pooja,Bansal,"Chennai, Tamil Nadu",Home And Kitchen|Bedsheet Set|1499,2
ORD-20261003-1377,03/10/2026 23:04,Vihaan,Trivedi,"Mumbai, Maharashtra",Home And Kitchen|Wall Clock|649,1
ORD-20261003-3994,03-10-2026 02:47,Manish,Bhatt,"Kolkata, West Bengal",Sports|Football|799,1
ORD-20261003-1976,03/10/2026 15:09,myra,Bansal,"Chennai, Tamil Nadu",Sports|Football|799,1
ORD-20261003-0572,,kriti,Trivedi,"  Chennai, Tamil Nadu ",Home And Kitchen|Wall Clock|649,1
ORD-20261003-1560,03/10/2026 20:31,roshni,Arora,"Pune, Maharashtra",Fashion|Sunglasses|999,2
ORD-20261003-0595,03/10/2026 19:52,  Reyansh ,BHATT,"  Delhi, Delhi ",Sports|Cricket Bat|1599,4
ORD-20261003-0355,03/10/2026 17:14,Aditya,,"Pune, Maharashtra",Beauty|Lipstick|399,1
ORD-20261003-4086,03/10/2026 14:20,Khushi,rathod,"Mumbai, Maharashtra",Electronics|Wireless Earbuds|1299, 2 
ORD-20261003-3193,03/10/2026 20:46,Nidhi,kulkarni,"Bengaluru, Karnataka",Fashion|Sunglasses|999,1
ORD-20261003-2379,03/10/2026 15:41,Harsh,Pawar,"Pune, Maharashtra",Electronics|Bluetooth Speaker|1799,3
ORD-20261003-4494,2026-10-03 21:46:27,  Vivaan ,Joshi,"Jaipur, Rajasthan",Home And Kitchen|Storage Box|299, 1 
ORD-20261003-2509,03/10/2026 08:08,Sneha,Rathod,"Mysuru, Karnataka",Sports|Dumbbell Set|1899,1.0
ORD-20261003-0950,03/10/2026 15:39,Parth,Bansal,"nagpur, maharashtra",Fashion|Sunglasses|999,3
ORD-20261003-4134,03/10/2026 19:36,Neel,Sharma,"jaipur, rajasthan",Electronics|Laptop Stand|749,1
ORD-20261003-4301,03/10/2026 14:17,Tanvi,Chaudhary,"kolkata, west bengal",Sports|Dumbbell Set|1899,2
ORD-20261003-3352,03-10-2026 21:42,AARAV,Srivastava,"Lucknow, Uttar Pradesh",Electronics|Bluetooth Speaker|1799,1
ORD-20261003-2507,2026-10-03 11:40:53,Rudra,Trivedi,"DELHI, DELHI",Fashion|Running Shoes|2199,1
ORD-20261003-3076,2026-10-03 13:52:36,Divya,Arora,"Kolkata, West Bengal",Fashion|Leather Wallet|499,2
ORD-20261003-1731,2026-10-03 20:46:33,Dev,shah,"Bengaluru, Karnataka",Sports|Dumbbell Set|1899,4
ORD-20261003-0219,2026-10-03 03:37:09,aarav,  Joshi ,"Chennai, Tamil Nadu",Beauty|Hair Serum|549,3
ORD-20261003-2408,03/10/2026 22:43,Kavya,Pillai,"Delhi, Delhi",Sports|Cricket Bat|1599,6
ORD-20261003-1404,03/10/2026 12:02,AMIT,Mukherjee,"SURAT, GUJARAT",Fashion|Running Shoes|2199,1
ORD-20261003-1012,03/10/2026 22:55,mansi,patel,"  Hyderabad, Telangana ",Fashion|Sunglasses|999,3.0
ORD-20261003-4449,03/10/2026 18:38,Ritu,Bansal,"MYSURU, KARNATAKA",Sports|Cricket Bat|1599,2
ORD-20261003-1818,2026-10-03 11:35:55,  Sneha ,Pandya,"nagpur, maharashtra",Fashion|Denim Jeans|1199, 1 
,2026-10-03 08:11:04,  Janvi ,Khanna,"Bengaluru, Karnataka",Fashion|Running Shoes|2199,2
ORD-20261003-3420,03/10/2026 13:20,MEGHA,Kalavadia,"Kolkata, West Bengal",Home And Kitchen|Wall Clock|649,1
ORD-20261003-2241,03/10/2026 13:29,suresh,,"Mysuru, Karnataka",Home And Kitchen|Bedsheet Set|1499,1
ORD-20261003-0217,03/10/2026 18:39,Ishaan,Mishra,"Hyderabad, Telangana",Beauty|Hair Serum|549,1
ORD-20261003-4318,03/10/2026 03:08,nikhil,Singh,"Bengaluru, Karnataka",Home And Kitchen|Steel Water Bottle|399,1
ORD-20261003-1713,03/10/2026 10:17,  Nisha ,Mukherjee,"Hyderabad, Telangana",Electronics|Smart Watch|2499,1
ORD-20261003-0024,03/10/2026 20:59,Advik,Solanki,"Delhi, Delhi",Electronics|Bluetooth Speaker|1799,1
ORD-20261003-0434,03-10-2026 16:30,Megha,SRIVASTAVA,"  Jaipur, Rajasthan ",Fashion|Sunglasses|999,
ORD-20261003-0474,2026-10-03 15:04:18,Ishaan,Bansal,"Jaipur, Rajasthan",Fashion|Running Shoes|2199,1
ORD-20261003-2895,03/10/2026 10:43,Pooja,Gupta,"Pune, Maharashtra",Home And Kitchen|Non Stick Pan|1099,4
ORD-20261003-1000,03/10/2025 18:07,Nikhil,bhatt,"  Coimbatore, Tamil Nadu ",Beauty|Sunscreen|449,4
ORD-20261003-4312,2026-10-03 15:11:22,gaurav,Singh,"  Mysuru, Karnataka ",Home And Kitchen|Storage Box|299, 2 
ORD-20261003-2101,03-10-2026 10:24,Amit,verma,"  Bengaluru, Karnataka ",Electronics|Power Bank|899,1
ORD-20261003-0523,03/10/2026 12:25,Pranav,Yadav,"lucknow, uttar pradesh",Fashion|Running Shoes|2199,2.0
ORD-20261003-0242,2026-10-03 16:03:02,Kavya,  Singh ,"  Delhi, Delhi ",Home And Kitchen|Bedsheet Set|1499,3
ORD-20261003-3791,2026-10-03 20:06:55,kunal,Shah,"DELHI, DELHI",Fashion|Running Shoes|2199,1
ORD-20261003-1836,2026-10-03 21:25:29,deepak,Sharma,"Chennai, Tamil Nadu",Sports|Dumbbell Set|1899,4
ORD-20261003-3537,03-10-2026 13:59,kavya,Sinha,"Lucknow, Uttar Pradesh",Home And Kitchen|Steel Water Bottle|399,2
ORD-20261003-0799,2026-10-03 18:02:49,payal,nair,"delhi, delhi",Electronics|Smart Watch|2499,3
ORD-20261003-2499,03/10/2026 15:11,Advik,Pawar,"Delhi, Delhi",Home And Kitchen|Non Stick Pan|1099,3
ORD-20261003-0085,03-10-2026 10:52,Pooja,GUPTA,"Pune, Maharashtra",Home And Kitchen|Steel Water Bottle|399,1
ORD-20261003-2937,03/10/2062 18:12,  Saanvi ,Pillai,"kolkata, west bengal",Sports|Skipping Rope|199,1
ORD-20261003-4368,03-10-2026 12:22,Payal,sinha,"pune, maharashtra",Fashion|Leather Wallet|499,4
ORD-20261003-3674,2026-10-03 21:40:42,Aditya,Mishra,"delhi, delhi",Fashion|Running Shoes|2199,4
ORD-20261003-0602,2026-10-03 18:02:00,roshni,Sharma,"lucknow, uttar pradesh",Beauty|Hair Serum|549,1
ORD-20261003-4444,03/10/2026 18:38,Harsh,Modi,"CHENNAI, TAMIL NADU",Sports|Dumbbell Set|1899,1
ORD-20261003-3652,03/10/2026 08:21,Manish,Solanki,"Ahmedabad, Gujarat",Home And Kitchen|Steel Water Bottle|399,1.0
ORD-20261003-4266,03/10/2026 22:52,Ayaan,Khanna,"  Ahmedabad, Gujarat ",Electronics|Bluetooth Speaker|1799,0
ORD-20261003-3891,03-10-2026 16:24,ADITI,Verma,"Mumbai, Maharashtra",Electronics|Bluetooth Speaker|1799,1
ORD-20261003-4247,2026-10-03 14:39:42,Kriti,joshi,"Mumbai, Maharashtra",Electronics|Wireless Earbuds|1299,1.0
ORD-20261003-2238,03-10-2026 21:34,Navya,GUPTA,"delhi, delhi",Electronics|Wireless Earbuds|1299,1
ORD-20261003-4693,2026-10-03 14:18:35,Atharv,MALHOTRA,"Mumbai, Maharashtra",Fashion|Leather Wallet|499,4
ORD-20261003-1365,2026-10-03 04:52:03,GAURAV,Gupta,"pune, maharashtra",,1
ORD-20261003-4116,03/10/2026 21:36,Gaurav,Saxena,"  Bengaluru, Karnataka ",Electronics|Bluetooth Speaker|1799,1
ORD-20261003-1030,2026-10-03 14:05:26,simran,Menon,"  Delhi, Delhi ",Home And Kitchen|Storage Box|299,4
ORD-20261003-4060,03/10/2026 09:44,kavya,Patil,"chennai, tamil nadu",Fashion|Sunglasses|999,3
ORD-20261003-0591,03/10/2026 17:30,Aryan,arora,"Mumbai, Maharashtra",Home And Kitchen|Wall Clock|649,3
ORD-20261003-4235,03-10-2026 21:05,Aditya,kumar,"Surat, Gujarat",Home And Kitchen|Bedsheet Set|1499,1
ORD-20261003-3397,03/10/2026 16:15,  Simran ,Kapoor,"Mysuru, Karnataka",Electronics|Laptop Stand|749,5
ORD-20261003-2289,03/10/2026 07:27,nikhil,Rathod,"Pune, Maharashtra",Electronics|Laptop Stand|749,2
ORD-20261003-2022,03-10-2026 22:29,Gaurav,  Iyer ,"Mumbai, Maharashtra",Sports|Dumbbell Set|1899,1
ORD-20261003-3465,2026-10-03 19:34:52,  Sai ,  Joshi ,"Surat, Gujarat",Fashion|Sunglasses|999,3
ORD-20261003-0507,03/10/2026 10:29,  Shreya ,Joshi,"MUMBAI, MAHARASHTRA",Electronics|Laptop Stand|749,3
ORD-20261003-1002,03/10/2026 19:45,Nikhil,MENON,"  Mumbai, Maharashtra ",Beauty|Perfume|1299,3
ORD-20261003-4112,03/10/2026 02:03,Khushi,Saxena,"MUMBAI, MAHARASHTRA",Electronics|Smart Watch|2499,3
ORD-20261003-2741,03/10/2026 22:10,Krishna,Jain,"Ahmedabad, Gujarat",Fashion|Cotton Kurta|799,1
ORD-20261003-3742,2026-10-03 03:29:53,Riya,KAPOOR,"  Hyderabad, Telangana ",Electronics|Power Bank|899,1
ORD-20261003-0105,2026-10-03 15:56:34,Ananya,menon,"Pune, Maharashtra",Fashion|Running Shoes|2199,1
ORD-20261003-4149,03/10/2026 14:27,Sai,Rao,"Chennai, Tamil Nadu",Fashion|Cotton Kurta|799,2
ORD-20261003-1158,03/10/2026 22:43,dhwani,mukherjee,"mysuru, karnataka",Fashion|Sunglasses|999,4
ORD-20261003-0268,03-10-2026 12:08,Mihir,Pawar,"Surat, Gujarat",Electronics|Power Bank|899,2
ORD-20261003-3086,03/10/2026 12:14,  Rajesh ,  Joshi ,"Delhi, Delhi",Beauty|Perfume|1299,1
ORD-20261003-2815,03/10/2026 18:38,hetal,yadav,"Chennai, Tamil Nadu",Beauty|Sunscreen|449,2
ORD-20261003-0970,2026-10-03 08:14:51,jay,  Mishra ,"Coimbatore, Tamil Nadu",Fashion|Denim Jeans|1199,2
ORD-20261003-0613,03-10-2026 08:36,  Suresh ,Menon,"Chennai, Tamil Nadu",Home And Kitchen|Storage Box|299,4
ORD-20261003-0213,2026-10-03 21:14:43,Nikhil,Bose,"Hyderabad, Telangana",Fashion|Cotton Kurta|799, 1 
ORD-20261003-3789,2026-10-03 10:00:54,Janvi,reddy,"Bengaluru, Karnataka",Fashion|Denim Jeans|1199,5
ORD-20261003-1131,2026-10-03 20:30:02,Karan,Bansal,"delhi, delhi",Home And Kitchen|Storage Box|299,1
ORD-20261003-0168,03/10/2026 10:03,vikas,Agarwal,"mumbai, maharashtra",Sports|Cricket Bat|1599,6
ORD-20261003-0230,03/10/2026 21:56,pooja,GUPTA,"Pune, Maharashtra",Sports|Cricket Bat|1599,2
ORD-20261003-2765,03/10/2026 20:32,om,GUPTA,"DELHI, DELHI",Home And Kitchen|Non Stick Pan|1099,2.0
ORD-20261003-2459,03/10/2025 20:25,anjali,Malhotra,"surat, gujarat",Electronics|Laptop Stand|749,1
ORD-20261003-3761,2026-10-03 22:45:54,Amit,Patil,"Bengaluru, Karnataka",Electronics|Power Bank|899,4
ORD-20261003-3023,03/10/2026 01:23,Tushar,Chauhan,"coimbatore, tamil nadu",,1.0
ORD-20261003-1416,2026-10-03 22:13:43,Neel,Sinha,"ahmedabad, gujarat",Fashion|Running Shoes|2199,1
ORD-20261003-0333,2026-10-03 19:42:12,Amit,Sinha,"Ahmedabad, Gujarat",Sports|Skipping Rope|199,3
ORD-20261003-1016,03-10-2026 13:00,POOJA,Sinha,"Pune, Maharashtra",Fashion|Denim Jeans|1199,3
ORD-20261003-3807,2026-10-03 12:02:34,Rahul,YADAV,"Mumbai, Maharashtra",Fashion|Running Shoes|2199,3
ORD-20261003-3918,03-10-2026 13:11,ANANYA,nair,"Coimbatore, Tamil Nadu",Beauty|Lipstick|399,4
ORD-20261003-1125,2026-10-03 21:26:55,kunal,Solanki,"Coimbatore, Tamil Nadu",Home And Kitchen|Bedsheet Set|1499,1
ORD-20261003-4188,03/10/2026 01:08,dhwani,,"Bengaluru, Karnataka",Fashion|Cotton Kurta|799,2
ORD-20261003-4405,2026-10-03 04:19:37,GAURAV,Chopra,"PUNE, MAHARASHTRA",Beauty|Lipstick|399,2
ORD-20261003-2575,03/10/2026 19:22,Aryan,jain,"hyderabad, telangana",Fashion|Sunglasses|999,3
ORD-20261003-4500,03/10/2026 22:09,Vikas,solanki,"Delhi, Delhi",Fashion|Denim Jeans|1199,
ORD-20261003-3787,03/10/2026 12:36,myra,rathod,"Bengaluru, Karnataka",Sports|Dumbbell Set|1899,1
ORD-20261003-2742,2026-10-03 06:21:39,Kunal,Thakkar,"Bengaluru, Karnataka",Fashion|Running Shoes|2199,2
ORD-20261003-3683,03/10/2026 21:03,payal,Kulkarni,"Kolkata, West Bengal",Fashion|Running Shoes|2199,2.0
ORD-20261003-1996,2026-10-03 20:09:33,Megha,Thakkar,"mumbai, maharashtra",Fashion|Running Shoes|2199,5
ORD-20261003-4105,2026-10-03 14:48:02,Hetal,MENON,"Delhi, Delhi",Beauty|Face Wash|249,1
ORD-20261003-3543,03-10-2026 12:42,ISHAAN,Agarwal,"Delhi, Delhi",Fashion|Sunglasses|999,3
ORD-20261003-2975,2026-10-03 12:27:28,Sai,Vyas,"hyderabad, telangana",Electronics|Laptop Stand|749,3
ORD-20261003-1851,03/10/2026 10:19,Pari,reddy,"  Mumbai, Maharashtra ",Sports|Dumbbell Set|1899, 2 
ORD-20261003-4528,2026-10-03 20:31:28,KRUPA,trivedi,"  Jaipur, Rajasthan ",Home And Kitchen|Bedsheet Set|1499,
ORD-20261003-0879,2026-10-03 13:47:43,Ananya,mehta,"Ahmedabad, Gujarat",Fashion|Cotton Kurta|799,1
ORD-20261003-0685,03/10/2026 17:09,Swati,Desai,"bengaluru, karnataka",Fashion|Leather Wallet|499,4
ORD-20261003-2049,2026-10-03 13:51:07,Sara,dubey,"bengaluru, karnataka",Electronics|Wireless Earbuds|1299,2
ORD-20261003-2087,2026-10-03 10:22:01,Varun,Yadav,"surat, gujarat",Fashion|Leather Wallet|499,1
ORD-20261003-4406,2026-10-03 11:16:07,,Pawar,"Nagpur, Maharashtra",Fashion|Sunglasses|999,2
ORD-20261003-2064,2026-10-03 12:47:57,Janvi,saxena,"vadodara, gujarat",Fashion|Sunglasses|999,4
ORD-20261003-2082,03-10-2026 17:28,Gaurav,chauhan,"  Delhi, Delhi ",Fashion|Cotton Kurta|799,6
ORD-20261003-4435,2026-10-03 20:04:36,Vikas,Gupta,"Chennai, Tamil Nadu",Fashion|Sunglasses|999,3
ORD-20261003-2751,2026-10-03 12:02:54,Nisha,NAIR,"Bengaluru, Karnataka",Electronics|Wireless Earbuds|1299,3
ORD-20261003-0322,2026-10-03 12:14:29,TUSHAR,  Tiwari ,"chennai, tamil nadu",Fashion|Leather Wallet|499,2
ORD-20261003-4186,03-10-2026 21:51,myra,pandya,"Mumbai, Maharashtra",Home And Kitchen|Wall Clock|649,3
ORD-20261003-3933,03-10-2026 15:34,,Singh,"BENGALURU, KARNATAKA",Fashion|Cotton Kurta|799,1
ORD-20261003-1967,03/10/2026 00:37,Varun,Pawar,"Mysuru, Karnataka",Beauty|Hair Serum|549,2
ORD-20261003-3109,03/10/2026 11:26,Palak,MENON,"Coimbatore, Tamil Nadu",Fashion|Running Shoes|2199,1.0
ORD-20261003-3460,2026-10-03 10:01:47,Parth,Nair,"Pune, Maharashtra",Sports|Skipping Rope|199,1
ORD-20261003-2898,2026-10-03 18:35:51,YASH,RATHOD,"Bengaluru, Karnataka",Fashion|Denim Jeans|1199,4
ORD-20261003-1686,03/10/2026 11:18,Riya,Mukherjee,"chennai, tamil nadu",Beauty|Hair Serum|549,3
ORD-20261003-3803,03/10/2026 12:31,Priya,Kulkarni,"Mysuru, Karnataka",Fashion|Sunglasses|999,2
ORD-20261003-1749,03/10/2026 13:18,Isha,Solanki,"Jaipur, Rajasthan",Fashion|Denim Jeans|1199,1
ORD-20261003-1370,03/10/2026 11:07,Mansi,  Rathod ,"Ahmedabad, Gujarat",Beauty|Perfume|1299,2
ORD-20261003-3083,03/10/2026 07:48,nikhil,ARORA,"  Pune, Maharashtra ",Home And Kitchen|Non Stick Pan|1099,4
ORD-20261003-3126,2026-10-03 08:54:44,Om,TRIVEDI,"Surat, Gujarat",Fashion|Denim Jeans|1199,1
ORD-20261003-1525,2026-10-03 06:15:39,Riya,Iyer,"surat, gujarat",Fashion|Denim Jeans|1199,2
ORD-20261003-0811,03/10/2026 22:52,Riya,Bhatt,"Hyderabad, Telangana",Sports|Dumbbell Set|1899,1
ORD-20261003-3875,2026-10-03 19:59:16,Dev,VYAS,"Vadodara, Gujarat",Fashion|Cotton Kurta|799,5
ORD-20261003-0106,03/10/2026 16:02,Om,Gupta,"Ahmedabad, Gujarat",Sports|Cricket Bat|1599,2
ORD-20261003-2333,2026-10-03 23:38:24,Mansi,Nair,"  Hyderabad, Telangana ",Fashion|Sunglasses|999,2
ORD-20261003-3216,N/A,Sara,Srivastava,"  Mumbai, Maharashtra ",Electronics|Wireless Earbuds|1299,2
ORD-20261003-3170,2026-10-03 20:36:36,Rajesh,Desai,"Kolkata, West Bengal",Fashion|Denim Jeans|1199,1
ORD-20261003-3385,03/10/2026 22:28,Khushi,Srivastava,"kolkata, west bengal",Electronics|Wireless Earbuds|1299,2
ORD-20261003-4592,03/10/2026 23:07,amit,jain,N/A,Beauty|Lipstick|399,1
ORD-20261003-2345,2026-10-03 19:44:46,KRITI,agarwal,"CHENNAI, TAMIL NADU",Home And Kitchen|Storage Box|299,2
ORD-20261003-0831,03/10/2026 19:10,Hetal,  Mukherjee ,"  Coimbatore, Tamil Nadu ",Sports|Skipping Rope|199,-2
ORD-20261003-3685,2026-10-03 15:28:41,Mihir,patil,"mysuru, karnataka",Electronics|Power Bank|899,1
ORD-20261003-4731,03/10/2026 12:19,Bhavna,chauhan,"Pune, Maharashtra",Fashion|Sunglasses|999,1
ORD-20261003-0984,03/10/2026 16:54,Diya,Kapoor,"Kolkata, West Bengal",Fashion|Running Shoes|2199, 3 
ORD-20261003-1001,03/10/2026 21:42,saanvi,chaudhary,"bengaluru, karnataka",Beauty|Lipstick|399,1
ORD-20261003-1712,2026-10-03 16:30:51,rahul,Vyas,"Mumbai, Maharashtra",Beauty|Lipstick|399,1
ORD-20261003-3279,03/10/2026 18:48,Ritu,,"ahmedabad, gujarat",Electronics|Laptop Stand|749,1.0
ORD-20261003-2152,2026-10-03 12:53:08,Vivaan,MODI,"Vadodara, Gujarat",Fashion|Cotton Kurta|799,1
ORD-20261003-3376,03/10/2026 10:40,Ananya,Rao,"bengaluru, karnataka",Electronics|Smart Watch|2499,1
ORD-20261003-1186,03/10/2026 23:22,Sai,  Kumar ,"Pune, Maharashtra",Home And Kitchen|Storage Box|299,1
ORD-20261003-2497,03/10/2026 13:05,  Simran ,Dubey,"Hyderabad, Telangana",Electronics|Power Bank|899,4
ORD-20261003-2310,2026-10-03 19:50:25,Sneha,Bose,"Ahmedabad, Gujarat",Fashion|Cotton Kurta|799,3
ORD-20261003-1057,03/10/2026 17:40,VIVAAN,Menon,"  Jaipur, Rajasthan ",Electronics|Bluetooth Speaker|1799,3
ORD-20261003-2963,2026-10-03 21:26:42,Jay,  Singh ,"Ahmedabad, Gujarat",Fashion|Sunglasses|999,2
ORD-20261003-1090,03/10/2026 19:35,ADITI,Ghosh,"Coimbatore, Tamil Nadu",Home And Kitchen|Bedsheet Set|1499,3
ORD-20261003-4240,03/10/2026 11:03,Aditi,singh,"BENGALURU, KARNATAKA",Sports|Skipping Rope|199,4
ORD-20261003-0515,03/10/2026 06:50,Atharv,khanna,"chennai, tamil nadu",Electronics|Smart Watch|2499,1
ORD-20261003-0455,2026-10-03 23:30:12,  Harsh ,pawar,"pune, maharashtra",Sports|Football|799,3
ORD-20261003-2699,2026-10-03 15:10:00,ADITI,Das,"KOLKATA, WEST BENGAL",Fashion|Cotton Kurta|799,2
ORD-20261003-0118,2026-10-03 13:09:57,Rahul,Patil,"MUMBAI, MAHARASHTRA",Electronics|Power Bank|899,2
ORD-20261003-3288,03-10-2026 14:16,Palak,Mukherjee,"Pune, Maharashtra",Beauty|Hair Serum|549,3
ORD-20261003-2135,03/10/2026 22:54,Ananya,pawar,"VADODARA, GUJARAT",Fashion|Running Shoes|2199,5
ORD-20261003-4224,2026-10-03 12:19:29,krupa,kalavadia,"surat, gujarat",Beauty|Sunscreen|449,2
ORD-20261003-3957,03/10/2026 18:40,Megha,Singh,"Kolkata, West Bengal",Beauty|Face Wash|249,4
ORD-20261003-4412,03/10/2026 21:30,  Advik ,THAKKAR,"jaipur, rajasthan",Beauty|Hair Serum|549,1
ORD-20261003-1366,2026-10-03 19:29:05,Om,RATHOD,"Coimbatore, Tamil Nadu",Electronics|Wireless Earbuds|1299,1
ORD-20261003-0898,03-10-2026 16:38,Rohan,Reddy,"MUMBAI, MAHARASHTRA",Fashion|Sunglasses|999,2
ORD-20261003-2945,03/10/2026 00:28,YASH,  Mehta ,"hyderabad, telangana",Beauty|Perfume|1299,1
ORD-20261003-4277,2026-10-03 09:57:50,Kriti,Saxena,"jaipur, rajasthan",,2
ORD-20261003-0238,03/10/2026 13:10,Neha,Pillai,"Mumbai, Maharashtra",Fashion|Cotton Kurta|799, 1 
ORD-20261003-4818,03/10/2026 23:50,PRIYA,TIWARI,"HYDERABAD, TELANGANA",Fashion|Cotton Kurta|799,1
ORD-20261003-1105,03/10/2026 17:10,PRIYA,Chopra,"Delhi, Delhi",Electronics|Power Bank|899,1
ORD-20261003-4653,03/10/2026 14:43,anika,Reddy,"Delhi, Delhi",Beauty|Perfume|1299,2
ORD-20261003-3842,2026-10-03 14:36:58,Anika,Shah,"  Pune, Maharashtra ",Fashion|Leather Wallet|499,0
ORD-20261003-0677,03-10-2026 15:01,ARYAN,Mehta,"Chennai, Tamil Nadu",Home And Kitchen|Storage Box|299,3
ORD-20261003-4407,03/10/2026 17:55,Dhruv,Kalavadia,"mumbai, maharashtra",Electronics|Wireless Earbuds|1299,1
ORD-20261003-3337,2026-10-03 18:47:37,  Krishna ,chauhan,"Chennai, Tamil Nadu",Electronics|Bluetooth Speaker|1799, 1 
ORD-20261003-0787,03-10-2026 11:03,Aadhya,Tiwari,"lucknow, uttar pradesh",Beauty|Lipstick|399,
ORD-20261003-3978,2026-10-03 18:06:50,  Aditya ,Patel,"chennai, tamil nadu",Beauty|Perfume|1299,2
ORD-20261003-1078,2026-10-03 14:11:54,Divya,Kulkarni,"CHENNAI, TAMIL NADU",Home And Kitchen|Bedsheet Set|1499,1
ORD-20261003-3881,03/10/2026 22:56,payal,Rao,"bengaluru, karnataka",Fashion|Leather Wallet|499,1
,2026-10-03 08:35:46,swati,Mishra,"Mumbai, Maharashtra",Fashion|Sunglasses|999,1
ORD-20261003-0197,03-10-2026 18:10,isha,  Shah ,"Mumbai, Maharashtra",Beauty|Lipstick|399,2
ORD-20261003-0167,2026-10-03 12:39:44,Varun,Joshi,"Delhi, Delhi",Fashion|Cotton Kurta|799,1
ORD-20261003-3477,03/10/2026 16:53,Advik,chaudhary,"Ahmedabad, Gujarat",Beauty|Hair Serum|549,3
ORD-20261003-0361,2026-10-03 16:41:28,janvi,Gupta,"Lucknow, Uttar Pradesh",Sports|Skipping Rope|199,1
ORD-20261003-4213,03/10/2026 17:35,Om,Srivastava,"  Ahmedabad, Gujarat ",Fashion|Sunglasses|999,1
ORD-20261003-4524,03/10/2026 10:38,tanvi,Das,"Jaipur, Rajasthan",Fashion|Sunglasses|999, 1 
ORD-20261003-1167,2026-10-03 19:09:13,priya,Nair,"lucknow, uttar pradesh",Fashion|Denim Jeans|1199,1
ORD-20261003-0298,2026-10-03 12:44:07,Nidhi,MUKHERJEE,"Vadodara, Gujarat",Fashion|Running Shoes|2199,1
ORD-20261003-4344,03/10/2026 10:38,Ishaan,Reddy,"Delhi, Delhi",Fashion|Cotton Kurta|799,2
ORD-20261003-1354,03-10-2026 09:41,Ishaan,Chopra,"Hyderabad, Telangana",Fashion|Leather Wallet|499,3
ORD-20261003-2540,03-10-2026 07:05,  Navya ,Kalavadia,"Mumbai, Maharashtra",Electronics|Bluetooth Speaker|1799,2
ORD-20261003-0878,,Tushar,Saxena,"ahmedabad, gujarat",Fashion|Leather Wallet|499,1
ORD-20261003-0104,03/10/2026 10:30,Pranav,Jain,"Surat, Gujarat",Electronics|Laptop Stand|749,1
ORD-20261003-1521,2026-10-03 11:26:25,Palak,parmar,"bengaluru, karnataka",Beauty|Sunscreen|449,1
ORD-20261003-2750,2026-10-03 20:28:10,Om,Yadav,"Kolkata, West Bengal",Electronics|Bluetooth Speaker|1799,two
ORD-20261003-2146,,Dhruv,Parmar,"delhi, delhi",Beauty|Face Wash|249,4
ORD-20261003-3357,2026-10-03 18:23:31,rohan,Desai,"Pune, Maharashtra",Fashion|Denim Jeans|1199,1
ORD-20261003-3881,03/10/2026 22:56,payal,Rao,"bengaluru, karnataka",Fashion|Leather Wallet|499,1
ORD-20261003-3548,03/10/2026 12:36,BHAVNA,Pandya,"Ahmedabad, Gujarat",Beauty|Sunscreen|449, 1 
ORD-20261003-0101,2026-10-03 16:40:22,Deepak,mehta,"Delhi, Delhi",Home And Kitchen|Steel Water Bottle|399,2
ORD-20261003-2514,2026-10-03 17:41:29,Aarav,Jain,"  Ahmedabad, Gujarat ",Home And Kitchen|Wall Clock|649,2
ORD-20261003-3430,03/10/2026 14:02,nidhi,Kulkarni,"Surat, Gujarat",Fashion|Cotton Kurta|799,6
ORD-20261003-0730,03/10/2026 20:10,Diya,Nair,"Mumbai, Maharashtra",Fashion|Leather Wallet|499,1
ORD-20261003-0828,2026-10-03 17:32:02,Mansi,desai,"Pune, Maharashtra",Beauty|Hair Serum|549,2
ORD-20261003-4195,03/10/2026 22:20,Krupa,  Gupta ,"Lucknow, Uttar Pradesh",Sports|Football|799,3
ORD-20261003-1291,03-10-2026 19:35,Bhavna,Chaudhary,"Hyderabad, Telangana",Fashion|Cotton Kurta|799,4.0
ORD-20261003-3246,03/10/2026 13:33,Kriti,Menon,"Vadodara, Gujarat",Fashion|Sunglasses|999,1
ORD-20261003-0061,03-10-2026 13:01,PRANAV,  Joshi ,"  Delhi, Delhi ",Electronics|Laptop Stand|749,2
ORD-20261003-1615,2026-10-03 20:11:49,Komal,REDDY,"Delhi, Delhi",Electronics|Bluetooth Speaker|1799,2
ORD-20261003-1518,2026-10-03 05:18:11,kriti,Modi,"Mumbai, Maharashtra",Beauty|Hair Serum|549,1
ORD-20261003-4373,03/10/2026 09:15,Swati,,"MUMBAI, MAHARASHTRA",Fashion|Cotton Kurta|799,3
ORD-20261003-1747,03/10/2026 09:53,,,"Jaipur, Rajasthan",Electronics|Bluetooth Speaker|1799,1
ORD-20261003-0254,2026-10-03 19:31:20,Arjun,CHOPRA,"Bengaluru, Karnataka",Electronics|Laptop Stand|749,1
ORD-20261003-3021,03-10-2026 02:28,Vikas,  Mishra ,"hyderabad, telangana",Electronics|Power Bank|899,1
ORD-20261003-2827,03-10-2026 08:25,Ananya,Ghosh,"  Jaipur, Rajasthan ",Beauty|Lipstick|399,2
ORD-20261003-1593,03/10/2026 16:32,Rahul,gupta,"  Vadodara, Gujarat ",Fashion|Running Shoes|2199,2
ORD-20261003-1930,03/10/2026 16:42,Divya,Desai,"Pune, Maharashtra",Home And Kitchen|Storage Box|299,2
ORD-20261003-2187,03/10/2026 16:30,Rahul,  Mukherjee ,"Chennai, Tamil Nadu",Beauty|Hair Serum|549,1
ORD-20261003-0628,2026-10-03 10:41:21,Tanvi,reddy,"AHMEDABAD, GUJARAT",Fashion|Cotton Kurta|799,1
ORD-20261003-2526,03/10/2026 15:10,Kavya,Saxena,"Delhi, Delhi",Electronics|Smart Watch|2499,2
ORD-20261003-2145,03/10/2062 14:34,Sara,DESAI,"Nagpur, Maharashtra",Sports|Yoga Mat|699,1
ORD-20261003-2690,03/10/2026 10:46,Bhavna,Dubey,"LUCKNOW, UTTAR PRADESH",Electronics|Bluetooth Speaker|1799,3
ORD-20261003-3202,03/10/2026 21:42,  Bhavna ,Sharma,"Chennai, Tamil Nadu",Fashion|Running Shoes|2199,4
ORD-20261003-4222,2026-10-03 22:51:02,GAURAV,Vyas,"mumbai, maharashtra",Sports|Cricket Bat|1599,-1
ORD-20261003-1394,03/10/2026 07:28,Parth,Malhotra,"Chennai, Tamil Nadu",Fashion|Leather Wallet|499,1
ORD-20261003-2276,03/10/2026 16:42,anjali,Das,"Vadodara, Gujarat",Fashion|Leather Wallet|499,1
ORD-20261003-4338,2026-10-03 13:32:49,RUDRA,mukherjee,"jaipur, rajasthan",Beauty|Face Wash|249,1
ORD-20261003-0307,03/10/2026 23:51,aditi,malhotra,"Pune, Maharashtra",Beauty|Hair Serum|549,1
ORD-20261003-0744,2026-10-03 21:27:48,swati,,"chennai, tamil nadu",Beauty|Lipstick|399,1
ORD-20261003-4087,03/10/2026 11:35,Advik,  Kumar ,"Mumbai, Maharashtra",Beauty|Lipstick|399,1
ORD-20261003-4782,2026-10-03 17:15:55,Vivaan,,"Delhi, Delhi",Fashion|Running Shoes|2199,3
ORD-20261003-4010,03/10/2026 20:53,pari,Srivastava,"JAIPUR, RAJASTHAN",Electronics|Power Bank|899,2
ORD-20261003-0081,2026-10-03 18:35:01,  Suresh ,Saxena,"Nagpur, Maharashtra",Electronics|Wireless Earbuds|1299,1
ORD-20261003-3136,03/10/2026 10:59,KAVYA,modi,"vadodara, gujarat",Electronics|Laptop Stand|749,2.0
ORD-20261003-3801,2026-10-03 11:04:45,Deepak,Agarwal,"  Mumbai, Maharashtra ",Sports|Dumbbell Set|1899,1
ORD-20261003-3715,2026-10-03 21:29:52,Harsh,Dubey,N/A,Fashion|Leather Wallet|499,1
ORD-20261003-2433,2026-10-03 14:01:35,Pranav,RATHOD,"Ahmedabad, Gujarat",Fashion|Denim Jeans|1199,1
ORD-20261003-4823,2026-10-03 11:15:57,Hetal,sinha,"kolkata, west bengal",Beauty|Face Wash|249,1
ORD-20261003-0375,2026-10-03 13:08:58,ANJALI,  Bansal ,"Jaipur, Rajasthan",Beauty|Lipstick|399,1
ORD-20261003-0640,2026-10-03 20:17:40,Saanvi,chopra,"Delhi, Delhi",Beauty|Sunscreen|449,4.0
ORD-20261003-2525,03/10/2026 23:02,Sneha,Kapoor,,Home And Kitchen|Bedsheet Set|1499,3
ORD-20261003-4676,2026-10-03 17:12:06,Neel,chaudhary,"Kolkata, West Bengal",Fashion|Sunglasses|999,1
ORD-20261003-4708,2026-10-03 22:40:53,Krupa,SHARMA,,Electronics|Bluetooth Speaker|1799,1
ORD-20261003-2847,2026-10-03 13:04:12,PARTH,Jain,"DELHI, DELHI",Fashion|Running Shoes|2199,5.0
ORD-20261003-4108,03-10-2026 22:38,  Vihaan ,  Gupta ,"Bengaluru, Karnataka",Fashion|Cotton Kurta|799,1
ORD-20261003-4317,03/10/2062 23:06,  Vihaan ,Thakkar,"Kolkata, West Bengal",Electronics|Wireless Earbuds|1299,1
ORD-20261003-3280,03/10/2026 15:38,  Priya ,GHOSH,"Delhi, Delhi",Electronics|Bluetooth Speaker|1799,1
ORD-20261003-1864,03/10/2026 17:53,  Aadhya ,Sinha,"Mysuru, Karnataka",Sports|Skipping Rope|199,4
ORD-20261003-3786,03/10/2026 08:46,Reyansh,Iyer,"BENGALURU, KARNATAKA",Sports|Cricket Bat|1599,1
ORD-20261003-3451,03/10/2026 17:36,  Yash ,Mehta,"MUMBAI, MAHARASHTRA",Fashion|Sunglasses|999,1
ORD-20261003-1629,03/10/2026 10:52,Yash,Thakkar,"mumbai, maharashtra",Electronics|Laptop Stand|749,2
ORD-20261003-0972,2026-10-03 12:29:00,Saanvi,iyer,"  Mumbai, Maharashtra ",Fashion|Running Shoes|2199,1
ORD-20261003-2181,2026-10-03 13:32:19,DIYA,Mukherjee,"Delhi, Delhi",Fashion|Sunglasses|999,1
ORD-20261003-2091,03/10/2026 20:57,Diya,reddy,"ahmedabad, gujarat",Home And Kitchen|Bedsheet Set|1499,4
ORD-20261003-3090,03/10/2026 12:19,Om,Agarwal,"  Jaipur, Rajasthan ",Fashion|Sunglasses|999,1
ORD-20261003-4299,03-10-2026 19:40,pranav,  Kapoor ,"Surat, Gujarat",Fashion|Running Shoes|2199,1
ORD-20261003-0229,03/10/2026 20:50,Dhruv,das,"surat, gujarat",Sports|Dumbbell Set|1899,3
ORD-20261003-3289,03/10/2026 11:10,navya,SAXENA,"  Pune, Maharashtra ",Home And Kitchen|Storage Box|299,1
ORD-20261003-2182,03/10/2026 19:37,Anika,Pawar,"Coimbatore, Tamil Nadu",Fashion|Cotton Kurta|799,3
ORD-20261003-4773,03/10/2026 02:39,Manish,Srivastava,"bengaluru, karnataka",Beauty|Hair Serum|549,2
ORD-20261003-2946,03/10/2026 21:45,Vivaan,Tiwari,"Nagpur, Maharashtra",,1
ORD-20261003-0423,03/10/2026 13:21,DIYA,Bose,"Chennai, Tamil Nadu",Electronics|Laptop Stand|749,4
ORD-20261003-0766,03/10/2026 20:26,Bhavna,modi,"Mumbai, Maharashtra",Fashion|Sunglasses|999, 2 
ORD-20261003-4663,03/10/2026 08:07,Isha,bhatt,"Lucknow, Uttar Pradesh",Fashion|Denim Jeans|1199,2
ORD-20261003-0077,2026-10-03 18:52:58,  Vivaan ,Sinha,"Pune, Maharashtra",Beauty|Perfume|1299, 1 
ORD-20261003-3106,2026-10-03 18:37:55,  Advik ,Vyas,"jaipur, rajasthan",Beauty|Face Wash|249, 1 
ORD-20261003-4079,03/10/2026 09:57,nisha,Bhatt,"  Kolkata, West Bengal ",Electronics|Smart Watch|2499,1
ORD-20261003-0460,03/10/2026 10:47,JAY,rao,"Bengaluru, Karnataka",Fashion|Cotton Kurta|799,2
ORD-20261003-1978,2026-10-03 13:29:07,aryan,,"Pune, Maharashtra",Beauty|Face Wash|249,4
ORD-20261003-0269,2026-10-03 12:13:33,Jay,Mehta,"BENGALURU, KARNATAKA",Sports|Cricket Bat|1599,6
ORD-20261003-0254,2026-10-03 19:31:20,Arjun,CHOPRA,"Bengaluru, Karnataka",Electronics|Laptop Stand|749,1
ORD-20261003-4666,2026-10-03 21:49:43,HARSH,Srivastava,N/A,Fashion|Sunglasses|999,1
ORD-20261003-2834,2026-10-03 12:06:43,Mihir,PATEL,"surat, gujarat",Fashion|Cotton Kurta|799,2
ORD-20261003-1019,2026-10-03 06:39:43,SNEHA,Chopra,"chennai, tamil nadu",Beauty|Face Wash|249,1
ORD-20261003-2077,03-10-2026 19:36,  Anjali ,  Bansal ,"Jaipur, Rajasthan",Fashion|Sunglasses|999,3
ORD-20261003-0391,03/10/2026 20:40,Aditya,gupta,"  Bengaluru, Karnataka ",Home And Kitchen|Storage Box|299,1
ORD-20261003-1317,03-10-2026 11:13,Nidhi,Kulkarni,"Mysuru, Karnataka",Fashion|Cotton Kurta|799,1.0
ORD-20261003-3125,03/10/2026 21:07,  Rajesh ,patil,"Bengaluru, Karnataka",Electronics|Wireless Earbuds|1299, 1 
ORD-20261003-2953,2026-10-03 11:34:25,ANIKA,  Mehta ,"Hyderabad, Telangana",Fashion|Running Shoes|2199,3
ORD-20261003-3538,03/10/2026 21:43,  Arjun ,kapoor,"Lucknow, Uttar Pradesh",Home And Kitchen|Bedsheet Set|1499,1
ORD-20261003-2474,03/10/2026 01:55,Dhruv,SOLANKI,"Chennai, Tamil Nadu",Electronics|Bluetooth Speaker|1799, 1 
ORD-20261003-2591,03/10/2026 07:03,neha,Arora,"Mumbai, Maharashtra",Electronics|Laptop Stand|749,1
ORD-20261003-3307,03-10-2026 07:47,anjali,SINHA,"Hyderabad, Telangana",Fashion|Running Shoes|2199,6
ORD-20261003-1752,03/10/2026 13:18,Kunal,Reddy,"nagpur, maharashtra",Fashion|Cotton Kurta|799,1
ORD-20261003-0273,03-10-2026 19:43,PRIYA,Srivastava,"Chennai, Tamil Nadu",Electronics|Laptop Stand|749,2
ORD-20261003-0680,2026-10-03 22:58:30,Arjun,Modi,"Bengaluru, Karnataka",Home And Kitchen|Bedsheet Set|1499,3.0
ORD-20261003-4306,03/10/2026 16:00,PAYAL,  Joshi ,"Mysuru, Karnataka",Home And Kitchen|Storage Box|299,4
ORD-20261003-2090,2026-10-03 14:47:43,  Reyansh ,Patil,,Home And Kitchen|Storage Box|299,1
ORD-20261003-1058,03/10/2026 22:04,dhwani,Dubey,"  Hyderabad, Telangana ",Home And Kitchen|Wall Clock|649,1
ORD-20261003-1036,03/10/2026 12:32,Mansi,Kulkarni,"surat, gujarat",Electronics|Wireless Earbuds|1299, 2 
ORD-20261003-2805,03-10-2026 22:49,Shaurya,Joshi,"Bengaluru, Karnataka",Fashion|Cotton Kurta|799,2
ORD-20261003-0025,03-10-2026 10:17,Ishaan,Patil,"ahmedabad, gujarat",Electronics|Smart Watch|2499,2
ORD-20261003-4786,2026-10-03 20:43:28,om,Jain,"Jaipur, Rajasthan",Sports|Cricket Bat|1599,1
ORD-20261003-2285,2026-10-03 20:32:35,  Kriti ,Srivastava,"mumbai, maharashtra",Fashion|Sunglasses|999,3
ORD-20261003-2149,03/10/2026 13:23,vihaan,Kapoor,"nagpur, maharashtra",Sports|Cricket Bat|1599,1
ORD-20261003-4047,03-10-2026 15:18,Tanvi,KULKARNI,"  Delhi, Delhi ",Electronics|Laptop Stand|749,1
ORD-20261003-2155,2026-10-03 12:42:23,Anika,Reddy,"Delhi, Delhi",Home And Kitchen|Bedsheet Set|1499,1
ORD-20261003-3495,2026-10-03 17:33:14,Mansi,Chauhan,"Kolkata, West Bengal",Fashion|Leather Wallet|499,1
ORD-20261003-2220,03/10/2026 10:50,neha,Vyas,"  Mysuru, Karnataka ",Fashion|Leather Wallet|499,1
ORD-20261003-1856,2026-10-03 05:45:24,,Verma,"Chennai, Tamil Nadu",Beauty|Face Wash|249,one
ORD-20261003-3607,03/10/2026 19:29,AARAV,Kulkarni,"Surat, Gujarat",Electronics|Bluetooth Speaker|1799,1
ORD-20261003-3647,2026-10-03 20:44:53,ARJUN,BHATT,"  Surat, Gujarat ",Beauty|Sunscreen|449,6
ORD-20261003-1938,2026-10-03 17:09:21,Rudra,MEHTA,"Pune, Maharashtra",Electronics|Bluetooth Speaker|1799,4
ORD-20261003-2947,2026-10-03 17:32:42,Krishna,Chauhan,"chennai, tamil nadu",Fashion|Sunglasses|999,2
ORD-20261003-4085,03/10/2026 17:26,Rajesh,Saxena,"Ahmedabad, Gujarat",Electronics|Wireless Earbuds|1299,2
ORD-20261003-2207,03/10/2026 13:31,AADHYA,  Reddy ,"bengaluru, karnataka",Beauty|Lipstick|399,1.0
ORD-20261003-4170,2026-10-03 23:11:12,Kunal,Sharma,"Chennai, Tamil Nadu",Fashion|Leather Wallet|499,1
ORD-20261003-3695,03/10/2026 13:05,Shreya,chaudhary,"Surat, Gujarat",Fashion|Leather Wallet|499,2
ORD-20261003-0424,2026-10-03 18:06:12,parth,Bhatt,"Mumbai, Maharashtra",Fashion|Sunglasses|999,1
ORD-20261003-0975,03/10/2026 14:07,Dev,Arora,"nagpur, maharashtra",Fashion|Cotton Kurta|799,4.0
ORD-20261003-1129,2026-10-03 20:05:27,,Gupta,"Pune, Maharashtra",Home And Kitchen|Wall Clock|649,1
ORD-20261003-2988,2026-10-03 23:09:13,rohan,Yadav,"Coimbatore, Tamil Nadu",Home And Kitchen|Bedsheet Set|1499,4
ORD-20261003-0390,03/10/2026 23:02,varun,nair,"Surat, Gujarat",Fashion|Cotton Kurta|799,1
ORD-20261003-3225,03/10/2026 16:03,shreya,mishra,"kolkata, west bengal",Electronics|Smart Watch|2499,5
ORD-20261003-1716,2026-10-03 22:37:28,anjali,Trivedi,"surat, gujarat",Fashion|Sunglasses|999,3
ORD-20261003-2364,03-10-2026 12:13,Parth,singh,"Delhi, Delhi",Home And Kitchen|Storage Box|299,1
ORD-20261003-2067,03/10/2026 10:20,  Priya ,Sinha,"Ahmedabad, Gujarat",Sports|Cricket Bat|1599,2
ORD-20261003-1069,2026-10-03 22:01:30,Arjun,MUKHERJEE,"Chennai, Tamil Nadu",Electronics|Smart Watch|2499,3
ORD-20261003-0633,03/10/2026 20:46,TUSHAR,RAO,"Surat, Gujarat",Fashion|Denim Jeans|1199,1
ORD-20261003-1168,2026-10-03 20:26:40,  Karan ,Chauhan,"Ahmedabad, Gujarat",Beauty|Perfume|1299,0
ORD-20261003-2539,03/10/2026 21:15,Gaurav,Chauhan,"Kolkata, West Bengal",Electronics|Laptop Stand|749,1
ORD-20261003-1141,03-10-2026 12:29,  Advik ,chauhan,"Hyderabad, Telangana",,2
ORD-20261003-3150,2026-10-03 20:07:28,Jay,Tiwari,"Pune, Maharashtra",Home And Kitchen|Steel Water Bottle|399,3
ORD-20261003-3940,03-10-2026 22:08,SAANVI,Kapoor,"Chennai, Tamil Nadu",Beauty|Lipstick|399,2
ORD-20261003-3932,03/10/2026 11:44,Amit,Agarwal,"bengaluru, karnataka",Home And Kitchen|Storage Box|299,2
ORD-20261003-3491,03-10-2026 17:45,vihaan,saxena,"pune, maharashtra",Fashion|Leather Wallet|499, 2 
ORD-20261003-4557,03/10/2026 21:45,dhruv,jain,"Kolkata, West Bengal",Fashion|Cotton Kurta|799,2
ORD-20261003-4080,2026-10-03 10:53:44,Tushar,  Srivastava ,"Surat, Gujarat",Fashion|Denim Jeans|1199,1
ORD-20261003-3066,2026-10-03 21:20:49,  Aryan ,,"  Kolkata, West Bengal ",Fashion|Denim Jeans|1199,1
ORD-20261003-3365,2026-10-03 14:29:10,Aditya,  Chopra ,"mumbai, maharashtra",Fashion|Sunglasses|999,2
ORD-20261003-1783,2026-10-03 09:19:30,Pooja,Joshi,"mumbai, maharashtra",Fashion|Denim Jeans|1199,1
ORD-20261003-0302,2026-10-03 20:18:03,Varun,  Agarwal ,"hyderabad, telangana",Electronics|Power Bank|899,1
ORD-20261003-1278,2026-10-03 22:07:55,  Parth ,  Nair ,"Kolkata, West Bengal",Home And Kitchen|Non Stick Pan|1099,1
ORD-20261003-4602,03/10/2026 10:39,Aryan,bhatt,"Delhi, Delhi",Sports|Football|799,1
ORD-20261003-2815,03/10/2026 18:38,hetal,yadav,"Chennai, Tamil Nadu",Beauty|Sunscreen|449,2
ORD-20261003-0147,03/10/2026 10:37,Mihir,arora,"Chennai, Tamil Nadu",Beauty|Face Wash|249,3
ORD-20261003-2890,2026-10-03 22:56:08,DEEPAK,Arora,"Jaipur, Rajasthan",Home And Kitchen|Wall Clock|649,1
ORD-20261003-2913,03/10/2026 20:32,Nikhil,REDDY,"delhi, delhi",Electronics|Laptop Stand|749,1
ORD-20261003-3743,2026-10-03 19:27:43,Shreya,patil,"Coimbatore, Tamil Nadu",Electronics|Power Bank|899,4
ORD-20261003-3354,2026-10-03 18:35:25,Isha,  Mukherjee ,"HYDERABAD, TELANGANA",Electronics|Smart Watch|2499,1
ORD-20261003-0456,03/10/2026 19:36,payal,Verma,"chennai, tamil nadu",Beauty|Face Wash|249,3
ORD-20261003-3641,2026-10-03 11:48:42,KRISHNA,Chauhan,"Chennai, Tamil Nadu",Fashion|Running Shoes|2199,1
ORD-20261003-3496,03/10/2026 13:02,Amit,verma,"  Jaipur, Rajasthan ",Fashion|Cotton Kurta|799,3
ORD-20261003-4530,03/10/2026 10:05,Parth,Pawar,"Bengaluru, Karnataka",Beauty|Hair Serum|549,1
ORD-20261003-0329,03/10/2026 13:28,Ananya,YADAV,"  Surat, Gujarat ",Electronics|Power Bank|899,1
ORD-20261003-2707,03/10/2026 13:59,Karan,sinha,"hyderabad, telangana",Fashion|Sunglasses|999,1
ORD-20261003-2303,03/10/2026 18:49,Aarav,  Sinha ,"Ahmedabad, Gujarat",Home And Kitchen|Steel Water Bottle|399,4
ORD-20261003-3861,03/10/2026 09:44,  Pooja ,tiwari,"Mysuru, Karnataka",Home And Kitchen|Storage Box|299,1
ORD-20261003-4723,2026-10-03 22:44:41,Nisha,nair,"Bengaluru, Karnataka",Beauty|Sunscreen|449,2
ORD-20261003-2875,2026-10-03 13:42:35,isha,Mishra,,Beauty|Sunscreen|449,1
ORD-20261003-1009,03/10/2026 17:12,  Hetal ,Iyer,"Pune, Maharashtra",Fashion|Cotton Kurta|799,1
ORD-20261003-1361,03/10/2026 21:44,Sai,  Saxena ,"jaipur, rajasthan",Home And Kitchen|Non Stick Pan|1099,1
ORD-20261003-4334,03-10-2026 13:35,Nisha,modi,"Ahmedabad, Gujarat",Home And Kitchen|Wall Clock|649,1
ORD-20261003-3480,03/10/2026 13:09,Payal,Pillai,"Pune, Maharashtra",Fashion|Sunglasses|999,1
ORD-20261003-0260,03/10/2026 22:55,Rohan,Chauhan,"Nagpur, Maharashtra",Fashion|Sunglasses|999,
ORD-20261003-2862,03-10-2026 21:06,ishaan,Pawar,"CHENNAI, TAMIL NADU",Home And Kitchen|Wall Clock|649,3
ORD-20261003-0241,03-10-2026 14:14,Dhruv,Thakkar,"Lucknow, Uttar Pradesh",Electronics|Power Bank|899,2
ORD-20261003-3371,2026-10-03 18:42:28,Palak,Das,"Pune, Maharashtra",Electronics|Wireless Earbuds|1299,1
ORD-20261003-2688,2026-10-03 13:18:37,KRITI,Joshi,"CHENNAI, TAMIL NADU",Beauty|Perfume|1299,1
ORD-20261003-0782,2026-10-03 11:07:40,YASH,Kapoor,"Mumbai, Maharashtra",Fashion|Running Shoes|2199,3
ORD-20261003-2666,03/10/2026 20:21,Ishaan,bansal,"jaipur, rajasthan",Home And Kitchen|Wall Clock|649,0
ORD-20261003-3207,03/10/2026 20:42,Aryan,Sharma,"CHENNAI, TAMIL NADU",Home And Kitchen|Bedsheet Set|1499,1
ORD-20261003-2916,2026-10-03 13:11:12,jay,,"  Surat, Gujarat ",Sports|Skipping Rope|199,1
ORD-20261003-3828,2026-10-03 21:26:00,rahul,  Modi ,"Bengaluru, Karnataka",Beauty|Lipstick|399,1
ORD-20261003-1707,03/10/2026 20:28,Sneha,Agarwal,"Ahmedabad, Gujarat",Electronics|Laptop Stand|749, 3 
ORD-20261003-1027,03/10/2026 13:47,MIHIR,SINHA,"Lucknow, Uttar Pradesh",Beauty|Lipstick|399,4
ORD-20261003-4597,2026-10-03 19:40:53,hetal,sinha,,Fashion|Running Shoes|2199,1
ORD-20261003-0232,2026-10-03 08:47:30,Sai,  Mukherjee ,"Kolkata, West Bengal",Fashion|Cotton Kurta|799,4
ORD-20261003-2031,2026-10-03 18:16:23,Divya,Thakkar,"Pune, Maharashtra",Fashion|Denim Jeans|1199,5
ORD-20261003-3924,2026-10-03 07:46:55,,GUPTA,"Delhi, Delhi",Electronics|Smart Watch|2499,4
ORD-20261003-3221,03-10-2026 20:36,Mansi,Verma,"mumbai, maharashtra",Fashion|Running Shoes|2199,2
ORD-20261003-0698,03-10-2026 12:32,SAI,yadav,"  Mumbai, Maharashtra ",Home And Kitchen|Bedsheet Set|1499,1
ORD-20261003-2856,2026-10-03 13:03:22,arjun,nair,"  Delhi, Delhi ",Sports|Cricket Bat|1599,1
ORD-20261003-0963,03/10/2026 18:57,ANANYA,Tiwari,"DELHI, DELHI",Electronics|Smart Watch|2499,1
ORD-20261003-4123,2026-10-03 21:18:56,Atharv,kumar,"BENGALURU, KARNATAKA",Fashion|Denim Jeans|1199,1
ORD-20261003-2013,03/10/2025 23:10,Aadhya,  Kalavadia ,"Chennai, Tamil Nadu",Fashion|Denim Jeans|1199,-1
ORD-20261003-1344,2026-10-03 23:03:15,Divya,KALAVADIA,"surat, gujarat",Electronics|Bluetooth Speaker|1799,1.0
ORD-20261003-4433,2026-10-03 13:22:12,Krupa,Kapoor,"Chennai, Tamil Nadu",Electronics|Power Bank|899, 6 
ORD-20261003-1537,03/10/2026 16:52,Vikas,gupta,"MUMBAI, MAHARASHTRA",Sports|Football|799,2
ORD-20261003-4466,2026-10-03 15:17:48,Varun,PAWAR,"Delhi, Delhi",Electronics|Wireless Earbuds|1299,1
ORD-20261003-2691,03/10/2026 08:14,Pranav,Shah,"hyderabad, telangana",Electronics|Smart Watch|2499,5
ORD-20261003-4383,03/10/2026 20:24,  Arjun ,Das,"Chennai, Tamil Nadu",Sports|Football|799,6
ORD-20261003-4174,03/10/2026 03:29,Vivaan,Sinha,"Pune, Maharashtra",Home And Kitchen|Steel Water Bottle|399,1
ORD-20261003-2344,03/10/2026 18:38,parth,pawar,"Bengaluru, Karnataka",Electronics|Smart Watch|2499,1
ORD-20261003-4765,03/10/2062 20:55,NIKHIL,kalavadia,"Mysuru, Karnataka",Sports|Skipping Rope|199,0
ORD-20261003-4332,03-10-2026 21:55,Divya,Patil,"mumbai, maharashtra",Electronics|Bluetooth Speaker|1799,1.0
ORD-20261003-1203,03/10/2026 08:23,Yash,Menon,"Kolkata, West Bengal",Beauty|Perfume|1299,1
ORD-20261003-3276,03/10/2026 21:39,megha,desai,"bengaluru, karnataka",Electronics|Bluetooth Speaker|1799,6
ORD-20261003-0575,03/10/2026 20:49,Tanvi,Pawar,"mumbai, maharashtra",Fashion|Running Shoes|2199,1
ORD-20261003-0327,03-10-2026 20:26,Kavya,Shah,"DELHI, DELHI",Electronics|Laptop Stand|749, 2 
ORD-20261003-1870,2026-10-03 19:46:43,TUSHAR,MEHTA,"Surat, Gujarat",Home And Kitchen|Non Stick Pan|1099,2
ORD-20261003-1438,2026-10-03 03:01:48,Divya,Mukherjee,"mumbai, maharashtra",Sports|Cricket Bat|1599,-2
ORD-20261003-1787,03/10/2026 19:09,,Thakkar,"Pune, Maharashtra",Fashion|Leather Wallet|499,1
ORD-20261003-2542,03/10/2026 21:36,  Ayaan ,  Rao ,,Sports|Cricket Bat|1599,2
ORD-20261003-4462,2026-10-03 09:58:32,Anjali,PAWAR,"Delhi, Delhi",Home And Kitchen|Wall Clock|649,1
ORD-20261003-1179,03/10/2026 14:31,TANVI,pandya,"Surat, Gujarat",Fashion|Leather Wallet|499,5
ORD-20261003-1866,03/10/2026 15:31,janvi,Iyer,"  Delhi, Delhi ",Sports|Skipping Rope|199,1
ORD-20261003-1356,2026-10-03 11:39:58,Dhwani,mehta,"Bengaluru, Karnataka",Beauty|Face Wash|249,5
ORD-20261003-1446,03-10-2026 10:48,Sneha,  Pillai ,"Delhi, Delhi",Electronics|Wireless Earbuds|1299,5
ORD-20261003-1219,2026-10-03 14:23:05,Kabir,Kulkarni,"  Ahmedabad, Gujarat ",Fashion|Cotton Kurta|799,
ORD-20261003-3107,03/10/2026 03:34,jay,Rathod,"bengaluru, karnataka",Fashion|Sunglasses|999,1
ORD-20261003-2660,03/10/2026 18:29,  Kriti ,Malhotra,"hyderabad, telangana",Fashion|Cotton Kurta|799,3
ORD-20261003-2600,03/10/2026 20:31,MEGHA,Gupta,"DELHI, DELHI",Electronics|Smart Watch|2499,1
ORD-20261003-1808,03-10-2026 22:24,Om,chauhan,"Vadodara, Gujarat",Beauty|Perfume|1299,2.0
ORD-20261003-4296,03/10/2026 11:58,Karan,Sharma,"Chennai, Tamil Nadu",Fashion|Running Shoes|2199,5
ORD-20261003-1151,03-10-2026 03:58,Dev,solanki,"Kolkata, West Bengal",Sports|Yoga Mat|699,2.0
ORD-20261003-4290,2026-10-03 16:42:05,ROHAN,Iyer,"  Mumbai, Maharashtra ",Home And Kitchen|Steel Water Bottle|399,2
ORD-20261003-3741,03-10-2026 16:23,  Advik ,Tiwari,"Hyderabad, Telangana",Sports|Football|799,1
ORD-20261003-1530,2026-10-03 14:18:28,Advik,Vyas,"Jaipur, Rajasthan",Home And Kitchen|Wall Clock|649,2
ORD-20261003-0596,03/10/2026 15:24,Swati,Parmar,"NAGPUR, MAHARASHTRA",Home And Kitchen|Non Stick Pan|1099,1
ORD-20261003-4171,03-10-2026 19:39,Pooja,Jain,"Surat, Gujarat",Fashion|Denim Jeans|1199,2
ORD-20261003-3589,2026-10-03 11:46:31,roshni,Mehta,"BENGALURU, KARNATAKA",Electronics|Bluetooth Speaker|1799,2
ORD-20261003-3046,2026-10-03 20:46:24,Aryan,desai,"Ahmedabad, Gujarat",Beauty|Perfume|1299,2
ORD-20261003-1816,03/10/2026 10:00,KARAN,Sharma,,Fashion|Running Shoes|2199,4
ORD-20261003-2463,2026-10-03 09:46:58,pari,Ghosh,"LUCKNOW, UTTAR PRADESH",Beauty|Face Wash|249,1
ORD-20261003-4560,2026-10-03 12:19:00,Amit,Gupta,"Hyderabad, Telangana",Fashion|Denim Jeans|1199,4
ORD-20261003-0044,2026-10-03 10:59:15,Atharv,Das,"Surat, Gujarat",Home And Kitchen|Wall Clock|649,1
ORD-20261003-1457,2026-10-03 20:11:05,Palak,Verma,"Pune, Maharashtra",Sports|Skipping Rope|199,1
ORD-20261003-1489,03/10/2026 06:46,ISHA,  Menon ,"  Lucknow, Uttar Pradesh ",Electronics|Power Bank|899,2
ORD-20261003-4777,03/10/2026 12:19,Khushi,arora,"Surat, Gujarat",Home And Kitchen|Wall Clock|649,1
ORD-20261003-1226,03/10/2026 21:04,Neel,trivedi,"Chennai, Tamil Nadu",Home And Kitchen|Storage Box|299,1.0
ORD-20261003-3137,03/10/2026 13:29,rahul,Modi,"Coimbatore, Tamil Nadu",Electronics|Wireless Earbuds|1299,5
ORD-20261003-4429,03/10/2026 10:02,Neha,Bansal,"BENGALURU, KARNATAKA",Sports|Football|799,2
ORD-20261003-4241,03/10/2026 14:40,dhwani,Mukherjee,"Mysuru, Karnataka",Fashion|Leather Wallet|499,1
ORD-20261003-1503,03-10-2026 17:41,  Hetal ,Patil,"Kolkata, West Bengal",Electronics|Wireless Earbuds|1299,1
ORD-20261003-4360,03-10-2026 11:03,Ayaan,Chaudhary,"pune, maharashtra",Home And Kitchen|Steel Water Bottle|399,3
ORD-20261003-3967,03/10/2026 23:58,Rohan,Modi,"  Mumbai, Maharashtra ",Home And Kitchen|Wall Clock|649,3
ORD-20261003-4485,03/10/2026 19:04,  Aryan ,kulkarni,"Jaipur, Rajasthan",Electronics|Laptop Stand|749,0
ORD-20261003-1183,03/10/2026 08:59,Ayaan,Pandya,"Mumbai, Maharashtra",Beauty|Hair Serum|549,1
ORD-20261003-0681,03/10/2026 22:11,NIKHIL,Bansal,"Hyderabad, Telangana",Fashion|Cotton Kurta|799,1
ORD-20261003-3798,03-10-2026 20:08,Rajesh,kapoor,"Bengaluru, Karnataka",Beauty|Perfume|1299,1
ORD-20261003-4850,2026-10-03 20:42:07,Krishna,  Thakkar ,"Vadodara, Gujarat",Electronics|Wireless Earbuds|1299,1
ORD-20261003-3452,03/10/2026 17:25,Aryan,Saxena,"Kolkata, West Bengal",Fashion|Denim Jeans|1199,1
ORD-20261003-2267,03-10-2026 10:36,Mansi,DAS,"Mumbai, Maharashtra",Home And Kitchen|Wall Clock|649,2
ORD-20261003-2918,2026-10-03 03:04:07,Nikhil,Iyer,"Kolkata, West Bengal",Beauty|Face Wash|249, 3 
ORD-20261003-3713,03-10-2026 14:23,Krishna,Ghosh,"Surat, Gujarat",Fashion|Running Shoes|2199,1
ORD-20261003-3317,03/10/2026 19:54,Karan,  Das ,"KOLKATA, WEST BENGAL",Beauty|Hair Serum|549,1
ORD-20261003-1384,03/10/2026 19:45,  Aadhya ,,"  Mumbai, Maharashtra ",Home And Kitchen|Bedsheet Set|1499,4
ORD-20261003-1445,03/10/2026 19:16,Amit,Kapoor,"Mumbai, Maharashtra",Fashion|Running Shoes|2199,4
ORD-20261003-4279,2026-10-03 10:38:42,Tushar,Nair,"Mumbai, Maharashtra",Beauty|Sunscreen|449,1
ORD-20261003-3731,03/10/2026 16:02,varun,gupta,"DELHI, DELHI",Electronics|Wireless Earbuds|1299,3
ORD-20261003-2928,03/10/2026 12:18,Anika,Dubey,"Lucknow, Uttar Pradesh",Electronics|Laptop Stand|749,
ORD-20261003-0270,2026-10-03 19:42:24,Gaurav,shah,"Hyderabad, Telangana",Beauty|Perfume|1299,2.0
ORD-20261003-3442,03/10/2026 13:57,Sneha,  Bhatt ,"  Bengaluru, Karnataka ",Sports|Yoga Mat|699,3.0
ORD-20261003-4164,03/10/2026 13:44,reyansh,Malhotra,"Chennai, Tamil Nadu",Home And Kitchen|Steel Water Bottle|399,1
ORD-20261003-3935,2026-10-03 19:45:10,Mihir,,"Jaipur, Rajasthan",Home And Kitchen|Storage Box|299,3
ORD-20261003-1028,2026-10-03 13:58:25,  Kriti ,Pandya,"NAGPUR, MAHARASHTRA",Sports|Skipping Rope|199,3
ORD-20261003-3792,03-10-2026 10:19,  Aditya ,solanki,"Pune, Maharashtra",Fashion|Denim Jeans|1199,1
ORD-20261003-0275,03/10/2026 11:40,Ishaan,Rathod,"  Jaipur, Rajasthan ",Electronics|Bluetooth Speaker|1799, 2 
ORD-20261003-0037,2026-10-03 18:12:48,DIVYA,,"Ahmedabad, Gujarat",Home And Kitchen|Steel Water Bottle|399,2
ORD-20261003-3006,03/10/2026 19:47,Kabir,Chopra,"MUMBAI, MAHARASHTRA",Electronics|Laptop Stand|749,1
ORD-20261003-2783,2026-10-03 18:06:19,Janvi,Modi,"Delhi, Delhi",Fashion|Leather Wallet|499,3
ORD-20261003-3521,2026-10-03 12:36:01,vihaan,PARMAR,"Pune, Maharashtra",Home And Kitchen|Non Stick Pan|1099,3
ORD-20261003-4606,2026-10-03 16:40:50,aanya,SAXENA,"Ahmedabad, Gujarat",Beauty|Perfume|1299,6
ORD-20261003-0894,03-10-2026 01:57,Isha,DUBEY,"BENGALURU, KARNATAKA",Fashion|Leather Wallet|499,2
ORD-20261003-3841,03/10/2026 16:58,komal,,"Delhi, Delhi",Home And Kitchen|Steel Water Bottle|399,1
ORD-20261003-0662,03/10/2026 18:57,simran,Menon,"delhi, delhi",Electronics|Wireless Earbuds|1299,1
ORD-20261003-3639,03/10/2026 21:13,Khushi,Chopra,"Delhi, Delhi",Beauty|Hair Serum|549,
ORD-20261003-1467,03/10/2026 09:46,Aryan,pawar,"Jaipur, Rajasthan",Home And Kitchen|Bedsheet Set|1499,2.0
ORD-20261003-0679,03/10/2026 22:06,Karan,Modi,"Bengaluru, Karnataka",Fashion|Denim Jeans|1199,1
ORD-20261003-3427,2026-10-03 11:49:20,  Vikas ,trivedi,"Mysuru, Karnataka",Home And Kitchen|Non Stick Pan|1099,6
ORD-20261003-2305,03/10/2026 19:31,Om,Mishra,"ahmedabad, gujarat",Fashion|Leather Wallet|499,1
ORD-20261003-0123,03/10/2025 16:54,Sara,Singh,"Nagpur, Maharashtra",Fashion|Cotton Kurta|799,2
ORD-20261003-3228,03/10/2026 14:39,Parth,saxena,"Delhi, Delhi",Fashion|Denim Jeans|1199,2
ORD-20261003-1311,2026-10-03 11:47:15,Simran,Tiwari,"Jaipur, Rajasthan",Fashion|Denim Jeans|1199,1
ORD-20261003-1510,03/10/2026 16:59,,  Joshi ,"Bengaluru, Karnataka",Fashion|Sunglasses|999,2
ORD-20261003-2094,2026-10-03 16:21:20,atharv,Chaudhary,"Nagpur, Maharashtra",Fashion|Running Shoes|2199,2
ORD-20261003-0568,03/10/2026 09:29,komal,Thakkar,"Delhi, Delhi",Fashion|Cotton Kurta|799,2
ORD-20261003-1026,2026-10-03 10:38:04,Nikhil,kumar,"Lucknow, Uttar Pradesh",Beauty|Perfume|1299,1
ORD-20261003-1313,03/10/2026 23:51,Sara,reddy,"Pune, Maharashtra",Fashion|Cotton Kurta|799,1
ORD-20261003-0538,2026-10-03 19:07:28,Krishna,Arora,"Surat, Gujarat",Fashion|Denim Jeans|1199,2
ORD-20261003-1995,03/10/2026 12:32,Shaurya,dubey,"Pune, Maharashtra",Electronics|Smart Watch|2499,6
ORD-20261003-0345,03/10/2026 21:35,Harsh,Agarwal,"Surat, Gujarat",Electronics|Wireless Earbuds|1299,1
ORD-20261003-4678,03-10-2026 10:07,Rajesh,Bhatt,"  Delhi, Delhi ",Fashion|Running Shoes|2199,1
ORD-20261003-4596,2026-10-03 14:42:57,om,Tiwari,,Home And Kitchen|Non Stick Pan|1099,2
ORD-20261003-4049,03-10-2026 15:31,amit,  Chauhan ,"mumbai, maharashtra",Fashion|Sunglasses|999,2
ORD-20261003-2787,2026-10-03 11:45:42,Isha,Mukherjee,"  Hyderabad, Telangana ",Electronics|Laptop Stand|749,3
ORD-20261003-3105,03-10-2026 22:27,  Harsh ,KHANNA,"  Mumbai, Maharashtra ",Fashion|Running Shoes|2199,2
ORD-20261003-1738,2026-10-03 12:29:17,Kunal,Parmar,"Hyderabad, Telangana",Beauty|Perfume|1299,2
ORD-20261003-0214,03/10/2026 12:14,Tushar,Tiwari,"chennai, tamil nadu",Home And Kitchen|Non Stick Pan|1099,3
ORD-20261003-0251,2026-10-03 18:23:09,tanvi,GUPTA,"Kolkata, West Bengal",Electronics|Wireless Earbuds|1299,1
ORD-20261003-4701,03-10-2026 10:40,kriti,Verma,"Surat, Gujarat",Electronics|Power Bank|899,1
ORD-20261003-1235,03/10/2026 09:47,Kunal,Ghosh,"Mysuru, Karnataka",Sports|Dumbbell Set|1899,1
ORD-20261003-2651,2026-10-03 14:53:23,shaurya,Reddy,"Nagpur, Maharashtra",Home And Kitchen|Storage Box|299,2
ORD-20261003-0062,03-10-2026 20:16,Shreya,verma,"Lucknow, Uttar Pradesh",Sports|Dumbbell Set|1899,1
ORD-20261003-0490,30/02/2026 15:41,KRUPA,Reddy,"hyderabad, telangana",Beauty|Hair Serum|549,4
ORD-20261003-3946,03-10-2026 18:16,Anjali,Kapoor,"mysuru, karnataka",Sports|Football|799,3
ORD-20261003-0937,2026-10-03 10:34:58,Parth,Kapoor,"pune, maharashtra",Electronics|Wireless Earbuds|1299,1
ORD-20261003-2189,03-10-2026 05:04,Krupa,Bhatt,"Delhi, Delhi",Home And Kitchen|Storage Box|299,1
ORD-20261003-2764,2026-10-03 17:13:54,  Arjun ,Kapoor,"Hyderabad, Telangana",Fashion|Denim Jeans|1199,1
ORD-20261003-3466,03/10/2026 16:53,mihir,Verma,"Lucknow, Uttar Pradesh",Home And Kitchen|Steel Water Bottle|399,4
ORD-20261003-0534,03/10/2026 17:49,Ayaan,Thakkar,"  Mysuru, Karnataka ",Beauty|Perfume|1299,2
ORD-20261003-1556,2026-10-03 12:05:02,Nikhil,kapoor,"bengaluru, karnataka",Home And Kitchen|Storage Box|299,1
ORD-20261003-1803,03/10/2026 19:33,Myra,Kumar,"Chennai, Tamil Nadu",Fashion|Running Shoes|2199,1
ORD-20261003-4703,03-10-2026 09:52,Saanvi,Bose,"chennai, tamil nadu",Fashion|Denim Jeans|1199,1
ORD-20261003-3588,03/10/2062 19:13,PRANAV,Jain,"mumbai, maharashtra",Sports|Football|799, 4 
ORD-20261003-2920,03/10/2026 19:59,komal,reddy,"Delhi, Delhi",Fashion|Sunglasses|999,1
ORD-20261003-0338,03-10-2026 00:44,arjun,Srivastava,"DELHI, DELHI",Fashion|Cotton Kurta|799,4
ORD-20261003-1093,03/10/2026 21:58,deepak,Iyer,"Hyderabad, Telangana",Electronics|Smart Watch|2499,1
ORD-20261003-0324,03/10/2026 12:31,Krishna,Reddy,"Delhi, Delhi",Fashion|Cotton Kurta|799,2
ORD-20261003-1639,03/10/2026 18:34,neha,mukherjee,"Mysuru, Karnataka",Fashion|Sunglasses|999,1
ORD-20261003-4202,2026-10-03 13:31:00,Sara,Nair,"Kolkata, West Bengal",Sports|Skipping Rope|199,1
ORD-20261003-1584,2026-10-03 14:59:33,NIDHI,YADAV,"Coimbatore, Tamil Nadu",Fashion|Denim Jeans|1199,6
ORD-20261003-2846,03/10/2026 20:41,Navya,Shah,"Kolkata, West Bengal",Fashion|Denim Jeans|1199,3
ORD-20261003-0350,2026-10-03 11:01:37,aanya,Vyas,"DELHI, DELHI",Beauty|Face Wash|249,2
ORD-20261003-1419,03/10/2026 11:24,  Ayaan ,Thakkar,"Lucknow, Uttar Pradesh",Beauty|Face Wash|249,2
ORD-20261003-2970,2026-10-03 13:10:35,pranav,Rao,"Chennai, Tamil Nadu",Beauty|Face Wash|249,1
ORD-20261003-1084,2026-10-03 23:16:10,Ananya,rao,"Bengaluru, Karnataka",Home And Kitchen|Bedsheet Set|1499,1
ORD-20261003-2924,2026-10-03 23:08:11,  Ritu ,AGARWAL,"  Mumbai, Maharashtra ",Fashion|Cotton Kurta|799,1
ORD-20261003-0288,2026-10-03 15:47:55,Dhruv,Srivastava,"  Mysuru, Karnataka ",Electronics|Power Bank|899,3
ORD-20261003-3749,03-10-2026 09:07,Roshni,Vyas,"vadodara, gujarat",Beauty|Lipstick|399,4
ORD-20261003-3790,2026-10-03 10:02:01,Kavya,Mukherjee,"bengaluru, karnataka",Fashion|Leather Wallet|499,3
ORD-20261003-0807,2026-10-03 12:53:21,Navya,Trivedi,"  Ahmedabad, Gujarat ",Home And Kitchen|Bedsheet Set|1499,1
ORD-20261003-1916,03/10/2026 09:50,Om,Vyas,"Jaipur, Rajasthan",Fashion|Cotton Kurta|799,1
ORD-20261003-2245,2026-10-03 01:19:21,Megha,shah,"KOLKATA, WEST BENGAL",Fashion|Cotton Kurta|799,4
ORD-20261003-2671,2026-10-03 12:20:49,tushar,Pawar,"  Kolkata, West Bengal ",Fashion|Cotton Kurta|799,3
ORD-20261003-0009,03/10/2026 14:34,Om,kapoor,"Surat, Gujarat",Home And Kitchen|Non Stick Pan|1099,1
ORD-20261003-0686,03-10-2026 20:13,Saanvi,  Malhotra ,"Pune, Maharashtra",Home And Kitchen|Wall Clock|649,2
ORD-20261003-1769,2026-10-03 13:42:36,Komal,mehta,"Mumbai, Maharashtra",Sports|Cricket Bat|1599,1
ORD-20261003-3552,2026-10-03 17:53:21,Divya,Parmar,"Surat, Gujarat",Electronics|Smart Watch|2499,1
ORD-20261003-0255,2026-10-03 20:31:51,Ananya,Yadav,"  Surat, Gujarat ",Beauty|Hair Serum|549,2
ORD-20261003-3201,03/10/2026 19:18,NEHA,sinha,"Chennai, Tamil Nadu",Electronics|Wireless Earbuds|1299,4
ORD-20261003-0656,03/10/2026 13:51,PARTH,Agarwal,"vadodara, gujarat",Fashion|Sunglasses|999,4
ORD-20261003-2237,2026-10-03 11:57:39,anjali,bansal,"JAIPUR, RAJASTHAN",Fashion|Sunglasses|999,4
ORD-20261003-3668,2026-10-03 19:08:41,Pari,Kulkarni,"Bengaluru, Karnataka",Sports|Skipping Rope|199,3
ORD-20261003-1149,03-10-2026 08:51,Myra,Pandya,"Delhi, Delhi",Fashion|Leather Wallet|499,1
ORD-20261003-0715,03/10/2026 14:35,ISHAAN,  Malhotra ,"Bengaluru, Karnataka",Beauty|Sunscreen|449,1
ORD-20261003-2336,2026-10-03 10:10:23,Neel,Rao,"Pune, Maharashtra",Fashion|Running Shoes|2199,5
ORD-20261003-3325,2026-10-03 11:46:38,arjun,Dubey,"Kolkata, West Bengal",Sports|Football|799,1
ORD-20261003-2113,03-10-2026 16:31,Riya,SHARMA,"Nagpur, Maharashtra",Fashion|Denim Jeans|1199,4
ORD-20261003-3482,03/10/2026 16:41,Aanya,trivedi,"DELHI, DELHI",Beauty|Sunscreen|449,1
ORD-20261003-1959,03-10-2026 08:28,Saanvi,  Malhotra ,"Mumbai, Maharashtra",Electronics|Bluetooth Speaker|1799,2
ORD-20261003-3666,03/10/2026 01:05,  Vikas ,Singh,"  Kolkata, West Bengal ",Electronics|Bluetooth Speaker|1799,4
ORD-20261003-4067,03/10/2026 10:33,Krupa,kapoor,"  Chennai, Tamil Nadu ",Fashion|Sunglasses|999,1
ORD-20261003-3345,03/10/2026 18:24,Aditya,Rao,"Kolkata, West Bengal",Electronics|Laptop Stand|749,3
ORD-20261003-2010,03/10/2026 21:23,Ayaan,Chopra,"Chennai, Tamil Nadu",Home And Kitchen|Steel Water Bottle|399,3
ORD-20261003-4474,03/10/2026 12:28,SARA,Thakkar,"Mumbai, Maharashtra",Beauty|Lipstick|399,1
ORD-20261003-3568,2026-10-03 08:52:48,Gaurav,Iyer,"  Mumbai, Maharashtra ",Fashion|Leather Wallet|499,2
ORD-20261003-3001,2026-10-03 21:59:28,Sai,  Pillai ,"Chennai, Tamil Nadu",Home And Kitchen|Storage Box|299,1
ORD-20261003-2421,03/10/2026 20:15,priya,GHOSH,,Sports|Cricket Bat|1599,3
ORD-20261003-4281,03/10/2026 18:12,  Riya ,Kalavadia,"coimbatore, tamil nadu",Fashion|Running Shoes|2199,1
ORD-20261003-2938,2026-10-03 20:41:24,parth,  Bhatt ,"Mumbai, Maharashtra",Fashion|Running Shoes|2199,1
ORD-20261003-0770,2026-10-03 13:21:24,Hetal,Dubey,"  Hyderabad, Telangana ",Sports|Football|799,2
ORD-20261003-0765,03/10/2026 15:21,Vihaan,Thakkar,"Mumbai, Maharashtra",Electronics|Wireless Earbuds|1299,1
ORD-20261003-3598,03/10/2026 20:54,  Kriti ,menon,"  Vadodara, Gujarat ",Beauty|Hair Serum|549,1
ORD-20261003-4416,2026-10-03 00:06:32,  Yash ,  Das ,"Delhi, Delhi",Electronics|Wireless Earbuds|1299,2
ORD-20261003-3748,2026-10-03 13:36:32,Janvi,Singh,"Lucknow, Uttar Pradesh",Electronics|Laptop Stand|749,1
ORD-20261003-0624,2026-10-03 09:49:58,Rohan,Gupta,"  Pune, Maharashtra ",Sports|Football|799,2.0
ORD-20261003-3319,03/10/2026 21:56,aditya,MUKHERJEE,"Hyderabad, Telangana",Sports|Football|799,2
ORD-20261003-0003,2026-10-03 08:47:11,Krishna,Chauhan,"Chennai, Tamil Nadu",Fashion|Sunglasses|999,1
ORD-20261003-1402,2026-10-03 21:59:08,Nisha,Chopra,"jaipur, rajasthan",Electronics|Smart Watch|2499,2
ORD-20261003-4153,2026-10-03 20:16:59,Aadhya,  Tiwari ,"Lucknow, Uttar Pradesh",Fashion|Sunglasses|999,4.0
ORD-20261003-2996,03-10-2026 17:32,Sai,Desai,"  Mumbai, Maharashtra ",Home And Kitchen|Storage Box|299,1
ORD-20261003-0457,03-10-2026 18:10,aanya,mukherjee,"Ahmedabad, Gujarat",Beauty|Hair Serum|549, 6 
ORD-20261003-2353,03-10-2026 23:11,  Aditya ,Solanki,"Mumbai, Maharashtra",Sports|Cricket Bat|1599,6
ORD-20261003-2831,03/10/2026 12:57,Nikhil,Pillai,"Mumbai, Maharashtra",Sports|Yoga Mat|699,6
ORD-20261003-3943,,Nisha,Reddy,"Vadodara, Gujarat",Beauty|Perfume|1299,1
ORD-20261003-1778,2026-10-03 17:18:34,ADVIK,pandya,"mysuru, karnataka",Home And Kitchen|Steel Water Bottle|399,2
ORD-20261003-3991,03/10/2026 20:12,  Rohan ,Gupta,"PUNE, MAHARASHTRA",Electronics|Bluetooth Speaker|1799,4.0
ORD-20261003-0864,03-10-2026 12:32,payal,Ghosh,"  Mumbai, Maharashtra ",Sports|Dumbbell Set|1899,0
ORD-20261003-2055,03/10/2026 21:31,Advik,Arora,"  Ahmedabad, Gujarat ",Home And Kitchen|Wall Clock|649,1
ORD-20261003-3478,03/10/2026 23:31,simran,THAKKAR,"Pune, Maharashtra",Home And Kitchen|Non Stick Pan|1099,2
ORD-20261003-3114,03/10/2026 12:25,atharv,Bansal,"Chennai, Tamil Nadu",Home And Kitchen|Storage Box|299,4
ORD-20261003-3018,03/10/2026 10:06,ishaan,Pawar,"Ahmedabad, Gujarat",Electronics|Smart Watch|2499,1
ORD-20261003-2104,03-10-2026 08:57,amit,Pandya,"Delhi, Delhi",Sports|Football|799,1
ORD-20261003-0349,03-10-2026 22:37,Gaurav,SOLANKI,"  Bengaluru, Karnataka ",Home And Kitchen|Storage Box|299,1
ORD-20261003-0096,2026-10-03 22:35:57,Riya,Saxena,,Electronics|Laptop Stand|749,1
ORD-20261003-2845,03/10/2026 11:30,Advik,  Pandya ,"Mumbai, Maharashtra",Home And Kitchen|Storage Box|299,1
ORD-20261003-3395,03/10/2026 20:10,Kavya,,"mumbai, maharashtra",Beauty|Hair Serum|549,1
ORD-20261003-0629,03/10/2026 17:31,Advik,Mehta,"Chennai, Tamil Nadu",Fashion|Denim Jeans|1199,3
ORD-20261003-4333,03/10/2026 00:03,MEGHA,Joshi,"kolkata, west bengal",Fashion|Cotton Kurta|799, 5 
ORD-20261003-4225,03/10/2026 20:08,Rudra,Pawar,"mumbai, maharashtra",Fashion|Cotton Kurta|799,1
ORD-20261003-2802,2026-10-03 13:46:32,Krishna,  Iyer ,"Chennai, Tamil Nadu",Fashion|Sunglasses|999,1
ORD-20261003-2054,2026-10-03 14:39:03,Tushar,Saxena,"Vadodara, Gujarat",Beauty|Hair Serum|549,2
ORD-20261003-2854,2026-10-03 20:38:18,Krishna,  Bose ,"Surat, Gujarat",Fashion|Leather Wallet|499,1
ORD-20261003-4805,03/10/2026 23:14,  Ayaan ,Reddy,"Surat, Gujarat",Fashion|Denim Jeans|1199,2
ORD-20261003-4607,03/10/2026 21:05,varun,SINGH,"Mumbai, Maharashtra",Fashion|Sunglasses|999,three
ORD-20261003-2670,03-10-2026 07:57,kunal,SHARMA,"coimbatore, tamil nadu",Fashion|Leather Wallet|499,2
ORD-20261003-0834,03/10/2026 14:31,Sai,chaudhary,"chennai, tamil nadu",Sports|Skipping Rope|199,1
ORD-20261003-3423,03/10/2026 13:49,Swati,Menon,"Pune, Maharashtra",Home And Kitchen|Steel Water Bottle|399,-2
ORD-20261003-4478,03/10/2026 08:25,Shreya,pillai,"lucknow, uttar pradesh",Electronics|Power Bank|899,1
ORD-20261003-2375,2026-10-03 13:30:55,dhwani,,"Bengaluru, Karnataka",Fashion|Denim Jeans|1199,1
ORD-20261003-4215,03/10/2026 20:14,  Pranav ,Nair,"Surat, Gujarat",Beauty|Sunscreen|449,4.0
ORD-20261003-3730,2026-10-03 23:10:23,SWATI,kumar,"Kolkata, West Bengal",Sports|Skipping Rope|199, 1 
ORD-20261003-1169,2026-10-03 18:49:33,Riya,Solanki,"ahmedabad, gujarat",Fashion|Running Shoes|2199,one
ORD-20261003-4469,2026-10-03 17:06:12,Sneha,  Joshi ,"SURAT, GUJARAT",Fashion|Denim Jeans|1199,1
ORD-20261003-0790,2026-10-03 21:31:58,Shaurya,Rathod,N/A,Beauty|Lipstick|399,5
ORD-20261003-0797,03-10-2026 16:02,Sneha,Patil,"kolkata, west bengal",Beauty|Lipstick|399,2
ORD-20261003-3892,2026-10-03 21:44:19,Neha,Solanki,"BENGALURU, KARNATAKA",Home And Kitchen|Bedsheet Set|1499,2
ORD-20261003-2800,03/10/2026 16:14,  Dhruv ,REDDY,"hyderabad, telangana",Electronics|Smart Watch|2499,1
ORD-20261003-3852,03-10-2026 23:38,Divya,DUBEY,"Surat, Gujarat",Fashion|Sunglasses|999,4
ORD-20261003-4667,03-10-2026 19:41,Arjun,,"Surat, Gujarat",Fashion|Sunglasses|999,1
ORD-20261003-1250,03/10/2026 08:30,Parth,Nair,"Pune, Maharashtra",Fashion|Cotton Kurta|799,3
ORD-20261003-1926,03/10/2026 20:34,suresh,Sharma,"Hyderabad, Telangana",Electronics|Laptop Stand|749,3.0
ORD-20261003-1396,03-10-2026 07:06,aarav,Modi,"Bengaluru, Karnataka",Home And Kitchen|Wall Clock|649, 4 
ORD-20261003-0964,2026-10-03 16:28:10,ritu,Bansal,"Mysuru, Karnataka",Beauty|Perfume|1299,3
ORD-20261003-1003,03/10/2026 21:38,Pranav,bose,"Hyderabad, Telangana",Sports|Football|799,1
ORD-20261003-3672,2026-10-03 07:29:13,Aarav,Pillai,"  Mysuru, Karnataka ",Fashion|Running Shoes|2199,1
ORD-20261003-1007,03-10-2026 20:25,  Kabir ,Nair,"kolkata, west bengal",Home And Kitchen|Storage Box|299,1
ORD-20261003-4452,03-10-2026 16:27,Janvi,Rao,"Lucknow, Uttar Pradesh",Electronics|Laptop Stand|749,1
ORD-20261003-2549,03/10/2026 23:03,  Komal ,  Pillai ,"Ahmedabad, Gujarat",,2
ORD-20261003-1829,2026-10-03 02:19:34,Khushi,rathod,"Mumbai, Maharashtra",Electronics|Bluetooth Speaker|1799,1
ORD-20261003-3797,03/10/2026 16:09,Myra,Das,"  Hyderabad, Telangana ",Electronics|Bluetooth Speaker|1799,1
ORD-20261003-4382,2026-10-03 17:32:04,neel,trivedi,"Bengaluru, Karnataka",Fashion|Denim Jeans|1199,3
ORD-20261003-4735,2026-10-03 14:37:54,  Isha ,Mishra,"Lucknow, Uttar Pradesh",Fashion|Sunglasses|999,1
ORD-20261003-1923,2026-10-03 18:04:29,om,Jain,"Delhi, Delhi",Home And Kitchen|Wall Clock|649,2
ORD-20261003-2852,03/10/2026 11:58,  Myra ,menon,"Hyderabad, Telangana",Home And Kitchen|Wall Clock|649,1
ORD-20261003-4418,03/10/2026 12:41,megha,Chaudhary,"Surat, Gujarat",Sports|Skipping Rope|199,1
ORD-20261003-0110,03/10/2026 17:24,Manish,  Patil ,"Bengaluru, Karnataka",Home And Kitchen|Wall Clock|649,1
ORD-20261003-4361,2026-10-03 04:45:52,Vikas,Patel,"  Bengaluru, Karnataka ",Fashion|Leather Wallet|499,1
ORD-20261003-1579,2026-10-03 17:51:40,ADITYA,Kapoor,"  Hyderabad, Telangana ",Fashion|Denim Jeans|1199,3
ORD-20261003-2633,03/10/2026 23:49,  Aadhya ,Sinha,"BENGALURU, KARNATAKA",Beauty|Perfume|1299,1
ORD-20261003-2599,03/10/2026 21:03,Divya,trivedi,"kolkata, west bengal",Electronics|Wireless Earbuds|1299,2
ORD-20261003-0722,2026-10-03 23:47:42,ANIKA,Pandya,"  Hyderabad, Telangana ",Fashion|Leather Wallet|499,1
ORD-20261003-3210,,Advik,  Rao ,"Delhi, Delhi",Beauty|Perfume|1299,1
ORD-20261003-0314,2026-10-03 17:34:13,Yash,,"NAGPUR, MAHARASHTRA",Sports|Cricket Bat|1599,2
ORD-20261003-2200,03/10/2026 23:01,KAVYA,Srivastava,"Mumbai, Maharashtra",Electronics|Power Bank|899, 5 
ORD-20261003-4185,03/10/2026 20:33,SNEHA,PATEL,"hyderabad, telangana",Fashion|Denim Jeans|1199,4
ORD-20261003-2705,03-10-2026 18:35,RAJESH,Mishra,"Hyderabad, Telangana",Fashion|Cotton Kurta|799,
ORD-20261003-2312,2026-10-03 19:55:35,Hetal,  Bose ,"Bengaluru, Karnataka",Fashion|Running Shoes|2199,4
ORD-20261003-2369,2026-10-03 17:06:19,Sai,Thakkar,"Ahmedabad, Gujarat",Home And Kitchen|Wall Clock|649,
ORD-20261003-1746,03-10-2026 16:04,Divya,iyer,"KOLKATA, WEST BENGAL",Beauty|Lipstick|399,1
ORD-20261003-0458,2026-10-03 10:09:35,Palak,kapoor,"HYDERABAD, TELANGANA",Fashion|Running Shoes|2199,2
ORD-20261003-3476,03-10-2026 21:29,null,  Shah ,"Mysuru, Karnataka",Fashion|Leather Wallet|499,1
ORD-20261003-3239,03-10-2026 12:52,Bhavna,,"Coimbatore, Tamil Nadu",Sports|Cricket Bat|1599,1
ORD-20261003-3816,03/10/2026 23:22,Janvi,Sharma,"Chennai, Tamil Nadu",Home And Kitchen|Non Stick Pan|1099,4
ORD-20261003-0393,03/10/2026 21:21,palak,rao,"jaipur, rajasthan",Sports|Football|799,2
ORD-20261003-1431,03/10/2026 13:23,Riya,Patil,"Bengaluru, Karnataka",Fashion|Running Shoes|2199,3
ORD-20261003-0993,2026-10-03 13:47:37,Krishna,BOSE,"Mumbai, Maharashtra",Fashion|Sunglasses|999,1
ORD-20261003-0187,03-10-2026 17:50,vikas,  Vyas ,"Hyderabad, Telangana",Fashion|Cotton Kurta|799,1
ORD-20261003-4305,2026-10-03 09:45:27,tanvi,Kumar,"Ahmedabad, Gujarat",Fashion|Cotton Kurta|799,1
ORD-20261003-2495,03/10/2026 21:17,kriti,  Bhatt ,"Mumbai, Maharashtra",Sports|Cricket Bat|1599,1
ORD-20261003-4740,03/10/2026 21:30,Advik,Solanki,"Pune, Maharashtra",Fashion|Denim Jeans|1199,1
ORD-20261003-0452,03/10/2026 14:38,Parth,Kapoor,"pune, maharashtra",Beauty|Face Wash|249,4
ORD-20261003-1102,03/10/2026 19:08,nikhil,Gupta,"pune, maharashtra",Fashion|Denim Jeans|1199,2
ORD-20261003-0850,03/10/2026 21:41,priya,SINHA,"Nagpur, Maharashtra",Fashion|Running Shoes|2199,5
ORD-20261003-2665,2026-10-03 16:56:04,Kunal,Sharma,"Mysuru, Karnataka",Home And Kitchen|Storage Box|299,1
ORD-20261003-4319,03-10-2026 17:54,Advik,Thakkar,"  Coimbatore, Tamil Nadu ",Electronics|Bluetooth Speaker|1799,2
ORD-20261003-1466,2026-10-03 20:53:11,  Simran ,Iyer,"Delhi, Delhi",Fashion|Running Shoes|2199,1
ORD-20261003-1309,03/10/2026 15:33,PRIYA,Sinha,"Nagpur, Maharashtra",Beauty|Lipstick|399,1
ORD-20261003-3409,2026-10-03 11:45:14,  Kunal ,jain,"ahmedabad, gujarat",Electronics|Wireless Earbuds|1299,5
ORD-20261003-1349,03/10/2026 06:44,Aanya,trivedi,"  Delhi, Delhi ",Electronics|Wireless Earbuds|1299,2
ORD-20261003-2343,2026-10-03 14:24:18,  Neel ,Kumar,"bengaluru, karnataka",Fashion|Sunglasses|999,2
ORD-20261003-2958,03/10/2026 18:19,ARJUN,Sinha,,Fashion|Running Shoes|2199,1
ORD-20261003-3889,2026-10-03 14:15:28,Divya,Bose,"Chennai, Tamil Nadu",Fashion|Leather Wallet|499,3
ORD-20261003-4257,03/10/2026 14:38,  Mansi ,singh,"Jaipur, Rajasthan",Beauty|Face Wash|249,2
ORD-20261003-1883,03-10-2026 09:46,kriti,vyas,"  Chennai, Tamil Nadu ",Beauty|Lipstick|399,3
ORD-20261003-1059,03/10/2026 22:09,  Kavya ,Chaudhary,"pune, maharashtra",Sports|Football|799,1
ORD-20261003-0733,03-10-2026 12:18,roshni,VYAS,"  Hyderabad, Telangana ",Beauty|Lipstick|399,1
ORD-20261003-3331,03/10/2026 09:53,Rahul,Mukherjee,"Chennai, Tamil Nadu",Fashion|Sunglasses|999,1
ORD-20261003-2288,2026-10-03 23:02:28,,Pawar,"Mumbai, Maharashtra",Sports|Skipping Rope|199,1
ORD-20261003-2819,2026-10-03 16:41:03,Advik,PILLAI,"lucknow, uttar pradesh",Fashion|Running Shoes|2199,1
ORD-20261003-4553,03/10/2026 09:48,Amit,Pandya,"Mumbai, Maharashtra",Fashion|Denim Jeans|1199,3.0
ORD-20261003-0973,03-10-2026 16:31,,Modi,"Kolkata, West Bengal",Fashion|Sunglasses|999,2
ORD-20261003-3254,2026-10-03 22:38:53,  Priya ,parmar,"lucknow, uttar pradesh",Fashion|Sunglasses|999,1
ORD-20261003-3701,2026-10-03 17:04:59,  Vivaan ,,"Mumbai, Maharashtra",Fashion|Sunglasses|999,2
ORD-20261003-1367,03/10/2026 07:53,  Simran ,Mukherjee,,Fashion|Denim Jeans|1199,2
ORD-20261003-2848,2026-10-03 20:35:10,  Shreya ,Sinha,"Pune, Maharashtra",Sports|Cricket Bat|1599,1
ORD-20261003-0022,2026-10-03 11:45:29,  Megha ,Solanki,"Delhi, Delhi",Sports|Skipping Rope|199,2
ORD-20261003-4340,03/10/2026 08:00,Nikhil,SINHA,"Ahmedabad, Gujarat",Fashion|Denim Jeans|1199,1
ORD-20261003-1283,2026-10-03 09:10:05,Krishna,Sharma,"delhi, delhi",Beauty|Perfume|1299,2
ORD-20261003-1032,2026-10-03 21:42:01,  Janvi ,  Kapoor ,"kolkata, west bengal",Electronics|Bluetooth Speaker|1799,4
ORD-20261003-4387,03-10-2026 13:06,Sara,  Nair ,"Mumbai, Maharashtra",Electronics|Power Bank|899,2
ORD-20261003-3181,03/10/2026 08:06,krishna,NAIR,"HYDERABAD, TELANGANA",Sports|Dumbbell Set|1899,1
ORD-20261003-2269,2026-10-03 18:28:06,Sara,Reddy,"Pune, Maharashtra",Fashion|Leather Wallet|499,2
ORD-20261003-1564,03/10/2026 07:05,Komal,Mehta,"Hyderabad, Telangana",Home And Kitchen|Steel Water Bottle|399,1
ORD-20261003-4422,2026-10-03 11:22:28,  Simran ,thakkar,"Kolkata, West Bengal",Fashion|Leather Wallet|499,4
ORD-20261003-1693,03/10/2026 12:53,Myra,,"chennai, tamil nadu",Beauty|Face Wash|249,3
ORD-20261003-0271,2026-10-03 10:57:36,Sneha,  Rathod ,"Kolkata, West Bengal",Electronics|Smart Watch|2499,2
ORD-20261003-2462,03/10/2026 21:11,Dhruv,Chopra,"CHENNAI, TAMIL NADU",Electronics|Wireless Earbuds|1299,1
ORD-20261003-1098,03/10/2026 22:55,navya,MUKHERJEE,"PUNE, MAHARASHTRA",Sports|Football|799,1
ORD-20261003-0827,2026-10-03 18:54:22,palak,Patil,"  Lucknow, Uttar Pradesh ",Beauty|Perfume|1299,2
ORD-20261003-2649,30/02/2026 14:51,Kunal,BANSAL,"  Hyderabad, Telangana ",Beauty|Lipstick|399,1
ORD-20261003-0781,03/10/2026 10:51,Advik,Rathod,"  Ahmedabad, Gujarat ",Home And Kitchen|Storage Box|299,1
ORD-20261003-3531,03/10/2026 09:50,SHAURYA,Ghosh,"Jaipur, Rajasthan",Sports|Football|799,1
ORD-20261003-2025,03/10/2026 19:19,Parth,Khanna,"Surat, Gujarat",Sports|Yoga Mat|699,2
ORD-20261003-1512,03/10/2026 13:40,  Ritu ,Mehta,"Kolkata, West Bengal",Fashion|Leather Wallet|499, 6 
ORD-20261003-3119,2026-10-03 20:22:08,Jay,BHATT,"ahmedabad, gujarat",Fashion|Leather Wallet|499,2
ORD-20261003-4126,03-10-2026 08:53,Rohan,Parmar,"Chennai, Tamil Nadu",Fashion|Cotton Kurta|799,1
ORD-20261003-0724,03-10-2026 19:27,Janvi,Tiwari,"Pune, Maharashtra",Fashion|Running Shoes|2199,1
ORD-20261003-3919,03/10/2026 14:35,Nisha,  Verma ,"Surat, Gujarat",Electronics|Laptop Stand|749,1
ORD-20261003-1780,03-10-2026 14:40,megha,gupta,"Kolkata, West Bengal",Sports|Football|799,1
ORD-20261003-4575,2026-10-03 14:09:06,  Nikhil ,Reddy,"coimbatore, tamil nadu",Fashion|Running Shoes|2199,4
ORD-20261003-1796,03-10-2026 07:58,Anika,Sinha,"nagpur, maharashtra",Sports|Football|799,4.0
ORD-20261003-3899,2026-10-03 18:16:51,Karan,Iyer,"hyderabad, telangana",Beauty|Lipstick|399,1
ORD-20261003-1136,03-10-2026 02:48,  Roshni ,Mishra,"Mumbai, Maharashtra",Fashion|Cotton Kurta|799,
ORD-20261003-1772,03-10-2026 12:47,Vihaan,rathod,"chennai, tamil nadu",Home And Kitchen|Steel Water Bottle|399,1
ORD-20261003-2767,03/10/2026 20:11,kriti,Menon,"Ahmedabad, Gujarat",Home And Kitchen|Storage Box|299,1
ORD-20261003-3094,2026-10-03 03:12:48,,GUPTA,"Vadodara, Gujarat",Fashion|Cotton Kurta|799,1
ORD-20261003-1776,2026-10-03 19:56:06,Sai,Malhotra,"CHENNAI, TAMIL NADU",Sports|Football|799,3
ORD-20261003-2740,2026-10-03 17:55:20,Aanya,menon,"JAIPUR, RAJASTHAN",Electronics|Smart Watch|2499,1
ORD-20261003-3972,2026-10-03 14:01:14,Aarav,Mishra,"mumbai, maharashtra",Sports|Yoga Mat|699,1
ORD-20261003-0116,03/10/2026 13:09,roshni,Tiwari,"  Ahmedabad, Gujarat ",Electronics|Wireless Earbuds|1299,2
ORD-20261003-4192,2026-10-03 16:48:32,Suresh,Iyer,"delhi, delhi",Electronics|Smart Watch|2499,2
ORD-20261003-1843,2026-10-03 17:37:41,Saanvi,Rathod,"Ahmedabad, Gujarat",Electronics|Power Bank|899,1
ORD-20261003-1523,03/10/2026 20:36,Jay,VYAS,"DELHI, DELHI",Fashion|Leather Wallet|499, 6 
ORD-20261003-1851,03/10/2026 10:19,Pari,reddy,"  Mumbai, Maharashtra ",Sports|Dumbbell Set|1899, 2 
ORD-20261003-3269,03/10/2026 22:37,Atharv,Verma,"Mumbai, Maharashtra",Home And Kitchen|Storage Box|299,5
ORD-20261003-2206,03/10/2026 11:25,divya,Mehta,"delhi, delhi",Electronics|Bluetooth Speaker|1799,1
ORD-20261003-3546,2026-10-03 09:33:22,ADVIK,Mishra,"Jaipur, Rajasthan",Home And Kitchen|Bedsheet Set|1499,1
ORD-20261003-2777,03/10/2026 21:05,varun,solanki,"bengaluru, karnataka",Sports|Yoga Mat|699,2
ORD-20261003-2153,03/10/2026 12:44,Gaurav,Gupta,"Vadodara, Gujarat",,2
ORD-20261003-0651,,  Navya ,  Patel ,"lucknow, uttar pradesh",Fashion|Sunglasses|999,4
ORD-20261003-3936,03/10/2026 09:25,Parth,  Patil ,"Kolkata, West Bengal",Fashion|Leather Wallet|499,2
ORD-20261003-3566,03/10/2025 16:41,Sara,Rathod,"jaipur, rajasthan",Sports|Yoga Mat|699,2
ORD-20261003-2359,03/10/2026 10:15,Neha,VYAS,"mumbai, maharashtra",Fashion|Running Shoes|2199,2
ORD-20261003-0910,03-10-2026 20:00,Shreya,saxena,"Delhi, Delhi",Sports|Cricket Bat|1599,1
ORD-20261003-4690,03/10/2026 12:43,Om,khanna,"Chennai, Tamil Nadu",Fashion|Leather Wallet|499,1
ORD-20261003-2830,2026-10-03 12:59:46,Kavya,IYER,"Delhi, Delhi",Fashion|Sunglasses|999,2
ORD-20261003-1522,03/10/2026 18:49,  Anjali ,Verma,"Pune, Maharashtra",Beauty|Perfume|1299,2
ORD-20261003-3507,03/10/2026 08:39,  Aanya ,Thakkar,"Surat, Gujarat",Home And Kitchen|Storage Box|299,1
ORD-20261003-4094,03/10/2026 11:31,Manish,BOSE,"Bengaluru, Karnataka",Fashion|Running Shoes|2199,2
ORD-20261003-4389,03/10/2026 12:27,Pooja,Gupta,"Pune, Maharashtra",Home And Kitchen|Bedsheet Set|1499,4
ORD-20261003-1122,2026-10-03 13:34:21,  Yash ,Modi,"Chennai, Tamil Nadu",Electronics|Laptop Stand|749,5
ORD-20261003-4455,2026-10-03 18:11:15,Deepak,Thakkar,"hyderabad, telangana",Home And Kitchen|Non Stick Pan|1099,3
ORD-20261003-0066,03/10/2026 13:35,VARUN,Saxena,"Chennai, Tamil Nadu",Home And Kitchen|Steel Water Bottle|399,1
ORD-20261003-4729,03/10/2026 22:29,  Kriti ,Yadav,"DELHI, DELHI",Home And Kitchen|Steel Water Bottle|399,3
ORD-20261003-3347,,Atharv,Chopra,"MUMBAI, MAHARASHTRA",Home And Kitchen|Non Stick Pan|1099,1
ORD-20261003-0959,03-10-2026 23:47,Krishna,KULKARNI,"hyderabad, telangana",Beauty|Hair Serum|549,1.0
ORD-20261003-1372,03/10/2026 22:32,vikas,Bansal,"Pune, Maharashtra",Beauty|Lipstick|399,4
ORD-20261003-0408,03-10-2026 21:02,sara,Pandya,"Coimbatore, Tamil Nadu",Fashion|Running Shoes|2199,1
ORD-20261003-4370,03-10-2026 22:19,Krupa,Thakkar,"MYSURU, KARNATAKA",Home And Kitchen|Steel Water Bottle|399,2
ORD-20261003-0578,2026-10-03 09:05:54,Sara,patil,"mumbai, maharashtra",Beauty|Lipstick|399,4
ORD-20261003-1793,03-10-2026 11:08,Priya,srivastava,"  Chennai, Tamil Nadu ",Electronics|Smart Watch|2499,1
ORD-20261003-2832,2026-10-03 10:00:52,ishaan,Thakkar,"Surat, Gujarat",Home And Kitchen|Bedsheet Set|1499, 4 
ORD-20261003-0532,2026-10-03 14:14:50,palak,Menon,"pune, maharashtra",Electronics|Bluetooth Speaker|1799,2.0
ORD-20261003-2567,03/10/2026 22:51,  Arjun ,  Mehta ,"kolkata, west bengal",Electronics|Smart Watch|2499,1.0
ORD-20261003-4590,03-10-2026 19:47,Swati,Solanki,"Pune, Maharashtra",Fashion|Sunglasses|999, 2 
ORD-20261003-1578,2026-10-03 16:43:03,Ayaan,MENON,"Hyderabad, Telangana",Electronics|Bluetooth Speaker|1799,2
ORD-20261003-4084,30/02/2026 08:18,Bhavna,SINGH,"Chennai, Tamil Nadu",Beauty|Lipstick|399,1
ORD-20261003-1229,2026-10-03 18:30:13,nisha,nair,"Bengaluru, Karnataka",Fashion|Denim Jeans|1199,4
ORD-20261003-4308,03-10-2026 15:19,Swati,Desai,"Bengaluru, Karnataka",Fashion|Denim Jeans|1199,2
ORD-20261003-0658,2026-10-03 10:33:03,  Diya ,Kulkarni,"Chennai, Tamil Nadu",Home And Kitchen|Wall Clock|649,1
ORD-20261003-4781,03-10-2026 11:20,Sara,  Desai ,"nagpur, maharashtra",Electronics|Power Bank|899,1
ORD-20261003-1442,03/10/2026 20:31,Nisha,Patil,"ahmedabad, gujarat",Fashion|Cotton Kurta|799,1
ORD-20261003-4194,03/10/2026 21:51,Saanvi,Pillai,"Kolkata, West Bengal",Home And Kitchen|Storage Box|299,1
ORD-20261003-1475,2026-10-03 18:55:31,roshni,pawar,"Hyderabad, Telangana",Fashion|Running Shoes|2199,4
ORD-20261003-1277,03/10/2026 19:57,ayaan,  Srivastava ,"Pune, Maharashtra",Fashion|Sunglasses|999,1
ORD-20261003-1227,2026-10-03 16:44:11,Diya,Mehta,"pune, maharashtra",Fashion|Cotton Kurta|799,3
ORD-20261003-2695,03/10/2026 19:21,DEV,kalavadia,"Surat, Gujarat",Fashion|Cotton Kurta|799,1.0
ORD-20261003-0090,2026-10-03 21:42:16,  Vivaan ,Solanki,"Kolkata, West Bengal",Beauty|Perfume|1299,1
ORD-20261003-0352,03/10/2025 18:57,Varun,Srivastava,"Mumbai, Maharashtra",Electronics|Wireless Earbuds|1299,1
ORD-20261003-3080,03/10/2026 13:37,Aditi,Kumar,"Vadodara, Gujarat",Electronics|Bluetooth Speaker|1799,5
ORD-20261003-4263,03/10/2026 15:32,karan,DAS,"  Kolkata, West Bengal ",Fashion|Leather Wallet|499,1
ORD-20261003-4353,2026-10-03 17:50:51,Sara,saxena,"  Kolkata, West Bengal ",Electronics|Power Bank|899,2
ORD-20261003-3398,03/10/2026 13:48,Vivaan,Bhatt,"Ahmedabad, Gujarat",Home And Kitchen|Storage Box|299,1
ORD-20261003-0858,03-10-2026 09:15,  Kunal ,PAWAR,"mumbai, maharashtra",Home And Kitchen|Steel Water Bottle|399,2.0
ORD-20261003-4798,03/10/2026 13:46,Shreya,Das,"Coimbatore, Tamil Nadu",Beauty|Face Wash|249,2
ORD-20261003-2199,03/10/2026 18:47,isha,Jain,"Chennai, Tamil Nadu",Home And Kitchen|Storage Box|299,1
ORD-20261003-1212,2026-10-03 22:28:31,Ayaan,Sharma,"Coimbatore, Tamil Nadu",Electronics|Bluetooth Speaker|1799,4
ORD-20261003-4640,2026-10-03 19:59:24,Neel,arora,"bengaluru, karnataka",Fashion|Cotton Kurta|799,5
ORD-20261003-2481,2026-10-03 15:45:48,janvi,Reddy,"  Bengaluru, Karnataka ",Home And Kitchen|Storage Box|299,3
ORD-20261003-4157,03/10/2026 20:12,Palak,Yadav,"pune, maharashtra",Electronics|Wireless Earbuds|1299,4
ORD-20261003-1751,03/10/2026 13:22,myra,SRIVASTAVA,"Chennai, Tamil Nadu",Sports|Cricket Bat|1599,3
ORD-20261003-4391,03/10/2026 16:50,Priya,Thakkar,"  Delhi, Delhi ",Electronics|Wireless Earbuds|1299,4
ORD-20261003-2627,03/10/2026 13:26,Sai,thakkar,"Kolkata, West Bengal",Electronics|Wireless Earbuds|1299,2
ORD-20261003-2380,03/10/2026 12:58,Aanya,Joshi,"Bengaluru, Karnataka",Electronics|Laptop Stand|749,3
ORD-20261003-0480,03/10/2026 21:30,Krishna,PATEL,"Mysuru, Karnataka",Fashion|Cotton Kurta|799,4
ORD-20261003-1973,2026-10-03 18:35:57,Vivaan,SINHA,"Pune, Maharashtra",Sports|Skipping Rope|199,2
ORD-20261003-0246,03/10/2026 21:56,PRIYA,Chaudhary,"Bengaluru, Karnataka",Sports|Dumbbell Set|1899,1
ORD-20261003-0546,2026-10-03 22:53:37,Navya,Srivastava,"Pune, Maharashtra",Sports|Skipping Rope|199,4
ORD-20261003-2922,03-10-2026 21:10,kunal,  Sharma ,"Mysuru, Karnataka",Beauty|Lipstick|399,1
ORD-20261003-4636,03/10/2026 05:28,pari,joshi,"Pune, Maharashtra",Fashion|Running Shoes|2199,2
ORD-20261003-2006,03/10/2026 12:01,RAHUL,patil,"MUMBAI, MAHARASHTRA",Fashion|Running Shoes|2199, 3 
ORD-20261003-2332,03/10/2026 17:46,  Isha ,SHARMA,"mumbai, maharashtra",Electronics|Wireless Earbuds|1299,2.0
ORD-20261003-4177,03/10/2026 21:09,Vihaan,bhatt,"PUNE, MAHARASHTRA",Fashion|Denim Jeans|1199,3
ORD-20261003-1620,03/10/2062 08:29,Shaurya,Joshi,"  Bengaluru, Karnataka ",Home And Kitchen|Wall Clock|649,3
ORD-20261003-4581,2026-10-03 20:13:55,Swati,desai,"bengaluru, karnataka",Fashion|Running Shoes|2199, 2 
ORD-20261003-1791,03/10/2026 23:59,Myra,Patil,"Hyderabad, Telangana",Home And Kitchen|Steel Water Bottle|399,1
ORD-20261003-1638,03/10/2026 20:50,Deepak,bhatt,"MYSURU, KARNATAKA",Sports|Yoga Mat|699,3
ORD-20261003-0462,03-10-2026 05:30,AANYA,pillai,"Jaipur, Rajasthan",Electronics|Wireless Earbuds|1299,
ORD-20261003-4140,03/10/2026 19:13,sai,Rathod,"Delhi, Delhi",Electronics|Wireless Earbuds|1299,3
ORD-20261003-4600,03/10/2026 11:31,ISHA,patil,"Chennai, Tamil Nadu",Electronics|Smart Watch|2499,2
ORD-20261003-3564,31/02/2026 21:46,Simran,  Trivedi ,"  Mumbai, Maharashtra ",Fashion|Cotton Kurta|799,2
ORD-20261003-0717,03/10/2026 09:35,Nikhil,Arora,"Lucknow, Uttar Pradesh",Electronics|Smart Watch|2499,3
ORD-20261003-0874,2026-10-03 19:17:26,shreya,Dubey,"chennai, tamil nadu",Sports|Football|799,1
ORD-20261003-2488,03/10/2026 12:19,bhavna,mukherjee,"Chennai, Tamil Nadu",Beauty|Perfume|1299,2
ORD-20261003-1321,03-10-2026 13:39,Shaurya,Saxena,"Ahmedabad, Gujarat",Electronics|Laptop Stand|749,2
ORD-20261003-0300,03/10/2026 03:44,janvi,Tiwari,"DELHI, DELHI",Electronics|Smart Watch|2499,1
ORD-20261003-3555,03/10/2026 08:07,Diya,Jain,"Bengaluru, Karnataka",Sports|Dumbbell Set|1899,1
ORD-20261003-2204,03/10/2026 14:47,  Arjun ,Rathod,"Mumbai, Maharashtra",Fashion|Denim Jeans|1199,1
ORD-20261003-4510,03/10/2026 12:35,Vikas,joshi,"hyderabad, telangana",Electronics|Power Bank|899,3
ORD-20261003-1735,03/10/2026 23:36,Sara,  Iyer ,"nagpur, maharashtra",Beauty|Perfume|1299,2
ORD-20261003-0511,03-10-2026 22:17,ishaan,bansal,"  Jaipur, Rajasthan ",Fashion|Denim Jeans|1199,3
ORD-20261003-0871,03/10/2026 11:44,null,Joshi,"bengaluru, karnataka",Beauty|Hair Serum|549,1
ORD-20261003-0006,2026-10-03 20:31:01,Harsh,srivastava,"Mysuru, Karnataka",Sports|Dumbbell Set|1899,1
ORD-20261003-2905,2026-10-03 13:51:07,  Arjun ,Srivastava,"Delhi, Delhi",Home And Kitchen|Storage Box|299,5
ORD-20261003-3031,2026-10-03 20:04:29,Nikhil,Pawar,"Mumbai, Maharashtra",Sports|Football|799,5
ORD-20261003-3751,03/10/2026 11:51,pooja,Pillai,"mumbai, maharashtra",Sports|Dumbbell Set|1899,2
ORD-20261003-2123,2026-10-03 08:22:47,  Aadhya ,THAKKAR,"Delhi, Delhi",Home And Kitchen|Non Stick Pan|1099,3
ORD-20261003-0566,2026-10-03 14:47:53,Neel,Ghosh,"Nagpur, Maharashtra",Sports|Skipping Rope|199,1
ORD-20261003-3686,2026-10-03 17:08:23,Shreya,Pillai,"vadodara, gujarat",Home And Kitchen|Bedsheet Set|1499,2
ORD-20261003-0900,03/10/2026 13:04,Hetal,shah,"  Delhi, Delhi ",Fashion|Denim Jeans|1199,1
ORD-20261003-0655,03-10-2026 17:48,megha,Nair,"coimbatore, tamil nadu",Sports|Skipping Rope|199,5
ORD-20261003-0378,2026-10-03 14:34:46,anjali,Bansal,"Jaipur, Rajasthan",Electronics|Smart Watch|2499,1
ORD-20261003-1630,2026-10-03 18:54:32,Kriti,ARORA,"Chennai, Tamil Nadu",Home And Kitchen|Bedsheet Set|1499,1
ORD-20261003-1223,03/10/2026 16:50,Simran,Chaudhary,"  Mumbai, Maharashtra ",Electronics|Bluetooth Speaker|1799,three
ORD-20261003-3519,2026-10-03 22:59:35,ADVIK,vyas,"bengaluru, karnataka",Fashion|Leather Wallet|499,1
ORD-20261003-4314,2026-10-03 10:18:33,Rahul,Saxena,"Lucknow, Uttar Pradesh",Sports|Football|799,2
ORD-20261003-3002,,atharv,menon,"Ahmedabad, Gujarat",Beauty|Face Wash|249,3
ORD-20261003-0670,03-10-2026 18:27,ARJUN,chaudhary,"Surat, Gujarat",Home And Kitchen|Wall Clock|649,3
ORD-20261003-2821,03/10/2026 14:34,Diya,NAIR,"Mumbai, Maharashtra",Electronics|Smart Watch|2499,1
ORD-20261003-2008,03/10/2026 11:16,Harsh,  Patil ,"bengaluru, karnataka",Sports|Dumbbell Set|1899,4
ORD-20261003-4587,2026-10-03 14:02:20,rajesh,Malhotra,"chennai, tamil nadu",Fashion|Sunglasses|999,1
ORD-20261003-1305,2026-10-03 09:59:42,Ayaan,menon,"Hyderabad, Telangana",Beauty|Sunscreen|449,1
ORD-20261003-1850,03/10/2026 21:25,Myra,  Pawar ,"Mumbai, Maharashtra",Home And Kitchen|Steel Water Bottle|399,2
ORD-20261003-4770,2026-10-03 18:21:45,NIKHIL,Malhotra,"Vadodara, Gujarat",Home And Kitchen|Bedsheet Set|1499,3
ORD-20261003-1483,2026-10-03 02:27:40,Ritu,Jain,"Kolkata, West Bengal",Fashion|Cotton Kurta|799,4
ORD-20261003-1541,03/10/2026 21:14,Parth,,"Bengaluru, Karnataka",Home And Kitchen|Wall Clock|649,1
ORD-20261003-0267,2026-10-03 17:59:14,Divya,GHOSH,"Pune, Maharashtra",Sports|Dumbbell Set|1899,2
ORD-20261003-3475,03/10/2026 20:42,Nikhil,gupta,"hyderabad, telangana",Beauty|Sunscreen|449,3
ORD-20261003-2330,2026-10-03 20:47:34,Kavya,gupta,"Lucknow, Uttar Pradesh",Fashion|Denim Jeans|1199,1
ORD-20261003-2338,03-10-2026 07:51,  Deepak ,  Tiwari ,"hyderabad, telangana",Electronics|Bluetooth Speaker|1799,2
ORD-20261003-1256,03/10/2026 13:39,Mansi,Tiwari,"Mumbai, Maharashtra",Home And Kitchen|Storage Box|299,3
ORD-20261003-4379,2026-10-03 10:08:07,Tushar,singh,"Delhi, Delhi",Home And Kitchen|Storage Box|299,1
ORD-20261003-3455,03/10/2026 16:38,SHREYA,Mehta,"Kolkata, West Bengal",Home And Kitchen|Wall Clock|649,1
ORD-20261003-0428,03/10/2026 15:42,vivaan,patil,"kolkata, west bengal",Fashion|Running Shoes|2199,5
ORD-20261003-2482,03-10-2026 23:38,  Dev ,Patil,"Bengaluru, Karnataka",Sports|Cricket Bat|1599,2
ORD-20261003-2648,2026-10-03 21:08:48,Hetal,Saxena,"jaipur, rajasthan",Home And Kitchen|Bedsheet Set|1499,2
ORD-20261003-0234,03/10/2026 11:19,diya,Bhatt,"MUMBAI, MAHARASHTRA",Home And Kitchen|Steel Water Bottle|399,2
ORD-20261003-3750,03/10/2026 20:36,reyansh,Vyas,"Jaipur, Rajasthan",Sports|Football|799,2
ORD-20261003-3975,03-10-2026 13:22,rahul,Trivedi,"Vadodara, Gujarat",Fashion|Running Shoes|2199,
ORD-20261003-0721,2026-10-03 12:45:20,Atharv,Vyas,"Kolkata, West Bengal",Fashion|Sunglasses|999,1
ORD-20261003-3829,2026-10-03 11:17:58,Nikhil,mukherjee,"Delhi, Delhi",Fashion|Leather Wallet|499,1
ORD-20261003-0774,03-10-2026 14:57,Kavya,menon,"  Hyderabad, Telangana ",Fashion|Leather Wallet|499,1
ORD-20261003-4564,03/10/2026 16:30,Karan,  Jain ,"bengaluru, karnataka",Electronics|Wireless Earbuds|1299, 1 
ORD-20261003-4141,03/10/2026 06:42,Krupa,,"Lucknow, Uttar Pradesh",Electronics|Power Bank|899,2
ORD-20261003-2191,03/10/2026 11:06,  Sneha ,Pandya,"Bengaluru, Karnataka",Beauty|Perfume|1299,1
ORD-20261003-4538,03/10/2026 20:44,  Megha ,Sharma,"bengaluru, karnataka",Fashion|Denim Jeans|1199,4
ORD-20261003-4159,03-10-2026 10:43,  Kavya ,Rao,"Chennai, Tamil Nadu",Sports|Football|799,
ORD-20261003-3054,03/10/2026 11:14,Tanvi,Yadav,"  Mumbai, Maharashtra ",Sports|Dumbbell Set|1899,3
ORD-20261003-0469,03/10/2026 19:48,Khushi,rao,"Lucknow, Uttar Pradesh",Sports|Yoga Mat|699,1
ORD-20261003-2795,2026-10-03 20:00:43,ananya,thakkar,"Jaipur, Rajasthan",Electronics|Smart Watch|2499, 1 
ORD-20261003-4595,03-10-2026 21:53,roshni,Iyer,"Bengaluru, Karnataka",Electronics|Smart Watch|2499,1
ORD-20261003-1809,2026-10-03 21:29:45,kavya,Kapoor,"Ahmedabad, Gujarat",Beauty|Lipstick|399,2
ORD-20261003-3311,03-10-2026 20:24,JANVI,mishra,"lucknow, uttar pradesh",Fashion|Running Shoes|2199,1
ORD-20261003-0277,03/10/2062 13:29,Pooja,Verma,"Pune, Maharashtra",Beauty|Hair Serum|549,1
ORD-20261003-4309,03/10/2026 16:42,komal,Das,"Hyderabad, Telangana",Fashion|Leather Wallet|499,1
ORD-20261003-0610,03/10/2026 21:07,om,Menon,,Sports|Dumbbell Set|1899,6
ORD-20261003-1649,2026-10-03 23:16:17,Isha,mishra,"Lucknow, Uttar Pradesh",Home And Kitchen|Bedsheet Set|1499,2
ORD-20261003-3505,2026-10-03 12:43:27,PAYAL,Kapoor,"LUCKNOW, UTTAR PRADESH",Electronics|Laptop Stand|749,4
ORD-20261003-4785,03/10/2026 12:17,Nisha,Khanna,"DELHI, DELHI",Sports|Cricket Bat|1599, 1 
ORD-20261003-0772,03/10/2026 22:26,Kriti,Khanna,,Fashion|Cotton Kurta|799,3
ORD-20261003-1659,2026-10-03 18:09:29,Varun,Arora,"ahmedabad, gujarat",Fashion|Cotton Kurta|799,1
ORD-20261003-1536,03/10/2026 20:56,Rajesh,Vyas,"Bengaluru, Karnataka",Sports|Football|799,2
ORD-20261003-0282,03-10-2026 15:43,KAVYA,YADAV,"Ahmedabad, Gujarat",Fashion|Cotton Kurta|799,1
ORD-20261003-3858,2026-10-03 19:52:13,Shreya,Solanki,"Chennai, Tamil Nadu",Home And Kitchen|Non Stick Pan|1099, 1 
ORD-20261003-0842,03-10-2026 12:50,Krishna,bose,"Mumbai, Maharashtra",Electronics|Laptop Stand|749,1
ORD-20261003-4162,2026-10-03 19:03:09,NAVYA,sinha,"Delhi, Delhi",Electronics|Laptop Stand|749,1
ORD-20261003-0852,2026-10-03 21:13:06,varun,mukherjee,"Surat, Gujarat",Sports|Football|799,1.0
ORD-20261003-3300,2026-10-03 18:19:38,Anika,  Sinha ,"NAGPUR, MAHARASHTRA",Electronics|Laptop Stand|749,3
ORD-20261003-3525,03/10/2026 21:03,advik,Kumar,"Bengaluru, Karnataka",Fashion|Running Shoes|2199,3
ORD-20261003-0985,03/10/2026 23:03,Riya,chaudhary,"Mumbai, Maharashtra",Beauty|Perfume|1299,2.0
ORD-20261003-0114,2026-10-03 09:46:57,  Sneha ,,"Surat, Gujarat",Fashion|Running Shoes|2199,1
ORD-20261003-0209,2026-10-03 13:42:04,DEEPAK,Nair,"Coimbatore, Tamil Nadu",Fashion|Cotton Kurta|799,2
ORD-20261003-2405,2026-10-03 14:18:33,  Dev ,Reddy,"Coimbatore, Tamil Nadu",Fashion|Sunglasses|999,1
ORD-20261003-4550,03/10/2026 22:51,Aadhya,Saxena,"Mumbai, Maharashtra",Electronics|Bluetooth Speaker|1799,1
ORD-20261003-1877,03-10-2026 06:17,  Gaurav ,vyas,"mumbai, maharashtra",Fashion|Cotton Kurta|799,2
ORD-20261003-2455,2026-10-03 08:09:36,Ayaan,  Reddy ,"Surat, Gujarat",Sports|Skipping Rope|199,2
ORD-20261003-2317,03/10/2026 00:09,kabir,  Jain ,"Delhi, Delhi",Sports|Dumbbell Set|1899,1
ORD-20261003-4562,03-10-2026 13:11,Anika,Chaudhary,"  Delhi, Delhi ",Sports|Cricket Bat|1599,1
ORD-20261003-1340,2026-10-03 20:41:11,Rudra,Sharma,"SURAT, GUJARAT",Beauty|Hair Serum|549, 6 
ORD-20261003-0804,03/10/2026 19:22,Sara,Verma,"ahmedabad, gujarat",Home And Kitchen|Steel Water Bottle|399,2
ORD-20261003-4584,2026-10-03 15:30:12,  Advik ,pandya,"Hyderabad, Telangana",Fashion|Leather Wallet|499,1
ORD-20261003-2868,03/10/2026 16:43,Jay,DESAI,"Delhi, Delhi",Electronics|Bluetooth Speaker|1799,1
ORD-20261003-0638,03-10-2026 19:35,Vihaan,pillai,"VADODARA, GUJARAT",Fashion|Cotton Kurta|799,3
ORD-20261003-1506,03/10/2026 17:35,ARYAN,  Pillai ,"Mumbai, Maharashtra",Fashion|Denim Jeans|1199,1
ORD-20261003-3278,03/10/2026 22:28,Navya,Sinha,"Delhi, Delhi",Fashion|Denim Jeans|1199,2
ORD-20261003-4260,03/10/2026 14:08,  Priya ,  Kumar ,"Mumbai, Maharashtra",Fashion|Running Shoes|2199,6
ORD-20261003-4467,N/A,AYAAN,KUMAR,"Mumbai, Maharashtra",Home And Kitchen|Steel Water Bottle|399,5
ORD-20261003-0431,2026-10-03 19:51:43,Nisha,Mehta,"chennai, tamil nadu",Sports|Football|799,1
ORD-20261003-2429,2026-10-03 06:43:05,  Divya ,bansal,"Surat, Gujarat",Fashion|Leather Wallet|499,1
ORD-20261003-1894,03/10/2026 19:59,krupa,Kapoor,"Mumbai, Maharashtra",Fashion|Denim Jeans|1199,1
ORD-20261003-1024,2026-10-03 08:05:49,Om,DAS,"BENGALURU, KARNATAKA",Fashion|Running Shoes|2199,2
ORD-20261003-2127,2026-10-03 21:08:51,ANANYA,Pawar,"Mumbai, Maharashtra",Fashion|Sunglasses|999,1
ORD-20261003-2357,03-10-2026 20:22,SAANVI,  Bansal ,"Coimbatore, Tamil Nadu",Fashion|Cotton Kurta|799,2
ORD-20261003-0564,2026-10-03 09:37:02,Vivaan,Malhotra,"chennai, tamil nadu",Fashion|Denim Jeans|1199,2.0
ORD-20261003-0894,03-10-2026 01:57,Isha,DUBEY,"BENGALURU, KARNATAKA",Fashion|Leather Wallet|499,2
ORD-20261003-2730,03/10/2026 14:52,ishaan,Patel,"jaipur, rajasthan",Beauty|Hair Serum|549, 1 
ORD-20261003-0631,03/10/2026 17:07,Bhavna,Gupta,"Lucknow, Uttar Pradesh",Electronics|Wireless Earbuds|1299,6
ORD-20261003-2134,03-10-2026 13:20,  Rahul ,Jain,"Mumbai, Maharashtra",Beauty|Hair Serum|549,1
ORD-20261003-1718,03/10/2026 12:03,Varun,TIWARI,"MYSURU, KARNATAKA",Beauty|Sunscreen|449,1
ORD-20261003-0082,03/10/2026 22:13,Tushar,Reddy,"Mysuru, Karnataka",Fashion|Cotton Kurta|799,2
ORD-20261003-3558,03/10/2026 16:21,rohan,modi,"Mumbai, Maharashtra",Fashion|Cotton Kurta|799,2
ORD-20261003-0177,03/10/2026 20:51,RIYA,Gupta,"Chennai, Tamil Nadu",Beauty|Face Wash|249,1
ORD-20261003-0582,03/10/2026 22:02,Deepak,BHATT,"Surat, Gujarat",Sports|Yoga Mat|699,1
ORD-20261003-2573,03/10/2026 22:03,vihaan,Vyas,"Kolkata, West Bengal",Fashion|Sunglasses|999,1
ORD-20261003-2643,03/10/2026 14:16,Atharv,Saxena,"Bengaluru, Karnataka",Electronics|Wireless Earbuds|1299, 1 
ORD-20261003-3784,03-10-2026 12:27,Kriti,Menon,"  Vadodara, Gujarat ",Sports|Cricket Bat|1599,2.0
ORD-20261003-2587,03/10/2026 17:20,myra,  Saxena ,"  Delhi, Delhi ",Fashion|Leather Wallet|499,2
ORD-20261003-1552,2026-10-03 11:59:41,Mihir,  Patel ,"Delhi, Delhi",Home And Kitchen|Bedsheet Set|1499,1
ORD-20261003-2980,03-10-2026 22:16,NISHA,Iyer,"delhi, delhi",Beauty|Hair Serum|549, 1 
ORD-20261003-4565,03/10/2026 19:10,Hetal,Sinha,"Delhi, Delhi",Home And Kitchen|Non Stick Pan|1099,3
ORD-20261003-2160,03/10/2026 15:29,Aditi,Sinha,"Nagpur, Maharashtra",Fashion|Sunglasses|999,1
ORD-20261003-2139,03-10-2026 18:39,Parth,  Kulkarni ,"ahmedabad, gujarat",Home And Kitchen|Bedsheet Set|1499,4
ORD-20261003-2473,2026-10-03 15:23:53,Sai,  Vyas ,"Vadodara, Gujarat",,2
ORD-20261003-2625,2026-10-03 21:19:13,Shaurya,Sinha,"ahmedabad, gujarat",Home And Kitchen|Wall Clock|649,-2
ORD-20261003-0599,03/10/2026 18:21,Riya,  Iyer ,"delhi, delhi",Home And Kitchen|Wall Clock|649,2
ORD-20261003-1413,2026-10-03 12:52:38,SAANVI,,"Hyderabad, Telangana",Fashion|Cotton Kurta|799,1.0
ORD-20261003-0151,03/10/2026 16:17,Pranav,Patil,"Bengaluru, Karnataka",Home And Kitchen|Steel Water Bottle|399,2
ORD-20261003-4817,03/10/2026 18:41,Tushar,  Arora ,"Hyderabad, Telangana",Fashion|Leather Wallet|499,4
ORD-20261003-2455,2026-10-03 08:09:36,Ayaan,  Reddy ,"Surat, Gujarat",Sports|Skipping Rope|199,2
ORD-20261003-0930,2026-10-03 12:27:00,Krishna,KALAVADIA,"bengaluru, karnataka",Beauty|Perfume|1299,1
ORD-20261003-4399,2026-10-03 18:24:27,Shaurya,Kapoor,"  Surat, Gujarat ",Fashion|Denim Jeans|1199,3
ORD-20261003-2089,03-10-2026 11:40,  Shreya ,  Trivedi ,"Jaipur, Rajasthan",Fashion|Sunglasses|999,2
ORD-20261003-2250,03/10/2026 09:48,roshni,Patil,"Surat, Gujarat",Sports|Dumbbell Set|1899, 6 
ORD-20261003-2017,03-10-2026 11:42,Kabir,Thakkar,"Hyderabad, Telangana",Fashion|Running Shoes|2199,1
ORD-20261003-4232,2026-10-03 21:46:21,nisha,Malhotra,"Mumbai, Maharashtra",Fashion|Cotton Kurta|799,1
ORD-20261003-4642,03-10-2026 19:20,Myra,Desai,"Bengaluru, Karnataka",Home And Kitchen|Wall Clock|649,1
ORD-20261003-3754,2026-10-03 20:46:08,Isha,Patil,"CHENNAI, TAMIL NADU",Fashion|Denim Jeans|1199,1
ORD-20261003-1822,03/10/2026 21:51,krishna,Desai,"Surat, Gujarat",Home And Kitchen|Wall Clock|649,2
ORD-20261003-2178,2026-10-03 12:43:08,Nidhi,Yadav,"  Coimbatore, Tamil Nadu ",Fashion|Denim Jeans|1199,1
ORD-20261003-2511,03/10/2026 14:19,krishna,malhotra,"KOLKATA, WEST BENGAL",Home And Kitchen|Wall Clock|649,1
ORD-20261003-0427,03/10/2026 18:09,Isha,verma,"surat, gujarat",Electronics|Bluetooth Speaker|1799,1
ORD-20261003-2942,03/10/2026 11:43,Mansi,pawar,"Nagpur, Maharashtra",Fashion|Cotton Kurta|799,1
ORD-20261003-0417,2026-10-03 10:47:43,vihaan,  Jain ,"mumbai, maharashtra",Sports|Yoga Mat|699,5
ORD-20261003-4023,03/10/2026 20:52,YASH,Thakkar,"Mumbai, Maharashtra",Electronics|Smart Watch|2499,1
ORD-20261003-4456,03/10/2026 13:35,Simran,gupta,"surat, gujarat",Fashion|Leather Wallet|499,-2
ORD-20261003-0697,03/10/2026 14:07,Advik,trivedi,"  Bengaluru, Karnataka ",Beauty|Face Wash|249,1
ORD-20261003-4265,2026-10-03 09:00:54,Aditya,Rao,"  Delhi, Delhi ",Fashion|Sunglasses|999,1
ORD-20261003-2165,2026-10-03 15:13:14,Vikas,dubey,"Ahmedabad, Gujarat",Fashion|Denim Jeans|1199,2
ORD-20261003-3391,03-10-2026 19:13,nikhil,Reddy,"Kolkata, West Bengal",Fashion|Running Shoes|2199,2.0
ORD-20261003-2177,03/10/2026 22:37,  Swati ,Das,"MUMBAI, MAHARASHTRA",Fashion|Cotton Kurta|799,2
ORD-20261003-1998,03-10-2026 10:00,Vihaan,Shah,"JAIPUR, RAJASTHAN",Electronics|Laptop Stand|749,0
ORD-20261003-2987,03/10/2026 12:52,Myra,arora,"Coimbatore, Tamil Nadu",Fashion|Leather Wallet|499,3
ORD-20261003-3832,03/10/2026 22:41,ISHA,  Arora ,"Coimbatore, Tamil Nadu",Fashion|Leather Wallet|499, 2 
ORD-20261003-3176,03/10/2026 18:11,Rohan,  Yadav ,"Mumbai, Maharashtra",Fashion|Running Shoes|2199,1
ORD-20261003-2461,2026-10-03 22:25:54,komal,kalavadia,"Kolkata, West Bengal",Beauty|Lipstick|399,5
ORD-20261003-2273,2026-10-03 18:30:46,  Sai ,reddy,"HYDERABAD, TELANGANA",Fashion|Running Shoes|2199,1
ORD-20261003-2265,2026-10-03 00:56:13,Hetal,Patel,"surat, gujarat",Beauty|Face Wash|249,1
ORD-20261003-2142,03/10/2026 11:51,Nidhi,KHANNA,"Hyderabad, Telangana",Fashion|Leather Wallet|499, 2 
ORD-20261003-0063,03/10/2026 03:52,Parth,Bansal,"Chennai, Tamil Nadu",Electronics|Power Bank|899, 2 
ORD-20261003-2515,2026-10-03 22:08:20,,Khanna,"  Surat, Gujarat ",Fashion|Sunglasses|999,1
ORD-20261003-2147,03/10/2026 21:07,Komal,nair,"vadodara, gujarat",Sports|Football|799,3
ORD-20261003-4003,2026-10-03 06:57:45,Sneha,,"  Delhi, Delhi ",Home And Kitchen|Steel Water Bottle|399,5
ORD-20261003-2376,03/10/2026 21:03,Parth,Sinha,"Mumbai, Maharashtra",Home And Kitchen|Steel Water Bottle|399,1
ORD-20261003-1210,2026-10-03 15:54:14,Komal,agarwal,"Bengaluru, Karnataka",Home And Kitchen|Non Stick Pan|1099,2
ORD-20261003-3349,2026-10-03 22:58:54,Aadhya,Das,"Ahmedabad, Gujarat",Sports|Cricket Bat|1599,1
ORD-20261003-3075,2026-10-03 21:33:21,  Ritu ,  Verma ,"hyderabad, telangana",Electronics|Power Bank|899,5
ORD-20261003-1117,2026-10-03 16:38:27,Divya,Thakkar,"Pune, Maharashtra",Electronics|Power Bank|899,2
ORD-20261003-4190,2026-10-03 13:02:29,Pranav,Agarwal,"Pune, Maharashtra",Beauty|Face Wash|249,3
ORD-20261003-2441,2026-10-03 14:28:43,suresh,  Arora ,"Pune, Maharashtra",Sports|Cricket Bat|1599,2
ORD-20261003-0794,03/10/2026 21:24,  Nikhil ,Chaudhary,"Lucknow, Uttar Pradesh",Fashion|Sunglasses|999,6
ORD-20261003-2817,03/10/2026 07:17,anjali,Sinha,"Hyderabad, Telangana",Fashion|Denim Jeans|1199,2
ORD-20261003-3794,2026-10-03 10:56:24,Kunal,Pawar,"Mumbai, Maharashtra",Fashion|Cotton Kurta|799,3
ORD-20261003-0283,03/10/2026 23:50,SURESH,chauhan,"Bengaluru, Karnataka",Home And Kitchen|Wall Clock|649,3
ORD-20261003-0451,03-10-2026 14:24,myra,Dubey,"Kolkata, West Bengal",Fashion|Running Shoes|2199,2
ORD-20261003-0755,2026-10-03 14:01:40,shreya,Pillai,"Lucknow, Uttar Pradesh",Home And Kitchen|Storage Box|299,1
ORD-20261003-0400,2026-10-03 22:35:29,rudra,Rao,"  Surat, Gujarat ",Electronics|Smart Watch|2499,1
ORD-20261003-0569,2026-10-03 19:57:09,DIVYA,  Thakkar ,"  Mumbai, Maharashtra ",Electronics|Smart Watch|2499,3
ORD-20261003-0851,03/10/2026 10:50,Sai,Joshi,"Bengaluru, Karnataka",Fashion|Sunglasses|999,2
ORD-20261003-4430,03-10-2026 07:03,aarav,Gupta,,Fashion|Leather Wallet|499,3
ORD-20261003-3410,2026-10-03 05:01:11,null,Saxena,"Lucknow, Uttar Pradesh",Beauty|Lipstick|399,1.0
ORD-20261003-0473,2026-10-03 07:55:09,Aarav,thakkar,"Hyderabad, Telangana",Sports|Skipping Rope|199,2
ORD-20261003-2484,03/10/2026 13:23,AADHYA,Malhotra,"PUNE, MAHARASHTRA",Fashion|Leather Wallet|499,4
ORD-20261003-4599,03/10/2026 19:59,Sara,  Reddy ,"Pune, Maharashtra",Fashion|Running Shoes|2199,2
ORD-20261003-3822,03/10/2026 22:02,Parth,Singh,"Delhi, Delhi",Sports|Yoga Mat|699,2
ORD-20261003-1839,03-10-2026 21:06,Deepak,joshi,"jaipur, rajasthan",Fashion|Denim Jeans|1199,1
ORD-20261003-0346,03/10/2026 22:18,Gaurav,Menon,"  Hyderabad, Telangana ",Electronics|Bluetooth Speaker|1799,1
ORD-20261003-1262,2026-10-03 19:54:11,Tanvi,Bansal,"Mumbai, Maharashtra",Fashion|Cotton Kurta|799,1
ORD-20261003-3258,2026-10-03 15:42:59,Anjali,SHARMA,"Delhi, Delhi",Home And Kitchen|Storage Box|299,1
ORD-20261003-0461,2026-10-03 18:19:29,arjun,Pandya,"Mumbai, Maharashtra",Fashion|Cotton Kurta|799,1
ORD-20261003-1126,2026-10-03 12:35:04,Neel,Shah,"Lucknow, Uttar Pradesh",Fashion|Leather Wallet|499,1
ORD-20261003-4136,03/10/2026 18:22,  Tanvi ,Kumar,"Ahmedabad, Gujarat",Fashion|Running Shoes|2199,3
ORD-20261003-4113,03/10/2026 18:33,Ayaan,patel,"  Jaipur, Rajasthan ",Sports|Skipping Rope|199,6
ORD-20261003-4609,2026-10-03 21:27:42,Riya,Nair,"surat, gujarat",Electronics|Smart Watch|2499,1
ORD-20261003-1422,03/10/2026 12:27,dev,,"MUMBAI, MAHARASHTRA",Electronics|Wireless Earbuds|1299,1
ORD-20261003-0497,03/10/2026 16:13,Nikhil,Bhatt,"  Coimbatore, Tamil Nadu ",Sports|Football|799,1
ORD-20261003-3667,2026-10-03 21:10:34,om,tiwari,"PUNE, MAHARASHTRA",Electronics|Laptop Stand|749,1
ORD-20261003-3969,03-10-2026 13:16,Reyansh,Shah,"Mumbai, Maharashtra",Electronics|Power Bank|899,
ORD-20261003-0904,2026-10-03 21:15:28,tanvi,pandya,"Surat, Gujarat",Beauty|Face Wash|249,1
ORD-20261003-1544,2026-10-03 12:07:53,Amit,pandya,"Mumbai, Maharashtra",Electronics|Wireless Earbuds|1299, 1 
ORD-20261003-1961,03/10/2026 20:48,JANVI,  Malhotra ,"Mumbai, Maharashtra",Fashion|Leather Wallet|499,5
ORD-20261003-0418,03/10/2026 14:13,AANYA,bansal,"bengaluru, karnataka",Beauty|Sunscreen|449,1.0
ORD-20261003-2306,03/10/2026 14:59,krupa,Sharma,"Vadodara, Gujarat",Electronics|Laptop Stand|749,2
ORD-20261003-1306,03/10/2026 23:48,om,Rao,"Coimbatore, Tamil Nadu",Home And Kitchen|Wall Clock|649,2
ORD-20261003-4726,03/10/2026 21:51,Priya,Bansal,"Mumbai, Maharashtra",Home And Kitchen|Bedsheet Set|1499,3
ORD-20261003-1024,2026-10-03 08:05:49,Om,DAS,"BENGALURU, KARNATAKA",Fashion|Running Shoes|2199,2
ORD-20261003-1150,03-10-2026 08:42,Amit,Mukherjee,"Chennai, Tamil Nadu",Fashion|Running Shoes|2199,3
ORD-20261003-0007,03/10/2026 21:25,  Riya ,Pillai,"  Hyderabad, Telangana ",Sports|Skipping Rope|199,1
ORD-20261003-4625,03/10/2026 21:52,aditya,Mishra,"Delhi, Delhi",Fashion|Sunglasses|999,3
ORD-20261003-2925,03/10/2026 10:33,Karan,verma,"Chennai, Tamil Nadu",Electronics|Power Bank|899,2
ORD-20261003-0707,2026-10-03 23:25:16,Dhruv,Nair,"  Mumbai, Maharashtra ",Home And Kitchen|Steel Water Bottle|399,1
ORD-20261003-4617,2026-10-03 08:36:18,Parth,shah,"Pune, Maharashtra",Fashion|Cotton Kurta|799,2
ORD-20261003-1431,03/10/2026 13:23,Riya,Patil,"Bengaluru, Karnataka",Fashion|Running Shoes|2199,3
ORD-20261003-4083,,Mansi,Kulkarni,"hyderabad, telangana",Electronics|Wireless Earbuds|1299,2
ORD-20261003-0443,2026-10-03 15:27:07,deepak,Pillai,"delhi, delhi",Beauty|Sunscreen|449,3
ORD-20261003-2012,03/10/2026 09:24,  Varun ,  Sharma ,"Pune, Maharashtra",Fashion|Cotton Kurta|799,
ORD-20261003-3550,2026-10-03 19:43:22,Vivaan,Kapoor,"pune, maharashtra",Beauty|Hair Serum|549,3
ORD-20261003-4160,03/10/2026 20:51,swati,  Desai ,"bengaluru, karnataka",Home And Kitchen|Steel Water Bottle|399,2
ORD-20261003-2197,03/10/2026 14:23,Nikhil,  Iyer ,"Kolkata, West Bengal",Beauty|Perfume|1299,2
ORD-20261003-1953,03/10/2026 21:39,Saanvi,Desai,"  Hyderabad, Telangana ",Fashion|Running Shoes|2199,1
ORD-20261003-4376,03/10/2026 20:15,Karan,Chauhan,"Ahmedabad, Gujarat",Fashion|Sunglasses|999,3
ORD-20261003-3516,03-10-2026 05:07,Janvi,GUPTA,"Lucknow, Uttar Pradesh",Fashion|Cotton Kurta|799,1
ORD-20261003-0886,2026-10-03 21:49:02,VIKAS,Thakkar,"Mumbai, Maharashtra",Fashion|Running Shoes|2199,5
ORD-20261003-0951,2026-10-03 17:03:06,Parth,AGARWAL,,Home And Kitchen|Storage Box|299,1.0
ORD-20261003-2718,03/10/2026 21:32,  Megha ,Menon,"Lucknow, Uttar Pradesh",Home And Kitchen|Wall Clock|649,0
ORD-20261003-4118,2026-10-03 16:43:53,Aryan,Parmar,"mumbai, maharashtra",Sports|Skipping Rope|199,3
ORD-20261003-1111,03/10/2026 18:32,Myra,srivastava,"Surat, Gujarat",Fashion|Sunglasses|999,2
ORD-20261003-4155,03/10/2026 11:11,Varun,  Tiwari ,"Mysuru, Karnataka",Sports|Yoga Mat|699,1
ORD-20261003-1784,03-10-2026 20:57,Shreya,  Bose ,"ahmedabad, gujarat",Home And Kitchen|Non Stick Pan|1099,1
ORD-20261003-1685,03/10/2026 11:52,SIMRAN,Tiwari,"Jaipur, Rajasthan",Electronics|Wireless Earbuds|1299,2
ORD-20261003-4664,2026-10-03 22:38:17,Reyansh,MEHTA,"hyderabad, telangana",Electronics|Power Bank|899,2
ORD-20261003-2414,03/10/2026 09:12,deepak,,"Bengaluru, Karnataka",Beauty|Perfume|1299,1
ORD-20261003-1948,03/10/2026 21:51,swati,  Menon ,"Coimbatore, Tamil Nadu",Sports|Yoga Mat|699,1
ORD-20261003-0713,2026-10-03 11:09:15,vivaan,Reddy,"MUMBAI, MAHARASHTRA",Beauty|Lipstick|399,1
ORD-20261003-0040,03/10/2026 17:14,Shreya,Arora,"Delhi, Delhi",Sports|Dumbbell Set|1899,1
ORD-20261003-4075,2026-10-03 18:45:55,null,  Solanki ,"Surat, Gujarat",Beauty|Hair Serum|549,2
ORD-20261003-2466,03/10/2026 14:54,Shreya,SINHA,"Pune, Maharashtra",Sports|Cricket Bat|1599,1
ORD-20261003-2164,2026-10-03 23:16:26,Mansi,Bansal,N/A,Home And Kitchen|Bedsheet Set|1499, 1 
ORD-20261003-1241,2026-10-03 13:06:56,Nikhil,Dubey,"LUCKNOW, UTTAR PRADESH",Beauty|Sunscreen|449,1
ORD-20261003-4613,03/10/2026 18:59,Aryan,Kulkarni,"Kolkata, West Bengal",Sports|Football|799,1
ORD-20261003-0370,03/10/2026 22:53,Ayaan,Mishra,"Mumbai, Maharashtra",Beauty|Hair Serum|549,4
ORD-20261003-2959,03/10/2026 00:09,nidhi,Iyer,"kolkata, west bengal",Home And Kitchen|Wall Clock|649,1
ORD-20261003-3229,2026-10-03 22:16:21,DHRUV,Joshi,"Ahmedabad, Gujarat",Sports|Skipping Rope|199,3
ORD-20261003-1263,03/10/2026 09:08,Bhavna,DUBEY,"Delhi, Delhi",Fashion|Leather Wallet|499,2
ORD-20261003-3823,03/10/2026 18:37,Ritu,rao,"Ahmedabad, Gujarat",Sports|Yoga Mat|699,2
ORD-20261003-0286,2026-10-03 13:13:19,ISHAAN,,"JAIPUR, RAJASTHAN",Sports|Skipping Rope|199,2
ORD-20261003-3514,2026-10-03 12:04:48,  Krishna ,GUPTA,"chennai, tamil nadu",Fashion|Sunglasses|999,1
ORD-20261003-2235,03-10-2026 19:44,Vivaan,Arora,"  Surat, Gujarat ",Home And Kitchen|Non Stick Pan|1099,1
ORD-20261003-2559,03-10-2026 18:06,  Arjun ,Pillai,"  Chennai, Tamil Nadu ",Electronics|Wireless Earbuds|1299,3
ORD-20261003-4705,03/10/2026 20:52,  Ananya ,Pandya,"lucknow, uttar pradesh",Home And Kitchen|Steel Water Bottle|399,1.0
ORD-20261003-0949,03/10/2026 21:41,ADITYA,MISHRA,"pune, maharashtra",Home And Kitchen|Storage Box|299,5
ORD-20261003-0819,2026-10-03 20:51:10,  Ishaan ,Bansal,"Pune, Maharashtra",Beauty|Sunscreen|449,1
ORD-20261003-3862,03-10-2026 11:58,Sai,MUKHERJEE,"Lucknow, Uttar Pradesh",Fashion|Leather Wallet|499,1.0
ORD-20261003-4654,03/10/2026 15:35,Sneha,  Tiwari ,"Bengaluru, Karnataka",Home And Kitchen|Bedsheet Set|1499,1
ORD-20261003-2331,03/10/2026 11:48,Sara,Chauhan,"Mumbai, Maharashtra",Beauty|Perfume|1299,1
ORD-20261003-4453,,Vihaan,thakkar,"Delhi, Delhi",Beauty|Face Wash|249,4
ORD-20261003-4392,03-10-2026 13:31,NAVYA,Kumar,"  Surat, Gujarat ",Fashion|Leather Wallet|499,
ORD-20261003-2855,2026-10-03 15:59:20,deepak,Gupta,"Delhi, Delhi",Beauty|Hair Serum|549,3
ORD-20261003-3177,2026-10-03 21:02:07,Atharv,ghosh,"delhi, delhi",Home And Kitchen|Wall Clock|649,1
ORD-20261003-0153,03/10/2026 07:13,Pooja,Rao,"Delhi, Delhi",Fashion|Denim Jeans|1199,0
ORD-20261003-3214,03/10/2026 19:46,Shaurya,Rathod,"Lucknow, Uttar Pradesh",Sports|Cricket Bat|1599,2
ORD-20261003-2167,2026-10-03 13:29:36,Deepak,Sharma,"CHENNAI, TAMIL NADU",Fashion|Leather Wallet|499,2
ORD-20261003-4801,03/10/2026 15:54,Vihaan,Pawar,"  Mumbai, Maharashtra ",Home And Kitchen|Non Stick Pan|1099,5
ORD-20261003-3313,03-10-2026 13:20,Rahul,ghosh,"pune, maharashtra",Home And Kitchen|Bedsheet Set|1499,1
ORD-20261003-2047,03-10-2026 21:26,Tanvi,  Bose ,"Vadodara, Gujarat",Fashion|Running Shoes|2199,1.0
ORD-20261003-2130,2026-10-03 03:50:46,Aditi,Sinha,"Jaipur, Rajasthan",Electronics|Bluetooth Speaker|1799,1
ORD-20261003-4492,2026-10-03 17:53:09,Mihir,  Arora ,"KOLKATA, WEST BENGAL",Sports|Yoga Mat|699,2
ORD-20261003-2213,03/10/2026 12:12,NIDHI,Singh,"Pune, Maharashtra",Electronics|Laptop Stand|749,2
ORD-20261003-4615,03-10-2026 17:32,simran,Reddy,"Bengaluru, Karnataka",Sports|Skipping Rope|199,4
ORD-20261003-0796,03/10/2026 19:46,Aadhya,agarwal,"  Pune, Maharashtra ",Fashion|Running Shoes|2199,5.0
ORD-20261003-1368,03/10/2026 14:48,VIKAS,Rathod,"Pune, Maharashtra",Fashion|Sunglasses|999,2
ORD-20261003-3412,03/10/2026 08:23,Khushi,Mishra,"Pune, Maharashtra",Fashion|Denim Jeans|1199,1
ORD-20261003-1156,2026-10-03 21:52:52,Dhwani,bose,"Hyderabad, Telangana",Home And Kitchen|Wall Clock|649,2
ORD-20261003-1810,2026-10-03 18:42:31,Kunal,Mukherjee,"Surat, Gujarat",Fashion|Running Shoes|2199,1
ORD-20261003-1293,03/10/2026 12:06,Ayaan,  Mishra ,"Lucknow, Uttar Pradesh",Electronics|Bluetooth Speaker|1799,4
ORD-20261003-1176,03/10/2026 19:30,Yash,Jain,"  Lucknow, Uttar Pradesh ",Beauty|Hair Serum|549,1
ORD-20261003-2399,03/10/2026 18:09,Sara,Chopra,"Pune, Maharashtra",Beauty|Sunscreen|449,4
ORD-20261003-0285,03/10/2026 18:32,swati,Mishra,"Lucknow, Uttar Pradesh",Home And Kitchen|Steel Water Bottle|399,2
ORD-20261003-4605,2026-10-03 16:16:29,khushi,Saxena,"Delhi, Delhi",Beauty|Sunscreen|449,3
ORD-20261003-2475,03/10/2026 18:49,Nikhil,Pillai,"  Ahmedabad, Gujarat ",Home And Kitchen|Wall Clock|649,2
ORD-20261003-4745,2026-10-03 18:58:17,Pranav,Iyer,"  Ahmedabad, Gujarat ",,3
ORD-20261003-3304,03/10/2026 13:26,Nisha,Patil,"AHMEDABAD, GUJARAT",Beauty|Lipstick|399,1
ORD-20261003-2929,2026-10-03 14:05:34,aditya,Mukherjee,"KOLKATA, WEST BENGAL",Beauty|Sunscreen|449,2
ORD-20261003-3562,N/A,gaurav,Dubey,"pune, maharashtra",Sports|Cricket Bat|1599,2
ORD-20261003-2816,03/10/2026 12:16,anjali,Parmar,"Jaipur, Rajasthan",Fashion|Sunglasses|999,2.0
ORD-20261003-3318,03-10-2026 12:20,SAANVI,Patel,"Ahmedabad, Gujarat",Fashion|Cotton Kurta|799, 6 
ORD-20261003-1512,03/10/2026 13:40,  Ritu ,Mehta,"Kolkata, West Bengal",Fashion|Leather Wallet|499, 6 
ORD-20261003-3669,03/10/2026 15:35,Dhwani,  Agarwal ,"Bengaluru, Karnataka",Fashion|Leather Wallet|499,1
ORD-20261003-2752,03/10/2026 22:18,Sneha,CHAUHAN,"Jaipur, Rajasthan",Beauty|Sunscreen|449,1
ORD-20261003-4500,03/10/2026 22:09,Vikas,solanki,"Delhi, Delhi",Fashion|Denim Jeans|1199,
ORD-20261003-0543,03/10/2026 10:13,Aryan,Saxena,"Mumbai, Maharashtra",Fashion|Running Shoes|2199,4
ORD-20261003-1534,2026-10-03 15:46:39,Aadhya,ghosh,"KOLKATA, WEST BENGAL",Home And Kitchen|Wall Clock|649,1
ORD-20261003-4749,03/10/2026 19:49,Anjali,Mukherjee,"Surat, Gujarat",Fashion|Leather Wallet|499,2
ORD-20261003-2771,2026-10-03 10:31:15,Ishaan,bose,"Mumbai, Maharashtra",Fashion|Cotton Kurta|799,
ORD-20261003-0759,03/10/2026 23:19,roshni,mukherjee,"  Bengaluru, Karnataka ",Fashion|Sunglasses|999,-5
ORD-20261003-2960,03/10/2026 12:37,  Simran ,Tiwari,"Jaipur, Rajasthan",Fashion|Leather Wallet|499,1
ORD-20261003-0067,2026-10-03 11:09:51,Rohan,Yadav,"coimbatore, tamil nadu",Beauty|Lipstick|399,1
ORD-20261003-0914,03/10/2026 10:21,Nidhi,mehta,"Delhi, Delhi",Fashion|Running Shoes|2199,1
ORD-20261003-4081,03-10-2026 22:51,NAVYA,BANSAL,"mumbai, maharashtra",Fashion|Running Shoes|2199,1
ORD-20261003-2079,2026-10-03 22:10:56,Krupa,kapoor,"Mumbai, Maharashtra",Electronics|Laptop Stand|749,3
ORD-20261003-1260,2026-10-03 12:50:00,Reyansh,Kulkarni,"Pune, Maharashtra",Electronics|Power Bank|899,
ORD-20261003-0479,03/10/2026 00:19,Aarav,Bhatt,"Hyderabad, Telangana",Beauty|Face Wash|249,2
ORD-20261003-1756,03-10-2026 18:54,AYAAN,menon,"Hyderabad, Telangana",Fashion|Leather Wallet|499,2
ORD-20261003-0588,2026-10-03 07:27:23,Rahul,Shah,"Mumbai, Maharashtra",Beauty|Hair Serum|549, 1 
ORD-20261003-3893,03/10/2026 20:50,ISHAAN,Pawar,"Delhi, Delhi",Home And Kitchen|Non Stick Pan|1099,2.0
ORD-20261003-0503,03/10/2026 02:23,,Desai,"Bengaluru, Karnataka",Fashion|Cotton Kurta|799, 1 
ORD-20261003-0351,03/10/2026 21:45,aryan,Kulkarni,"Kolkata, West Bengal",Fashion|Running Shoes|2199,4
ORD-20261003-0533,03/10/2026 11:48,priya,Desai,"mumbai, maharashtra",Sports|Yoga Mat|699,1
ORD-20261003-4229,03/10/2026 11:12,Jay,Tiwari,"Pune, Maharashtra",Sports|Yoga Mat|699,3
ORD-20261003-1056,2026-10-03 21:36:29,Khushi,chopra,"PUNE, MAHARASHTRA",Beauty|Lipstick|399,2
ORD-20261003-2778,2026-10-03 14:07:15,  Neha ,verma,"Delhi, Delhi",Fashion|Leather Wallet|499,1
ORD-20261003-1574,03/10/2026 13:06,Payal,Trivedi,"AHMEDABAD, GUJARAT",Fashion|Running Shoes|2199,1
ORD-20261003-2984,2026-10-03 18:43:10,Kabir,das,"JAIPUR, RAJASTHAN",Fashion|Sunglasses|999,1
ORD-20261003-4548,03/10/2026 19:43,Aadhya,patel,"Surat, Gujarat",Sports|Football|799,1.0
ORD-20261003-3653,03/10/2026 10:08,RAHUL,Tiwari,"  Hyderabad, Telangana ",Electronics|Wireless Earbuds|1299,1
ORD-20261003-4637,03/10/2026 15:48,ayaan,Joshi,"Mysuru, Karnataka",Fashion|Denim Jeans|1199,1
ORD-20261003-0252,03/10/2026 16:02,Roshni,Bose,"Pune, Maharashtra",Fashion|Running Shoes|2199,1
ORD-20261003-3366,N/A,Simran,Saxena,"Jaipur, Rajasthan",Fashion|Cotton Kurta|799,3
ORD-20261003-4044,2026-10-03 21:24:05,rajesh,Dubey,"delhi, delhi",Beauty|Hair Serum|549,1
ORD-20261003-2899,03/10/2026 11:28,  Dev ,Thakkar,"bengaluru, karnataka",Fashion|Running Shoes|2199,1
ORD-20261003-0011,03/10/2026 00:46,  Advik ,Chauhan,"Nagpur, Maharashtra",Fashion|Denim Jeans|1199,-2
ORD-20261003-1740,03/10/2026 13:21,Divya,Gupta,"jaipur, rajasthan",Fashion|Running Shoes|2199,2
ORD-20261003-0824,03/10/2026 21:45,yash,bansal,"surat, gujarat",Fashion|Running Shoes|2199,1
ORD-20261003-0412,2026-10-03 20:12:55,Krupa,  Patel ,"Bengaluru, Karnataka",Fashion|Leather Wallet|499,2
ORD-20261003-0489,03/10/2026 07:14,  Navya ,Trivedi,"Delhi, Delhi",Electronics|Bluetooth Speaker|1799,1
ORD-20261003-3248,03/10/2026 14:17,VIKAS,Trivedi,"mysuru, karnataka",Fashion|Leather Wallet|499,1
ORD-20261003-2108,,Aryan,Chopra,"ahmedabad, gujarat",Fashion|Running Shoes|2199,4
ORD-20261003-0227,2026-10-03 08:14:36,Aditya,Pandya,"Bengaluru, Karnataka",Fashion|Leather Wallet|499,2
ORD-20261003-2724,03/10/2026 21:31,deepak,Khanna,"Mumbai, Maharashtra",Fashion|Cotton Kurta|799,3
ORD-20261003-2011,2026-10-03 02:32:16,  Neha ,jain,"Chennai, Tamil Nadu",Home And Kitchen|Non Stick Pan|1099,1
ORD-20261003-4810,03/10/2026 11:14,Yash,Desai,"Mumbai, Maharashtra",Fashion|Cotton Kurta|799,2
ORD-20261003-4499,03/10/2026 06:26,megha,rao,"Mumbai, Maharashtra",Electronics|Laptop Stand|749,1
ORD-20261003-3069,03/10/2026 19:14,SWATI,Thakkar,"Delhi, Delhi",Electronics|Smart Watch|2499,2
ORD-20261003-2382,03/10/2026 07:51,divya,Bhatt,"Ahmedabad, Gujarat",Fashion|Leather Wallet|499,1.0
ORD-20261003-0288,2026-10-03 15:47:55,Dhruv,Srivastava,"  Mysuru, Karnataka ",Electronics|Power Bank|899,3
ORD-20261003-4802,03/10/2026 19:15,Rajesh,vyas,"Bengaluru, Karnataka",Beauty|Sunscreen|449,2
ORD-20261003-1055,2026-10-03 20:39:56,nikhil,Shah,"Lucknow, Uttar Pradesh",Sports|Skipping Rope|199,5
ORD-20261003-2100,03/10/2026 10:53,ARJUN,Agarwal,"Nagpur, Maharashtra",Sports|Yoga Mat|699,1
ORD-20261003-3238,03/10/2026 20:02,manish,Singh,"Mumbai, Maharashtra",Electronics|Power Bank|899,1
ORD-20261003-0502,2026-10-03 12:02:43,Ayaan,Reddy,"Surat, Gujarat",Sports|Yoga Mat|699,3
ORD-20261003-4475,2026-10-03 10:50:37,anika,Reddy,"Delhi, Delhi",Home And Kitchen|Storage Box|299,2
ORD-20261003-4219,2026-10-03 21:23:02,pranav,pandya,"Delhi, Delhi",Electronics|Laptop Stand|749,3
ORD-20261003-1274,2026-10-03 18:04:12,  Tushar ,Sharma,"Delhi, Delhi",Electronics|Power Bank|899,2
ORD-20261003-4366,2026-10-03 10:07:47,null,Gupta,"Jaipur, Rajasthan",Home And Kitchen|Non Stick Pan|1099,1
ORD-20261003-4849,2026-10-03 13:50:31,Priya,Kulkarni,"Delhi, Delhi",Fashion|Cotton Kurta|799,1
ORD-20261003-2568,03-10-2026 12:33,Om,Patil,N/A,Fashion|Denim Jeans|1199,1.0
ORD-20261003-4686,2026-10-03 13:37:36,  Sara ,modi,"HYDERABAD, TELANGANA",Sports|Dumbbell Set|1899,1
ORD-20261003-1064,03-10-2026 21:41,  Amit ,pandya,"MUMBAI, MAHARASHTRA",Sports|Cricket Bat|1599,2
ORD-20261003-1462,03/10/2026 09:47,Roshni,Chopra,"Jaipur, Rajasthan",Fashion|Cotton Kurta|799,2.0
ORD-20261003-1589,2026-10-03 10:53:26,,TIWARI,,Electronics|Bluetooth Speaker|1799,1
ORD-20261003-3016,03/10/2026 17:43,Palak,Ghosh,"mumbai, maharashtra",Fashion|Cotton Kurta|799,2
ORD-20261003-0678,03/10/2062 15:11,shaurya,Pawar,"BENGALURU, KARNATAKA",Home And Kitchen|Storage Box|299,1
ORD-20261003-4713,03/10/2026 20:17,Aanya,SRIVASTAVA,"Surat, Gujarat",Sports|Dumbbell Set|1899,1
ORD-20261003-2583,03/10/2026 20:16,om,  Kumar ,"Bengaluru, Karnataka",Electronics|Power Bank|899,1
ORD-20261003-2589,2026-10-03 00:16:14,DIVYA,Mukherjee,"Kolkata, West Bengal",Home And Kitchen|Storage Box|299, 2 
ORD-20261003-2212,2026-10-03 14:23:55,Ayaan,Mishra,"Lucknow, Uttar Pradesh",Beauty|Perfume|1299,1.0
ORD-20261003-3658,2026-10-03 08:36:39,divya,  Das ,"Surat, Gujarat",Home And Kitchen|Non Stick Pan|1099,1
ORD-20261003-1847,03-10-2026 11:08,Divya,Kulkarni,"Chennai, Tamil Nadu",Beauty|Lipstick|399,4
ORD-20261003-1739,03-10-2026 19:27,Suresh,agarwal,"mumbai, maharashtra",Fashion|Cotton Kurta|799, 1 
ORD-20261003-1332,03/10/2026 13:10,RAHUL,Pandya,"Vadodara, Gujarat",Fashion|Sunglasses|999, 2 
ORD-20261003-1292,2026-10-03 11:35:10,  Rajesh ,Mehta,"Delhi, Delhi",Home And Kitchen|Bedsheet Set|1499,1
ORD-20261003-0012,2026-10-03 18:17:54,parth,Reddy,"mumbai, maharashtra",Home And Kitchen|Bedsheet Set|1499,3
ORD-20261003-0499,03/10/2026 20:05,neel,solanki,"BENGALURU, KARNATAKA",Fashion|Denim Jeans|1199,1
ORD-20261003-1209,2026-10-03 12:23:25,Vivaan,sharma,"Vadodara, Gujarat",Fashion|Cotton Kurta|799,1
ORD-20261003-0737,2026-10-03 15:59:08,  Parth ,Rathod,"delhi, delhi",Sports|Cricket Bat|1599,1
ORD-20261003-2015,03/10/2026 20:17,pooja,MISHRA,"AHMEDABAD, GUJARAT",Fashion|Sunglasses|999,1
ORD-20261003-0876,2026-10-03 19:15:32,nikhil,  Mishra ,"BENGALURU, KARNATAKA",Beauty|Lipstick|399,1
ORD-20261003-1166,03/10/2026 22:11,palak,Patil,"Vadodara, Gujarat",Fashion|Denim Jeans|1199,1
ORD-20261003-3710,2026-10-03 21:43:48,Neel,agarwal,"Lucknow, Uttar Pradesh",Sports|Dumbbell Set|1899,1
ORD-20261003-1323,03/10/2026 17:35,  Deepak ,CHAUDHARY,"Lucknow, Uttar Pradesh",Beauty|Lipstick|399,1.0
ORD-20261003-0425,03/10/2026 12:39,  Ayaan ,Reddy,"surat, gujarat",Electronics|Power Bank|899,5
ORD-20261003-0340,2026-10-03 22:09:08,  Neha ,Saxena,"Mumbai, Maharashtra",Sports|Skipping Rope|199,1
ORD-20261003-3351,03-10-2026 23:40,BHAVNA,Sinha,"Kolkata, West Bengal",Electronics|Power Bank|899,1
ORD-20261003-1903,2026-10-03 19:04:22,  Aanya ,gupta,"Bengaluru, Karnataka",Home And Kitchen|Wall Clock|649,1
ORD-20261003-2859,2026-10-03 22:47:05,Divya,Kulkarni,"Chennai, Tamil Nadu",Fashion|Cotton Kurta|799,3
ORD-20261003-3219,2026-10-03 13:04:51,VARUN,agarwal,"bengaluru, karnataka",Electronics|Wireless Earbuds|1299,2
ORD-20261003-3121,03/10/2026 20:37,Yash,trivedi,"pune, maharashtra",Electronics|Laptop Stand|749,5
ORD-20261003-3768,2026-10-03 21:18:56,yash,Khanna,"hyderabad, telangana",Electronics|Laptop Stand|749,2
ORD-20261003-1225,03/10/2026 16:02,anika,Reddy,"Delhi, Delhi",Fashion|Leather Wallet|499,2
ORD-20261003-3040,2026-10-03 12:25:32,ANIKA,Das,"Mumbai, Maharashtra",Fashion|Sunglasses|999,2.0
ORD-20261003-2872,03/10/2026 10:40,Reyansh,Joshi,"  Bengaluru, Karnataka ",Sports|Football|799,1
ORD-20261003-3990,2026-10-03 18:14:30,saanvi,Vyas,"Mumbai, Maharashtra",Sports|Football|799,5
ORD-20261003-1656,03/10/2026 16:28,Saanvi,  Pandya ,"Surat, Gujarat",Electronics|Bluetooth Speaker|1799,2
ORD-20261003-3911,03-10-2026 20:53,null,Vyas,"Delhi, Delhi",Electronics|Bluetooth Speaker|1799, 3 
ORD-20261003-3434,2026-10-03 21:08:43,Nisha,Menon,"Coimbatore, Tamil Nadu",Electronics|Bluetooth Speaker|1799,2
ORD-20261003-4014,2026-10-03 08:07:22,Vikas,Yadav,"Surat, Gujarat",Sports|Football|799,1
ORD-20261003-4298,03/10/2026 13:18,Shreya,Dubey,"MUMBAI, MAHARASHTRA",Fashion|Sunglasses|999,1.0
ORD-20261003-2626,2026-10-03 11:48:49,Gaurav,Singh,"  Mysuru, Karnataka ",Fashion|Denim Jeans|1199,1
ORD-20261003-0783,03/10/2026 01:28,kriti,Bhatt,"Mumbai, Maharashtra",Home And Kitchen|Non Stick Pan|1099,-2
ORD-20261003-3087,03/10/2026 20:33,Mihir,Khanna,"  Ahmedabad, Gujarat ",Fashion|Sunglasses|999,1
ORD-20261003-2735,03/10/2026 05:19,Jay,Saxena,"Hyderabad, Telangana",Fashion|Sunglasses|999,3
ORD-20261003-3614,03/10/2026 19:25,Nikhil,  Menon ,"nagpur, maharashtra",Electronics|Bluetooth Speaker|1799,2
ORD-20261003-0186,03-10-2026 12:55,hetal,Rao,"ahmedabad, gujarat",Home And Kitchen|Storage Box|299,4
ORD-20261003-4151,03-10-2026 10:14,,Patil,"Ahmedabad, Gujarat",Home And Kitchen|Steel Water Bottle|399,3
ORD-20261003-1509,03-10-2026 08:03,  Tushar ,verma,"hyderabad, telangana",Fashion|Cotton Kurta|799, 5 
ORD-20261003-3759,03/10/2026 22:44,Amit,Verma,"Bengaluru, Karnataka",Fashion|Leather Wallet|499,2
ORD-20261003-2039,03-10-2026 11:01,  Aadhya ,  Modi ,"Hyderabad, Telangana",Electronics|Laptop Stand|749,1
ORD-20261003-2150,2026-10-03 04:40:37,PARI,khanna,"Bengaluru, Karnataka",Home And Kitchen|Steel Water Bottle|399,1
ORD-20261003-0410,2026-10-03 14:26:14,  Sneha ,Malhotra,"Surat, Gujarat",Electronics|Smart Watch|2499, 1 
ORD-20261003-3129,03-10-2026 21:52,  Advik ,Chauhan,"Nagpur, Maharashtra",Home And Kitchen|Storage Box|299,1
ORD-20261003-0472,2026-10-03 19:59:00,Myra,Iyer,"hyderabad, telangana",Electronics|Power Bank|899,0
ORD-20261003-0781,03/10/2026 10:51,Advik,Rathod,"  Ahmedabad, Gujarat ",Home And Kitchen|Storage Box|299,1
ORD-20261003-0513,03/10/2026 12:17,rahul,Chaudhary,"MUMBAI, MAHARASHTRA",Fashion|Leather Wallet|499,1
ORD-20261003-4757,03-10-2026 22:15,Rahul,Pandya,"Vadodara, Gujarat",Beauty|Sunscreen|449,1
ORD-20261003-3859,2026-10-03 18:33:57,Ananya,Agarwal,"  Jaipur, Rajasthan ",Sports|Dumbbell Set|1899,0
ORD-20261003-0146,2026-10-03 13:41:23,reyansh,  Pawar ,"Mumbai, Maharashtra",Electronics|Power Bank|899,5
ORD-20261003-0958,03-10-2026 21:02,  Reyansh ,mukherjee,"mumbai, maharashtra",Fashion|Leather Wallet|499,2
ORD-20261003-3206,03/10/2025 03:07,aditya,Srivastava,"Ahmedabad, Gujarat",Sports|Football|799,3
ORD-20261003-3470,03/10/2026 17:46,Shaurya,Solanki,"  Surat, Gujarat ",Sports|Dumbbell Set|1899,3
ORD-20261003-4645,03/10/2026 05:23,Jay,Kapoor,"  Delhi, Delhi ",Fashion|Running Shoes|2199,1
ORD-20261003-0414,2026-10-03 06:49:26,  Atharv ,  Joshi ,"Ahmedabad, Gujarat",Sports|Cricket Bat|1599,5.0
ORD-20261003-4167,03/10/2026 21:22,Swati,Malhotra,"PUNE, MAHARASHTRA",Fashion|Running Shoes|2199,1
ORD-20261003-4069,03/10/2026 13:49,Saanvi,Desai,"  Bengaluru, Karnataka ",Fashion|Leather Wallet|499,1
ORD-20261003-3894,03-10-2026 12:44,  Harsh ,Kulkarni,"Hyderabad, Telangana",Electronics|Smart Watch|2499,2
ORD-20261003-1820,03-10-2026 15:35,SIMRAN,kalavadia,"Hyderabad, Telangana",Fashion|Denim Jeans|1199,2
ORD-20261003-2314,03/10/2026 11:18,Pooja,  Yadav ,"Lucknow, Uttar Pradesh",Electronics|Smart Watch|2499,4
ORD-20261003-3364,03/10/2026 20:07,Shaurya,kalavadia,"Mumbai, Maharashtra",Fashion|Denim Jeans|1199,2
ORD-20261003-4601,03-10-2026 16:08,Pari,Ghosh,"Lucknow, Uttar Pradesh",Fashion|Cotton Kurta|799, 4 
ORD-20261003-3164,2026-10-03 17:15:29,Ananya,malhotra,"Pune, Maharashtra",Home And Kitchen|Storage Box|299,4
ORD-20261003-1109,03/10/2026 22:30,Sneha,Malhotra,"Ahmedabad, Gujarat",Beauty|Perfume|1299,4
ORD-20261003-1039,03-10-2026 21:59,Komal,Trivedi,"Mumbai, Maharashtra",Home And Kitchen|Bedsheet Set|1499,1
ORD-20261003-1134,2026-10-03 14:23:11,Vihaan,vyas,"Coimbatore, Tamil Nadu",Sports|Skipping Rope|199,1
ORD-20261003-2612,2026-10-03 11:49:35,Harsh,Arora,"Mumbai, Maharashtra",Home And Kitchen|Wall Clock|649,1
ORD-20261003-4217,2026-10-03 15:20:28,aditi,verma,"Mumbai, Maharashtra",Electronics|Power Bank|899,1.0
ORD-20261003-3175,03/10/2062 19:05,Khushi,GHOSH,"Hyderabad, Telangana",Home And Kitchen|Non Stick Pan|1099,1
ORD-20261003-1222,03/10/2026 07:09,Manish,mishra,"kolkata, west bengal",Electronics|Smart Watch|2499,2
,2026-10-03 21:58:55,SAANVI,bose,"Delhi, Delhi",Home And Kitchen|Non Stick Pan|1099, 1 
ORD-20261003-0289,03/10/2026 21:58,Navya,gupta,"MUMBAI, MAHARASHTRA",Electronics|Wireless Earbuds|1299,1
ORD-20261003-4489,2026-10-03 11:53:27,Ananya,  Mukherjee ,"Chennai, Tamil Nadu",Electronics|Power Bank|899,
ORD-20261003-3609,2026-10-03 12:29:19,Krishna,Mukherjee,"delhi, delhi",Fashion|Sunglasses|999,2
ORD-20261003-3966,2026-10-03 19:32:34,Sneha,arora,"  Lucknow, Uttar Pradesh ",Sports|Football|799,5
ORD-20261003-2608,03/10/2026 14:13,Aditi,BANSAL,"Chennai, Tamil Nadu",Sports|Football|799,2
ORD-20261003-0486,03/10/2026 18:46,Nisha,,"Delhi, Delhi",Home And Kitchen|Steel Water Bottle|399,1
ORD-20261003-0870,03/10/2026 22:28,Payal,mukherjee,"DELHI, DELHI",Electronics|Bluetooth Speaker|1799,1
ORD-20261003-4582,03/10/2026 14:05,Isha,Iyer,"Chennai, Tamil Nadu",Fashion|Running Shoes|2199,1
ORD-20261003-3334,03/10/2026 00:38,navya,mehta,"Nagpur, Maharashtra",Fashion|Sunglasses|999,1
ORD-20261003-0915,03/10/2026 12:49,varun,Joshi,"Bengaluru, Karnataka",Fashion|Cotton Kurta|799,1
ORD-20261003-1447,03-10-2026 12:37,KOMAL,  Reddy ,"Delhi, Delhi",Sports|Dumbbell Set|1899,1
ORD-20261003-1152,03/10/2026 13:09,myra,,"  Delhi, Delhi ",Beauty|Hair Serum|549,3
ORD-20261003-2263,03/10/2026 18:23,Bhavna,Arora,"  Kolkata, West Bengal ",Electronics|Bluetooth Speaker|1799,1
ORD-20261003-4428,03/10/2026 15:46,SWATI,  Mukherjee ,"DELHI, DELHI",Sports|Football|799,1
ORD-20261003-4623,2026-10-03 23:53:44,Aditya,kalavadia,"  Ahmedabad, Gujarat ",Fashion|Running Shoes|2199,1
ORD-20261003-4065,2026-10-03 19:52:19,  Swati ,sharma,"delhi, delhi",Electronics|Wireless Earbuds|1299,4
ORD-20261003-0862,03/10/2026 23:22,Manish,Nair,"Coimbatore, Tamil Nadu",Home And Kitchen|Storage Box|299,1
ORD-20261003-3804,2026-10-03 18:00:58,  Anjali ,Yadav,"JAIPUR, RAJASTHAN",Electronics|Bluetooth Speaker|1799,1
ORD-20261003-0711,03/10/2026 11:46,  Anika ,Mehta,"Kolkata, West Bengal",Electronics|Laptop Stand|749,1
ORD-20261003-1992,03/10/2026 21:40,Anika,Shah,"PUNE, MAHARASHTRA",Home And Kitchen|Wall Clock|649,4
ORD-20261003-1127,03-10-2026 20:59,Ayaan,Mishra,"Lucknow, Uttar Pradesh",Home And Kitchen|Non Stick Pan|1099, 1 
ORD-20261003-2122,03-10-2026 11:23,  Krupa ,Gupta,"Lucknow, Uttar Pradesh",Fashion|Leather Wallet|499,1
ORD-20261003-3882,31/02/2026 17:37,om,Kumar,"  Mysuru, Karnataka ",Sports|Cricket Bat|1599,4
ORD-20261003-1677,03-10-2026 10:30,ISHA,Iyer,"NAGPUR, MAHARASHTRA",Beauty|Lipstick|399,1
ORD-20261003-1942,2026-10-03 20:03:04,Jay,  Tiwari ,"Jaipur, Rajasthan",Home And Kitchen|Non Stick Pan|1099,1
ORD-20261003-0789,03/10/2026 12:06,Diya,Pandya,"Coimbatore, Tamil Nadu",Fashion|Denim Jeans|1199,1
ORD-20261003-0912,03-10-2026 14:08,REYANSH,Vyas,"mumbai, maharashtra",Electronics|Bluetooth Speaker|1799,1.0
ORD-20261003-3115,2026-10-03 05:31:44,Kriti,  Pillai ,"Lucknow, Uttar Pradesh",Fashion|Denim Jeans|1199,1
ORD-20261003-1658,03/10/2026 14:06,Aarav,menon,"kolkata, west bengal",Sports|Cricket Bat|1599,2
ORD-20261003-1904,03/10/2026 09:19,PAYAL,Agarwal,"coimbatore, tamil nadu",Electronics|Bluetooth Speaker|1799,2
ORD-20261003-1893,03-10-2026 08:53,KARAN,Thakkar,"Bengaluru, Karnataka",Electronics|Smart Watch|2499,1
ORD-20261003-3708,03/10/2026 07:18,Neel,Chaudhary,"Surat, Gujarat",Electronics|Bluetooth Speaker|1799,4
ORD-20261003-3659,2026-10-03 09:47:59,Neha,Malhotra,"Hyderabad, Telangana",Home And Kitchen|Storage Box|299,1
ORD-20261003-3472,03/10/2026 09:22,Aarav,Nair,"Lucknow, Uttar Pradesh",Fashion|Denim Jeans|1199, 1 
ORD-20261003-4166,03-10-2026 18:27,rohan,MENON,"Ahmedabad, Gujarat",Fashion|Denim Jeans|1199,2
ORD-20261003-4001,2026-10-03 03:58:44,Janvi,Nair,"Chennai, Tamil Nadu",Home And Kitchen|Storage Box|299,1
ORD-20261003-2769,03/10/2026 12:05,Navya,Singh,"Jaipur, Rajasthan",Home And Kitchen|Storage Box|299,1
ORD-20261003-3396,03/10/2026 23:25,reyansh,Iyer,"Bengaluru, Karnataka",Beauty|Perfume|1299,1
ORD-20261003-2143,03/10/2026 22:48,Megha,agarwal,"Chennai, Tamil Nadu",Sports|Cricket Bat|1599,1
ORD-20261003-2967,2026-10-03 12:58:00,Reyansh,gupta,"Kolkata, West Bengal",Electronics|Laptop Stand|749, 1 
ORD-20261003-3204,2026-10-03 19:14:43,Aadhya,Gupta,"  Chennai, Tamil Nadu ",Fashion|Denim Jeans|1199,1
ORD-20261003-4070,03-10-2026 00:57,Bhavna,,"Lucknow, Uttar Pradesh",Fashion|Running Shoes|2199,1
ORD-20261003-3587,03/10/2026 12:53,Nidhi,Agarwal,"Delhi, Delhi",Fashion|Cotton Kurta|799,1.0
ORD-20261003-4326,03/10/2026 08:15,  Nidhi ,Yadav,"  Coimbatore, Tamil Nadu ",Sports|Yoga Mat|699,1
ORD-20261003-3723,03/10/2026 20:40,Anika,shah,"Pune, Maharashtra",Beauty|Perfume|1299,1
ORD-20261003-3461,2026-10-03 20:02:42,jay,Kulkarni,"Ahmedabad, Gujarat",Sports|Football|799,2
ORD-20261003-3265,03-10-2026 16:04,deepak,Vyas,"Lucknow, Uttar Pradesh",Home And Kitchen|Bedsheet Set|1499,2
ORD-20261003-2026,2026-10-03 14:44:57,  Khushi ,solanki,"kolkata, west bengal",Beauty|Perfume|1299,3
ORD-20261003-0148,03/10/2026 22:09,Suresh,Das,"Mysuru, Karnataka",Fashion|Denim Jeans|1199,1
ORD-20261003-4742,2026-10-03 20:09:33,kriti,mukherjee,"Mumbai, Maharashtra",Fashion|Sunglasses|999,2
ORD-20261003-4386,2026-10-03 17:41:57,Sara,Desai,"Nagpur, Maharashtra",Electronics|Power Bank|899,2
ORD-20261003-3306,03-10-2026 15:10,Deepak,nair,"delhi, delhi",Fashion|Denim Jeans|1199,2
ORD-20261003-3704,2026-10-03 15:08:35,Aryan,Bhatt,"Delhi, Delhi",Fashion|Sunglasses|999,2
ORD-20261003-0948,03/10/2026 07:54,  Aditi ,Modi,"  Surat, Gujarat ",Fashion|Cotton Kurta|799,1
ORD-20261003-3854,03/10/2026 22:46,Saanvi,Rathod,"surat, gujarat",Fashion|Sunglasses|999,2
ORD-20261003-4082,2026-10-03 22:27:52,Palak,patel,"  Chennai, Tamil Nadu ",Electronics|Power Bank|899,3
ORD-20261003-0014,03-10-2026 11:56,Sneha,modi,"Bengaluru, Karnataka",Home And Kitchen|Steel Water Bottle|399,1
ORD-20261003-3769,03-10-2026 18:06,  Aditya ,  Agarwal ,"Coimbatore, Tamil Nadu",Electronics|Smart Watch|2499,1
ORD-20261003-2172,03/10/2026 20:03,Dhwani,Chauhan,"Hyderabad, Telangana",Electronics|Smart Watch|2499,1
ORD-20261003-0449,03/10/2026 07:36,NISHA,Bhatt,"AHMEDABAD, GUJARAT",Fashion|Leather Wallet|499,1
ORD-20261003-1717,03/10/2026 21:08,Hetal,Kapoor,"  Chennai, Tamil Nadu ",Fashion|Running Shoes|2199,2.0
ORD-20261003-1601,03/10/2026 08:40,Megha,MISHRA,"NAGPUR, MAHARASHTRA",Home And Kitchen|Storage Box|299,2
ORD-20261003-0404,03-10-2026 06:25,Vikas,gupta,"Ahmedabad, Gujarat",Home And Kitchen|Wall Clock|649,2
ORD-20261003-3171,03/10/2026 19:45,  Suresh ,saxena,"Surat, Gujarat",Fashion|Denim Jeans|1199,1
ORD-20261003-2723,2026-10-03 19:08:15,Aditi,dubey,"Vadodara, Gujarat",Electronics|Laptop Stand|749,3
ORD-20261003-3086,03/10/2026 12:14,  Rajesh ,  Joshi ,"Delhi, Delhi",Beauty|Perfume|1299,1
ORD-20261003-2711,03/10/2026 21:04,Vivaan,Kumar,"Nagpur, Maharashtra",Home And Kitchen|Storage Box|299,4
ORD-20261003-2610,03/10/2026 18:27,krupa,Parmar,"Pune, Maharashtra",Beauty|Perfume|1299,1.0
ORD-20261003-4322,03/10/2026 19:04,Karan,Tiwari,"Chennai, Tamil Nadu",Fashion|Sunglasses|999,1
ORD-20261003-2225,2026-10-03 23:45:41,Varun,Khanna,"delhi, delhi",Beauty|Sunscreen|449,1
ORD-20261003-4436,N/A,  Bhavna ,tiwari,"Coimbatore, Tamil Nadu",Fashion|Running Shoes|2199,1
ORD-20261003-1231,03-10-2026 20:59,  Sneha ,Das,"  Chennai, Tamil Nadu ",Home And Kitchen|Wall Clock|649,1
ORD-20261003-4089,03/10/2026 18:58,RIYA,Rao,"Mumbai, Maharashtra",Sports|Dumbbell Set|1899,2
ORD-20261003-3217,2026-10-03 19:47:24,Aarav,Modi,"Bengaluru, Karnataka",Fashion|Denim Jeans|1199, 3 
ORD-20261003-1520,03/10/2026 19:32,NAVYA,Thakkar,"Surat, Gujarat",Beauty|Hair Serum|549,1
ORD-20261003-3920,2026-10-03 20:01:19,Shaurya,Jain,"Delhi, Delhi",Electronics|Smart Watch|2499,3.0
ORD-20261003-1063,03/10/2026 19:35,Neha,bhatt,"mumbai, maharashtra",Fashion|Denim Jeans|1199,4
ORD-20261003-4566,2026-10-03 07:31:34,  Pari ,Kulkarni,"Jaipur, Rajasthan",Electronics|Laptop Stand|749,1
ORD-20261003-1727,03/10/2026 10:25,Kriti,,"Jaipur, Rajasthan",Electronics|Bluetooth Speaker|1799,4
ORD-20261003-0339,03/10/2026 14:37,Om,Pillai,"Delhi, Delhi",Home And Kitchen|Storage Box|299,1
ORD-20261003-1832,03/10/2026 17:15,GAURAV,Solanki,"Hyderabad, Telangana",Home And Kitchen|Non Stick Pan|1099,1
ORD-20261003-3563,2026-10-03 09:21:06,megha,arora,"vadodara, gujarat",Electronics|Wireless Earbuds|1299,2.0
ORD-20261003-4398,2026-10-03 21:52:32,nikhil,Iyer,"KOLKATA, WEST BENGAL",Home And Kitchen|Wall Clock|649,1
ORD-20261003-3644,2026-10-03 02:11:07,Vikas,  Chaudhary ,"Ahmedabad, Gujarat",Sports|Dumbbell Set|1899,2
ORD-20261003-3453,2026-10-03 08:05:00,Tushar,bhatt,"Mysuru, Karnataka",Fashion|Sunglasses|999,2
ORD-20261003-3483,03/10/2026 13:20,Shaurya,Bansal,"Chennai, Tamil Nadu",Home And Kitchen|Non Stick Pan|1099,1
ORD-20261003-3063,03/10/2026 18:23,Sara,modi,"coimbatore, tamil nadu",Beauty|Lipstick|399,2
ORD-20261003-2070,03/10/2026 11:39,Diya,pawar,"Surat, Gujarat",Beauty|Lipstick|399,1
ORD-20261003-2406,2026-10-03 11:24:05,Roshni,Das,"bengaluru, karnataka",Fashion|Leather Wallet|499,1
ORD-20261003-3155,2026-10-03 21:49:01,Yash,Vyas,"jaipur, rajasthan",Fashion|Denim Jeans|1199,1
ORD-20261003-0514,03/10/2026 22:05,Aanya,Sinha,"NAGPUR, MAHARASHTRA",Beauty|Sunscreen|449,1
ORD-20261003-2099,03/10/2026 16:54,reyansh,kulkarni,"Mumbai, Maharashtra",Beauty|Face Wash|249,1
ORD-20261003-4517,03/10/2026 13:00,KARAN,reddy,"Surat, Gujarat",Electronics|Power Bank|899,1
ORD-20261003-0529,03/10/2026 14:57,Gaurav,  Iyer ,"Mumbai, Maharashtra",Fashion|Denim Jeans|1199,3
ORD-20261003-1651,03/10/2026 14:28,ARJUN,SINGH,"  Kolkata, West Bengal ",Home And Kitchen|Storage Box|299,1
ORD-20261003-3270,03/10/2026 20:59,Kabir,  Chopra ,"Mumbai, Maharashtra",Fashion|Sunglasses|999,2
ORD-20261003-1376,03/10/2026 09:59,Neel,agarwal,"Lucknow, Uttar Pradesh",Home And Kitchen|Steel Water Bottle|399,1
ORD-20261003-1373,03/10/2026 17:42,Navya,Mukherjee,"Pune, Maharashtra",Electronics|Laptop Stand|749, 1 
ORD-20261003-0399,03/10/2026 15:41,Diya,Das,"Chennai, Tamil Nadu",Sports|Cricket Bat|1599,1
ORD-20261003-1983,03/10/2026 12:49,pari,Kumar,"Hyderabad, Telangana",Home And Kitchen|Steel Water Bottle|399,1
ORD-20261003-3133,2026-10-03 06:26:02,Aadhya,Chaudhary,"Coimbatore, Tamil Nadu",Fashion|Denim Jeans|1199,1
ORD-20261003-0492,03/10/2026 00:57,Sneha,Mehta,"  Delhi, Delhi ",Fashion|Leather Wallet|499,2
ORD-20261003-3705,03/10/2026 21:34,RIYA,MENON,"  Bengaluru, Karnataka ",Electronics|Power Bank|899,2
ORD-20261003-0180,03/10/2026 10:11,Anika,pandya,"BENGALURU, KARNATAKA",Home And Kitchen|Storage Box|299,1
ORD-20261003-1922,03/10/2026 16:02,  Roshni ,Tiwari,"Ahmedabad, Gujarat",Beauty|Sunscreen|449,2
ORD-20261003-2221,03/10/2026 14:30,Dhruv,Pandya,"pune, maharashtra",Beauty|Sunscreen|449,1
ORD-20261003-3196,2026-10-03 18:35:04,Gaurav,singh,"Vadodara, Gujarat",Fashion|Sunglasses|999,2
ORD-20261003-0991,03/10/2026 16:03,  Kriti ,Nair,"Coimbatore, Tamil Nadu",Fashion|Running Shoes|2199, 1 
ORD-20261003-1957,2026-10-03 02:04:35,Neha,saxena,"Kolkata, West Bengal",Electronics|Laptop Stand|749,5
ORD-20261003-2418,03/10/2026 12:42,Priya,Mehta,"Bengaluru, Karnataka",Home And Kitchen|Storage Box|299,1
ORD-20261003-2489,03/10/2026 12:59,Divya,Das,"Surat, Gujarat",Sports|Dumbbell Set|1899,1
ORD-20261003-4768,2026-10-03 13:55:05,Sara,  Srivastava ,"Mumbai, Maharashtra",Electronics|Smart Watch|2499,1
ORD-20261003-4574,03/10/2026 19:07,  Mansi ,Parmar,"AHMEDABAD, GUJARAT",Sports|Cricket Bat|1599,1
ORD-20261003-2183,03/10/2026 13:08,Pranav,Malhotra,"  Ahmedabad, Gujarat ",Fashion|Denim Jeans|1199,1
ORD-20261003-2866,03-10-2026 21:32,Divya,Tiwari,"  Kolkata, West Bengal ",Fashion|Sunglasses|999,1
ORD-20261003-4008,03-10-2026 15:32,Rajesh,Mukherjee,"delhi, delhi",Fashion|Sunglasses|999,1
ORD-20261003-3154,03/10/2026 10:54,Simran,Mukherjee,"surat, gujarat",Fashion|Denim Jeans|1199,3
ORD-20261003-1254,03-10-2026 19:04,gaurav,Tiwari,"PUNE, MAHARASHTRA",Home And Kitchen|Bedsheet Set|1499,1.0
ORD-20261003-2702,03/10/2026 20:57,Shreya,Agarwal,"Bengaluru, Karnataka",Sports|Yoga Mat|699,2.0
ORD-20261003-2578,2026-10-03 16:40:59,MIHIR,Gupta,"Nagpur, Maharashtra",Electronics|Wireless Earbuds|1299,2
ORD-20261003-0654,03-10-2026 19:46,Neha,Thakkar,"mumbai, maharashtra",Home And Kitchen|Non Stick Pan|1099,1
ORD-20261003-3680,2026-10-03 19:02:28,Bhavna,Patel,"MUMBAI, MAHARASHTRA",Electronics|Smart Watch|2499,3
ORD-20261003-2229,2026-10-03 08:39:08,Aditya,  Srivastava ,"Ahmedabad, Gujarat",Fashion|Leather Wallet|499,2.0
ORD-20261003-4045,03/10/2026 17:24,Tanvi,Patel,"kolkata, west bengal",Fashion|Leather Wallet|499,2
ORD-20261003-2398,03/10/2026 21:56,Riya,reddy,"Delhi, Delhi",Fashion|Denim Jeans|1199,2
ORD-20261003-2030,2026-10-03 22:43:12,Swati,patel,"CHENNAI, TAMIL NADU",Fashion|Sunglasses|999,1
ORD-20261003-3916,03-10-2026 14:00,reyansh,Menon,"  Chennai, Tamil Nadu ",Fashion|Leather Wallet|499,1
ORD-20261003-4824,2026-10-03 20:33:58,REYANSH,ghosh,"Pune, Maharashtra",Home And Kitchen|Steel Water Bottle|399,1
ORD-20261003-1673,2026-10-03 20:42:14,Priya,KULKARNI,"BENGALURU, KARNATAKA",Home And Kitchen|Bedsheet Set|1499,1
ORD-20261003-0202,03/10/2026 22:36,Ayaan,Reddy,"Surat, Gujarat",Beauty|Sunscreen|449,3
ORD-20261003-4025,2026-10-03 18:20:14,ritu,Pillai,"  Ahmedabad, Gujarat ",Home And Kitchen|Bedsheet Set|1499,1
ORD-20261003-1251,03/10/2026 16:14,Kavya,,"ahmedabad, gujarat",Sports|Cricket Bat|1599,0
ORD-20261003-3380,03/10/2026 15:56,Roshni,Iyer,"Bengaluru, Karnataka",Home And Kitchen|Bedsheet Set|1499,1
ORD-20261003-3338,2026-10-03 11:24:04,  Krupa ,verma,"Bengaluru, Karnataka",Electronics|Wireless Earbuds|1299,3
ORD-20261003-1245,2026-10-03 18:31:25,Harsh,Gupta,,Home And Kitchen|Non Stick Pan|1099,1
ORD-20261003-3536,2026-10-03 13:08:22,ishaan,PILLAI,"Ahmedabad, Gujarat",Fashion|Denim Jeans|1199,3
ORD-20261003-4451,03/10/2026 20:44,Om,Das,"Delhi, Delhi",Home And Kitchen|Storage Box|299,2
ORD-20261003-1532,2026-10-03 15:30:38,Atharv,verma,"Mumbai, Maharashtra",Home And Kitchen|Non Stick Pan|1099,3
ORD-20261003-2989,03/10/2026 19:18,Dhruv,Iyer,"Chennai, Tamil Nadu",Electronics|Power Bank|899,3
ORD-20261003-0536,2026-10-03 09:07:05,null,bansal,"BENGALURU, KARNATAKA",Electronics|Bluetooth Speaker|1799,2
ORD-20261003-2844,03-10-2026 21:47,vivaan,PARMAR,"Hyderabad, Telangana",Sports|Cricket Bat|1599,5
ORD-20261003-4129,03/10/2026 05:23,sara,Saxena,"nagpur, maharashtra",Beauty|Face Wash|249,1.0
ORD-20261003-3134,03-10-2026 10:06,  Roshni ,kalavadia,"pune, maharashtra",Fashion|Leather Wallet|499,2
ORD-20261003-4515,03/10/2026 19:42,Shaurya,Iyer,"Delhi, Delhi",Electronics|Smart Watch|2499,1
ORD-20261003-0465,03/10/2026 18:36,Nikhil,VYAS,"Pune, Maharashtra",Fashion|Leather Wallet|499,1
ORD-20261003-2561,03/10/2026 19:07,Varun,Solanki,"BENGALURU, KARNATAKA",Fashion|Cotton Kurta|799,3
ORD-20261003-3654,2026-10-03 16:17:43,vihaan,Parmar,"Coimbatore, Tamil Nadu",Electronics|Bluetooth Speaker|1799,2
ORD-20261003-2140,03/10/2026 14:43,Pooja,  Pawar ,"Coimbatore, Tamil Nadu",Home And Kitchen|Storage Box|299,2
ORD-20261003-3025,03/10/2026 20:01,  Ishaan ,Sinha,"Ahmedabad, Gujarat",Electronics|Smart Watch|2499,1
ORD-20261003-1213,2026-10-03 20:45:39,Amit,Mehta,"  Surat, Gujarat ",Fashion|Denim Jeans|1199,1
ORD-20261003-2739,03/10/2026 18:17,Hetal,Sinha,,Beauty|Lipstick|399,4
ORD-20261003-0917,03/10/2026 14:09,  Pranav ,patil,"Bengaluru, Karnataka",Home And Kitchen|Bedsheet Set|1499,4
ORD-20261003-2619,03/10/2026 17:04,mansi,BOSE,"Kolkata, West Bengal",Fashion|Cotton Kurta|799,
ORD-20261003-0381,2026-10-03 14:34:05,kriti,Kulkarni,"pune, maharashtra",Fashion|Cotton Kurta|799,5
ORD-20261003-0132,03/10/2026 20:01,Neha,,"Mumbai, Maharashtra",Fashion|Denim Jeans|1199,1
ORD-20261003-1107,03/10/2026 20:43,Divya,Rao,"Ahmedabad, Gujarat",Sports|Skipping Rope|199, 2 
ORD-20261003-2593,2026-10-03 20:37:02,Nikhil,Pawar,"Ahmedabad, Gujarat",Beauty|Face Wash|249, 2 
ORD-20261003-1660,03-10-2026 13:57,Mihir,Malhotra,"  Vadodara, Gujarat ",Electronics|Smart Watch|2499,1
ORD-20261003-3252,03-10-2026 20:19,Kavya,Sharma,"Hyderabad, Telangana",Fashion|Running Shoes|2199,3
ORD-20261003-2351,03-10-2026 20:58,kunal,Arora,"KOLKATA, WEST BENGAL",,1
ORD-20261003-4627,03/10/2026 19:08,Karan,Kumar,"nagpur, maharashtra",Electronics|Bluetooth Speaker|1799,2
ORD-20261003-1570,03-10-2026 11:33,SARA,Thakkar,"Mumbai, Maharashtra",Fashion|Cotton Kurta|799,1
ORD-20261003-1683,03/10/2026 23:01,Neel,Sinha,"  Ahmedabad, Gujarat ",Sports|Dumbbell Set|1899,2
ORD-20261003-1035,03/10/2026 20:24,  Krupa ,Mishra,"Hyderabad, Telangana",Sports|Dumbbell Set|1899,1
,03/10/2026 12:43,Khushi,Dubey,"mumbai, maharashtra",Fashion|Running Shoes|2199,2
ORD-20261003-4470,03/10/2026 16:33,Varun,  Kapoor ,"  Bengaluru, Karnataka ",Fashion|Cotton Kurta|799,2
ORD-20261003-4533,03/10/2026 19:49,Rahul,Mukherjee,"Chennai, Tamil Nadu",Beauty|Lipstick|399,1
ORD-20261003-2023,03/10/2026 20:27,  Reyansh ,parmar,"NAGPUR, MAHARASHTRA",Fashion|Cotton Kurta|799,1
ORD-20261003-0297,03/10/2026 20:01,null,Rathod,"Mysuru, Karnataka",Electronics|Bluetooth Speaker|1799,1.0
ORD-20261003-4286,03/10/2026 13:13,Riya,Menon,"Chennai, Tamil Nadu",Fashion|Cotton Kurta|799,1
ORD-20261003-1865,2026-10-03 20:13:24,Palak,  Dubey ,"Bengaluru, Karnataka",Fashion|Denim Jeans|1199,5
ORD-20261003-0516,2026-10-03 22:57:40,Dhwani,MISHRA,"Coimbatore, Tamil Nadu",Fashion|Denim Jeans|1199,1
ORD-20261003-0212,2026-10-03 14:22:15,harsh,singh,"Pune, Maharashtra",Fashion|Denim Jeans|1199,1
ORD-20261003-2449,,Vikas,thakkar,"Ahmedabad, Gujarat",Fashion|Cotton Kurta|799,1
ORD-20261003-1230,2026-10-03 17:14:13,karan,Kulkarni,"Jaipur, Rajasthan",Sports|Football|799,2
ORD-20261003-0081,2026-10-03 18:35:01,  Suresh ,Saxena,"Nagpur, Maharashtra",Electronics|Wireless Earbuds|1299,1
ORD-20261003-4508,03/10/2026 22:38,Simran,thakkar,"Kolkata, West Bengal",Beauty|Hair Serum|549,1
ORD-20261003-4284,03/10/2025 14:21,sara,Saxena,"KOLKATA, WEST BENGAL",Beauty|Face Wash|249,1
ORD-20261003-4350,03-10-2026 14:29,SWATI,chaudhary,"  Chennai, Tamil Nadu ",Electronics|Wireless Earbuds|1299,1
ORD-20261003-3947,03/10/2026 06:22,krupa,Kapoor,"Mumbai, Maharashtra",Fashion|Sunglasses|999,1
ORD-20261003-4831,2026-10-03 12:55:48,Nisha,Gupta,"Delhi, Delhi",Beauty|Face Wash|249,2
ORD-20261003-4063,03/10/2026 12:21,Dhruv,Chaudhary,"Chennai, Tamil Nadu",Fashion|Cotton Kurta|799,5
ORD-20261003-2214,03/10/2026 11:03,Aryan,Yadav,"COIMBATORE, TAMIL NADU",Beauty|Sunscreen|449,1
ORD-20261003-1950,03/10/2026 10:44,Parth,Bhatt,"  Hyderabad, Telangana ",Home And Kitchen|Bedsheet Set|1499,5
ORD-20261003-4161,2026-10-03 11:26:41,Janvi,kulkarni,"Surat, Gujarat",Beauty|Perfume|1299,2
ORD-20261003-1623,03/10/2026 09:26,Dhwani,Jain,"Pune, Maharashtra",Sports|Skipping Rope|199,1
ORD-20261003-0812,2026-10-03 21:05:46,REYANSH,Parmar,"bengaluru, karnataka",Fashion|Sunglasses|999,1
ORD-20261003-3029,N/A,NEHA,Thakkar,"Hyderabad, Telangana",Beauty|Perfume|1299,1
ORD-20261003-3908,03-10-2026 07:16,Tanvi,Kumar,"Ahmedabad, Gujarat",Electronics|Bluetooth Speaker|1799,4
ORD-20261003-1182,2026-10-03 21:58:35,KHUSHI,Mukherjee,"Nagpur, Maharashtra",Electronics|Laptop Stand|749,3
ORD-20261003-3159,03/10/2026 12:56,pranav,Mukherjee,"nagpur, maharashtra",Electronics|Power Bank|899,
ORD-20261003-2360,2026-10-03 11:42:30,Isha,MUKHERJEE,"  Chennai, Tamil Nadu ",Home And Kitchen|Storage Box|299,1
ORD-20261003-4767,03/10/2026 20:25,KABIR,  Bansal ,"  Nagpur, Maharashtra ",Electronics|Bluetooth Speaker|1799,1
ORD-20261003-0258,03/10/2026 15:03,Rudra,YADAV,"Bengaluru, Karnataka",Electronics|Smart Watch|2499,1
ORD-20261003-3831,03/10/2026 15:07,Rohan,Chauhan,"Bengaluru, Karnataka",Fashion|Cotton Kurta|799,3
ORD-20261003-0998,03-10-2026 20:37,Rohan,Saxena,"  Mumbai, Maharashtra ",Beauty|Hair Serum|549,3
ORD-20261003-2426,2026-10-03 11:41:35,Megha,bose,,Home And Kitchen|Wall Clock|649,3
ORD-20261003-1010,2026-10-03 07:22:20,  Suresh ,Vyas,"AHMEDABAD, GUJARAT",Fashion|Denim Jeans|1199,2
ORD-20261003-2761,03/10/2026 22:35,Nikhil,Patel,"  Delhi, Delhi ",Fashion|Cotton Kurta|799,1
ORD-20261003-0478,03/10/2026 13:58,kriti,Arora,"Chennai, Tamil Nadu",Fashion|Leather Wallet|499,4
ORD-20261003-0608,03/10/2026 11:33,Mansi,Verma,"Surat, Gujarat",Home And Kitchen|Storage Box|299,4
ORD-20261003-4411,2026-10-03 21:50:32,anjali,Kapoor,"DELHI, DELHI",Home And Kitchen|Storage Box|299,2
ORD-20261003-0371,03/10/2026 20:14,Neel,BANSAL,"Delhi, Delhi",Fashion|Leather Wallet|499,1
ORD-20261003-1632,03/10/2026 10:00,suresh,thakkar,"Mumbai, Maharashtra",Sports|Skipping Rope|199,2
ORD-20261003-4665,03/10/2026 14:35,Neha,tiwari,"Delhi, Delhi",Sports|Cricket Bat|1599,-1
ORD-20261003-3050,03/10/2026 17:36,Vihaan,Rathod,"Mumbai, Maharashtra",Sports|Yoga Mat|699, 1 
ORD-20261003-1867,2026-10-03 10:25:11,vivaan,Desai,"DELHI, DELHI",Sports|Cricket Bat|1599,5
ORD-20261003-3624,,  Janvi ,Chauhan,"Kolkata, West Bengal",Fashion|Running Shoes|2199,2
ORD-20261003-1188,2026-10-03 13:35:49,Pranav,Trivedi,"Coimbatore, Tamil Nadu",Fashion|Cotton Kurta|799,1
ORD-20261003-3386,2026-10-03 14:52:58,Sai,Trivedi,"Lucknow, Uttar Pradesh",Electronics|Laptop Stand|749,1
ORD-20261003-4359,03/10/2026 17:14,  Nisha ,PANDYA,"Kolkata, West Bengal",Sports|Dumbbell Set|1899,1.0
ORD-20261003-3551,2026-10-03 17:12:13,Neha,sinha,"Vadodara, Gujarat",Electronics|Laptop Stand|749,1
ORD-20261003-1388,2026-10-03 17:43:36,Sneha,Singh,"  Bengaluru, Karnataka ",Home And Kitchen|Non Stick Pan|1099,1
ORD-20261003-4056,2026-10-03 14:11:26,KOMAL,bansal,"Coimbatore, Tamil Nadu",Sports|Yoga Mat|699,1
ORD-20261003-0439,03/10/2026 14:46,rohan,chaudhary,"mysuru, karnataka",Electronics|Power Bank|899,2
ORD-20261003-4037,2026-10-03 20:51:51,Aryan,Trivedi,"Mumbai, Maharashtra",Electronics|Wireless Earbuds|1299,2
ORD-20261003-4071,03/10/2026 21:51,  Varun ,rathod,"ahmedabad, gujarat",Fashion|Running Shoes|2199,1
ORD-20261003-2747,2026-10-03 14:55:11,Rajesh,jain,"vadodara, gujarat",Electronics|Laptop Stand|749,1
ORD-20261003-2577,03/10/2026 13:05,krishna,Patil,"  Bengaluru, Karnataka ",Electronics|Power Bank|899,1
ORD-20261003-0128,2026-10-03 02:54:42,,Gupta,"kolkata, west bengal",Beauty|Perfume|1299,0
ORD-20261003-0394,03/10/2026 22:43,Om,  Jain ,"Surat, Gujarat",Sports|Skipping Rope|199,1
ORD-20261003-4250,2026-10-03 21:44:58,Palak,dubey,"Mumbai, Maharashtra",Home And Kitchen|Storage Box|299, 1 
ORD-20261003-2081,03/10/2026 08:54,Priya,Solanki,"vadodara, gujarat",Home And Kitchen|Bedsheet Set|1499,1
ORD-20261003-1547,03-10-2026 16:01,Payal,TIWARI,"chennai, tamil nadu",Fashion|Running Shoes|2199,1
ORD-20261003-4728,2026-10-03 14:55:24,Isha,Pawar,"  Bengaluru, Karnataka ",Home And Kitchen|Bedsheet Set|1499,3
ORD-20261003-0343,2026-10-03 23:29:36,  Saanvi ,  Agarwal ,"Bengaluru, Karnataka",Electronics|Wireless Earbuds|1299,1.0
ORD-20261003-0795,2026-10-03 23:18:35,Payal,Kapoor,"Hyderabad, Telangana",Fashion|Leather Wallet|499,3
ORD-20261003-3428,2026-10-03 22:59:55,Myra,AGARWAL,"Mysuru, Karnataka",Home And Kitchen|Storage Box|299, 1 
ORD-20261003-3191,03/10/2026 16:02,palak,rathod,"Hyderabad, Telangana",Fashion|Running Shoes|2199,2
ORD-20261003-1397,03/10/2026 18:47,Riya,pandya,"Jaipur, Rajasthan",Fashion|Leather Wallet|499,1
ORD-20261003-3172,03-10-2026 17:41,Rudra,Bansal,"kolkata, west bengal",Home And Kitchen|Bedsheet Set|1499, 1 
ORD-20261003-3231,03/10/2026 11:59,advik,Yadav,"Ahmedabad, Gujarat",Fashion|Cotton Kurta|799,2
ORD-20261003-4316,03/10/2026 11:00,Divya,BOSE,"mumbai, maharashtra",Fashion|Leather Wallet|499,2.0
ORD-20261003-1053,03/10/2062 17:24,,KHANNA,"Ahmedabad, Gujarat",Beauty|Perfume|1299,1
ORD-20261003-2908,03/10/2026 01:45,Swati,Mukherjee,"Chennai, Tamil Nadu",Fashion|Running Shoes|2199,1.0
ORD-20261003-3199,03-10-2026 09:07,pooja,Arora,"Ahmedabad, Gujarat",Fashion|Denim Jeans|1199,1
ORD-20261003-4440,03/10/2026 21:22,MANISH,  Nair ,"Hyderabad, Telangana",Fashion|Cotton Kurta|799,1
ORD-20261003-3729,03/10/2026 12:23,Tanvi,Parmar,"PUNE, MAHARASHTRA",Fashion|Cotton Kurta|799,1
ORD-20261003-3294,03/10/2026 03:44,Arjun,Chaudhary,"Delhi, Delhi",Fashion|Denim Jeans|1199,
ORD-20261003-2254,2026-10-03 15:29:41,Isha,chaudhary,"vadodara, gujarat",Electronics|Bluetooth Speaker|1799,2
ORD-20261003-0366,03/10/2026 11:01,Riya,  Srivastava ,"surat, gujarat",Fashion|Denim Jeans|1199,1
ORD-20261003-0634,03/10/2026 14:56,Palak,Chopra,"  Bengaluru, Karnataka ",Home And Kitchen|Bedsheet Set|1499,2
ORD-20261003-4182,03/10/2026 11:01,Sneha,iyer,"mumbai, maharashtra",Fashion|Sunglasses|999,2
ORD-20261003-2857,2026-10-03 09:13:32,Harsh,Saxena,"Delhi, Delhi",Home And Kitchen|Storage Box|299,3
ORD-20261003-0163,03/10/2026 16:10,Aditya,Vyas,"Vadodara, Gujarat",Beauty|Hair Serum|549,1
ORD-20261003-0440,03/10/2026 17:47,  Kunal ,Singh,"Chennai, Tamil Nadu",Fashion|Running Shoes|2199,0
ORD-20261003-4358,03/10/2026 13:20,simran,RATHOD,"Lucknow, Uttar Pradesh",Home And Kitchen|Steel Water Bottle|399,1
ORD-20261003-0459,03-10-2026 13:17,Bhavna,Gupta,"DELHI, DELHI",Electronics|Laptop Stand|749,1
ORD-20261003-2300,03/10/2026 09:40,Advik,Trivedi,"Hyderabad, Telangana",Electronics|Laptop Stand|749,1.0
ORD-20261003-3998,2026-10-03 19:43:42,Hetal,MUKHERJEE,"Coimbatore, Tamil Nadu",Beauty|Hair Serum|549,1
ORD-20261003-0689,31/02/2026 17:35,Divya,Iyer,"Surat, Gujarat",Sports|Yoga Mat|699,1
ORD-20261003-2074,2026-10-03 21:13:10,  Harsh ,patel,"DELHI, DELHI",Beauty|Hair Serum|549,2
ORD-20261003-1928,03/10/2026 21:58,Anjali,Desai,"mumbai, maharashtra",Beauty|Perfume|1299, 1 
ORD-20261003-0692,03/10/2026 17:53,Aditi,  Sinha ,"Bengaluru, Karnataka",Beauty|Hair Serum|549,1
ORD-20261003-1440,2026-10-03 14:16:33,Suresh,  Iyer ,"Delhi, Delhi",Home And Kitchen|Non Stick Pan|1099,1
ORD-20261003-2388,03/10/2026 12:52,Rajesh,GUPTA,"delhi, delhi",Beauty|Lipstick|399,3
ORD-20261003-3873,03/10/2026 11:32,DIVYA,solanki,"Jaipur, Rajasthan",Sports|Dumbbell Set|1899,1
ORD-20261003-2543,03/10/2026 20:41,Mansi,saxena,"Delhi, Delhi",Sports|Dumbbell Set|1899,1
ORD-20261003-0961,2026-10-03 12:13:35,SURESH,Yadav,"LUCKNOW, UTTAR PRADESH",Fashion|Cotton Kurta|799,2
ORD-20261003-2685,03-10-2026 06:12,Aryan,Trivedi,"Lucknow, Uttar Pradesh",Electronics|Laptop Stand|749,1
ORD-20261003-3187,03/10/2026 18:39,Sai,Sinha,"chennai, tamil nadu",Fashion|Cotton Kurta|799,1
ORD-20261003-1711,2026-10-03 12:48:00,Palak,agarwal,"Chennai, Tamil Nadu",Sports|Cricket Bat|1599,6
ORD-20261003-1269,03-10-2026 21:08,Diya,Reddy,"  Hyderabad, Telangana ",Electronics|Power Bank|899,1
ORD-20261003-2213,03/10/2026 12:12,NIDHI,Singh,"Pune, Maharashtra",Electronics|Laptop Stand|749,2
ORD-20261003-4597,2026-10-03 19:40:53,hetal,sinha,,Fashion|Running Shoes|2199,1
ORD-20261003-3605,2026-10-03 17:14:49,dhruv,  Thakkar ,"Lucknow, Uttar Pradesh",Sports|Football|799, 2 
ORD-20261003-4580,03/10/2026 07:08,Rahul,Rathod,"Vadodara, Gujarat",Fashion|Denim Jeans|1199,1
ORD-20261003-3825,03/10/2026 19:20,Ritu,Pillai,"Nagpur, Maharashtra",Electronics|Smart Watch|2499,2.0
ORD-20261003-0620,2026-10-03 12:19:30,Parth,Agarwal,"  Vadodara, Gujarat ",Home And Kitchen|Steel Water Bottle|399,1
ORD-20261003-3809,03/10/2026 15:07,Khushi,Solanki,"mumbai, maharashtra",Beauty|Face Wash|249, 2 
ORD-20261003-3041,03/10/2026 22:17,Varun,Sharma,"Lucknow, Uttar Pradesh",Electronics|Bluetooth Speaker|1799,1
ORD-20261003-1650,2026-10-03 05:09:40,Harsh,  Bose ,"JAIPUR, RAJASTHAN",Fashion|Denim Jeans|1199,1
ORD-20261003-1279,03/10/2026 15:07,Simran,Mehta,"chennai, tamil nadu",Fashion|Running Shoes|2199,4
ORD-20261003-0784,03/10/2026 19:34,  Krishna ,chaudhary,"Bengaluru, Karnataka",Electronics|Wireless Earbuds|1299,2
ORD-20261003-0747,03/10/2026 20:49,ishaan,PATIL,"Mumbai, Maharashtra",Sports|Cricket Bat|1599,2
ORD-20261003-0823,03/10/2026 22:10,Swati,trivedi,"Delhi, Delhi",Beauty|Face Wash|249,2
ORD-20261003-1984,03/10/2026 09:53,Sai,Desai,"Hyderabad, Telangana",Electronics|Smart Watch|2499,1
ORD-20261003-1068,03/10/2026 19:23,sara,Patil,"NAGPUR, MAHARASHTRA",Fashion|Sunglasses|999,1
ORD-20261003-1290,03-10-2026 13:40,Mihir,,"chennai, tamil nadu",Electronics|Bluetooth Speaker|1799,1
ORD-20261003-3469,2026-10-03 08:19:40,Ishaan,PAWAR,"Lucknow, Uttar Pradesh",Electronics|Laptop Stand|749,1
ORD-20261003-2162,03/10/2026 13:51,  Ayaan ,Agarwal,"Jaipur, Rajasthan",Fashion|Denim Jeans|1199,3
ORD-20261003-1042,2026-10-03 18:23:06,Kabir,Kulkarni,"Ahmedabad, Gujarat",Sports|Dumbbell Set|1899,1
ORD-20261003-1415,03/10/2026 17:01,Sara,Reddy,"pune, maharashtra",Fashion|Sunglasses|999,1
ORD-20261003-3612,03/10/2026 07:06,aryan,Mishra,"AHMEDABAD, GUJARAT",Home And Kitchen|Steel Water Bottle|399, 1 
ORD-20261003-0954,03/10/2026 15:05,ISHAAN,Sinha,"Pune, Maharashtra",Home And Kitchen|Bedsheet Set|1499,1
ORD-20261003-4019,03/10/2026 15:16,Karan,PAWAR,"Pune, Maharashtra",Fashion|Denim Jeans|1199,1.0
ORD-20261003-2148,2026-10-03 19:52:54,Dhwani,  Arora ,"Bengaluru, Karnataka",Electronics|Wireless Earbuds|1299,3
ORD-20261003-3557,03-10-2026 20:45,komal,reddy,"Delhi, Delhi",Beauty|Sunscreen|449,1
ORD-20261003-3324,03/10/2026 14:26,kabir,Chaudhary,"Delhi, Delhi",Home And Kitchen|Bedsheet Set|1499,2
ORD-20261003-2680,03-10-2026 14:15,Komal,Dubey,"mysuru, karnataka",Beauty|Hair Serum|549,1
ORD-20261003-3181,03/10/2026 08:06,krishna,NAIR,"HYDERABAD, TELANGANA",Sports|Dumbbell Set|1899,1
ORD-20261003-1214,03/10/2026 06:15,  Aarav ,Bhatt,"  Hyderabad, Telangana ",Electronics|Power Bank|899,1
ORD-20261003-0367,03/10/2026 21:15,Vikas,VYAS,"  Hyderabad, Telangana ",Fashion|Running Shoes|2199,1
ORD-20261003-1385,03/10/2026 07:55,  Kabir ,Trivedi,"chennai, tamil nadu",Fashion|Denim Jeans|1199,0
ORD-20261003-0773,03/10/2026 17:13,Karan,,"Surat, Gujarat",Sports|Football|799,1
ORD-20261003-0171,03/10/2026 21:50,ADITYA,Bose,"Hyderabad, Telangana",Sports|Cricket Bat|1599, 2 
ORD-20261003-4491,03-10-2026 19:36,anjali,Trivedi,"delhi, delhi",Fashion|Running Shoes|2199,3
ORD-20261003-1336,03-10-2026 14:35,Kunal,sharma,"Mysuru, Karnataka",Sports|Football|799,1
ORD-20261003-1874,2026-10-03 10:52:11,priya,Menon,"SURAT, GUJARAT",Beauty|Sunscreen|449, 1 
ORD-20261003-0318,03/10/2026 11:06,Dhruv,menon,"Lucknow, Uttar Pradesh",Beauty|Lipstick|399,1
ORD-20261003-1805,03-10-2026 15:54,Simran,Mishra,"  Surat, Gujarat ",Home And Kitchen|Wall Clock|649,5
ORD-20261003-0365,03-10-2026 22:43,Ayaan,Mishra,"Lucknow, Uttar Pradesh",Sports|Football|799,1
ORD-20261003-1858,03/10/2026 10:21,aryan,Dubey,"Pune, Maharashtra",Home And Kitchen|Non Stick Pan|1099,5
ORD-20261003-2538,03/10/2026 12:04,Krishna,Bhatt,"Chennai, Tamil Nadu",Fashion|Cotton Kurta|799,
ORD-20261003-1872,2026-10-03 21:11:22,kabir,bhatt,"Delhi, Delhi",Fashion|Denim Jeans|1199,1
ORD-20261003-1432,03/10/2026 15:58,Divya,Patil,"MUMBAI, MAHARASHTRA",Fashion|Sunglasses|999,1
ORD-20261003-0838,2026-10-03 20:50:35,SNEHA,Bhatt,"Lucknow, Uttar Pradesh",Beauty|Perfume|1299,2
ORD-20261003-2837,2026-10-03 13:31:58,KRUPA,Yadav,"Delhi, Delhi",Home And Kitchen|Non Stick Pan|1099,1
ORD-20261003-0918,2026-10-03 18:30:43,Nikhil,Kulkarni,"Mumbai, Maharashtra",Fashion|Denim Jeans|1199,2
ORD-20261003-3872,2026-10-03 11:41:49,  Tushar ,  Tiwari ,"Chennai, Tamil Nadu",Beauty|Sunscreen|449,1
ORD-20261003-0594,2026-10-03 13:25:42,Dhwani,GHOSH,,Electronics|Wireless Earbuds|1299,1
ORD-20261003-1366,2026-10-03 19:29:05,Om,RATHOD,"Coimbatore, Tamil Nadu",Electronics|Wireless Earbuds|1299,1
ORD-20261003-3234,03/10/2026 19:12,Aryan,  Saxena ,"Chennai, Tamil Nadu",Fashion|Cotton Kurta|799,2
ORD-20261003-4413,2026-10-03 14:01:22,Karan,Trivedi,"  Delhi, Delhi ",Sports|Cricket Bat|1599,1.0
ORD-20261003-1640,03/10/2026 12:59,Aditi,sinha,,Fashion|Denim Jeans|1199,2
ORD-20261003-1600,2026-10-03 19:36:12,  Aditya ,trivedi,"  Bengaluru, Karnataka ",Fashion|Leather Wallet|499, 3 
ORD-20261003-2574,03/10/2026 07:19,Aryan,Khanna,"Hyderabad, Telangana",Electronics|Bluetooth Speaker|1799,
ORD-20261003-0157,2026-10-03 11:44:41,  Pranav ,Rathod,"AHMEDABAD, GUJARAT",Fashion|Sunglasses|999,3
ORD-20261003-1759,03/10/2026 14:49,Varun,Shah,"  Kolkata, West Bengal ",Fashion|Leather Wallet|499,1
ORD-20261003-4236,2026-10-03 21:48:48,  Pranav ,Desai,"Ahmedabad, Gujarat",Beauty|Face Wash|249,1
ORD-20261003-2062,03-10-2026 23:14,  Arjun ,Pillai,,Fashion|Cotton Kurta|799,6
ORD-20261003-1160,2026-10-03 12:29:46,SNEHA,Sinha,"mumbai, maharashtra",Home And Kitchen|Bedsheet Set|1499,2
ORD-20261003-0495,03/10/2026 08:56,kunal,Vyas,"MUMBAI, MAHARASHTRA",Sports|Cricket Bat|1599,5
ORD-20261003-1247,03/10/2026 06:13,  Pooja ,Yadav,"Mumbai, Maharashtra",Home And Kitchen|Non Stick Pan|1099,1
ORD-20261003-4542,03/10/2026 18:50,Parth,Joshi,"coimbatore, tamil nadu",Home And Kitchen|Storage Box|299,2
ORD-20261003-1363,03/10/2026 23:04,Palak,rathod,"  Hyderabad, Telangana ",Home And Kitchen|Wall Clock|649, 1 
ORD-20261003-3865,03/10/2026 09:35,pooja,Srivastava,"Chennai, Tamil Nadu",Home And Kitchen|Bedsheet Set|1499,1
ORD-20261003-1586,03/10/2026 12:37,bhavna,Yadav,"HYDERABAD, TELANGANA",Electronics|Laptop Stand|749, 4 
ORD-20261003-3860,03-10-2026 18:42,vivaan,Kumar,"Kolkata, West Bengal",Sports|Yoga Mat|699,4
ORD-20261003-0893,03/10/2026 06:40,Harsh,Kapoor,"PUNE, MAHARASHTRA",Electronics|Laptop Stand|749,2
ORD-20261003-0933,2026-10-03 15:08:20,Aadhya,Mehta,"kolkata, west bengal",Fashion|Leather Wallet|499,4
ORD-20261003-0203,2026-10-03 09:09:53,RUDRA,chopra,"Pune, Maharashtra",Fashion|Leather Wallet|499,4
ORD-20261003-4088,03/10/2026 01:27,Bhavna,CHOPRA,"Pune, Maharashtra",Fashion|Running Shoes|2199,4
ORD-20261003-2065,03/10/2026 14:08,  Tanvi ,Kumar,"AHMEDABAD, GUJARAT",Fashion|Denim Jeans|1199,4
ORD-20261003-2888,2026-10-03 19:26:22,Neha,Tiwari,"Lucknow, Uttar Pradesh",Electronics|Smart Watch|2499,3
ORD-20261003-2893,2026-10-03 12:24:35,MYRA,Khanna,"Surat, Gujarat",Sports|Skipping Rope|199,1
ORD-20261003-3180,2026-10-03 18:02:50,Neel,Saxena,"kolkata, west bengal",Fashion|Running Shoes|2199,1
ORD-20261003-0550,03/10/2026 11:10,  Simran ,  Pawar ,"  Surat, Gujarat ",Electronics|Power Bank|899,1
ORD-20261003-3015,2026-10-03 14:11:24,varun,BOSE,"surat, gujarat",Fashion|Running Shoes|2199,1
ORD-20261003-1804,03/10/2026 20:42,Anjali,parmar,"KOLKATA, WEST BENGAL",Sports|Yoga Mat|699,1
ORD-20261003-0522,03/10/2026 21:30,kavya,THAKKAR,"Nagpur, Maharashtra",Home And Kitchen|Non Stick Pan|1099,1
ORD-20261003-3680,2026-10-03 19:02:28,Bhavna,Patel,"MUMBAI, MAHARASHTRA",Electronics|Smart Watch|2499,3
ORD-20261003-0527,2026-10-03 21:54:38,Megha,  Yadav ,"Kolkata, West Bengal",Home And Kitchen|Storage Box|299,1
ORD-20261003-1517,03/10/2026 21:46,Nisha,Modi,"Ahmedabad, Gujarat",Beauty|Perfume|1299,2
ORD-20261003-4769,03/10/2026 17:35,  Harsh ,  Kapoor ,"PUNE, MAHARASHTRA",Home And Kitchen|Wall Clock|649,2
ORD-20261003-1232,2026-10-03 18:32:19,Aadhya,Kalavadia,"chennai, tamil nadu",,1
ORD-20261003-0290,2026-10-03 16:41:03,Neha,vyas,"surat, gujarat",Fashion|Leather Wallet|499,1
ORD-20261003-3963,2026-10-03 22:57:37,Komal,Chauhan,"Delhi, Delhi",Beauty|Sunscreen|449,1
ORD-20261003-0545,03/10/2026 14:10,Gaurav,Agarwal,"mumbai, maharashtra",Electronics|Smart Watch|2499,4.0
ORD-20261003-1797,2026-10-03 15:45:48,Aditi,CHAUDHARY,"mumbai, maharashtra",Beauty|Perfume|1299,
ORD-20261003-2319,03-10-2026 07:23,  Khushi ,  Menon ,"Chennai, Tamil Nadu",,1
ORD-20261003-1777,2026-10-03 22:04:55,jay,Verma,"Delhi, Delhi",Electronics|Smart Watch|2499,1
ORD-20261003-2884,03/10/2026 16:48,Mihir,Malhotra,"pune, maharashtra",Home And Kitchen|Steel Water Bottle|399,4
ORD-20261003-2498,2026-10-03 12:36:34,Kriti,Patel,"Mumbai, Maharashtra",Fashion|Running Shoes|2199,-2
ORD-20261003-3771,03/10/2026 09:52,Manish,Sharma,"Delhi, Delhi",Beauty|Face Wash|249,1
ORD-20261003-1621,2026-10-03 18:36:39,Swati,Mukherjee,"  Bengaluru, Karnataka ",Fashion|Leather Wallet|499,1
ORD-20261003-2059,2026-10-03 07:11:19,Priya,Kalavadia,"chennai, tamil nadu",Fashion|Running Shoes|2199,2
ORD-20261003-1562,03/10/2026 02:10,Nikhil,Bhatt,"Bengaluru, Karnataka",Home And Kitchen|Storage Box|299,2
ORD-20261003-2840,03/10/2026 22:54,Gaurav,Solanki,"jaipur, rajasthan",Home And Kitchen|Non Stick Pan|1099,1.0
ORD-20261003-1020,03/10/2026 08:44,Shreya,Trivedi,"  Jaipur, Rajasthan ",Fashion|Denim Jeans|1199,2
ORD-20261003-0485,03/10/2026 20:26,Myra,rao,"pune, maharashtra",Home And Kitchen|Wall Clock|649, 2 
ORD-20261003-0710,03/10/2026 07:54,Varun,Mukherjee,"  Surat, Gujarat ",Fashion|Cotton Kurta|799,2
ORD-20261003-4244,03/10/2026 19:12,Dhruv,,"vadodara, gujarat",Electronics|Bluetooth Speaker|1799,2.0
ORD-20261003-2790,03/10/2026 20:34,TANVI,PILLAI,"Hyderabad, Telangana",Sports|Football|799,2
ORD-20261003-3648,03/10/2026 21:24,Divya,Rathod,"Hyderabad, Telangana",Fashion|Denim Jeans|1199,1
ORD-20261003-3296,03-10-2026 11:04,Palak,  Malhotra ,"Ahmedabad, Gujarat",Electronics|Wireless Earbuds|1299,2
ORD-20261003-3744,03-10-2026 18:11,Pooja,,"pune, maharashtra",Fashion|Leather Wallet|499,5
ORD-20261003-2842,03/10/2026 02:55,Varun,VYAS,"Bengaluru, Karnataka",Beauty|Face Wash|249,1
ORD-20261003-0636,03-10-2026 19:55,janvi,mehta,"  Vadodara, Gujarat ",Electronics|Smart Watch|2499,1
ORD-20261003-1732,03/10/2026 21:43,megha,rao,"delhi, delhi",,1
ORD-20261003-3978,2026-10-03 18:06:50,  Aditya ,Patel,"chennai, tamil nadu",Beauty|Perfume|1299,2
ORD-20261003-0005,03-10-2026 21:53,Ishaan,Agarwal,"BENGALURU, KARNATAKA",Sports|Dumbbell Set|1899,2
ORD-20261003-2914,03/10/2026 12:32,Myra,Bansal,"surat, gujarat",Sports|Skipping Rope|199,2
ORD-20261003-4845,03/10/2026 19:58,  Om ,Trivedi,"Bengaluru, Karnataka",Beauty|Hair Serum|549,1
ORD-20261003-4618,2026-10-03 16:00:45,Shreya,desai,"bengaluru, karnataka",Sports|Football|799,4
ORD-20261003-0573,2026-10-03 08:38:24,Rahul,KALAVADIA,"MUMBAI, MAHARASHTRA",Electronics|Bluetooth Speaker|1799,1
ORD-20261003-3740,03/10/2026 09:15,dev,Reddy,"COIMBATORE, TAMIL NADU",Electronics|Power Bank|899,6
ORD-20261003-3582,03/10/2026 16:23,Ritu,  Mehta ,"kolkata, west bengal",Sports|Dumbbell Set|1899,1
ORD-20261003-2869,03/10/2026 22:34,Neel,Rao,"  Lucknow, Uttar Pradesh ",Beauty|Hair Serum|549,-1
ORD-20261003-1906,03-10-2026 18:05,Kavya,Arora,"Surat, Gujarat",Sports|Skipping Rope|199,1
ORD-20261003-2073,03-10-2026 11:51,Reyansh,Pawar,"Mumbai, Maharashtra",Sports|Skipping Rope|199,2
ORD-20261003-2776,2026-10-03 17:49:29,,Khanna,"Chennai, Tamil Nadu",Electronics|Bluetooth Speaker|1799,3
ORD-20261003-0049,03-10-2026 19:55,Deepak,Kumar,"mumbai, maharashtra",Beauty|Hair Serum|549,2
,2026-10-03 22:34:45,om,Verma,"  Delhi, Delhi ",Fashion|Running Shoes|2199,1
ORD-20261003-3906,03/10/2026 19:17,Dhwani,SINHA,"Jaipur, Rajasthan",Sports|Yoga Mat|699,1
ORD-20261003-0741,2026-10-03 20:41:05,Pooja,Patil,"Mumbai, Maharashtra",Fashion|Denim Jeans|1199,5
ORD-20261003-1614,03/10/2026 14:19,Myra,  Desai ,"  Bengaluru, Karnataka ",Fashion|Sunglasses|999,1
ORD-20261003-2775,03/10/2026 21:27,priya,Mishra,"Bengaluru, Karnataka",Sports|Football|799,1
ORD-20261003-2637,03/10/2026 12:28,Rajesh,kumar,"Lucknow, Uttar Pradesh",Fashion|Leather Wallet|499,3
ORD-20261003-0705,03-10-2026 10:52,DEEPAK,Singh,"Delhi, Delhi",Home And Kitchen|Wall Clock|649,2
ORD-20261003-3928,03/10/2026 13:56,Nidhi,Modi,"Nagpur, Maharashtra",Fashion|Cotton Kurta|799,3
ORD-20261003-0519,03/10/2026 21:54,Aadhya,Joshi,"chennai, tamil nadu",Sports|Football|799,5
ORD-20261003-4448,03/10/2026 19:31,Ananya,Bhatt,"Chennai, Tamil Nadu",Home And Kitchen|Non Stick Pan|1099,1
ORD-20261003-2659,03/10/2026 23:55,Aanya,MEHTA,"Pune, Maharashtra",Fashion|Cotton Kurta|799,1
ORD-20261003-3444,03/10/2026 06:30,myra,Solanki,"pune, maharashtra",Fashion|Denim Jeans|1199,1
ORD-20261003-2159,2026-10-03 08:26:14,Priya,SRIVASTAVA,"Kolkata, West Bengal",Electronics|Wireless Earbuds|1299,1
ORD-20261003-3055,03/10/2026 18:33,  Aditya ,Tiwari,"Jaipur, Rajasthan",Electronics|Laptop Stand|749,1
ORD-20261003-2870,03-10-2026 19:44,myra,DAS,"Hyderabad, Telangana",Fashion|Cotton Kurta|799,
ORD-20261003-1298,03/10/2026 21:04,pari,modi,"vadodara, gujarat",Fashion|Running Shoes|2199,1
ORD-20261003-1790,03/10/2026 14:20,,Saxena,"HYDERABAD, TELANGANA",Home And Kitchen|Wall Clock|649,5
ORD-20261003-0196,2026-10-03 12:58:06,Neel,Trivedi,"Chennai, Tamil Nadu",Electronics|Bluetooth Speaker|1799,1.0
ORD-20261003-3592,03/10/2026 09:37,Krupa,Kapoor,"Mumbai, Maharashtra",Home And Kitchen|Steel Water Bottle|399,1
ORD-20261003-3733,03/10/2026 15:34,payal,Patil,"Vadodara, Gujarat",Beauty|Perfume|1299,1
ORD-20261003-2367,2026-10-03 20:47:26,NEHA,Trivedi,"Vadodara, Gujarat",,2
ORD-20261003-2931,03/10/2026 18:01,Kabir,Menon,"CHENNAI, TAMIL NADU",Fashion|Leather Wallet|499,1
ORD-20261003-4096,2026-10-03 22:52:42,Vivaan,srivastava,"Chennai, Tamil Nadu",Home And Kitchen|Wall Clock|649,2
ORD-20261003-4715,03/10/2026 17:04,Rajesh,Bose,"Surat, Gujarat",Fashion|Running Shoes|2199,1
ORD-20261003-3082,2026-10-03 20:28:43,Tushar,Solanki,"DELHI, DELHI",Fashion|Sunglasses|999,3
ORD-20261003-3415,03/10/2026 11:18,Tanvi,Sharma,"Mumbai, Maharashtra",Electronics|Wireless Earbuds|1299,1
ORD-20261003-3813,2026-10-03 15:29:48,karan,Nair,"Delhi, Delhi",Beauty|Face Wash|249,2
ORD-20261003-1066,03-10-2026 17:11,AMIT,Malhotra,"Kolkata, West Bengal",Electronics|Laptop Stand|749,1
ORD-20261003-2329,03/10/2026 13:50,krishna,Srivastava,"mysuru, karnataka",Beauty|Sunscreen|449,
ORD-20261003-3844,03/10/2026 16:16,Harsh,Mishra,"Ahmedabad, Gujarat",Fashion|Denim Jeans|1199,2
ORD-20261003-1817,03/10/2026 18:49,gaurav,Kulkarni,"Nagpur, Maharashtra",Sports|Skipping Rope|199,3
ORD-20261003-3157,2026-10-03 13:49:16,ANJALI,Jain,"Chennai, Tamil Nadu",Electronics|Bluetooth Speaker|1799,0
ORD-20261003-1436,2026-10-03 20:52:46,Kriti,Reddy,"ahmedabad, gujarat",Fashion|Sunglasses|999,1
ORD-20261003-2972,03/10/2026 16:07,ROHAN,KULKARNI,"mysuru, karnataka",Home And Kitchen|Bedsheet Set|1499,1
ORD-20261003-4712,03/10/2026 11:59,Aanya,Trivedi,"Bengaluru, Karnataka",Sports|Skipping Rope|199,3
ORD-20261003-4355,03/10/2026 18:42,Ananya,  Thakkar ,"Jaipur, Rajasthan",Fashion|Denim Jeans|1199,0
ORD-20261003-2531,2026-10-03 20:57:32,Sara,Bhatt,"Surat, Gujarat",Home And Kitchen|Storage Box|299,1
ORD-20261003-1692,03/10/2026 10:17,Rohan,Arora,"  Surat, Gujarat ",Sports|Dumbbell Set|1899,2
ORD-20261003-3308,2026-10-03 15:16:33,Aadhya,Bansal,"Vadodara, Gujarat",Beauty|Perfume|1299,
ORD-20261003-0442,03/10/2026 22:58,Hetal,Sinha,"Kolkata, West Bengal",Home And Kitchen|Storage Box|299,1
ORD-20261003-3728,03-10-2026 20:13,Jay,Modi,"Bengaluru, Karnataka",Electronics|Laptop Stand|749,1
ORD-20261003-1097,2026-10-03 18:54:41,  Vihaan ,Jain,"Mumbai, Maharashtra",Fashion|Running Shoes|2199,2
ORD-20261003-2836,03/10/2026 15:14,Rahul,Pandya,"Pune, Maharashtra",,2
ORD-20261003-0672,2026-10-03 19:40:04,ananya,Pawar,"Jaipur, Rajasthan",Beauty|Hair Serum|549, 1 
ORD-20261003-3694,03/10/2026 21:28,Sara,arora,"kolkata, west bengal",Fashion|Cotton Kurta|799,1.0
ORD-20261003-2119,2026-10-03 21:39:30,Palak,srivastava,"Mumbai, Maharashtra",Beauty|Sunscreen|449,1
ORD-20261003-4522,03/10/2026 19:32,Bhavna,tiwari,"  Bengaluru, Karnataka ",Electronics|Power Bank|899,1
ORD-20261003-1733,2026-10-03 20:21:36,Mihir,Chopra,"ahmedabad, gujarat",Home And Kitchen|Non Stick Pan|1099,5
ORD-20261003-3143,03-10-2026 15:28,rajesh,Bose,"ahmedabad, gujarat",Electronics|Bluetooth Speaker|1799,2
ORD-20261003-4846,03/10/2026 16:35,Rudra,chaudhary,"Bengaluru, Karnataka",Beauty|Hair Serum|549,5
ORD-20261003-4377,2026-10-03 00:13:40,yash,Nair,"MUMBAI, MAHARASHTRA",Beauty|Hair Serum|549,2
ORD-20261003-1565,03/10/2026 13:00,Shreya,Mehta,"Pune, Maharashtra",Fashion|Sunglasses|999,3
ORD-20261003-1455,03/10/2026 13:03,Reyansh,Verma,"Surat, Gujarat",Fashion|Leather Wallet|499,
ORD-20261003-4717,03/10/2026 22:18,Rajesh,Reddy,"coimbatore, tamil nadu",Home And Kitchen|Wall Clock|649,1
ORD-20261003-0263,03/10/2026 18:56,palak,Pillai,"mumbai, maharashtra",Home And Kitchen|Wall Clock|649,1
ORD-20261003-4200,2026-10-03 12:42:30,Aanya,Desai,"chennai, tamil nadu",Fashion|Cotton Kurta|799,1
ORD-20261003-2056,03/10/2026 08:30,Myra,RAO,"Ahmedabad, Gujarat",Fashion|Sunglasses|999,1
ORD-20261003-1698,2026-10-03 20:37:04,,Shah,"DELHI, DELHI",Fashion|Denim Jeans|1199,2
,03/10/2062 19:08,SARA,Saxena,"  Kolkata, West Bengal ",Home And Kitchen|Non Stick Pan|1099,1
ORD-20261003-3375,03/10/2026 20:49,  Nisha ,Khanna,"Delhi, Delhi",Fashion|Leather Wallet|499,2
ORD-20261003-1437,2026-10-03 15:42:37,ananya,Thakkar,"Jaipur, Rajasthan",Fashion|Sunglasses|999,5
ORD-20261003-3752,2026-10-03 11:36:10,  Riya ,Modi,"  Hyderabad, Telangana ",Electronics|Bluetooth Speaker|1799,5
ORD-20261003-1191,03/10/2026 22:26,advik,Patel,"Bengaluru, Karnataka",Electronics|Smart Watch|2499,2
ORD-20261003-0609,03/10/2026 09:53,Ayaan,Joshi,"Mysuru, Karnataka",,3
ORD-20261003-1490,2026-10-03 22:33:08,Sai,Sinha,"Chennai, Tamil Nadu",Sports|Dumbbell Set|1899,1
ORD-20261003-1015,03/10/2026 10:07,Om,Patel,"Kolkata, West Bengal",Sports|Cricket Bat|1599,2.0
ORD-20261003-4300,03-10-2026 19:24,Priya,Srivastava,"Chennai, Tamil Nadu",Electronics|Laptop Stand|749,2
ORD-20261003-0763,2026-10-03 16:11:33,Om,  Thakkar ,"  Ahmedabad, Gujarat ",Fashion|Running Shoes|2199,1
ORD-20261003-3379,2026-10-03 13:31:31,Pari,GHOSH,"Lucknow, Uttar Pradesh",Home And Kitchen|Wall Clock|649,1
ORD-20261003-4836,03-10-2026 21:19,Saanvi,Reddy,"pune, maharashtra",Electronics|Bluetooth Speaker|1799,1
ORD-20261003-1546,2026-10-03 21:08:52,Gaurav,Chauhan,"Kolkata, West Bengal",Fashion|Denim Jeans|1199,1
ORD-20261003-0663,2026-10-03 20:42:06,Nikhil,Jain,"Kolkata, West Bengal",Fashion|Sunglasses|999,1
ORD-20261003-2118,03/10/2026 21:05,Amit,pawar,"Bengaluru, Karnataka",Beauty|Lipstick|399,1
ORD-20261003-0623,2026-10-03 13:52:50,Pooja,ghosh,"surat, gujarat",Fashion|Cotton Kurta|799,1
ORD-20261003-3298,03/10/2026 20:57,Megha,Bose,"Mumbai, Maharashtra",Fashion|Running Shoes|2199,2
ORD-20261003-0531,2026-10-03 21:50:52,Nidhi,modi,"Delhi, Delhi",Electronics|Smart Watch|2499,1
ORD-20261003-0261,03/10/2026 05:14,  Tanvi ,Kumar,"ahmedabad, gujarat",Fashion|Cotton Kurta|799,5
ORD-20261003-2534,03/10/2026 08:39,Komal,Chauhan,"Delhi, Delhi",Sports|Dumbbell Set|1899,2
ORD-20261003-4760,03/10/2026 20:36,Sneha,Agarwal,"Lucknow, Uttar Pradesh",Sports|Dumbbell Set|1899,1
ORD-20261003-0487,03/10/2026 08:50,Advik,Chauhan,"  Ahmedabad, Gujarat ",Electronics|Power Bank|899,1
ORD-20261003-2684,03/10/2026 16:04,Kabir,kulkarni,"Ahmedabad, Gujarat",Electronics|Smart Watch|2499,1
ORD-20261003-3840,2026-10-03 23:04:46,Saanvi,Chaudhary,"Bengaluru, Karnataka",Home And Kitchen|Storage Box|299,3
ORD-20261003-1516,03/10/2026 16:26,Sai,Sinha,"Vadodara, Gujarat",Electronics|Power Bank|899,1
ORD-20261003-0204,03/10/2026 13:02,Aarav,PANDYA,,Fashion|Denim Jeans|1199, 3 
ORD-20261003-3446,03-10-2026 16:06,varun,Solanki,"Bengaluru, Karnataka",Beauty|Lipstick|399,6
ORD-20261003-3498,03/10/2026 13:16,Shaurya,Shah,,Sports|Skipping Rope|199,1
ORD-20261003-1705,03/10/2026 16:24,Karan,THAKKAR,"Delhi, Delhi",Fashion|Cotton Kurta|799,3
ORD-20261003-3898,03/10/2026 12:35,  Ayaan ,Mukherjee,"Mumbai, Maharashtra",Fashion|Running Shoes|2199,2
ORD-20261003-2264,2026-10-03 07:01:39,Neel,Sharma,"LUCKNOW, UTTAR PRADESH",Fashion|Running Shoes|2199,1
ORD-20261003-0363,03/10/2026 18:27,aarav,desai,"Mumbai, Maharashtra",Beauty|Sunscreen|449, 1 
ORD-20261003-4754,03/10/2026 18:42,Aryan,Solanki,"Lucknow, Uttar Pradesh",Electronics|Smart Watch|2499, 2 
ORD-20261003-1369,03-10-2026 12:17,dhruv,Bose,"Mumbai, Maharashtra",Home And Kitchen|Non Stick Pan|1099,3
ORD-20261003-3182,03/10/2026 21:59,ayaan,Joshi,"surat, gujarat",Home And Kitchen|Bedsheet Set|1499, 1 
ORD-20261003-0896,2026-10-03 21:18:01,Myra,Parmar,"SURAT, GUJARAT",Fashion|Sunglasses|999,3
ORD-20261003-3373,03/10/2026 21:22,saanvi,Joshi,"Vadodara, Gujarat",Home And Kitchen|Wall Clock|649,1
ORD-20261003-3925,2026-10-03 13:03:46,Neel,Pawar,"  Hyderabad, Telangana ",Fashion|Running Shoes|2199,1
ORD-20261003-2386,2026-10-03 20:56:30,Komal,Bhatt,"Surat, Gujarat",Electronics|Bluetooth Speaker|1799,1
ORD-20261003-2853,03/10/2026 04:58,Nidhi,  Agarwal ,"Pune, Maharashtra",Home And Kitchen|Steel Water Bottle|399,1
ORD-20261003-2362,03/10/2026 15:19,Kunal,Pandya,"Jaipur, Rajasthan",Home And Kitchen|Wall Clock|649,4
ORD-20261003-3929,2026-10-03 12:54:22,Shaurya,nair,"Pune, Maharashtra",Fashion|Running Shoes|2199,
ORD-20261003-3286,03/10/2026 20:40,Swati,Desai,"Pune, Maharashtra",Home And Kitchen|Storage Box|299,
ORD-20261003-1100,2026-10-03 20:48:24,Vivaan,Menon,"jaipur, rajasthan",Beauty|Lipstick|399,3
ORD-20261003-0484,2026-10-03 20:51:08,jay,  Pawar ,"Chennai, Tamil Nadu",Home And Kitchen|Steel Water Bottle|399,1
ORD-20261003-3414,03/10/2026 13:34,Shreya,kulkarni,"JAIPUR, RAJASTHAN",Fashion|Denim Jeans|1199,1
ORD-20261003-0176,03/10/2026 13:26,Atharv,verma,"PUNE, MAHARASHTRA",Electronics|Bluetooth Speaker|1799,1
ORD-20261003-1050,03/10/2026 21:05,  Vihaan ,Thakkar,"AHMEDABAD, GUJARAT",Electronics|Power Bank|899,6
ORD-20261003-1374,2026-10-03 06:10:44,Anika,Reddy,"delhi, delhi",Electronics|Laptop Stand|749,2
ORD-20261003-0690,03/10/2026 19:14,Varun,  Tiwari ,"mysuru, karnataka",Electronics|Wireless Earbuds|1299,3
ORD-20261003-2877,03/10/2026 12:46,swati,SHARMA,"Delhi, Delhi",Electronics|Bluetooth Speaker|1799,4
ORD-20261003-3690,03-10-2026 12:46,Aryan,kulkarni,"bengaluru, karnataka",Fashion|Cotton Kurta|799,1
ORD-20261003-2710,2026-10-03 18:49:15,KABIR,iyer,"HYDERABAD, TELANGANA",Fashion|Cotton Kurta|799,1
ORD-20261003-4658,03/10/2026 10:41,Gaurav,AGARWAL,"Bengaluru, Karnataka",Fashion|Leather Wallet|499,4.0
ORD-20261003-3996,2026-10-03 19:51:40,ISHAAN,Rathod,"MUMBAI, MAHARASHTRA",Electronics|Power Bank|899,2.0
ORD-20261003-3358,03/10/2026 09:56,priya,Kapoor,"hyderabad, telangana",Electronics|Smart Watch|2499,1
ORD-20261003-0127,03/10/2026 15:51,Jay,JAIN,"chennai, tamil nadu",Fashion|Cotton Kurta|799,1
ORD-20261003-4395,2026-10-03 19:40:30,Ritu,Kapoor,"Chennai, Tamil Nadu",Electronics|Laptop Stand|749,2
ORD-20261003-3454,03/10/2026 18:46,,Trivedi,"Mumbai, Maharashtra",Beauty|Perfume|1299,2
ORD-20261003-1972,03/10/2026 19:24,Kavya,thakkar,"Ahmedabad, Gujarat",Home And Kitchen|Non Stick Pan|1099,1
ORD-20261003-4793,2026-10-03 11:57:28,kunal,PAWAR,"mumbai, maharashtra",Sports|Yoga Mat|699,2
ORD-20261003-3117,2026-10-03 23:14:42,Isha,Mishra,"Lucknow, Uttar Pradesh",Fashion|Cotton Kurta|799,1
ORD-20261003-0291,03/10/2026 15:46,  Dhruv ,sinha,"Jaipur, Rajasthan",Home And Kitchen|Steel Water Bottle|399,1
ORD-20261003-2597,03/10/2026 11:10,Ishaan,Kalavadia,"Bengaluru, Karnataka",Home And Kitchen|Non Stick Pan|1099, 2 
ORD-20261003-0404,03-10-2026 06:25,Vikas,gupta,"Ahmedabad, Gujarat",Home And Kitchen|Wall Clock|649,2
ORD-20261003-1963,2026-10-03 21:19:13,  Simran ,  Arora ,"Coimbatore, Tamil Nadu",Fashion|Denim Jeans|1199,4
ORD-20261003-2976,2026-10-03 20:36:17,Janvi,MISHRA,"Surat, Gujarat",,3
ORD-20261003-4633,03/10/2026 11:55,Mihir,Bansal,"Surat, Gujarat",Sports|Dumbbell Set|1899,3
ORD-20261003-1529,2026-10-03 08:53:11,dhwani,patel,"mumbai, maharashtra",Fashion|Cotton Kurta|799,1
ORD-20261003-3676,03/10/2026 14:02,Harsh,  Joshi ,"Mumbai, Maharashtra",Sports|Yoga Mat|699,2
ORD-20261003-2301,03/10/2026 18:28,Kavya,Bansal,"Jaipur, Rajasthan",Beauty|Sunscreen|449,5.0
ORD-20261003-0846,2026-10-03 07:24:12,Aarav,Modi,"Bengaluru, Karnataka",Home And Kitchen|Bedsheet Set|1499,3
ORD-20261003-2479,2026-10-03 22:51:20,Saanvi,Bhatt,"mumbai, maharashtra",Beauty|Lipstick|399,
ORD-20261003-2770,,Neel,Agarwal,N/A,Sports|Football|799,3
ORD-20261003-3856,2026-10-03 19:53:54,Roshni,dubey,"Pune, Maharashtra",Fashion|Leather Wallet|499,4
,03/10/2026 12:17,VARUN,Arora,"NAGPUR, MAHARASHTRA",Beauty|Lipstick|399,3.0
ORD-20261003-4718,2026-10-03 16:07:35,  Ishaan ,IYER,"Chennai, Tamil Nadu",,1
ORD-20261003-0805,03/10/2026 19:09,ANIKA,Joshi,"mysuru, karnataka",Fashion|Sunglasses|999,two
ORD-20261003-0050,2026-10-03 22:58:38,sara,reddy,"pune, maharashtra",Fashion|Running Shoes|2199,1
ORD-20261003-3529,2026-10-03 17:28:24,Sneha,Pandya,"KOLKATA, WEST BENGAL",Sports|Yoga Mat|699,1
ORD-20261003-3721,03/10/2026 18:56,Shreya,Kapoor,"delhi, delhi",Fashion|Running Shoes|2199,2
ORD-20261003-2732,03/10/2026 21:23,mihir,Trivedi,"  Delhi, Delhi ",Fashion|Running Shoes|2199,3
ORD-20261003-4709,03-10-2026 12:37,Om,Kalavadia,"kolkata, west bengal",Electronics|Bluetooth Speaker|1799,4
ORD-20261003-4828,2026-10-03 18:59:37,rohan,Gupta,"Pune, Maharashtra",Electronics|Laptop Stand|749,1
ORD-20261003-3837,03/10/2026 12:03,Kabir,agarwal,"mumbai, maharashtra",Home And Kitchen|Non Stick Pan|1099,1
ORD-20261003-4409,2026-10-03 15:38:12,neha,  Pillai ,"Ahmedabad, Gujarat",Fashion|Running Shoes|2199,2
ORD-20261003-0693,2026-10-03 11:15:51,Reyansh,Shah,"DELHI, DELHI",Fashion|Denim Jeans|1199,1
ORD-20261003-4679,03-10-2026 14:19,Reyansh,mukherjee,"DELHI, DELHI",Fashion|Sunglasses|999,1
ORD-20261003-0142,03-10-2026 20:57,Myra,parmar,"surat, gujarat",Fashion|Denim Jeans|1199,2
ORD-20261003-4610,03/10/2026 14:59,Kavya,Ghosh,"Mumbai, Maharashtra",Sports|Yoga Mat|699,2
ORD-20261003-1742,2026-10-03 17:43:10,Sara,pandya,"Ahmedabad, Gujarat",Fashion|Sunglasses|999,2
ORD-20261003-4576,03/10/2026 21:34,Nidhi,KHANNA,"Hyderabad, Telangana",Home And Kitchen|Bedsheet Set|1499,3
,03-10-2026 17:45,Aarav,Solanki,"chennai, tamil nadu",Home And Kitchen|Wall Clock|649,3
ORD-20261003-2194,03/10/2026 11:53,  Bhavna ,Patil,"hyderabad, telangana",Fashion|Running Shoes|2199,1
ORD-20261003-0920,2026-10-03 11:10:27,Kunal,Ghosh,"  Delhi, Delhi ",Sports|Dumbbell Set|1899,1
ORD-20261003-0650,03/10/2026 19:53,tushar,Arora,"PUNE, MAHARASHTRA",Fashion|Leather Wallet|499,1
ORD-20261003-1954,03/10/2026 20:32,Vikas,patil,"Mumbai, Maharashtra",Fashion|Denim Jeans|1199,4
ORD-20261003-0065,03/10/2026 02:57,  Khushi ,Chaudhary,"Delhi, Delhi",Fashion|Cotton Kurta|799,1
ORD-20261003-2304,2026-10-03 18:22:23,Megha,reddy,"Lucknow, Uttar Pradesh",Electronics|Laptop Stand|749,2
ORD-20261003-2471,03/10/2026 20:29,pari,Shah,"lucknow, uttar pradesh",Home And Kitchen|Non Stick Pan|1099,2
ORD-20261003-3463,2026-10-03 22:38:05,Aarav,Modi,"bengaluru, karnataka",Fashion|Leather Wallet|499,1
ORD-20261003-1529,2026-10-03 08:53:11,dhwani,patel,"mumbai, maharashtra",Fashion|Cotton Kurta|799,1
ORD-20261003-2954,03-10-2026 18:21,parth,Bansal,"Nagpur, Maharashtra",Fashion|Running Shoes|2199,3
ORD-20261003-0093,2026-10-03 12:25:56,HARSH,Arora,"mumbai, maharashtra",Electronics|Power Bank|899,1
ORD-20261003-2060,2026-10-03 21:04:44,Mihir,dubey,"ahmedabad, gujarat",Fashion|Running Shoes|2199,one
ORD-20261003-0358,2026-10-03 21:14:24,mihir,  Chopra ,"Bengaluru, Karnataka",Fashion|Leather Wallet|499, 2 
ORD-20261003-1266,2026-10-03 20:40:37,Rudra,  Trivedi ,"ahmedabad, gujarat",Electronics|Laptop Stand|749,2
ORD-20261003-1813,30/02/2026 22:14,Aditi,  Singh ,"Ahmedabad, Gujarat",Fashion|Leather Wallet|499, 1 
ORD-20261003-0053,03/10/2026 19:01,kriti,  Parmar ,"Ahmedabad, Gujarat",Home And Kitchen|Non Stick Pan|1099,
ORD-20261003-4356,03/10/2026 14:23,Kavya,Modi,"VADODARA, GUJARAT",Home And Kitchen|Non Stick Pan|1099,2
ORD-20261003-2566,03/10/2026 17:30,  Aditi ,Arora,"Mumbai, Maharashtra",Sports|Football|799,2
ORD-20261003-2553,2026-10-03 02:52:55,roshni,  Mehta ,"Kolkata, West Bengal",Electronics|Power Bank|899,1
ORD-20261003-2745,2026-10-03 13:24:59,Neel,TRIVEDI,"Chennai, Tamil Nadu",Sports|Dumbbell Set|1899,2
ORD-20261003-4468,03/10/2026 08:43,TUSHAR,VYAS,"Pune, Maharashtra",Home And Kitchen|Steel Water Bottle|399,1
ORD-20261003-1897,2026-10-03 17:45:16,Karan,Gupta,"Vadodara, Gujarat",Fashion|Sunglasses|999, 4 
ORD-20261003-4840,2026-10-03 13:55:28,Simran,Joshi,"HYDERABAD, TELANGANA",Home And Kitchen|Steel Water Bottle|399,3
ORD-20261003-3271,03/10/2026 19:59,Neha,  Joshi ,"Mumbai, Maharashtra",Fashion|Running Shoes|2199,1
ORD-20261003-2629,2026-10-03 18:55:29,Shaurya,  Singh ,"Hyderabad, Telangana",Electronics|Power Bank|899,1
ORD-20261003-1482,03/10/2025 17:32,yash,PARMAR,"Nagpur, Maharashtra",Home And Kitchen|Non Stick Pan|1099,2
ORD-20261003-4772,2026-10-03 14:43:11,Divya,Das,"  Surat, Gujarat ",Home And Kitchen|Wall Clock|649,1
ORD-20261003-2158,2026-10-03 13:24:13,Pooja,Solanki,"Delhi, Delhi",Home And Kitchen|Bedsheet Set|1499,4
ORD-20261003-4578,03-10-2026 14:30,kunal,dubey,"Pune, Maharashtra",Electronics|Bluetooth Speaker|1799,0
ORD-20261003-4721,03/10/2026 18:52,Kavya,Modi,"Vadodara, Gujarat",Sports|Dumbbell Set|1899,1
ORD-20261003-4839,03-10-2026 20:17,rudra,Dubey,"Mumbai, Maharashtra",Fashion|Sunglasses|999,1
ORD-20261003-1955,03/10/2026 15:35,Vihaan,Thakkar,"Mumbai, Maharashtra",Home And Kitchen|Steel Water Bottle|399,3
ORD-20261003-1887,03/10/2026 11:53,Varun,Tiwari,"Bengaluru, Karnataka",Fashion|Running Shoes|2199,4
ORD-20261003-2379,03/10/2026 15:41,Harsh,Pawar,"Pune, Maharashtra",Electronics|Bluetooth Speaker|1799,3
ORD-20261003-3630,2026-10-03 21:23:56,sai,desai,"Pune, Maharashtra",Sports|Cricket Bat|1599,3
ORD-20261003-4551,N/A,Shaurya,nair,"Hyderabad, Telangana",Fashion|Cotton Kurta|799,0
ORD-20261003-2940,03/10/2026 18:22,Yash,chaudhary,"Bengaluru, Karnataka",Sports|Yoga Mat|699,1
ORD-20261003-4304,2026-10-03 22:29:44,payal,BHATT,"Pune, Maharashtra",Beauty|Face Wash|249,3
ORD-20261003-3484,03/10/2026 20:43,Tushar,tiwari,"chennai, tamil nadu",Fashion|Leather Wallet|499,1
ORD-20261003-0928,03/10/2026 22:17,Jay,Chopra,"Pune, Maharashtra",Home And Kitchen|Storage Box|299,1
ORD-20261003-0986,2026-10-03 13:51:08,  Manish ,Bhatt,"KOLKATA, WEST BENGAL",Beauty|Face Wash|249,1.0
ORD-20261003-2322,03/10/2026 14:01,Sara,Patil,"Mumbai, Maharashtra",Sports|Dumbbell Set|1899,2
ORD-20261003-3613,03/10/2026 23:24,Kabir,Dubey,"bengaluru, karnataka",Beauty|Sunscreen|449,1.0
ORD-20261003-1258,03-10-2026 22:08,Aditya,Khanna,"Mumbai, Maharashtra",Electronics|Laptop Stand|749, 1 
ORD-20261003-2179,03/10/2026 19:05,  Rahul ,reddy,"Ahmedabad, Gujarat",Fashion|Leather Wallet|499,2
ORD-20261003-4050,03/10/2026 16:02,Shaurya,SHARMA,"LUCKNOW, UTTAR PRADESH",Fashion|Cotton Kurta|799,1
ORD-20261003-1335,03-10-2026 14:35,Varun,Chaudhary,"delhi, delhi",Sports|Dumbbell Set|1899,1
ORD-20261003-3241,03/10/2026 17:16,Atharv,Mukherjee,"Surat, Gujarat",Home And Kitchen|Bedsheet Set|1499,1
ORD-20261003-4807,2026-10-03 17:56:24,Gaurav,pawar,"Vadodara, Gujarat",Home And Kitchen|Wall Clock|649,3
ORD-20261003-4088,03/10/2026 01:27,Bhavna,CHOPRA,"Pune, Maharashtra",Fashion|Running Shoes|2199,4
ORD-20261003-1062,2026-10-03 11:58:54,nikhil,Nair,"mysuru, karnataka",Sports|Skipping Rope|199,3
ORD-20261003-2518,2026-10-03 13:27:09,Sara,,"Jaipur, Rajasthan",Fashion|Sunglasses|999,1
ORD-20261003-2564,2026-10-03 21:29:49,  Manish ,Kalavadia,"Pune, Maharashtra",Electronics|Power Bank|899,3
ORD-20261003-3162,03/10/2026 19:33,MANISH,Kumar,,Sports|Yoga Mat|699,2
ORD-20261003-0700,03/10/2026 23:29,ayaan,Patil,"bengaluru, karnataka",Fashion|Sunglasses|999,4
ORD-20261003-1171,2026-10-03 20:14:17,null,Gupta,"Hyderabad, Telangana",Fashion|Sunglasses|999,1
ORD-20261003-0383,03/10/2026 16:09,Riya,Chauhan,"Delhi, Delhi",Home And Kitchen|Bedsheet Set|1499,3
ORD-20261003-2048,2026-10-03 21:09:59,Krishna,iyer,"chennai, tamil nadu",Beauty|Perfume|1299,
ORD-20261003-4659,2026-10-03 19:34:24,ritu,MEHTA,"Kolkata, West Bengal",Fashion|Denim Jeans|1199,1
ORD-20261003-1655,03-10-2026 22:21,Karan,Menon,"mumbai, maharashtra",Home And Kitchen|Non Stick Pan|1099,2
ORD-20261003-4098,03-10-2026 14:10,TUSHAR,Solanki,"Delhi, Delhi",Home And Kitchen|Wall Clock|649,2.0
ORD-20261003-4762,03/10/2026 11:23,Varun,Joshi,"Ahmedabad, Gujarat",Fashion|Denim Jeans|1199,2
ORD-20261003-0099,2026-10-03 21:00:55,Tanvi,sharma,"Mumbai, Maharashtra",Sports|Skipping Rope|199,2
ORD-20261003-1034,03/10/2026 15:46,HARSH,Ghosh,"Surat, Gujarat",Electronics|Smart Watch|2499,
ORD-20261003-2442,03-10-2026 10:00,Atharv,Khanna,"Nagpur, Maharashtra",Fashion|Denim Jeans|1199,1
ORD-20261003-4512,2026-10-03 13:21:13,NEEL,Pandya,"CHENNAI, TAMIL NADU",Home And Kitchen|Storage Box|299,3
ORD-20261003-4443,03/10/2062 13:18,Riya,PATIL,"Bengaluru, Karnataka",Electronics|Power Bank|899,1
ORD-20261003-3074,03/10/2026 23:59,  Priya ,  Ghosh ,"Delhi, Delhi",Electronics|Bluetooth Speaker|1799,1
ORD-20261003-4027,03/10/2026 17:08,VIVAAN,joshi,"Jaipur, Rajasthan",Electronics|Bluetooth Speaker|1799,2
ORD-20261003-0249,03-10-2026 15:24,Komal,PILLAI,N/A,Electronics|Laptop Stand|749,1
ORD-20261003-0760,03-10-2026 17:19,Kriti,arora,"Chennai, Tamil Nadu",Fashion|Sunglasses|999,2
ORD-20261003-2590,03/10/2026 12:37,Saanvi,Kumar,"Hyderabad, Telangana",Fashion|Running Shoes|2199,1
ORD-20261003-2969,03/10/2026 11:28,megha,Jain,"  Vadodara, Gujarat ",Home And Kitchen|Bedsheet Set|1499,2
ORD-20261003-0192,03/10/2026 21:32,Reyansh,Ghosh,"Mumbai, Maharashtra",Fashion|Sunglasses|999,2
ORD-20261003-2058,2026-10-03 12:21:07,varun,Vyas,"  Bengaluru, Karnataka ",Electronics|Smart Watch|2499,1
ORD-20261003-2639,2026-10-03 20:22:41,anika,  Agarwal ,"  Mumbai, Maharashtra ",Fashion|Denim Jeans|1199,1
ORD-20261003-4570,2026-10-03 15:53:26,Saanvi,Chopra,"Hyderabad, Telangana",Electronics|Smart Watch|2499,1
ORD-20261003-3292,03/10/2026 09:49,Shaurya,  Malhotra ,"hyderabad, telangana",Fashion|Leather Wallet|499,3
ORD-20261003-4738,03/10/2026 14:12,aanya,,"Pune, Maharashtra",Fashion|Denim Jeans|1199,1
ORD-20261003-0764,03/10/2026 21:27,pooja,  Vyas ,"Jaipur, Rajasthan",Fashion|Leather Wallet|499,
ORD-20261003-2240,2026-10-03 18:56:04,KRITI,Pillai,"ahmedabad, gujarat",Electronics|Smart Watch|2499,1
ORD-20261003-2683,03-10-2026 07:25,Dhwani,Mukherjee,"Mysuru, Karnataka",Home And Kitchen|Storage Box|299,1
ORD-20261003-2477,03/10/2026 20:57,Bhavna,Chaudhary,"Hyderabad, Telangana",Sports|Skipping Rope|199,1
ORD-20261003-3834,2026-10-03 18:25:26,  Deepak ,Iyer,"Bengaluru, Karnataka",Fashion|Denim Jeans|1199,2
ORD-20261003-1429,2026-10-03 21:48:55,  Aditi ,yadav,"Surat, Gujarat",Sports|Cricket Bat|1599,1
ORD-20261003-3131,31/02/2026 11:48,Atharv,trivedi,"Jaipur, Rajasthan",Sports|Football|799,3
ORD-20261003-0839,2026-10-03 18:41:20,Rudra,mukherjee,"Jaipur, Rajasthan",Electronics|Laptop Stand|749,1
ORD-20261003-3342,03/10/2026 16:37,Ritu,BHATT,"mumbai, maharashtra",Home And Kitchen|Non Stick Pan|1099,2
ORD-20261003-0369,03/10/2026 16:24,Khushi,BHATT,"BENGALURU, KARNATAKA",Electronics|Bluetooth Speaker|1799,2
ORD-20261003-4454,03/10/2026 11:39,  Aryan ,Thakkar,"  Bengaluru, Karnataka ",Sports|Skipping Rope|199,
ORD-20261003-3291,03/10/2025 13:40,parth,  Kalavadia ,"Delhi, Delhi",Fashion|Running Shoes|2199,4
ORD-20261003-4506,2026-10-03 22:26:05,Khushi,thakkar,"Hyderabad, Telangana",Fashion|Sunglasses|999,2
ORD-20261003-1328,03/10/2026 16:16,ananya,menon,"Pune, Maharashtra",Beauty|Face Wash|249,1
ORD-20261003-1479,03-10-2026 18:42,Kavya,Gupta,"LUCKNOW, UTTAR PRADESH",Home And Kitchen|Non Stick Pan|1099,
ORD-20261003-1754,03-10-2026 08:29,Karan,  Verma ,"Delhi, Delhi",Electronics|Wireless Earbuds|1299,1
ORD-20261003-1037,2026-10-03 22:21:54,reyansh,Parmar,"nagpur, maharashtra",Fashion|Sunglasses|999,1
ORD-20261003-4779,03/10/2026 13:14,Krupa,chopra,"Delhi, Delhi",Home And Kitchen|Wall Clock|649,1
ORD-20261003-4302,2026-10-03 19:57:21,Parth,Pillai,"Ahmedabad, Gujarat",Home And Kitchen|Wall Clock|649,3
,2026-10-03 21:42:30,Neha,Malhotra,"HYDERABAD, TELANGANA",Fashion|Sunglasses|999,4
ORD-20261003-3211,03/10/2026 16:12,manish,Pillai,"Hyderabad, Telangana",Fashion|Leather Wallet|499,3
ORD-20261003-0152,2026-10-03 14:35:08,Aadhya,mishra,"Chennai, Tamil Nadu",Home And Kitchen|Storage Box|299,4
ORD-20261003-0943,03/10/2026 23:50,jay,mukherjee,"Mumbai, Maharashtra",Electronics|Power Bank|899,1
ORD-20261003-1473,03/10/2026 12:56,dhwani,Iyer,"HYDERABAD, TELANGANA",Electronics|Power Bank|899,5
ORD-20261003-1725,03/10/2026 19:40,,mukherjee,"pune, maharashtra",Home And Kitchen|Steel Water Bottle|399,4
ORD-20261003-4110,03-10-2026 22:49,Deepak,  Khanna ,"Bengaluru, Karnataka",Fashion|Denim Jeans|1199,1
ORD-20261003-1196,03/10/2026 11:47,KRITI,joshi,"Delhi, Delhi",Sports|Football|799,1
ORD-20261003-3124,2026-10-03 14:34:31,Pooja,Modi,"Chennai, Tamil Nadu",Home And Kitchen|Steel Water Bottle|399,2
ORD-20261003-1798,03/10/2026 13:24,Khushi,Bhatt,"bengaluru, karnataka",Electronics|Smart Watch|2499,3
ORD-20261003-2720,03/10/2026 19:40,Tushar,Kulkarni,"Surat, Gujarat",Fashion|Denim Jeans|1199,1
ORD-20261003-0299,03/10/2026 11:45,DHWANI,Mukherjee,"mysuru, karnataka",Sports|Skipping Rope|199,1
ORD-20261003-1773,2026-10-03 18:06:49,Mansi,nair,"kolkata, west bengal",Sports|Football|799,1
ORD-20261003-0644,2026-10-03 18:49:17,Aarav,Pawar,"Delhi, Delhi",Sports|Yoga Mat|699,1
ORD-20261003-2828,2026-10-03 23:04:12,Pooja,GUPTA,"Pune, Maharashtra",Electronics|Bluetooth Speaker|1799,1
ORD-20261003-1636,03/10/2026 08:40,AYAAN,Kapoor,"Vadodara, Gujarat",Sports|Dumbbell Set|1899,3.0
ORD-20261003-3341,03/10/2026 20:43,Ritu,Nair,"Vadodara, Gujarat",Electronics|Laptop Stand|749,1
ORD-20261003-1099,2026-10-03 14:57:28,KRITI,modi,"Mumbai, Maharashtra",Home And Kitchen|Bedsheet Set|1499,1
ORD-20261003-0966,03/10/2026 16:26,nikhil,  Rao ,"PUNE, MAHARASHTRA",Fashion|Sunglasses|999,2
ORD-20261003-1507,2026-10-03 20:35:57,AMIT,Pandya,"Mumbai, Maharashtra",Beauty|Lipstick|399,3
ORD-20261003-3517,03/10/2026 16:45,Saanvi,  Dubey ,"Pune, Maharashtra",Electronics|Bluetooth Speaker|1799,1
ORD-20261003-0215,03/10/2026 21:21,sneha,Desai,"BENGALURU, KARNATAKA",Sports|Yoga Mat|699,1
ORD-20261003-1154,03-10-2026 13:31,Megha,mishra,"pune, maharashtra",Fashion|Sunglasses|999,1
ORD-20261003-4142,2026-10-03 01:43:03,SNEHA,Ghosh,"bengaluru, karnataka",Beauty|Sunscreen|449,3
ORD-20261003-2278,03/10/2026 13:58,simran,Chopra,"Chennai, Tamil Nadu",Fashion|Running Shoes|2199,1
ORD-20261003-4074,03/10/2026 08:57,Pranav,pandya,"hyderabad, telangana",Beauty|Hair Serum|549,2
ORD-20261003-2881,03/10/2026 22:58,Amit,Kumar,"hyderabad, telangana",Fashion|Denim Jeans|1199,1
ORD-20261003-1671,2026-10-03 19:06:43,aditi,modi,"nagpur, maharashtra",Electronics|Wireless Earbuds|1299,1
ORD-20261003-4704,2026-10-03 04:01:47,rajesh,singh,"Chennai, Tamil Nadu",Sports|Cricket Bat|1599,2
ORD-20261003-0836,03/10/2026 09:28,Ishaan,,"Bengaluru, Karnataka",Fashion|Running Shoes|2199,2
ORD-20261003-2793,2026-10-03 19:51:16,Pooja,Parmar,"NAGPUR, MAHARASHTRA",Electronics|Smart Watch|2499,1.0
ORD-20261003-1862,2026-10-03 12:33:33,Jay,Mishra,"delhi, delhi",Electronics|Wireless Earbuds|1299,3
ORD-20261003-4507,2026-10-03 20:59:44,Vikas,  Modi ,"Delhi, Delhi",Fashion|Leather Wallet|499, 4 
ORD-20261003-4501,2026-10-03 11:31:08,Advik,agarwal,"Mysuru, Karnataka",Fashion|Sunglasses|999,3
ORD-20261003-2997,03-10-2026 10:35,  Arjun ,Jain,"  Mumbai, Maharashtra ",Home And Kitchen|Storage Box|299,1
ORD-20261003-1403,2026-10-03 20:37:31,pooja,Chopra,"PUNE, MAHARASHTRA",Fashion|Running Shoes|2199,1
ORD-20261003-1285,2026-10-03 20:30:30,Kabir,desai,"Bengaluru, Karnataka",Fashion|Running Shoes|2199,2
,2026-10-03 14:41:44,megha,Das,"Ahmedabad, Gujarat",Fashion|Cotton Kurta|799,4
ORD-20261003-2915,03/10/2026 11:15,om,menon,"Kolkata, West Bengal",Home And Kitchen|Non Stick Pan|1099,1
ORD-20261003-2727,2026-10-03 13:18:10,Aarav,Kapoor,"Delhi, Delhi",Home And Kitchen|Steel Water Bottle|399,2
ORD-20261003-3670,2026-10-03 14:27:20,Vikas,Kalavadia,"  Mumbai, Maharashtra ",Beauty|Perfume|1299,2.0
ORD-20261003-3092,03/10/2062 17:11,Nidhi,kulkarni,"Surat, Gujarat",Fashion|Running Shoes|2199,4
ORD-20261003-3479,2026-10-03 08:37:56,vivaan,Malhotra,"Delhi, Delhi",Sports|Football|799,2
ORD-20261003-4739,03/10/2026 12:41,Divya,Rao,"Pune, Maharashtra",Sports|Football|799,1
ORD-20261003-0161,03-10-2026 13:40,Aanya,  Dubey ,"Pune, Maharashtra",Electronics|Smart Watch|2499,1
ORD-20261003-4341,03/10/2026 20:26,Dev,pandya,"Surat, Gujarat",Fashion|Denim Jeans|1199,5
ORD-20261003-2635,03/10/2026 13:20,Kabir,chauhan,"Mumbai, Maharashtra",Sports|Dumbbell Set|1899,5
ORD-20261003-1218,03/10/2026 18:53,Riya,iyer,"Delhi, Delhi",Electronics|Bluetooth Speaker|1799,1
ORD-20261003-0825,03/10/2026 11:18,mihir,KAPOOR,"  Nagpur, Maharashtra ",Beauty|Hair Serum|549,1
ORD-20261003-3081,2026-10-03 13:47:09,Shreya,dubey,"Ahmedabad, Gujarat",Fashion|Running Shoes|2199,1
ORD-20261003-1941,,  Krishna ,Trivedi,"  Mumbai, Maharashtra ",Beauty|Face Wash|249,1
ORD-20261003-2860,03/10/2026 21:46,vikas,Thakkar,"mumbai, maharashtra",,2
ORD-20261003-1184,03/10/2026 02:52,Karan,Vyas,"MUMBAI, MAHARASHTRA",Fashion|Sunglasses|999,2
ORD-20261003-1364,03/10/2062 16:27,amit,SHAH,"  Ahmedabad, Gujarat ",Fashion|Leather Wallet|499,2
ORD-20261003-1886,03/10/2026 11:12,Kunal,srivastava,"  Jaipur, Rajasthan ",Home And Kitchen|Non Stick Pan|1099,1
ORD-20261003-1757,03-10-2026 21:05,  Tushar ,Chaudhary,"  Delhi, Delhi ",Beauty|Perfume|1299,4
ORD-20261003-1722,2026-10-03 17:40:10,Krishna,Nair,"hyderabad, telangana",Sports|Yoga Mat|699,5
ORD-20261003-0891,2026-10-03 09:54:11,Harsh,das,"Vadodara, Gujarat",Beauty|Hair Serum|549,2
ORD-20261003-3045,03/10/2026 17:30,mihir,Saxena,"coimbatore, tamil nadu",Fashion|Leather Wallet|499,3
ORD-20261003-1353,2026-10-03 20:43:33,simran,Tiwari,"Jaipur, Rajasthan",Fashion|Leather Wallet|499,2
ORD-20261003-0002,2026-10-03 11:43:52,SARA,  Sharma ,"Hyderabad, Telangana",Fashion|Running Shoes|2199,1
ORD-20261003-3772,03/10/2026 12:34,Rohan,Verma,"Ahmedabad, Gujarat",Fashion|Running Shoes|2199,4
ORD-20261003-3285,03/10/2026 14:35,ananya,kalavadia,"Mumbai, Maharashtra",Home And Kitchen|Steel Water Bottle|399,4
ORD-20261003-3817,03-10-2026 23:28,advik,Modi,"lucknow, uttar pradesh",Sports|Cricket Bat|1599,1
ORD-20261003-0771,03-10-2026 17:52,nidhi,  Yadav ,"Coimbatore, Tamil Nadu",Home And Kitchen|Wall Clock|649,1
ORD-20261003-3802,03/10/2026 03:30,Dhwani,Kapoor,"Vadodara, Gujarat",Electronics|Laptop Stand|749,3
ORD-20261003-3509,03/10/2026 12:10,Shaurya,KULKARNI,"lucknow, uttar pradesh",Fashion|Sunglasses|999,1
ORD-20261003-0587,03/10/2026 16:09,Diya,Patil,"Jaipur, Rajasthan",Electronics|Bluetooth Speaker|1799, 1 
ORD-20261003-2910,03/10/2026 14:39,Rohan,Singh,"Pune, Maharashtra",Electronics|Laptop Stand|749,2
ORD-20261003-0240,03-10-2026 09:16,khushi,  Bhatt ,"Vadodara, Gujarat",Electronics|Power Bank|899,1
ORD-20261003-4425,2026-10-03 08:32:55,sai,Agarwal,"Hyderabad, Telangana",,1.0
ORD-20261003-3734,2026-10-03 20:51:01,Sara,Pillai,"hyderabad, telangana",Electronics|Laptop Stand|749,1
ORD-20261003-3565,2026-10-03 14:45:32,Pranav,Rathod,"ahmedabad, gujarat",Home And Kitchen|Steel Water Bottle|399,5
ORD-20261003-2825,03/10/2026 13:56,Ayaan,Iyer,"delhi, delhi",Home And Kitchen|Storage Box|299,1
ORD-20261003-3244,03/10/2026 19:45,VARUN,Tiwari,"Mysuru, Karnataka",Fashion|Denim Jeans|1199,3
ORD-20261003-0084,03/10/2026 21:23,Deepak,Nair,"Coimbatore, Tamil Nadu",Home And Kitchen|Non Stick Pan|1099,1
ORD-20261003-3419,03/10/2026 06:22,vihaan,Jain,"Nagpur, Maharashtra",Fashion|Cotton Kurta|799,1
ORD-20261003-1401,03/10/2026 22:43,  Om ,Tiwari,"bengaluru, karnataka",Electronics|Laptop Stand|749,4
ORD-20261003-3725,2026-10-03 15:56:12,ATHARV,Modi,"Kolkata, West Bengal",Electronics|Power Bank|899,4
ORD-20261003-1463,2026-10-03 19:20:55,Tushar,  Solanki ,"mumbai, maharashtra",Fashion|Cotton Kurta|799,2
ORD-20261003-1346,2026-10-03 21:00:58,MIHIR,sinha,"lucknow, uttar pradesh",Sports|Yoga Mat|699,2
ORD-20261003-3017,2026-10-03 18:13:47,TANVI,Ghosh,"Delhi, Delhi",Fashion|Running Shoes|2199,1
ORD-20261003-0676,2026-10-03 20:40:52,Tanvi,Kumar,"ahmedabad, gujarat",Fashion|Leather Wallet|499,5.0
ORD-20261003-1246,2026-10-03 12:02:15,deepak,Reddy,"  Delhi, Delhi ",Electronics|Wireless Earbuds|1299,1
ORD-20261003-3486,03/10/2026 23:23,  Simran ,Trivedi,"Delhi, Delhi",Electronics|Power Bank|899,2
ORD-20261003-0023,2026-10-03 21:36:43,Janvi,Khanna,"Kolkata, West Bengal",Fashion|Sunglasses|999,1
ORD-20261003-1568,03/10/2026 07:28,Suresh,Saxena,"Surat, Gujarat",Fashion|Cotton Kurta|799,6
ORD-20261003-1339,03-10-2026 20:16,Tushar,Arora,"Hyderabad, Telangana",Fashion|Sunglasses|999,1
ORD-20261003-1005,03/10/2026 15:59,Pranav,Pandya,"Pune, Maharashtra",Sports|Dumbbell Set|1899,1
ORD-20261003-2068,03/10/2026 21:56,parth,PAWAR,"bengaluru, karnataka",Fashion|Running Shoes|2199,3
ORD-20261003-4543,2026-10-03 12:37:29,Parth,Malhotra,"CHENNAI, TAMIL NADU",Home And Kitchen|Non Stick Pan|1099,2
ORD-20261003-1329,03/10/2026 08:45,kavya,  Malhotra ,"jaipur, rajasthan",Sports|Dumbbell Set|1899, 1 
ORD-20261003-4289,2026-10-03 14:16:52,Varun,  Bhatt ,"  Hyderabad, Telangana ",Fashion|Leather Wallet|499,1
ORD-20261003-2350,2026-10-03 22:13:22,Jay,Chaudhary,"jaipur, rajasthan",Beauty|Face Wash|249, 3 
ORD-20261003-3418,03/10/2062 10:38,Anika,Joshi,"  Hyderabad, Telangana ",,1
ORD-20261003-1936,03/10/2026 20:35,  Vihaan ,Rathod,"Mumbai, Maharashtra",Fashion|Denim Jeans|1199,1
ORD-20261003-2349,03/10/2026 22:24,nidhi,patel,"Delhi, Delhi",Home And Kitchen|Non Stick Pan|1099,1
ORD-20261003-1018,03/10/2026 19:25,Aarav,Bhatt,"hyderabad, telangana",Fashion|Denim Jeans|1199,1
ORD-20261003-3039,03-10-2026 18:55,  Aanya ,Sinha,"nagpur, maharashtra",Beauty|Lipstick|399, 1 
ORD-20261003-4826,03/10/2026 10:26,Aditi,Chaudhary,"  Mumbai, Maharashtra ",Fashion|Denim Jeans|1199,3
ORD-20261003-0374,03-10-2026 22:11,SIMRAN,VERMA,"coimbatore, tamil nadu",Fashion|Cotton Kurta|799,1
ORD-20261003-0029,03/10/2026 05:09,Khushi,bhatt,"bengaluru, karnataka",Sports|Dumbbell Set|1899,2
,03/10/2026 12:11,AADHYA,Bose,"  Ahmedabad, Gujarat ",Home And Kitchen|Steel Water Bottle|399,3
ORD-20261003-4750,03/10/2026 07:55,Tanvi,,"Hyderabad, Telangana",Home And Kitchen|Bedsheet Set|1499,3
ORD-20261003-3633,2026-10-03 10:19:17,NIDHI,Singh,"Kolkata, West Bengal",Electronics|Smart Watch|2499,1
ORD-20261003-0600,03/10/2026 10:39,Kunal,Nair,"jaipur, rajasthan",Fashion|Denim Jeans|1199, 2 
ORD-20261003-1501,03/10/2026 15:29,Ishaan,GUPTA,"Vadodara, Gujarat",Beauty|Perfume|1299,1
ORD-20261003-4812,03/10/2026 11:06,swati,  Agarwal ,"Lucknow, Uttar Pradesh",Electronics|Power Bank|899,2
ORD-20261003-0630,2026-10-03 23:01:23,Aditi,MEHTA,"Mumbai, Maharashtra",Fashion|Denim Jeans|1199,2
ORD-20261003-1014,03/10/2026 18:20,Saanvi,Chaudhary,"  Bengaluru, Karnataka ",Fashion|Cotton Kurta|799,3
ORD-20261003-4544,03-10-2026 21:42,Manish,Sharma,"Kolkata, West Bengal",Sports|Skipping Rope|199,1
ORD-20261003-2234,03/10/2026 12:01,gaurav,Kumar,"Jaipur, Rajasthan",Fashion|Sunglasses|999,2
ORD-20261003-3377,03-10-2026 19:26,TANVI,  Thakkar ,"Jaipur, Rajasthan",Electronics|Laptop Stand|749,4
ORD-20261003-1965,03/10/2026 20:24,ISHAAN,Pandya,"Delhi, Delhi",Home And Kitchen|Wall Clock|649,2
ORD-20261003-2789,2026-10-03 04:22:15,Aanya,  Iyer ,"jaipur, rajasthan",Electronics|Smart Watch|2499,1
ORD-20261003-0791,03/10/2026 21:11,Tanvi,saxena,"Kolkata, West Bengal",Electronics|Wireless Earbuds|1299,1
ORD-20261003-0159,03-10-2026 05:48,Atharv,Kalavadia,"Nagpur, Maharashtra",Electronics|Laptop Stand|749,1
ORD-20261003-1331,03-10-2026 14:57,DIVYA,  Modi ,"Bengaluru, Karnataka",Fashion|Running Shoes|2199,2
ORD-20261003-3194,2026-10-03 21:17:15,  Simran ,KALAVADIA,"  Mumbai, Maharashtra ",,1
ORD-20261003-1324,03/10/2026 15:11,karan,Verma,"chennai, tamil nadu",Beauty|Hair Serum|549,2
ORD-20261003-3903,03/10/2026 08:47,  Aditya ,arora,"  Kolkata, West Bengal ",Home And Kitchen|Wall Clock|649,1
ORD-20261003-3200,03/10/2026 19:03,NIDHI,VERMA,"Ahmedabad, Gujarat",Electronics|Power Bank|899,4
ORD-20261003-0493,03/10/2026 16:15,shaurya,Iyer,"Jaipur, Rajasthan",Home And Kitchen|Non Stick Pan|1099,5
ORD-20261003-2968,03/10/2026 23:46,Parth,Singh,"DELHI, DELHI",Fashion|Leather Wallet|499,1
ORD-20261003-3503,03/10/2026 17:44,GAURAV,Menon,"Hyderabad, Telangana",Sports|Yoga Mat|699,1
ORD-20261003-4410,03/10/2026 12:15,Vikas,Parmar,"Bengaluru, Karnataka",Electronics|Smart Watch|2499,1
ORD-20261003-4697,03-10-2026 21:23,anjali,PARMAR,"Kolkata, West Bengal",Electronics|Power Bank|899,1
ORD-20261003-1320,03-10-2026 19:39,  Sara ,pillai,"  Surat, Gujarat ",Electronics|Wireless Earbuds|1299,3
ORD-20261003-0308,03/10/2026 11:15,Neha,Arora,"MUMBAI, MAHARASHTRA",Home And Kitchen|Steel Water Bottle|399,3.0
ORD-20261003-4193,2026-10-03 21:23:32,PRANAV,Kalavadia,"Nagpur, Maharashtra",Fashion|Running Shoes|2199,2
ORD-20261003-1202,2026-10-03 16:20:59,Neel,Rathod,"Pune, Maharashtra",Electronics|Laptop Stand|749,1
ORD-20261003-1496,03-10-2026 22:48,deepak,PATEL,"  Lucknow, Uttar Pradesh ",Beauty|Hair Serum|549,1
ORD-20261003-2334,03/10/2026 21:31,komal,Reddy,"Delhi, Delhi",Home And Kitchen|Steel Water Bottle|399,2
ORD-20261003-1812,03-10-2026 17:38,Tushar,Kalavadia,"Delhi, Delhi",Home And Kitchen|Wall Clock|649,1
ORD-20261003-4621,03/10/2026 22:27,Krupa,Trivedi,"kolkata, west bengal",Home And Kitchen|Steel Water Bottle|399,2
ORD-20261003-2275,03/10/2026 10:34,arjun,agarwal,"Kolkata, West Bengal",Electronics|Laptop Stand|749,1.0
ORD-20261003-3424,2026-10-03 19:11:21,VIVAAN,Joshi,"JAIPUR, RAJASTHAN",,1
ORD-20261003-4199,03/10/2026 20:25,Om,  Mishra ,"Mysuru, Karnataka",Home And Kitchen|Storage Box|299,2
ORD-20261003-1011,03/10/2026 13:56,Varun,Pawar,"  Mysuru, Karnataka ",Fashion|Leather Wallet|499,1
ORD-20261003-2492,2026-10-03 10:53:47,aarav,RAO,"Bengaluru, Karnataka",Sports|Dumbbell Set|1899,1
ORD-20261003-4567,03/10/2026 20:46,Pari,Ghosh,"lucknow, uttar pradesh",Fashion|Running Shoes|2199,3
ORD-20261003-1911,03/10/2026 19:16,Navya,  Malhotra ,"bengaluru, karnataka",Home And Kitchen|Non Stick Pan|1099,1
ORD-20261003-1351,2026-10-03 11:05:41,Anjali,Khanna,"Delhi, Delhi",Fashion|Cotton Kurta|799,1
ORD-20261003-0732,03/10/2026 18:29,Tushar,Singh,"vadodara, gujarat",Sports|Dumbbell Set|1899,1
ORD-20261003-3284,03/10/2026 20:10,Megha,Kulkarni,"  Ahmedabad, Gujarat ",Fashion|Running Shoes|2199,1
ORD-20261003-1297,03-10-2026 07:11,Vivaan,  Desai ,"Chennai, Tamil Nadu",Fashion|Leather Wallet|499,6
ORD-20261003-3857,03/10/2026 06:42,Ananya,Saxena,"Delhi, Delhi",Fashion|Cotton Kurta|799,5
ORD-20261003-3884,2026-10-03 14:35:13,Shaurya,Pillai,"Delhi, Delhi",Home And Kitchen|Storage Box|299,1
ORD-20261003-2425,03/10/2026 21:13,  Gaurav ,Chauhan,"Kolkata, West Bengal",Fashion|Sunglasses|999,1
ORD-20261003-2674,03-10-2026 13:29,Dhruv,Nair,"Nagpur, Maharashtra",Fashion|Sunglasses|999,3
ORD-20261003-3093,2026-10-03 20:27:46,Mihir,Agarwal,"  Coimbatore, Tamil Nadu ",Electronics|Bluetooth Speaker|1799,2
ORD-20261003-3850,03-10-2026 20:29,,Chaudhary,"Ahmedabad, Gujarat",Fashion|Cotton Kurta|799,2
ORD-20261003-2892,03/10/2026 12:00,Simran,,"Delhi, Delhi",Electronics|Bluetooth Speaker|1799,1
ORD-20261003-2788,2026-10-03 13:09:51,Ayaan,shah,"  Coimbatore, Tamil Nadu ",Electronics|Smart Watch|2499,1
ORD-20261003-1701,2026-10-03 14:08:32,divya,Parmar,"Jaipur, Rajasthan",Sports|Football|799,4
ORD-20261003-2391,03/10/2026 00:56,ROSHNI,singh,"Ahmedabad, Gujarat",Electronics|Smart Watch|2499,1
ORD-20261003-4372,2026-10-03 21:31:31,ishaan,Bansal,"Jaipur, Rajasthan",Electronics|Laptop Stand|749,3
ORD-20261003-1588,2026-10-03 17:39:03,Yash,vyas,"mumbai, maharashtra",Fashion|Sunglasses|999,1
ORD-20261003-3149,03/10/2026 15:57,AARAV,Modi,"AHMEDABAD, GUJARAT",Fashion|Sunglasses|999,1
ORD-20261003-3922,2026-10-03 08:08:11,Tushar,sharma,"Delhi, Delhi",Fashion|Leather Wallet|499,1
ORD-20261003-0172,03-10-2026 23:59,Krishna,Chauhan,"  Chennai, Tamil Nadu ",Electronics|Bluetooth Speaker|1799,4
ORD-20261003-4453,,Vihaan,thakkar,"Delhi, Delhi",Beauty|Face Wash|249,4
ORD-20261003-1425,03/10/2026 10:43,Tanvi,pawar,"Hyderabad, Telangana",Electronics|Laptop Stand|749,3
ORD-20261003-1293,03/10/2026 12:06,Ayaan,  Mishra ,"Lucknow, Uttar Pradesh",Electronics|Bluetooth Speaker|1799,4
ORD-20261003-4012,2026-10-03 14:38:32,Shaurya,patel,"Ahmedabad, Gujarat",Beauty|Perfume|1299,3
ORD-20261003-1991,03/10/2026 20:39,Reyansh,khanna,"BENGALURU, KARNATAKA",Fashion|Denim Jeans|1199,1
ORD-20261003-1145,2026-10-03 20:28:06,Navya,BOSE,"bengaluru, karnataka",Fashion|Running Shoes|2199,2
ORD-20261003-1583,2026-10-03 21:00:32,  Krishna ,Kapoor,"Chennai, Tamil Nadu",Fashion|Running Shoes|2199,3
ORD-20261003-1727,03/10/2026 10:25,Kriti,,"Jaipur, Rajasthan",Electronics|Bluetooth Speaker|1799,4
ORD-20261003-4733,03/10/2026 13:53,Bhavna,Pandya,"Jaipur, Rajasthan",Electronics|Power Bank|899,5
ORD-20261003-2926,03-10-2026 21:04,  Amit ,Kapoor,"Chennai, Tamil Nadu",Fashion|Cotton Kurta|799,5
ORD-20261003-0725,03/10/2026 22:43,Om,Ghosh,"Chennai, Tamil Nadu",Beauty|Perfume|1299,1
ORD-20261003-2168,2026-10-03 08:46:07,PALAK,Jain,"Delhi, Delhi",Fashion|Leather Wallet|499,1
ORD-20261003-1411,03/10/2026 10:34,swati,Kulkarni,"CHENNAI, TAMIL NADU",Home And Kitchen|Steel Water Bottle|399,1
ORD-20261003-1981,2026-10-03 14:42:54,AARAV,mukherjee,"  Mysuru, Karnataka ",Sports|Dumbbell Set|1899,2
ORD-20261003-4848,2026-10-03 21:31:16,,Bose,"Mumbai, Maharashtra",Electronics|Bluetooth Speaker|1799, 2 
ORD-20261003-0311,03/10/2026 14:52,Vihaan,Arora,"JAIPUR, RAJASTHAN",Electronics|Power Bank|899,3
ORD-20261003-0559,2026-10-03 19:54:11,mansi,patel,"Hyderabad, Telangana",Fashion|Denim Jeans|1199,3.0
ORD-20261003-3976,2026-10-03 16:54:32,Jay,Desai,"coimbatore, tamil nadu",Beauty|Hair Serum|549,
ORD-20261003-3709,2026-10-03 18:30:33,Arjun,RATHOD,"MUMBAI, MAHARASHTRA",Beauty|Face Wash|249,3
ORD-20261003-2385,2026-10-03 20:53:24,divya,Arora,"lucknow, uttar pradesh",Fashion|Cotton Kurta|799,3
,2026-10-03 20:38:00,Payal,ghosh,"BENGALURU, KARNATAKA",Fashion|Denim Jeans|1199,2
ORD-20261003-4657,03/10/2026 16:33,Sai,Kumar,"nagpur, maharashtra",Sports|Dumbbell Set|1899,4
ORD-20261003-4821,03/10/2026 12:34,Yash,Menon,"MYSURU, KARNATAKA",Fashion|Cotton Kurta|799,2
ORD-20261003-1054,03-10-2026 15:53,  Khushi ,Bhatt,"Bengaluru, Karnataka",Sports|Yoga Mat|699,2
ORD-20261003-1492,03/10/2026 12:23,neha,Tiwari,"chennai, tamil nadu",Sports|Yoga Mat|699,3
ORD-20261003-1487,03/10/2026 21:05,  Nisha ,verma,"Surat, Gujarat",Fashion|Denim Jeans|1199,1
ORD-20261003-4120,2026-10-03 15:57:55,Pranav,joshi,"Mumbai, Maharashtra",Sports|Football|799,1
ORD-20261003-4447,03-10-2026 22:55,Divya,Dubey,"VADODARA, GUJARAT",Fashion|Leather Wallet|499,5
ORD-20261003-3422,03/10/2026 20:12,Aadhya,Sharma,"Pune, Maharashtra",Home And Kitchen|Steel Water Bottle|399,1
ORD-20261003-3100,2026-10-03 20:44:01,Diya,Patel,"Pune, Maharashtra",Fashion|Running Shoes|2199,2
ORD-20261003-1253,2026-10-03 12:10:15,aanya,iyer,"jaipur, rajasthan",Fashion|Sunglasses|999,2
ORD-20261003-4046,03-10-2026 22:21,Ayaan,mukherjee,"lucknow, uttar pradesh",Sports|Football|799,1
ORD-20261003-3259,03-10-2026 09:51,khushi,BHATT,"Bengaluru, Karnataka",Electronics|Bluetooth Speaker|1799,1
ORD-20261003-1255,03/10/2026 13:12,neel,pawar,"Mysuru, Karnataka",Beauty|Lipstick|399,1
ORD-20261003-4102,03/10/2026 17:21,Aryan,Nair,"DELHI, DELHI",Fashion|Sunglasses|999,1
ORD-20261003-3948,03/10/2026 17:21,Dhruv,Kumar,"KOLKATA, WEST BENGAL",Fashion|Running Shoes|2199,2
ORD-20261003-1603,2026-10-03 22:20:31,Neha,Arora,"Mumbai, Maharashtra",,1
ORD-20261003-3393,2026-10-03 09:00:52,Jay,Patel,"coimbatore, tamil nadu",Fashion|Running Shoes|2199,2
ORD-20261003-2174,2026-10-03 14:22:55,null,MISHRA,"Lucknow, Uttar Pradesh",Home And Kitchen|Bedsheet Set|1499,5
ORD-20261003-2096,03/10/2026 12:32,krupa,SINGH,"mumbai, maharashtra",Sports|Cricket Bat|1599,1
ORD-20261003-4375,03/10/2026 16:57,Krupa,  Sharma ,"vadodara, gujarat",Sports|Yoga Mat|699,2
ORD-20261003-4339,2026-10-03 16:52:35,sai,  Pandya ,"  Hyderabad, Telangana ",Electronics|Power Bank|899, 1 
ORD-20261003-1426,03-10-2026 17:51,Ritu,Singh,"Delhi, Delhi",Fashion|Denim Jeans|1199,1
ORD-20261003-3273,03/10/2026 22:31,Hetal,Mishra,"Pune, Maharashtra",Fashion|Sunglasses|999,2
ORD-20261003-0166,2026-10-03 21:31:49,rahul,Thakkar,"mumbai, maharashtra",Fashion|Cotton Kurta|799,4
ORD-20261003-2342,03/10/2026 15:22,Karan,Singh,"Nagpur, Maharashtra",Fashion|Cotton Kurta|799,2
ORD-20261003-3596,03/10/2026 18:51,Kunal,rao,"HYDERABAD, TELANGANA",Home And Kitchen|Storage Box|299,2
ORD-20261003-2948,2026-10-03 19:27:06,yash,Shah,"Kolkata, West Bengal",Home And Kitchen|Steel Water Bottle|399,1
ORD-20261003-0276,03/10/2026 16:26,Jay,Kapoor,"DELHI, DELHI",Fashion|Running Shoes|2199,1
ORD-20261003-3139,03/10/2026 13:05,Aditi,Kapoor,N/A,Sports|Skipping Rope|199,3
ORD-20261003-2605,03/10/2026 09:22,Simran,Tiwari,"Jaipur, Rajasthan",Fashion|Leather Wallet|499, 1 
ORD-20261003-0325,2026-10-03 07:12:52,saanvi,,"Ahmedabad, Gujarat",Home And Kitchen|Wall Clock|649,1
ORD-20261003-0016,2026-10-03 13:40:26,Mihir,Kapoor,"  Mumbai, Maharashtra ",Home And Kitchen|Steel Water Bottle|399,1
ORD-20261003-3727,2026-10-03 13:59:56,Saanvi,Malhotra,"Jaipur, Rajasthan",Fashion|Cotton Kurta|799,2
ORD-20261003-0873,2026-10-03 19:33:52,Dhruv,Dubey,"nagpur, maharashtra",Electronics|Wireless Earbuds|1299,1
ORD-20261003-0592,03/10/2026 11:27,Krupa,Mukherjee,"chennai, tamil nadu",Fashion|Sunglasses|999,1
ORD-20261003-2513,2026-10-03 16:41:39,Tushar,Singh,"Kolkata, West Bengal",Fashion|Running Shoes|2199,2
ORD-20261003-4024,03/10/2026 20:41,Parth,  Kapoor ,"pune, maharashtra",Fashion|Sunglasses|999,2
ORD-20261003-4357,03-10-2026 13:32,Nidhi,Yadav,"Nagpur, Maharashtra",Electronics|Bluetooth Speaker|1799,1
ORD-20261003-3838,03/10/2026 15:31,  Ritu ,SRIVASTAVA,"vadodara, gujarat",Fashion|Denim Jeans|1199,5
ORD-20261003-4433,2026-10-03 13:22:12,Krupa,Kapoor,"Chennai, Tamil Nadu",Electronics|Power Bank|899, 6 
ORD-20261003-0224,03/10/2026 12:40,amit,Arora,"Pune, Maharashtra",Fashion|Running Shoes|2199,1
ORD-20261003-4111,03/10/2026 08:09,Palak,Thakkar,"Chennai, Tamil Nadu",Fashion|Denim Jeans|1199,1
ORD-20261003-4169,03/10/2026 16:37,Deepak,Chauhan,"Bengaluru, Karnataka",Electronics|Laptop Stand|749,4
ORD-20261003-0033,03/10/2026 04:13,RIYA,bose,"Ahmedabad, Gujarat",Home And Kitchen|Wall Clock|649,1
ORD-20261003-4671,03-10-2026 13:52,Divya,Das,"Surat, Gujarat",Home And Kitchen|Storage Box|299,1
ORD-20261003-2445,03/10/2026 15:34,Dhruv,Bansal,"Vadodara, Gujarat",Fashion|Leather Wallet|499,3
ORD-20261003-0359,03-10-2026 19:22,simran,VERMA,"mysuru, karnataka",Fashion|Denim Jeans|1199,1
ORD-20261003-1581,2026-10-03 17:58:14,navya,Iyer,"Hyderabad, Telangana",Electronics|Bluetooth Speaker|1799,1
ORD-20261003-3960,03/10/2026 13:05,aadhya,Kulkarni,"  Mumbai, Maharashtra ",Beauty|Perfume|1299,3
ORD-20261003-2372,03/10/2026 09:53,Rudra,Rao,"Mumbai, Maharashtra",Fashion|Running Shoes|2199,1
ORD-20261003-2255,03/10/2026 08:02,Suresh,,"Nagpur, Maharashtra",Fashion|Sunglasses|999,2
ORD-20261003-3487,03/10/2026 18:25,Rohan,Kalavadia,"  Chennai, Tamil Nadu ",Fashion|Denim Jeans|1199,2
ORD-20261003-4325,03-10-2026 19:21,rudra,saxena,"Bengaluru, Karnataka",Sports|Yoga Mat|699,6
ORD-20261003-0758,03/10/2026 21:37,Simran,Thakkar,"Bengaluru, Karnataka",Electronics|Power Bank|899,2
ORD-20261003-4692,2026-10-03 08:39:16,aanya,Trivedi,"DELHI, DELHI",Electronics|Smart Watch|2499,2
ORD-20261003-1737,03/10/2026 15:18,Saanvi,Kapoor,"Kolkata, West Bengal",Fashion|Running Shoes|2199,4
ORD-20261003-0135,2026-10-03 22:40:42,Swati,Nair,"Delhi, Delhi",Electronics|Bluetooth Speaker|1799, 1 
ORD-20261003-0262,2026-10-03 20:55:14,Riya,Kulkarni,"Mumbai, Maharashtra",Fashion|Cotton Kurta|799, 4 
ORD-20261003-2298,,MYRA,Gupta,"Chennai, Tamil Nadu",Fashion|Sunglasses|999,4
ORD-20261003-1137,03/10/2026 19:48,Anjali,  Patel ,"Delhi, Delhi",Sports|Cricket Bat|1599,1
ORD-20261003-3140,2026-10-03 19:25:32,Tushar,Verma,"Jaipur, Rajasthan",Fashion|Sunglasses|999,3
ORD-20261003-2232,2026-10-03 15:03:42,Harsh,Rao,"Mumbai, Maharashtra",Fashion|Leather Wallet|499,1
ORD-20261003-0208,03/10/2026 07:52,Varun,Pillai,"  Bengaluru, Karnataka ",Beauty|Perfume|1299,2
ORD-20261003-1357,2026-10-03 09:19:41,  Nikhil ,Srivastava,"ahmedabad, gujarat",Electronics|Wireless Earbuds|1299,1
ORD-20261003-2029,03-10-2026 13:37,Aditya,Khanna,"Hyderabad, Telangana",Sports|Cricket Bat|1599,3
ORD-20261003-4404,03/10/2026 08:35,Kriti,Agarwal,"Lucknow, Uttar Pradesh",Home And Kitchen|Wall Clock|649,3
ORD-20261003-4099,03/10/2026 12:27,  Deepak ,Sharma,"  Chennai, Tamil Nadu ",Electronics|Bluetooth Speaker|1799,4
ORD-20261003-4040,03/10/2026 20:11,Megha,rathod,"SURAT, GUJARAT",Sports|Dumbbell Set|1899,1
ORD-20261003-0140,2026-10-03 19:34:13,Riya,gupta,"chennai, tamil nadu",Electronics|Smart Watch|2499,1
ORD-20261003-0646,03-10-2026 21:52,Ritu,Saxena,"ahmedabad, gujarat",Fashion|Sunglasses|999,3
ORD-20261003-1472,03/10/2026 15:44,Aditi,Ghosh,"COIMBATORE, TAMIL NADU",Fashion|Cotton Kurta|799, 3 
ORD-20261003-4196,03/10/2026 13:30,Neel,Thakkar,"  Bengaluru, Karnataka ",Electronics|Wireless Earbuds|1299,2
ORD-20261003-1181,03/10/2026 13:24,megha,KALAVADIA,"Kolkata, West Bengal",Beauty|Lipstick|399,1
ORD-20261003-3406,2026-10-03 23:12:00,  Payal ,rao,"Pune, Maharashtra",Fashion|Leather Wallet|499,
ORD-20261003-2657,03/10/2026 21:34,RAHUL,Mukherjee,"Nagpur, Maharashtra",Fashion|Cotton Kurta|799,2
ORD-20261003-0316,03/10/2026 16:16,mansi,Shah,"kolkata, west bengal",Home And Kitchen|Non Stick Pan|1099,1
ORD-20261003-2166,03-10-2026 15:36,Aditi,Khanna,"Delhi, Delhi",Electronics|Smart Watch|2499,4
ORD-20261003-4804,03-10-2026 09:20,Riya,Chaudhary,"Lucknow, Uttar Pradesh",Fashion|Denim Jeans|1199,1.0
ORD-20261003-3877,2026-10-03 21:33:48,Pranav,Das,"bengaluru, karnataka",Electronics|Power Bank|899,1
ORD-20261003-4073,2026-10-03 05:00:21,Ananya,Thakkar,"Jaipur, Rajasthan",Sports|Football|799,1.0
ORD-20261003-0976,N/A,janvi,SHARMA,"  Chennai, Tamil Nadu ",Fashion|Running Shoes|2199,1
ORD-20261003-1736,03/10/2026 16:16,Rajesh,Pillai,"Surat, Gujarat",Electronics|Wireless Earbuds|1299,1
ORD-20261003-1904,03/10/2026 09:19,PAYAL,Agarwal,"coimbatore, tamil nadu",Electronics|Bluetooth Speaker|1799,2
ORD-20261003-2901,03/10/2026 12:48,Rahul,Pandya,"Vadodara, Gujarat",Fashion|Cotton Kurta|799,1
ORD-20261003-3144,03/10/2026 13:31,Karan,Kumar,"KOLKATA, WEST BENGAL",Sports|Yoga Mat|699,5.0
ORD-20261003-1681,03/10/2026 21:12,,PAWAR,"hyderabad, telangana",Fashion|Denim Jeans|1199,6
ORD-20261003-0594,2026-10-03 13:25:42,Dhwani,GHOSH,,Electronics|Wireless Earbuds|1299,1
ORD-20261003-4649,2026-10-03 20:53:50,Aditya,Pillai,,Fashion|Running Shoes|2199,5
ORD-20261003-0683,2026-10-03 10:59:09,Aanya,Kalavadia,"JAIPUR, RAJASTHAN",Electronics|Bluetooth Speaker|1799,1
ORD-20261003-4348,03/10/2026 12:11,Saanvi,chaudhary,"bengaluru, karnataka",Home And Kitchen|Storage Box|299,1
ORD-20261003-2780,,saanvi,  Das ,"Ahmedabad, Gujarat",Fashion|Cotton Kurta|799,1
ORD-20261003-0430,03-10-2026 16:22,SARA,Yadav,"pune, maharashtra",Electronics|Laptop Stand|749,-2
ORD-20261003-4736,03-10-2026 11:48,KARAN,Pandya,"BENGALURU, KARNATAKA",Fashion|Denim Jeans|1199,2
ORD-20261003-1089,2026-10-03 08:30:12,AANYA,dubey,"pune, maharashtra",Fashion|Cotton Kurta|799,4
ORD-20261003-4275,2026-10-03 15:31:27,Tanvi,patel,"bengaluru, karnataka",Home And Kitchen|Storage Box|299,3
ORD-20261003-1875,2026-10-03 11:47:52,Payal,Rao,"Bengaluru, Karnataka",Sports|Cricket Bat|1599,2
ORD-20261003-1840,2026-10-03 17:00:50,Rajesh,Kapoor,"ahmedabad, gujarat",Home And Kitchen|Steel Water Bottle|399,4
ORD-20261003-3328,03-10-2026 21:18,  Jay ,  Solanki ,"Bengaluru, Karnataka",Electronics|Laptop Stand|749,1
ORD-20261003-1969,03/10/2026 19:15,SNEHA,Sharma,"Lucknow, Uttar Pradesh",Sports|Football|799,1
ORD-20261003-3368,03/10/2026 11:56,ANIKA,SHAH,"Pune, Maharashtra",Beauty|Face Wash|249,1
ORD-20261003-2971,03-10-2026 22:24,TUSHAR,trivedi,"lucknow, uttar pradesh",Home And Kitchen|Steel Water Bottle|399,1
ORD-20261003-0967,03/10/2026 19:49,  Krupa ,Sharma,"Vadodara, Gujarat",Electronics|Laptop Stand|749,2
ORD-20261003-0859,2026-10-03 13:26:00,NISHA,REDDY,"Ahmedabad, Gujarat",Electronics|Power Bank|899,2
ORD-20261003-4212,03/10/2026 12:27,Navya,MUKHERJEE,"PUNE, MAHARASHTRA",Beauty|Perfume|1299,2
ORD-20261003-0579,03/10/2026 23:13,Ananya,MENON,"  Pune, Maharashtra ",Electronics|Smart Watch|2499,1
ORD-20261003-3384,03/10/2026 11:09,KUNAL,sharma,"MYSURU, KARNATAKA",Sports|Dumbbell Set|1899,5
ORD-20261003-1023,03/10/2026 09:42,Advik,Trivedi,"Hyderabad, Telangana",Fashion|Cotton Kurta|799,5
ORD-20261003-1808,03-10-2026 22:24,Om,chauhan,"Vadodara, Gujarat",Beauty|Perfume|1299,2.0
ORD-20261003-0080,2026-10-03 22:13:12,Sara,Patel,"DELHI, DELHI",Sports|Skipping Rope|199,4
ORD-20261003-1342,03/10/2026 19:03,  Pooja ,Gupta,"PUNE, MAHARASHTRA",Beauty|Perfume|1299,1
ORD-20261003-2246,03/10/2026 05:15,  Divya ,gupta,"Bengaluru, Karnataka",Fashion|Sunglasses|999,1
ORD-20261003-4766,2026-10-03 14:19:54,NEEL,malhotra,"Mysuru, Karnataka",Electronics|Bluetooth Speaker|1799,2
ORD-20261003-4497,03-10-2026 19:46,swati,Solanki,"Pune, Maharashtra",Electronics|Wireless Earbuds|1299,3
ORD-20261003-2453,03/10/2026 16:52,Kunal,Sharma,"mysuru, karnataka",Fashion|Cotton Kurta|799,1
ORD-20261003-1495,2026-10-03 19:30:31,Riya,Chauhan,"Surat, Gujarat",Fashion|Denim Jeans|1199,1
ORD-20261003-4018,2026-10-03 11:29:54,pari,Patil,"MUMBAI, MAHARASHTRA",,4
ORD-20261003-3266,2026-10-03 17:03:10,VIVAAN,Patil,"  Mysuru, Karnataka ",Fashion|Cotton Kurta|799,1
ORD-20261003-1963,2026-10-03 21:19:13,  Simran ,  Arora ,"Coimbatore, Tamil Nadu",Fashion|Denim Jeans|1199,4
ORD-20261003-1164,2026-10-03 18:16:32,pooja,Menon,"Surat, Gujarat",Beauty|Face Wash|249,1
ORD-20261003-4439,2026-10-03 07:49:56,gaurav,Chauhan,"delhi, delhi",Beauty|Hair Serum|549,one
ORD-20261003-3388,2026-10-03 11:20:22,AARAV,Agarwal,"Chennai, Tamil Nadu",Home And Kitchen|Non Stick Pan|1099, 3 
ORD-20261003-2807,03/10/2026 13:24,dhruv,SHARMA,"surat, gujarat",Beauty|Hair Serum|549,4
,2026-10-03 21:19:07,Atharv,patil,"VADODARA, GUJARAT",Fashion|Cotton Kurta|799,1
ORD-20261003-4482,03/10/2026 12:37,Payal,Chopra,"Surat, Gujarat",Fashion|Sunglasses|999,1
ORD-20261003-4529,2026-10-03 22:44:32,Payal,Ghosh,"Bengaluru, Karnataka",Beauty|Lipstick|399,6
ORD-20261003-3931,03-10-2026 09:49,kabir,  Joshi ,"Mysuru, Karnataka",Fashion|Leather Wallet|499,5
ORD-20261003-4809,03/10/2026 21:29,,Vyas,"Ahmedabad, Gujarat",Fashion|Running Shoes|2199,2
ORD-20261003-3174,03/10/2026 21:44,Krupa,Mukherjee,"Kolkata, West Bengal",Fashion|Leather Wallet|499,1
ORD-20261003-1296,03/10/2026 06:15,YASH,REDDY,"Vadodara, Gujarat",Fashion|Denim Jeans|1199,5
ORD-20261003-1679,03/10/2026 14:44,tushar,pawar,"mumbai, maharashtra",Home And Kitchen|Steel Water Bottle|399,6
ORD-20261003-4135,2026-10-03 21:24:02,anjali,Patel,"Delhi, Delhi",Home And Kitchen|Bedsheet Set|1499,6
ORD-20261003-1083,03/10/2026 09:00,  Atharv ,Verma,"PUNE, MAHARASHTRA",Fashion|Running Shoes|2199,2
ORD-20261003-2132,03/10/2026 20:05,  Aadhya ,PANDYA,"Vadodara, Gujarat",Fashion|Leather Wallet|499,1
ORD-20261003-4365,2026-10-03 05:11:56,Advik,Chauhan,"NAGPUR, MAHARASHTRA",Fashion|Cotton Kurta|799,3
ORD-20261003-2706,2026-10-03 21:39:08,Dhwani,Rathod,"CHENNAI, TAMIL NADU",Fashion|Denim Jeans|1199,1
ORD-20261003-0945,03/10/2026 19:12,Rahul,Dubey,"Jaipur, Rajasthan",Fashion|Leather Wallet|499,1
ORD-20261003-0093,2026-10-03 12:25:56,HARSH,Arora,"mumbai, maharashtra",Electronics|Power Bank|899,1
ORD-20261003-3153,03-10-2026 11:46,Sneha,Jain,"  Mumbai, Maharashtra ",Fashion|Cotton Kurta|799,2
ORD-20261003-0962,03-10-2026 09:20,  Advik ,Sharma,"bengaluru, karnataka",Beauty|Hair Serum|549,1
ORD-20261003-4181,2026-10-03 09:20:23,janvi,Gupta,"lucknow, uttar pradesh",Fashion|Denim Jeans|1199,3
ORD-20261003-0115,03/10/2026 18:17,  Rajesh ,Bose,"  Surat, Gujarat ",Home And Kitchen|Non Stick Pan|1099,2
ORD-20261003-1815,2026-10-03 05:46:13,Ishaan,Menon,"Hyderabad, Telangana",Electronics|Wireless Earbuds|1299,2
ORD-20261003-2337,03/10/2026 20:14,Dev,KUMAR,"Bengaluru, Karnataka",Fashion|Leather Wallet|499,1
ORD-20261003-1637,03/10/2026 13:16,Megha,  Patel ,"  Pune, Maharashtra ",Fashion|Leather Wallet|499,5
ORD-20261003-1505,03/10/2026 14:11,Palak,Gupta,"Jaipur, Rajasthan",Sports|Yoga Mat|699,1
ORD-20261003-2114,03/10/2026 22:28,Deepak,yadav,"Ahmedabad, Gujarat",Beauty|Sunscreen|449,2
ORD-20261003-1469,03/10/2026 19:03,neel,SINHA,"Ahmedabad, Gujarat",Fashion|Cotton Kurta|799,1
ORD-20261003-2715,03/10/2026 09:01,Rudra,PAWAR,"Delhi, Delhi",Fashion|Denim Jeans|1199,1
ORD-20261003-4061,2026-10-03 12:27:18,Saanvi,Chaudhary,"BENGALURU, KARNATAKA",Home And Kitchen|Bedsheet Set|1499,1
ORD-20261003-3901,2026-10-03 14:00:39,DIVYA,Pawar,"Jaipur, Rajasthan",Fashion|Running Shoes|2199,4
ORD-20261003-1845,03-10-2026 16:29,  Ishaan ,Trivedi,"LUCKNOW, UTTAR PRADESH",Electronics|Bluetooth Speaker|1799,1
ORD-20261003-3905,03/10/2026 17:46,Rahul,vyas,"  Mumbai, Maharashtra ",Electronics|Bluetooth Speaker|1799,6
ORD-20261003-3511,2026-10-03 12:33:21,Roshni,YADAV,"Mysuru, Karnataka",Fashion|Denim Jeans|1199,3
ORD-20261003-2428,03/10/2026 20:20,Manish,Tiwari,"Mumbai, Maharashtra",Electronics|Laptop Stand|749,2
ORD-20261003-2994,2026-10-03 10:46:25,Sneha,Reddy,"hyderabad, telangana",Fashion|Denim Jeans|1199,6
ORD-20261003-1662,03/10/2025 14:43,Kavya,Ghosh,"Chennai, Tamil Nadu",Electronics|Wireless Earbuds|1299,1
ORD-20261003-1576,03/10/2026 08:39,Vikas,Thakkar,"ahmedabad, gujarat",Fashion|Denim Jeans|1199,1
ORD-20261003-0854,03-10-2026 12:37,Dev,kalavadia,"mumbai, maharashtra",Home And Kitchen|Steel Water Bottle|399,1
ORD-20261003-4674,2026-10-03 14:10:54,parth,pawar,"Mumbai, Maharashtra",Electronics|Smart Watch|2499,2
ORD-20261003-4426,2026-10-03 17:41:28,Swati,Pillai,"surat, gujarat",Electronics|Wireless Earbuds|1299,2
ORD-20261003-2419,03/10/2026 20:42,jay,Arora,"Pune, Maharashtra",Home And Kitchen|Wall Clock|649,2
ORD-20261003-1726,2026-10-03 18:30:12,Sneha,Sinha,"Bengaluru, Karnataka",Electronics|Smart Watch|2499,6
ORD-20261003-1915,03/10/2026 14:26,Janvi,Reddy,"Bengaluru, Karnataka",Fashion|Denim Jeans|1199,2
ORD-20261003-0200,2026-10-03 17:34:22,Hetal,ghosh,"Mysuru, Karnataka",Home And Kitchen|Non Stick Pan|1099,2
ORD-20261003-4292,2026-10-03 08:20:05,Parth,thakkar,"  Vadodara, Gujarat ",Beauty|Perfume|1299,1
ORD-20261003-0710,03/10/2026 07:54,Varun,Mukherjee,"  Surat, Gujarat ",Fashion|Cotton Kurta|799,2
ORD-20261003-1838,03/10/2026 16:57,Divya,  Sinha ,"  Jaipur, Rajasthan ",Fashion|Running Shoes|2199,3
ORD-20261003-0504,2026-10-03 07:26:43,Swati,Vyas,"PUNE, MAHARASHTRA",Beauty|Face Wash|249,3
ORD-20261003-4520,03-10-2026 17:49,Advik,Chauhan,"NAGPUR, MAHARASHTRA",Home And Kitchen|Storage Box|299,6
ORD-20261003-3160,03/10/2026 14:20,Simran,MENON,"DELHI, DELHI",Electronics|Wireless Earbuds|1299,1
ORD-20261003-1986,2026-10-03 15:03:22,Pooja,KHANNA,"Mysuru, Karnataka",Sports|Cricket Bat|1599,1
ORD-20261003-1913,03/10/2026 23:07,NISHA,Mukherjee,"  Coimbatore, Tamil Nadu ",Fashion|Sunglasses|999,1
ORD-20261003-1393,2026-10-03 13:48:55,Divya,Mukherjee,"  Kolkata, West Bengal ",Fashion|Running Shoes|2199,2
ORD-20261003-0923,2026-10-03 14:55:34,sneha,Reddy,"Hyderabad, Telangana",Sports|Football|799,1
ORD-20261003-2223,03/10/2026 15:06,Diya,Pawar,"Hyderabad, Telangana",Home And Kitchen|Storage Box|299,1
ORD-20261003-4814,03/10/2026 12:16,Saanvi,Saxena,"  Surat, Gujarat ",Fashion|Leather Wallet|499,1
ORD-20261003-3033,03/10/2026 22:20,Advik,shah,"DELHI, DELHI",Fashion|Cotton Kurta|799,2
ORD-20261003-1389,03-10-2026 12:02,  Krupa ,Menon,"Coimbatore, Tamil Nadu",Sports|Cricket Bat|1599,2
ORD-20261003-2185,03/10/2026 07:39,Mansi,Patil,"MYSURU, KARNATAKA",Home And Kitchen|Storage Box|299,3
ORD-20261003-0802,03/10/2026 17:36,Harsh,VERMA,"Delhi, Delhi",Beauty|Hair Serum|549,1
ORD-20261003-2909,03/10/2026 14:11,Ayaan,Thakkar,"Mumbai, Maharashtra",Home And Kitchen|Bedsheet Set|1499,1
ORD-20261003-4220,2026-10-03 10:33:24,Neel,Pawar,"Delhi, Delhi",Electronics|Bluetooth Speaker|1799,
ORD-20261003-0035,03/10/2026 23:10,swati,  Kulkarni ,"Delhi, Delhi",Electronics|Wireless Earbuds|1299,1
ORD-20261003-2594,03/10/2026 12:01,VARUN,Yadav,N/A,Home And Kitchen|Bedsheet Set|1499,3
ORD-20261003-0194,03-10-2026 10:32,Nisha,Khanna,"Chennai, Tamil Nadu",Electronics|Bluetooth Speaker|1799,4.0
ORD-20261003-3042,2026-10-03 23:01:37,  Neha ,Srivastava,"Chennai, Tamil Nadu",Home And Kitchen|Bedsheet Set|1499,1
ORD-20261003-0899,03/10/2026 21:56,yash,Solanki,"  Mumbai, Maharashtra ",Fashion|Cotton Kurta|799,1
ORD-20261003-0426,2026-10-03 17:42:48,deepak,singh,"Delhi, Delhi",Fashion|Leather Wallet|499,4
ORD-20261003-3295,03-10-2026 19:50,Shaurya,Mehta,"bengaluru, karnataka",Beauty|Sunscreen|449,1
ORD-20261003-0714,03/10/2026 18:40,suresh,Joshi,"AHMEDABAD, GUJARAT",Fashion|Sunglasses|999,1
ORD-20261003-0075,2026-10-03 13:47:22,AYAAN,  Gupta ,"CHENNAI, TAMIL NADU",Electronics|Wireless Earbuds|1299,1
ORD-20261003-3785,03/10/2026 15:35,Palak,Jain,"Ahmedabad, Gujarat",Fashion|Denim Jeans|1199,2
ORD-20261003-1625,2026-10-03 15:47:55,BHAVNA,PARMAR,"ahmedabad, gujarat",Fashion|Sunglasses|999,1
ORD-20261003-1343,2026-10-03 09:16:16,Atharv,Das,"Lucknow, Uttar Pradesh",Fashion|Cotton Kurta|799,2
ORD-20261003-0968,2026-10-03 20:45:06,karan,vyas,"Surat, Gujarat",Beauty|Hair Serum|549,4
ORD-20261003-2340,2026-10-03 13:30:14,Vikas,SOLANKI,"BENGALURU, KARNATAKA",Electronics|Power Bank|899,2
ORD-20261003-1047,03/10/2026 16:06,Rohan,Kulkarni,"delhi, delhi",Fashion|Cotton Kurta|799,
ORD-20261003-2941,03-10-2026 16:37,Ritu,dubey,"pune, maharashtra",Beauty|Perfume|1299,2
ORD-20261003-3554,03/10/2026 09:54,Pranav,Chopra,"kolkata, west bengal",Fashion|Cotton Kurta|799,1
ORD-20261003-4555,03/10/2026 20:21,AANYA,bhatt,"DELHI, DELHI",Sports|Dumbbell Set|1899,1
ORD-20261003-2239,2026-10-03 23:00:14,Tanvi,Pillai,"Chennai, Tamil Nadu",Fashion|Sunglasses|999,3
ORD-20261003-3348,2026-10-03 20:15:57,rohan,bose,"jaipur, rajasthan",Electronics|Wireless Earbuds|1299,2
ORD-20261003-2558,03/10/2026 07:17,Varun,Pandya,"Coimbatore, Tamil Nadu",Fashion|Denim Jeans|1199,5
ORD-20261003-1386,2026-10-03 19:19:32,Simran,nair,"Chennai, Tamil Nadu",Sports|Dumbbell Set|1899,3
ORD-20261003-3673,03/10/2026 20:01,Hetal,Verma,"Chennai, Tamil Nadu",Electronics|Power Bank|899,5
ORD-20261003-1192,03-10-2026 21:36,ishaan,MISHRA,"Hyderabad, Telangana",Sports|Dumbbell Set|1899,1
ORD-20261003-1146,2026-10-03 16:51:50,Megha,ghosh,"Kolkata, West Bengal",Home And Kitchen|Wall Clock|649,2
ORD-20261003-1364,03/10/2062 16:27,amit,SHAH,"  Ahmedabad, Gujarat ",Fashion|Leather Wallet|499,2
ORD-20261003-1788,03/10/2026 23:43,MYRA,TRIVEDI,"pune, maharashtra",Beauty|Perfume|1299,1
ORD-20261003-3937,,JAY,rao,"Surat, Gujarat",Fashion|Running Shoes|2199,2.0
ORD-20261003-0911,03-10-2026 20:12,Pooja,khanna,"Ahmedabad, Gujarat",Beauty|Face Wash|249,1
ORD-20261003-4480,03/10/2026 18:41,Navya,Tiwari,"Pune, Maharashtra",Fashion|Denim Jeans|1199,2
ORD-20261003-3964,2026-10-03 15:40:41,Manish,arora,"chennai, tamil nadu",Fashion|Cotton Kurta|799,2
ORD-20261003-0649,2026-10-03 20:10:25,Aditi,Yadav,"DELHI, DELHI",Electronics|Laptop Stand|749, 2 
ORD-20261003-2071,03-10-2026 19:28,Advik,kapoor,"Mumbai, Maharashtra",Fashion|Cotton Kurta|799,2
ORD-20261003-1494,03/10/2026 17:27,Harsh,Dubey,"Hyderabad, Telangana",Fashion|Sunglasses|999,2
ORD-20261003-2628,2026-10-03 12:02:59,Anjali,Bhatt,"Delhi, Delhi",Beauty|Perfume|1299,1
ORD-20261003-2430,03-10-2026 16:49,MIHIR,pandya,"Ahmedabad, Gujarat",Fashion|Denim Jeans|1199,4
ORD-20261003-1155,03/10/2026 07:21,  Suresh ,Iyer,"Delhi, Delhi",Home And Kitchen|Steel Water Bottle|399,3
ORD-20261003-3616,03/10/2026 19:32,Kunal,THAKKAR,"  Bengaluru, Karnataka ",Beauty|Sunscreen|449,1.0
ORD-20261003-3489,2026-10-03 16:46:44,Ishaan,Iyer,"  Ahmedabad, Gujarat ",Fashion|Denim Jeans|1199,0
ORD-20261003-3572,31/02/2026 22:39,Bhavna,Sharma,"  Coimbatore, Tamil Nadu ",Electronics|Wireless Earbuds|1299,1
ORD-20261003-1294,2026-10-03 19:27:31,Payal,patel,"Kolkata, West Bengal",,2
ORD-20261003-0848,03-10-2026 21:05,Neel,Rao,"Delhi, Delhi",Electronics|Bluetooth Speaker|1799,1
ORD-20261003-2555,2026-10-03 10:27:28,deepak,bose,"Bengaluru, Karnataka",Fashion|Running Shoes|2199,2
ORD-20261003-3166,03/10/2025 14:53,Tanvi,Ghosh,"Delhi, Delhi",Electronics|Bluetooth Speaker|1799,2
ORD-20261003-0632,03/10/2026 06:24,Jay,tiwari,"Pune, Maharashtra",Sports|Skipping Rope|199,1
ORD-20261003-2327,2026-10-03 11:15:00,Pranav,  Das ,"Bengaluru, Karnataka",Fashion|Leather Wallet|499,2
ORD-20261003-0220,2026-10-03 10:58:43,varun,Patil,"Lucknow, Uttar Pradesh",Home And Kitchen|Storage Box|299,2
ORD-20261003-1760,2026-10-03 07:44:33,ISHAAN,kalavadia,"Surat, Gujarat",Fashion|Denim Jeans|1199,1
ORD-20261003-3152,03/10/2026 06:07,nisha,Modi,"Ahmedabad, Gujarat",Fashion|Sunglasses|999,1
ORD-20261003-0810,03/10/2026 18:38,ritu,khanna,"Vadodara, Gujarat",Beauty|Perfume|1299,2
ORD-20261003-3490,03/10/2026 12:40,Jay,Chauhan,"  Bengaluru, Karnataka ",Fashion|Running Shoes|2199,1
ORD-20261003-2519,03/10/2026 14:20,Sara,Kumar,"Kolkata, West Bengal",Electronics|Smart Watch|2499,1
ORD-20261003-0332,03/10/2026 12:08,null,Kulkarni,"Surat, Gujarat",Home And Kitchen|Non Stick Pan|1099,1
ORD-20261003-0195,03/10/2026 19:30,Vihaan,Mehta,"Bengaluru, Karnataka",Fashion|Cotton Kurta|799,1
ORD-20261003-4218,2026-10-03 19:46:58,  Dhwani ,pandya,"Coimbatore, Tamil Nadu",Electronics|Wireless Earbuds|1299,1
ORD-20261003-3586,03-10-2026 11:57,Simran,  Menon ,"Delhi, Delhi",Home And Kitchen|Non Stick Pan|1099,1
ORD-20261003-4108,03-10-2026 22:38,  Vihaan ,  Gupta ,"Bengaluru, Karnataka",Fashion|Cotton Kurta|799,1
ORD-20261003-3000,03-10-2026 21:06,,Jain,"Mumbai, Maharashtra",Electronics|Laptop Stand|749,2
ORD-20261003-4097,03-10-2026 07:32,vivaan,Chauhan,"hyderabad, telangana",Fashion|Running Shoes|2199,1
ORD-20261003-2759,03/10/2026 12:54,Payal,Pandya,"pune, maharashtra",Fashion|Sunglasses|999,5
ORD-20261003-0570,03/10/2026 19:36,Divya,  Kumar ,"  Bengaluru, Karnataka ",Home And Kitchen|Bedsheet Set|1499,3
ORD-20261003-4234,2026-10-03 13:34:08,  Sai ,Chopra,"Surat, Gujarat",Beauty|Hair Serum|549,4
ORD-20261003-0091,03/10/2062 12:14,ritu,GHOSH,,Electronics|Wireless Earbuds|1299,1
ORD-20261003-2799,2026-10-03 02:48:04,Payal,nair,"  Kolkata, West Bengal ",Sports|Skipping Rope|199,1
ORD-20261003-2378,2026-10-03 14:54:10,Sai,yadav,"Mumbai, Maharashtra",Beauty|Lipstick|399,1.0
ORD-20261003-0223,03-10-2026 12:54,Ayaan,BANSAL,"lucknow, uttar pradesh",Electronics|Bluetooth Speaker|1799, 2 
ORD-20261003-2467,03/10/2026 16:19,Aryan,Srivastava,"Jaipur, Rajasthan",Fashion|Leather Wallet|499,2
ORD-20261003-2434,03-10-2026 10:58,Karan,Thakkar,"jaipur, rajasthan",Fashion|Cotton Kurta|799,1
ORD-20261003-2389,2026-10-03 21:40:48,Aadhya,Das,"Ahmedabad, Gujarat",Sports|Cricket Bat|1599,5
ORD-20261003-1827,03/10/2026 10:31,PARI,Pawar,"Surat, Gujarat",Fashion|Cotton Kurta|799,5
ORD-20261003-2554,03/10/2026 14:58,Pranav,Das,"Bengaluru, Karnataka",Electronics|Laptop Stand|749,1
ORD-20261003-1240,2026-10-03 09:51:22,nikhil,Chaudhary,"Lucknow, Uttar Pradesh",Fashion|Cotton Kurta|799,5
ORD-20261003-1194,2026-10-03 22:20:43,hetal,Bansal,"chennai, tamil nadu",Beauty|Face Wash|249,3
ORD-20261003-4249,03-10-2026 14:25,ROHAN,Vyas,"BENGALURU, KARNATAKA",Beauty|Hair Serum|549,2.0
ORD-20261003-1663,2026-10-03 17:56:48,Hetal,Dubey,"BENGALURU, KARNATAKA",Home And Kitchen|Bedsheet Set|1499,1
ORD-20261003-1666,2026-10-03 13:33:54,  Nikhil ,Gupta,"Chennai, Tamil Nadu",Fashion|Sunglasses|999,2
ORD-20261003-1573,03-10-2026 11:40,  Sai ,Jain,"Ahmedabad, Gujarat",Fashion|Running Shoes|2199,5
ORD-20261003-2977,2026-10-03 16:01:15,  Parth ,Agarwal,"vadodara, gujarat",Fashion|Leather Wallet|499,2
ORD-20261003-3599,03/10/2026 18:36,JAY,Trivedi,"Bengaluru, Karnataka",Home And Kitchen|Bedsheet Set|1499,1
ORD-20261003-0441,2026-10-03 22:37:58,dhwani,Khanna,"Kolkata, West Bengal",Fashion|Sunglasses|999,
ORD-20261003-3733,03/10/2026 15:34,payal,Patil,"Vadodara, Gujarat",Beauty|Perfume|1299,1
ORD-20261003-0156,03/10/2026 21:03,Manish,Arora,"Hyderabad, Telangana",Sports|Dumbbell Set|1899,2
ORD-20261003-0555,2026-10-03 21:44:03,Krupa,Arora,"Lucknow, Uttar Pradesh",Sports|Football|799,4
ORD-20261003-1215,03/10/2062 20:29,RAHUL,Pandya,"Vadodara, Gujarat",Fashion|Leather Wallet|499,1
ORD-20261003-0995,03/10/2026 11:37,  Ishaan ,Agarwal,"Delhi, Delhi",Home And Kitchen|Storage Box|299,6
ORD-20261003-1714,03/10/2026 17:53,Reyansh,Desai,"Surat, Gujarat",Sports|Cricket Bat|1599,2
ORD-20261003-1768,03/10/2026 23:52,aryan,das,"Mumbai, Maharashtra",Home And Kitchen|Steel Water Bottle|399,1
ORD-20261003-0974,03/10/2026 14:18,Saanvi,Dubey,"  Bengaluru, Karnataka ",Sports|Cricket Bat|1599,1
ORD-20261003-4396,03/10/2026 12:02,Neha,Arora,"MUMBAI, MAHARASHTRA",Home And Kitchen|Non Stick Pan|1099,1
ORD-20261003-2592,03/10/2026 18:45,Kavya,Kapoor,"SURAT, GUJARAT",Home And Kitchen|Steel Water Bottle|399,4
ORD-20261003-3655,03/10/2026 15:29,megha,Yadav,"Pune, Maharashtra",Electronics|Smart Watch|2499,2
ORD-20261003-3781,2026-10-03 21:57:13,Vikas,Patil,"Kolkata, West Bengal",Electronics|Power Bank|899,2
ORD-20261003-3103,03-10-2026 19:30,Isha,Mishra,"  Lucknow, Uttar Pradesh ",Fashion|Cotton Kurta|799, 1 
ORD-20261003-1163,2026-10-03 11:26:34,NEHA,bansal,"COIMBATORE, TAMIL NADU",Sports|Yoga Mat|699,2
ORD-20261003-1418,2026-10-03 13:26:19,Vihaan,arora,"Mysuru, Karnataka",Fashion|Sunglasses|999, 3 
ORD-20261003-1362,03-10-2026 19:18,Sai,chauhan,"Delhi, Delhi",Electronics|Wireless Earbuds|1299,1
ORD-20261003-3226,03-10-2026 19:59,Priya,Bansal,"Mumbai, Maharashtra",Electronics|Smart Watch|2499,1
ORD-20261003-3688,03-10-2026 17:13,nidhi,  Mehta ,"Pune, Maharashtra",Home And Kitchen|Bedsheet Set|1499,1
ORD-20261003-3629,03/10/2026 22:20,Ananya,nair,"Hyderabad, Telangana",Beauty|Face Wash|249,1
ORD-20261003-2292,03/10/2026 21:53,krupa,Kalavadia,"  Nagpur, Maharashtra ",Electronics|Laptop Stand|749,1
ORD-20261003-1617,03/10/2026 20:43,Suresh,Arora,"Jaipur, Rajasthan",Fashion|Cotton Kurta|799,6
ORD-20261003-4799,2026-10-03 18:59:28,Divya,kulkarni,"chennai, tamil nadu",Electronics|Wireless Earbuds|1299,1
ORD-20261003-2763,03/10/2026 21:08,Sneha,pawar,"Bengaluru, Karnataka",Fashion|Cotton Kurta|799,3
ORD-20261003-2644,03-10-2026 14:49,Dev,TRIVEDI,"Mumbai, Maharashtra",Home And Kitchen|Bedsheet Set|1499,1
ORD-20261003-1878,2026-10-03 20:59:38,MANSI,modi,"Coimbatore, Tamil Nadu",Fashion|Denim Jeans|1199,
ORD-20261003-4156,03/10/2026 17:53,sara,  Ghosh ,"Mumbai, Maharashtra",Electronics|Wireless Earbuds|1299,1
ORD-20261003-3247,03/10/2025 22:57,karan,Jain,"  Bengaluru, Karnataka ",Sports|Football|799,1
ORD-20261003-0138,03/10/2026 18:30,Vihaan,SHAH,"Jaipur, Rajasthan",Fashion|Running Shoes|2199,2
ORD-20261003-3576,2026-10-03 17:51:51,bhavna,  Nair ,"Bengaluru, Karnataka",Fashion|Denim Jeans|1199,3
ORD-20261003-3494,2026-10-03 21:21:41,arjun,kumar,"PUNE, MAHARASHTRA",Fashion|Sunglasses|999,1
ORD-20261003-1879,2026-10-03 18:24:36,AYAAN,  Solanki ,"surat, gujarat",Electronics|Bluetooth Speaker|1799,1
ORD-20261003-4255,03-10-2026 19:43,Atharv,Jain,,Fashion|Denim Jeans|1199, 2 
ORD-20261003-1561,2026-10-03 14:21:20,Krishna,Kapoor,"KOLKATA, WEST BENGAL",Fashion|Denim Jeans|1199,2
ORD-20261003-1849,03/10/2026 15:49,Krishna,Patel,"Bengaluru, Karnataka",Fashion|Denim Jeans|1199,3
ORD-20261003-0981,2026-10-03 18:28:54,Mansi,PAWAR,"Mumbai, Maharashtra",Electronics|Laptop Stand|749,2
ORD-20261003-1571,03/10/2026 12:10,manish,Nair,"Pune, Maharashtra",Home And Kitchen|Storage Box|299,three
ORD-20261003-2080,03/10/2026 19:23,Harsh,Sharma,"KOLKATA, WEST BENGAL",Electronics|Bluetooth Speaker|1799,3
ORD-20261003-2533,03/10/2026 20:09,vivaan,Kalavadia,"Bengaluru, Karnataka",Home And Kitchen|Steel Water Bottle|399,1
ORD-20261003-2493,03-10-2026 15:03,PRANAV,  Verma ,"Chennai, Tamil Nadu",Fashion|Denim Jeans|1199, 3 
ORD-20261003-0647,03/10/2026 11:14,Tushar,pawar,"Chennai, Tamil Nadu",Sports|Yoga Mat|699,1
ORD-20261003-4362,2026-10-03 13:44:52,Advik,Agarwal,"Nagpur, Maharashtra",Sports|Yoga Mat|699,2.0
ORD-20261003-4434,2026-10-03 06:51:46,sara,nair,"kolkata, west bengal",Fashion|Running Shoes|2199,1
ORD-20261003-3037,03-10-2026 12:36,Myra,CHOPRA,"Lucknow, Uttar Pradesh",Electronics|Smart Watch|2499,1
ORD-20261003-2606,2026-10-03 11:23:18,Nisha,Bose,"Bengaluru, Karnataka",Fashion|Sunglasses|999,1
ORD-20261003-4221,03/10/2026 01:22,Vihaan,Solanki,"Delhi, Delhi",Fashion|Sunglasses|999,5
ORD-20261003-0813,03/10/2026 20:34,vivaan,Bansal,"Vadodara, Gujarat",Fashion|Sunglasses|999,2
ORD-20261003-2682,2026-10-03 17:16:51,Deepak,Solanki,"Mumbai, Maharashtra",Electronics|Bluetooth Speaker|1799,2
ORD-20261003-0445,03-10-2026 13:16,ATHARV,dubey,"DELHI, DELHI",Beauty|Face Wash|249,1
ORD-20261003-2754,03/10/2026 16:00,janvi,Modi,"Delhi, Delhi",Beauty|Lipstick|399,1
ORD-20261003-3322,2026-10-03 09:57:13,AANYA,Bhatt,"Mysuru, Karnataka",Sports|Football|799,3
ORD-20261003-4714,03-10-2026 14:37,Aditi,Das,"Hyderabad, Telangana",Sports|Cricket Bat|1599,1
ORD-20261003-2964,2026-10-03 20:43:26,Om,saxena,"Hyderabad, Telangana",Fashion|Cotton Kurta|799,2
ORD-20261003-1696,03/10/2026 13:34,Advik,  Vyas ,"Ahmedabad, Gujarat",Electronics|Power Bank|899,1
ORD-20261003-4734,2026-10-03 20:34:19,Priya,ghosh,"DELHI, DELHI",Fashion|Running Shoes|2199,2.0
ORD-20261003-3215,03/10/2026 13:37,Varun,Solanki,"Lucknow, Uttar Pradesh",Sports|Yoga Mat|699,2
ORD-20261003-0567,03-10-2026 18:47,Saanvi,Desai,"Hyderabad, Telangana",Home And Kitchen|Bedsheet Set|1499,3
ORD-20261003-2978,03/10/2026 11:07,  Neha ,thakkar,"Kolkata, West Bengal",Electronics|Bluetooth Speaker|1799,1.0
ORD-20261003-0422,2026-10-03 19:45:55,SURESH,Sharma,"  Kolkata, West Bengal ",Beauty|Perfume|1299,1
ORD-20261003-1120,03/10/2026 13:20,Harsh,  Sinha ,"JAIPUR, RAJASTHAN",Fashion|Sunglasses|999,2
ORD-20261003-2572,03/10/2026 18:32,Kriti,Kapoor,"Vadodara, Gujarat",Fashion|Cotton Kurta|799,1
ORD-20261003-1421,2026-10-03 12:16:24,Nisha,Thakkar,"MUMBAI, MAHARASHTRA",Fashion|Running Shoes|2199,1
ORD-20261003-2352,2026-10-03 15:07:16,Mihir,Singh,"Kolkata, West Bengal",Fashion|Cotton Kurta|799,1
ORD-20261003-0606,03-10-2026 18:33,Ayaan,  Pandya ,"Surat, Gujarat",Electronics|Power Bank|899,1
ORD-20261003-0121,03-10-2026 12:28,ADITI,mukherjee,"Kolkata, West Bengal",Home And Kitchen|Steel Water Bottle|399,2
ORD-20261003-4751,03-10-2026 10:59,nisha,MODI,"ahmedabad, gujarat",Fashion|Cotton Kurta|799,1
ORD-20261003-4059,2026-10-03 21:10:15,Sara,Thakkar,"mumbai, maharashtra",Fashion|Sunglasses|999,1
ORD-20261003-3350,30/02/2026 19:22,Megha,Menon,"CHENNAI, TAMIL NADU",Fashion|Sunglasses|999,1
ORD-20261003-0702,03/10/2026 15:16,Neel,Saxena,"MUMBAI, MAHARASHTRA",Beauty|Lipstick|399,2
ORD-20261003-1391,03-10-2026 17:24,Simran,Reddy,"PUNE, MAHARASHTRA",Fashion|Running Shoes|2199,1
ORD-20261003-1375,03-10-2026 11:47,gaurav,Bansal,"Vadodara, Gujarat",Sports|Football|799,2
ORD-20261003-1577,03/10/2062 17:32,Shaurya,Chauhan,"Lucknow, Uttar Pradesh",Fashion|Denim Jeans|1199,1
ORD-20261003-0356,03/10/2026 15:27,vikas,RATHOD,"Bengaluru, Karnataka",Sports|Dumbbell Set|1899,1
ORD-20261003-0808,2026-10-03 15:44:28,Kriti,Joshi,"Delhi, Delhi",Beauty|Sunscreen|449,1.0
ORD-20261003-0058,03/10/2026 20:59,SURESH,Singh,"Hyderabad, Telangana",Fashion|Running Shoes|2199,2
ORD-20261003-2070,03/10/2026 11:39,Diya,pawar,"Surat, Gujarat",Beauty|Lipstick|399,1
ORD-20261003-1238,03/10/2026 02:42,Mansi,Ghosh,"surat, gujarat",Electronics|Bluetooth Speaker|1799,1
ORD-20261003-3851,03/10/2026 21:50,Swati,Yadav,"Lucknow, Uttar Pradesh",Home And Kitchen|Non Stick Pan|1099,4
ORD-20261003-2117,2026-10-03 02:08:50,KAVYA,Bansal,"Jaipur, Rajasthan",Fashion|Denim Jeans|1199,1
ORD-20261003-0856,03/10/2026 19:39,Roshni,Singh,"  Ahmedabad, Gujarat ",Home And Kitchen|Storage Box|299, 1 
ORD-20261003-0999,03/10/2026 18:41,Mihir,  Desai ,"  Lucknow, Uttar Pradesh ",Fashion|Denim Jeans|1199,1
ORD-20261003-1775,03/10/2026 20:52,DEEPAK,nair,"  Delhi, Delhi ",Beauty|Sunscreen|449,1
ORD-20261003-0935,2026-10-03 16:34:25,palak,  Jain ,"Jaipur, Rajasthan",Home And Kitchen|Non Stick Pan|1099,1
ORD-20261003-1038,03-10-2026 13:21,isha,Chaudhary,"Vadodara, Gujarat",Electronics|Wireless Earbuds|1299,5
ORD-20261003-4589,03-10-2026 09:18,shreya,DUBEY,"Ahmedabad, Gujarat",Fashion|Denim Jeans|1199,2
ORD-20261003-3867,03-10-2026 13:30,  Varun ,Yadav,"  Surat, Gujarat ",Sports|Yoga Mat|699,6
ORD-20261003-4755,03/10/2026 21:18,Myra,,"mumbai, maharashtra",Electronics|Laptop Stand|749,1
ORD-20261003-2224,03/10/2026 22:06,Rohan,Menon,N/A,Fashion|Cotton Kurta|799,2
ORD-20261003-1619,03/10/2026 22:57,vikas,  Vyas ,"Hyderabad, Telangana",Fashion|Denim Jeans|1199,1
ORD-20261003-3302,03/10/2026 11:01,Aadhya,Singh,"CHENNAI, TAMIL NADU",Sports|Cricket Bat|1599,1
ORD-20261003-1471,2026-10-03 13:35:30,Anjali,Parmar,"Kolkata, West Bengal",Beauty|Hair Serum|549,1
ORD-20261003-1918,03/10/2026 09:01,Janvi,REDDY,"Bengaluru, Karnataka",Sports|Cricket Bat|1599,2
ORD-20261003-2243,2026-10-03 23:06:04,Vivaan,  Joshi ,"Jaipur, Rajasthan",Sports|Yoga Mat|699,3
ORD-20261003-1650,2026-10-03 05:09:40,Harsh,  Bose ,"JAIPUR, RAJASTHAN",Fashion|Denim Jeans|1199,1
ORD-20261003-0259,2026-10-03 20:50:15,Pari,Ghosh,"Lucknow, Uttar Pradesh",Fashion|Running Shoes|2199,2
ORD-20261003-1703,03/10/2026 20:50,myra,sharma,"nagpur, maharashtra",Fashion|Denim Jeans|1199,1
ORD-20261003-3691,03-10-2026 13:28,Suresh,Bhatt,"SURAT, GUJARAT",Beauty|Perfume|1299, 2 
ORD-20261003-3828,2026-10-03 21:26:00,rahul,  Modi ,"Bengaluru, Karnataka",Beauty|Lipstick|399,1
ORD-20261003-2822,03-10-2026 13:06,,Sinha,"Hyderabad, Telangana",Home And Kitchen|Bedsheet Set|1499,3
ORD-20261003-0739,03/10/2026 17:19,Swati,  Patel ,"CHENNAI, TAMIL NADU",Fashion|Sunglasses|999,1
ORD-20261003-4573,03/10/2026 14:05,Mansi,Tiwari,"Surat, Gujarat",Beauty|Lipstick|399,2
ORD-20261003-2785,03/10/2026 19:08,SAANVI,menon,"delhi, delhi",Electronics|Laptop Stand|749,2
ORD-20261003-0524,03-10-2026 08:05,vivaan,Patil,"Kolkata, West Bengal",Fashion|Cotton Kurta|799,1
ORD-20261003-4381,2026-10-03 14:21:54,Pari,Joshi,"Pune, Maharashtra",Beauty|Sunscreen|449,-1
ORD-20261003-3127,2026-10-03 08:56:26,KARAN,gupta,"  Bengaluru, Karnataka ",Fashion|Cotton Kurta|799, 3 
ORD-20261003-2076,2026-10-03 15:53:54,Roshni,Yadav,"  Bengaluru, Karnataka ",Fashion|Running Shoes|2199,1
ORD-20261003-0188,2026-10-03 03:28:05,atharv,  Solanki ,"  Delhi, Delhi ",Sports|Skipping Rope|199,1
ORD-20261003-3097,2026-10-03 12:59:48,Janvi,  Bose ,"delhi, delhi",Fashion|Running Shoes|2199,5
ORD-20261003-2072,03/10/2062 21:50,,Sinha,"  Lucknow, Uttar Pradesh ",Home And Kitchen|Bedsheet Set|1499,6
ORD-20261003-3534,2026-10-03 21:32:10,Vikas,BANSAL,"Pune, Maharashtra",Sports|Dumbbell Set|1899,1
ORD-20261003-3677,03/10/2026 09:14,MANISH,  Bose ,"Ahmedabad, Gujarat",Fashion|Running Shoes|2199,2
ORD-20261003-3591,03/10/2026 19:05,Roshni,Yadav,"DELHI, DELHI",Home And Kitchen|Storage Box|299,3
ORD-20261003-0665,03/10/2026 19:40,Myra,Malhotra,"Mysuru, Karnataka",Fashion|Cotton Kurta|799,1
ORD-20261003-4672,03/10/2026 22:29,aditya,chopra,"Nagpur, Maharashtra",Electronics|Bluetooth Speaker|1799, 4 
ORD-20261003-0643,03/10/2026 14:36,krishna,chauhan,"pune, maharashtra",Electronics|Laptop Stand|749,2
ORD-20261003-2642,03/10/2026 14:00,Pooja,Kapoor,"Ahmedabad, Gujarat",Sports|Cricket Bat|1599,1
ORD-20261003-2053,03/10/2026 13:59,Aditya,Agarwal,"Vadodara, Gujarat",Beauty|Lipstick|399,1
ORD-20261003-1275,2026-10-03 22:48:44,  Gaurav ,Agarwal,"DELHI, DELHI",Electronics|Wireless Earbuds|1299,1
ORD-20261003-1952,03/10/2026 21:01,Priya,Thakkar,"mumbai, maharashtra",Home And Kitchen|Steel Water Bottle|399,2
ORD-20261003-0666,2026-10-03 19:58:29,neel,ARORA,"DELHI, DELHI",Electronics|Power Bank|899,1
ORD-20261003-2120,2026-10-03 12:53:45,MEGHA,Khanna,"coimbatore, tamil nadu",Fashion|Sunglasses|999,1
ORD-20261003-4133,2026-10-03 21:14:18,Atharv,nair,"delhi, delhi",Electronics|Wireless Earbuds|1299,2
ORD-20261003-4204,2026-10-03 23:44:19,Shreya,Menon,"surat, gujarat",Home And Kitchen|Steel Water Bottle|399,1
ORD-20261003-3661,03-10-2026 13:06,advik,Kulkarni,"  Chennai, Tamil Nadu ",Electronics|Power Bank|899,1
ORD-20261003-3326,03-10-2026 20:24,Advik,nair,"CHENNAI, TAMIL NADU",Beauty|Hair Serum|549,1
ORD-20261003-3394,2026-10-03 17:14:34,Varun,Das,"Pune, Maharashtra",Home And Kitchen|Non Stick Pan|1099,4
ORD-20261003-1734,2026-10-03 18:30:58,Kriti,Malhotra,"Hyderabad, Telangana",Home And Kitchen|Steel Water Bottle|399,3
ORD-20261003-3034,03/10/2026 12:54,Shaurya,Bhatt,"  Chennai, Tamil Nadu ",Beauty|Perfume|1299,1
ORD-20261003-0197,03-10-2026 18:10,isha,  Shah ,"Mumbai, Maharashtra",Beauty|Lipstick|399,2
ORD-20261003-4483,03/10/2026 12:10,krishna,  Yadav ,"bengaluru, karnataka",Sports|Skipping Rope|199,2
ORD-20261003-3590,03/10/2026 14:17,Nidhi,solanki,"  Ahmedabad, Gujarat ",Electronics|Bluetooth Speaker|1799,1.0
ORD-20261003-2782,03/10/2026 21:13,Ishaan,Agarwal,"delhi, delhi",Fashion|Denim Jeans|1199,3
ORD-20261003-2151,03/10/2026 21:36,sara,desai,"Nagpur, Maharashtra",Home And Kitchen|Bedsheet Set|1499,3
ORD-20261003-4206,03/10/2026 17:52,roshni,,"Jaipur, Rajasthan",Fashion|Leather Wallet|499,3
ORD-20261003-3995,2026-10-03 20:31:01,Komal,Thakkar,"Surat, Gujarat",Fashion|Sunglasses|999,1
ORD-20261003-0303,03/10/2026 21:22,Roshni,,"Ahmedabad, Gujarat",Sports|Yoga Mat|699,3.0
ORD-20261003-1612,03/10/2026 11:57,Krishna,ghosh,"Bengaluru, Karnataka",Home And Kitchen|Steel Water Bottle|399,1
ORD-20261003-4058,03/10/2026 11:03,saanvi,Menon,"Lucknow, Uttar Pradesh",Beauty|Perfume|1299,5
ORD-20261003-2601,03/10/2026 15:38,Ayaan,thakkar,"Mumbai, Maharashtra",Electronics|Laptop Stand|749,2
ORD-20261003-4438,03-10-2026 20:38,rudra,pillai,"Ahmedabad, Gujarat",Sports|Dumbbell Set|1899,1
ORD-20261003-1641,03/10/2026 14:29,Myra,Vyas,,Electronics|Laptop Stand|749,3
ORD-20261003-3718,03/10/2026 14:33,shreya,,"  Lucknow, Uttar Pradesh ",Electronics|Laptop Stand|749,5
ORD-20261003-3402,2026-10-03 02:02:47,Krishna,PATEL,"Ahmedabad, Gujarat",Electronics|Bluetooth Speaker|1799,1
ORD-20261003-2154,2026-10-03 15:39:13,Hetal,MENON,"Delhi, Delhi",Home And Kitchen|Bedsheet Set|1499,2
ORD-20261003-0547,03/10/2026 17:41,  Rahul ,Joshi,"MUMBAI, MAHARASHTRA",Beauty|Hair Serum|549,6
ORD-20261003-4068,03/10/2026 11:32,om,TIWARI,"Pune, Maharashtra",Fashion|Sunglasses|999,2
ORD-20261003-4525,03/10/2026 09:53,karan,PILLAI,"Ahmedabad, Gujarat",Electronics|Laptop Stand|749,
