ord_id,order_dt,cust_fname,cust_lname,location,product_info,qty
ORD-20261001-3980,01/10/2026 10:29,Navya,Pawar,"Kolkata, West Bengal",Beauty|Face Wash|249,6
ORD-20261001-2157,2026-10-01 22:05:53,aditi,Chaudhary,"Mysuru, Karnataka",Beauty|Sunscreen|449,2
ORD-20261001-3581,31/02/2026 17:05,Deepak,Solanki,"  Mumbai, Maharashtra ",Fashion|Leather Wallet|499,2
ORD-20261001-1924,01/10/2026 17:17,Reyansh,Desai,"SURAT, GUJARAT",Beauty|Sunscreen|449,1
ORD-20261001-0565,2026-10-01 11:20:25,Simran,Bhatt,"Jaipur, Rajasthan",Electronics|Bluetooth Speaker|1799,
ORD-20261001-3671,2026-10-01 10:52:32,SAANVI,shah,"Pune, Maharashtra",Home And Kitchen|Bedsheet Set|1499,3
ORD-20261001-2840,01/10/2026 18:49,Bhavna,Mishra,"Jaipur, Rajasthan",Beauty|Sunscreen|449, 1 
ORD-20261001-0654,2026-10-01 10:36:27,Nidhi,Shah,"Surat, Gujarat",Electronics|Wireless Earbuds|1299,4
ORD-20261001-0799,01/10/2026 22:42,Ishaan,Menon,"Chennai, Tamil Nadu",Beauty|Sunscreen|449,5.0
ORD-20261001-3472,01-10-2026 18:56,Bhavna,sinha,"hyderabad, telangana",Beauty|Hair Serum|549,2
ORD-20261001-2832,01-10-2026 07:42,yash,Shah,"Hyderabad, Telangana",Electronics|Bluetooth Speaker|1799,4
ORD-20261001-2296,01/10/2026 00:06,Aryan,Agarwal,"Jaipur, Rajasthan",Electronics|Smart Watch|2499,3
ORD-20261001-3185,01/10/2026 11:17,Kunal,Patel,"mumbai, maharashtra",Home And Kitchen|Bedsheet Set|1499,3
ORD-20261001-3305,01-10-2026 20:57,aditya,mishra,"Pune, Maharashtra",Electronics|Bluetooth Speaker|1799,4
ORD-20261001-1722,01/10/2026 23:10,neha,Sharma,"DELHI, DELHI",Fashion|Leather Wallet|499,3
ORD-20261001-4611,01/10/2026 06:39,Hetal,,"Mumbai, Maharashtra",Fashion|Cotton Kurta|799, 1 
ORD-20261001-2953,01/10/2026 11:23,Khushi,kalavadia,"Mumbai, Maharashtra",Sports|Skipping Rope|199,2
ORD-20261001-0228,01/10/2026 20:21,Krupa,  Parmar ,"lucknow, uttar pradesh",Beauty|Sunscreen|449,1.0
ORD-20261001-4237,2026-10-01 17:22:07,Anika,Modi,"Jaipur, Rajasthan",Electronics|Smart Watch|2499,2
ORD-20261001-4739,2026-10-01 21:36:10,RAHUL,Tiwari,"HYDERABAD, TELANGANA",Beauty|Sunscreen|449,2
ORD-20261001-1024,2026-10-01 20:40:39,DEEPAK,mishra,"delhi, delhi",Electronics|Bluetooth Speaker|1799,4
ORD-20261001-1424,2026-10-01 06:25:15,  Megha ,mishra,"KOLKATA, WEST BENGAL",Fashion|Denim Jeans|1199,2
ORD-20261001-4533,01-10-2026 19:40,Tanvi,Jain,"vadodara, gujarat",Electronics|Power Bank|899,2
ORD-20261001-2535,2026-10-01 17:06:55,kriti,Saxena,,Electronics|Wireless Earbuds|1299,1
ORD-20261001-2791,01-10-2026 21:03,Saanvi,Dubey,"Pune, Maharashtra",Electronics|Wireless Earbuds|1299,4
ORD-20261001-3285,01/10/2026 10:19,aditya,Tiwari,"Hyderabad, Telangana",Home And Kitchen|Steel Water Bottle|399,1
ORD-20261001-1123,01-10-2026 16:08,Riya,  Vyas ,"KOLKATA, WEST BENGAL",Home And Kitchen|Steel Water Bottle|399,3
ORD-20261001-0871,01/10/2026 22:54,  Jay ,Kapoor,"delhi, delhi",Electronics|Bluetooth Speaker|1799,1
ORD-20261001-0738,2026-10-01 11:55:10,Sara,Pandya,"Coimbatore, Tamil Nadu",Fashion|Cotton Kurta|799,1
ORD-20261001-2425,01/10/2026 14:07,Kabir,Menon,"Jaipur, Rajasthan",Electronics|Power Bank|899, 3 
ORD-20261001-2723,2026-10-01 18:10:33,  Neha ,MUKHERJEE,"Mysuru, Karnataka",Beauty|Face Wash|249,2
ORD-20261001-2521,01-10-2026 19:32,Dhruv,dubey,"Nagpur, Maharashtra",Home And Kitchen|Bedsheet Set|1499,5
ORD-20261001-0594,01/10/2026 14:46,isha,,"Lucknow, Uttar Pradesh",Home And Kitchen|Bedsheet Set|1499,2
ORD-20261001-2659,2026-10-01 20:07:46,Om,singh,"delhi, delhi",Home And Kitchen|Storage Box|299,2
ORD-20261001-3776,2026-10-01 13:55:46,  Komal ,Gupta,"  Hyderabad, Telangana ",Sports|Football|799,1
ORD-20261001-4509,01-10-2026 21:45,Riya,Shah,"CHENNAI, TAMIL NADU",Home And Kitchen|Wall Clock|649,4
ORD-20261001-1060,2026-10-01 18:23:27,Aditi,Pawar,"nagpur, maharashtra",Fashion|Running Shoes|2199,1
ORD-20261001-2356,01/10/2026 17:16,pooja,  Arora ,"Pune, Maharashtra",Electronics|Power Bank|899,3
ORD-20261001-0375,2026-10-01 08:05:45,Jay,Tiwari,"Jaipur, Rajasthan",Beauty|Sunscreen|449,4
ORD-20261001-0535,01/10/2026 16:49,priya,chopra,"Hyderabad, Telangana",Sports|Yoga Mat|699,4
ORD-20261001-3939,2026-10-01 16:26:26,nidhi,Kulkarni,"SURAT, GUJARAT",Electronics|Power Bank|899,1
ORD-20261001-4694,01/10/2026 15:20,Kriti,Ghosh,"Delhi, Delhi",Electronics|Wireless Earbuds|1299,2
ORD-20261001-2866,01/10/2026 07:45,Navya,Patil,"coimbatore, tamil nadu",Sports|Yoga Mat|699,2
ORD-20261001-4437,01/10/2026 14:10,Anjali,KAPOOR,"Mumbai, Maharashtra",Fashion|Cotton Kurta|799,1
ORD-20261001-2092,01-10-2026 16:55,Ananya,Jain,"JAIPUR, RAJASTHAN",Sports|Football|799,3.0
ORD-20261001-3467,01-10-2026 21:59,DHWANI,pawar,"Surat, Gujarat",Beauty|Face Wash|249,6
ORD-20261001-4625,01/10/2026 22:58,neha,Mishra,"Mumbai, Maharashtra",Sports|Skipping Rope|199,3.0
ORD-20261001-2706,2026-10-01 12:41:46,Riya,Trivedi,"chennai, tamil nadu",Fashion|Leather Wallet|499,3
ORD-20261001-3273,01/10/2026 19:25,  Rajesh ,VYAS,"Bengaluru, Karnataka",Beauty|Perfume|1299,5
ORD-20261001-0704,2026-10-01 22:34:45,GAURAV,Malhotra,"Bengaluru, Karnataka",Sports|Skipping Rope|199,1
ORD-20261001-3868,01/10/2026 16:43,tanvi,Kulkarni,"Pune, Maharashtra",Fashion|Sunglasses|999,2
ORD-20261001-3514,2026-10-01 15:20:23,Komal,vyas,"Pune, Maharashtra",Electronics|Smart Watch|2499,2
ORD-20261001-0210,2026-10-01 11:33:54,Aryan,Sharma,"Chennai, Tamil Nadu",Beauty|Perfume|1299,1
ORD-20261001-0926,2026-10-01 14:33:21,Kavya,Vyas,"Delhi, Delhi",Sports|Dumbbell Set|1899,1
ORD-20261001-2668,01/10/2026 15:50,Krishna,TIWARI,"HYDERABAD, TELANGANA",Fashion|Sunglasses|999,1
ORD-20261001-3408,2026-10-01 21:39:59,Shaurya,Sinha,"  Coimbatore, Tamil Nadu ",Electronics|Wireless Earbuds|1299,1
ORD-20261001-0364,01/10/2026 10:01,Vivaan,Jain,"Chennai, Tamil Nadu",Electronics|Smart Watch|2499,1
ORD-20261001-1559,2026-10-01 08:21:07,POOJA,tiwari,"pune, maharashtra",Beauty|Lipstick|399,5
ORD-20261001-0535,01/10/2026 16:49,priya,chopra,"Hyderabad, Telangana",Sports|Yoga Mat|699,4
ORD-20261001-1806,01/10/2026 13:51,Aryan,Jain,"Chennai, Tamil Nadu",Electronics|Bluetooth Speaker|1799,3
ORD-20261001-4318,01-10-2026 09:48,  Varun ,Kulkarni,"Pune, Maharashtra",Fashion|Cotton Kurta|799,4
ORD-20261001-2565,01/10/2026 22:01,Vihaan,pawar,"Mumbai, Maharashtra",Electronics|Power Bank|899,3
ORD-20261001-4570,01/10/2026 13:17,Dhruv,Dubey,"Nagpur, Maharashtra",Fashion|Cotton Kurta|799,1
ORD-20261001-0818,01/10/2026 21:52,Deepak,Singh,"Delhi, Delhi",Home And Kitchen|Storage Box|299,1
ORD-20261001-1611,2026-10-01 21:03:44,Payal,Singh,,Home And Kitchen|Wall Clock|649,1
ORD-20261001-1085,01/10/2026 11:46,Suresh,Tiwari,"Mumbai, Maharashtra",Beauty|Hair Serum|549,1
ORD-20261001-1425,01/10/2026 17:00,nisha,Verma,"surat, gujarat",Electronics|Laptop Stand|749,1
ORD-20261001-4788,2026-10-01 19:52:17,kriti,SRIVASTAVA,"Mumbai, Maharashtra",Home And Kitchen|Non Stick Pan|1099,4
ORD-20261001-2007,01/10/2026 10:33,  Aditi ,Ghosh,"Coimbatore, Tamil Nadu",Beauty|Sunscreen|449,2.0
ORD-20261001-0281,2026-10-01 18:19:15,Vihaan,Pawar,"Mumbai, Maharashtra",Electronics|Smart Watch|2499,2
ORD-20261001-4480,01/10/2026 17:38,Isha,Jain,"Mumbai, Maharashtra",Electronics|Wireless Earbuds|1299,1
ORD-20261001-0201,01-10-2026 18:13,Anika,saxena,"Mysuru, Karnataka",Home And Kitchen|Wall Clock|649,3
ORD-20261001-3599,01/10/2026 22:49,priya,srivastava,"Chennai, Tamil Nadu",Fashion|Leather Wallet|499,1
ORD-20261001-3853,01-10-2026 13:49,Megha,mukherjee,"pune, maharashtra",Electronics|Laptop Stand|749,2.0
ORD-20261001-0259,01/10/2026 20:37,Kriti,Srivastava,"mumbai, maharashtra",Electronics|Laptop Stand|749,1
ORD-20261001-3895,01/10/2026 14:30,ARYAN,Rathod,"Mysuru, Karnataka",Beauty|Lipstick|399,2
ORD-20261001-4676,01/10/2026 14:55,BHAVNA,chaudhary,"bengaluru, karnataka",Beauty|Hair Serum|549,-2
ORD-20261001-3795,2026-10-01 15:16:24,Tushar,SHARMA,"Delhi, Delhi",Beauty|Face Wash|249,2
ORD-20261001-3990,2026-10-01 16:06:01,NIKHIL,,,Electronics|Power Bank|899,1
ORD-20261001-4475,01/10/2026 19:41,Hetal,Menon,"DELHI, DELHI",Home And Kitchen|Bedsheet Set|1499,1
ORD-20261001-0940,2026-10-01 19:39:36,Shreya,Srivastava,"Ahmedabad, Gujarat",Beauty|Perfume|1299,3
ORD-20261001-3105,01/10/2026 12:59,VIKAS,shah,"Chennai, Tamil Nadu",Sports|Yoga Mat|699,1
ORD-20261001-1801,01/10/2026 22:30,rajesh,verma,"kolkata, west bengal",Electronics|Laptop Stand|749,1
ORD-20261001-1262,01-10-2026 14:33,Neha,Patel,"vadodara, gujarat",Fashion|Cotton Kurta|799,1
ORD-20261001-3866,01/10/2026 14:48,Aditi,Solanki,"Chennai, Tamil Nadu",Home And Kitchen|Wall Clock|649, 2 
ORD-20261001-4138,2026-10-01 20:24:55,Khushi,Mishra,"pune, maharashtra",Beauty|Lipstick|399,2
ORD-20261001-1246,01-10-2026 22:57,Kriti,Agarwal,"Surat, Gujarat",Home And Kitchen|Non Stick Pan|1099,4.0
ORD-20261001-3137,01/10/2026 20:45,Ananya,,"delhi, delhi",Electronics|Wireless Earbuds|1299, 5 
ORD-20261001-2850,31/02/2026 08:58,Aryan,pandya,"Mumbai, Maharashtra",Home And Kitchen|Non Stick Pan|1099,2
ORD-20261001-1598,01-10-2026 12:27,Arjun,tiwari,"Lucknow, Uttar Pradesh",Beauty|Face Wash|249,1
ORD-20261001-3298,01-10-2026 19:17,Arjun,Sinha,"jaipur, rajasthan",Home And Kitchen|Steel Water Bottle|399,1
ORD-20261001-2249,01/10/2026 22:41,Mansi,rao,"  Pune, Maharashtra ",Electronics|Laptop Stand|749,3
ORD-20261001-3075,01/10/2026 04:24,Karan,  Saxena ,"Hyderabad, Telangana",Home And Kitchen|Storage Box|299,3
ORD-20261001-1436,2026-10-01 11:53:13,Ananya,Bhatt,"Lucknow, Uttar Pradesh",Home And Kitchen|Storage Box|299,1
ORD-20261001-0849,2026-10-01 17:49:48,AANYA,Bose,"Pune, Maharashtra",Home And Kitchen|Wall Clock|649,1.0
ORD-20261001-1978,01/10/2026 15:53,Shreya,CHOPRA,"Ahmedabad, Gujarat",Fashion|Leather Wallet|499,2
ORD-20261001-1527,2026-10-01 09:47:31,isha,Saxena,"nagpur, maharashtra",Beauty|Lipstick|399,3
ORD-20261001-3257,01/10/2026 15:29,Khushi,Mukherjee,"Hyderabad, Telangana",Fashion|Running Shoes|2199,2
ORD-20261001-3858,2026-10-01 19:11:18,ishaan,Khanna,"  Hyderabad, Telangana ",Fashion|Running Shoes|2199,3
ORD-20261001-0443,01/10/2026 13:22,Arjun,mehta,"Chennai, Tamil Nadu",Beauty|Perfume|1299,5.0
ORD-20261001-2561,2026-10-01 21:09:36,Mihir,Desai,"mumbai, maharashtra",Electronics|Power Bank|899,3
ORD-20261001-4325,01/10/2026 10:14,  Nikhil ,  Parmar ,"Delhi, Delhi",Sports|Skipping Rope|199,
ORD-20261001-1175,01-10-2026 12:01,,  Tiwari ,"bengaluru, karnataka",Electronics|Wireless Earbuds|1299,2
ORD-20261001-3728,2026-10-01 09:21:22,Aanya,TRIVEDI,"bengaluru, karnataka",Electronics|Laptop Stand|749,2
ORD-20261001-4330,01-10-2026 14:52,PRIYA,Sinha,"nagpur, maharashtra",Fashion|Cotton Kurta|799,3
ORD-20261001-1785,2026-10-01 12:28:55,Varun,DESAI,"Mumbai, Maharashtra",Fashion|Denim Jeans|1199,1
ORD-20261001-3569,01/10/2026 22:52,Manish,Verma,"Chennai, Tamil Nadu",Beauty|Lipstick|399,2
ORD-20261001-0451,2026-10-01 19:06:29,Mansi,Rathod,"Mumbai, Maharashtra",Sports|Cricket Bat|1599,2
ORD-20261001-3805,01/10/2026 20:02,POOJA,Pillai,"Delhi, Delhi",Beauty|Sunscreen|449,
ORD-20261001-2110,,dhwani,Mehta,"  Bengaluru, Karnataka ",Fashion|Denim Jeans|1199,1
ORD-20261001-1093,01/10/2026 22:00,Vikas,Mishra,"Pune, Maharashtra",Fashion|Cotton Kurta|799,2
ORD-20261001-1133,2026-10-01 21:25:21,priya,sinha,"Nagpur, Maharashtra",Fashion|Denim Jeans|1199,1.0
ORD-20261001-1679,2026-10-01 17:24:48,Khushi,  Singh ,"chennai, tamil nadu",Fashion|Leather Wallet|499,3
ORD-20261001-1979,01/10/2026 17:49,Om,Thakkar,"  Ahmedabad, Gujarat ",Home And Kitchen|Bedsheet Set|1499, 6 
ORD-20261001-4689,01/10/2026 11:23,ADVIK,Chauhan,"Nagpur, Maharashtra",Electronics|Bluetooth Speaker|1799, 1 
ORD-20261001-4257,01/10/2026 07:46,,  Saxena ,"vadodara, gujarat",Beauty|Face Wash|249,2
ORD-20261001-4252,01/10/2026 18:55,  Tanvi ,Patel,"Hyderabad, Telangana",Beauty|Hair Serum|549,1
ORD-20261001-0686,01/10/2026 12:45,  Aarav ,srivastava,"Coimbatore, Tamil Nadu",Beauty|Sunscreen|449,1
ORD-20261001-0388,2026-10-01 12:17:45,KABIR,  Yadav ,"lucknow, uttar pradesh",Fashion|Denim Jeans|1199,1
,01/10/2026 20:04,Karan,Menon,"  Bengaluru, Karnataka ",Home And Kitchen|Non Stick Pan|1099,1
ORD-20261001-0950,2026-10-01 09:05:26,SARA,Menon,"Bengaluru, Karnataka",Electronics|Power Bank|899,2
ORD-20261001-0119,2026-10-01 11:21:29,Ananya,Verma,"Pune, Maharashtra",Electronics|Laptop Stand|749,2
ORD-20261001-3604,01/10/2026 22:06,om,tiwari,"Pune, Maharashtra",Fashion|Cotton Kurta|799,3
ORD-20261001-2171,2026-10-01 22:18:58,Harsh,Mishra,"Hyderabad, Telangana",Fashion|Running Shoes|2199,4
ORD-20261001-3558,01-10-2026 22:43,Rohan,joshi,"hyderabad, telangana",Fashion|Running Shoes|2199,2
ORD-20261001-2733,01/10/2026 08:33,Krishna,  Thakkar ,"Lucknow, Uttar Pradesh",Electronics|Power Bank|899,1
ORD-20261001-3473,01/10/2026 19:39,Vivaan,Pawar,"Mysuru, Karnataka",Electronics|Laptop Stand|749,4
ORD-20261001-3155,01/10/2026 17:37,MEGHA,Tiwari,"Ahmedabad, Gujarat",Fashion|Leather Wallet|499,1
ORD-20261001-4081,2026-10-01 20:04:09,Isha,Chaudhary,"Jaipur, Rajasthan",Electronics|Bluetooth Speaker|1799,2
ORD-20261001-3803,01/10/2026 18:35,Nisha,Singh,"Surat, Gujarat",Sports|Football|799,2
ORD-20261001-4315,01/10/2026 15:51,Mihir,  Thakkar ,"Mumbai, Maharashtra",Electronics|Bluetooth Speaker|1799,1
ORD-20261001-4297,01/10/2062 18:55,RUDRA,  Mukherjee ,"Chennai, Tamil Nadu",Fashion|Running Shoes|2199,2
ORD-20261001-3320,01/10/2026 16:20,Kabir,rao,"Kolkata, West Bengal",Electronics|Smart Watch|2499,2
ORD-20261001-0888,2026-10-01 11:16:43,  Vikas ,Thakkar,"Kolkata, West Bengal",Beauty|Perfume|1299,2
ORD-20261001-0133,01/10/2026 07:20,Simran,Sinha,"PUNE, MAHARASHTRA",Fashion|Running Shoes|2199,one
ORD-20261001-4432,01/10/2026 11:59,Tanvi,Kumar,"Ahmedabad, Gujarat",Electronics|Wireless Earbuds|1299,2.0
ORD-20261001-1222,2026-10-01 18:20:28,Kavya,desai,"delhi, delhi",Home And Kitchen|Steel Water Bottle|399,1
ORD-20261001-0499,2026-10-01 10:26:12,HETAL,  Pawar ,"Ahmedabad, Gujarat",Beauty|Lipstick|399,1
ORD-20261001-1070,01/10/2026 10:14,Rajesh,REDDY,"  Hyderabad, Telangana ",Fashion|Leather Wallet|499,1
ORD-20261001-0551,2026-10-01 20:11:08,Ritu,  Parmar ,"kolkata, west bengal",Fashion|Running Shoes|2199,4
ORD-20261001-2846,01/10/2026 20:00,simran,iyer,"Bengaluru, Karnataka",Home And Kitchen|Bedsheet Set|1499,3
ORD-20261001-4616,01/10/2026 18:21,Simran,  Dubey ,"Nagpur, Maharashtra",Fashion|Leather Wallet|499,2
ORD-20261001-4392,2026-10-01 18:00:28,Aanya,Parmar,"Chennai, Tamil Nadu",Fashion|Leather Wallet|499,2
ORD-20261001-1371,01/10/2026 07:29,REYANSH,MEHTA,"Mysuru, Karnataka",Home And Kitchen|Wall Clock|649,4
ORD-20261001-4427,01-10-2026 19:49,dhwani,Jain,"mumbai, maharashtra",Fashion|Cotton Kurta|799,1
ORD-20261001-1096,01/10/2026 21:09,Kunal,Saxena,"KOLKATA, WEST BENGAL",,4
ORD-20261001-0274,01-10-2026 17:50,Karan,Kalavadia,"  Bengaluru, Karnataka ",Fashion|Cotton Kurta|799,1
ORD-20261001-2774,01/10/2026 00:12,Ananya,MENON,"Pune, Maharashtra",Beauty|Face Wash|249,1
ORD-20261001-1564,01/10/2026 19:40,TUSHAR,Pawar,"Hyderabad, Telangana",Beauty|Hair Serum|549,1.0
ORD-20261001-1315,2026-10-01 10:53:02,Amit,Malhotra,"Kolkata, West Bengal",Beauty|Hair Serum|549,1
ORD-20261001-0956,31/02/2026 20:36,vihaan,Chopra,"PUNE, MAHARASHTRA",Sports|Cricket Bat|1599,3
ORD-20261001-3687,01/10/2026 13:33,Ishaan,  Bansal ,"  Jaipur, Rajasthan ",Beauty|Perfume|1299,1
ORD-20261001-3213,01-10-2026 12:09,Bhavna,Malhotra,"Jaipur, Rajasthan",Fashion|Sunglasses|999,1
ORD-20261001-0400,01/10/2026 19:23,Hetal,Rathod,"Delhi, Delhi",Home And Kitchen|Storage Box|299,2
ORD-20261001-0873,2026-10-01 08:51:48,Shaurya,Nair,"Pune, Maharashtra",Fashion|Sunglasses|999,1
ORD-20261001-2029,01/10/2026 19:31,Amit,  Reddy ,"Pune, Maharashtra",Fashion|Running Shoes|2199,2
,01/10/2026 02:53,nidhi,Jain,"  Chennai, Tamil Nadu ",Home And Kitchen|Wall Clock|649,-1
ORD-20261001-4696,01/10/2026 01:39,aarav,Pandya,"Ahmedabad, Gujarat",Home And Kitchen|Storage Box|299,2
ORD-20261001-3038,2026-10-01 21:58:06,Navya,Solanki,"Pune, Maharashtra",Fashion|Denim Jeans|1199,2
ORD-20261001-0586,01/10/2026 14:18,Sara,GHOSH,"Bengaluru, Karnataka",Home And Kitchen|Storage Box|299,5
ORD-20261001-1569,01-10-2026 23:34,  Rahul ,GUPTA,"  Kolkata, West Bengal ",Fashion|Sunglasses|999,2
ORD-20261001-0244,01/10/2026 14:48,Nidhi,  Trivedi ,"Bengaluru, Karnataka",Home And Kitchen|Bedsheet Set|1499,1
ORD-20261001-3436,2026-10-01 16:21:30,Yash,Bose,"AHMEDABAD, GUJARAT",Beauty|Perfume|1299,2
ORD-20261001-1009,31/02/2026 14:57,Jay,PAWAR,"Chennai, Tamil Nadu",Beauty|Face Wash|249,2
ORD-20261001-1875,01/10/2026 20:47,hetal,Trivedi,"CHENNAI, TAMIL NADU",Sports|Skipping Rope|199,1.0
ORD-20261001-1737,01/10/2026 22:43,  Krupa ,  Singh ,"chennai, tamil nadu",Electronics|Laptop Stand|749,1
ORD-20261001-0266,01/10/2026 20:05,  Rudra ,pawar,"Ahmedabad, Gujarat",Beauty|Hair Serum|549,2
ORD-20261001-0985,01/10/2026 21:21,  Neel ,Joshi,"VADODARA, GUJARAT",Home And Kitchen|Storage Box|299,2
ORD-20261001-3637,2026-10-01 07:21:25,Dev,Joshi,"Mumbai, Maharashtra",Home And Kitchen|Bedsheet Set|1499,1
ORD-20261001-3224,2026-10-01 14:12:23,Aarav,Patel,"  Ahmedabad, Gujarat ",Beauty|Hair Serum|549,1
ORD-20261001-0113,01/10/2026 23:31,Roshni,  Mukherjee ,"Pune, Maharashtra",Sports|Skipping Rope|199,1
ORD-20261001-2217,01/10/2026 13:06,PRANAV,mehta,"Pune, Maharashtra",Electronics|Laptop Stand|749,1
ORD-20261001-2867,01/10/2026 19:49,Pooja,Jain,"Lucknow, Uttar Pradesh",Fashion|Cotton Kurta|799,2
ORD-20261001-2632,01/10/2062 15:53,ANIKA,Solanki,"Delhi, Delhi",Electronics|Smart Watch|2499,2
ORD-20261001-4845,2026-10-01 20:55:42,advik,Trivedi,"Hyderabad, Telangana",Electronics|Smart Watch|2499,2
ORD-20261001-2926,01/10/2026 21:10,Ritu,Iyer,"  Delhi, Delhi ",Beauty|Sunscreen|449,1
ORD-20261001-2881,01-10-2026 22:07,Mihir,MENON,"Bengaluru, Karnataka",Electronics|Power Bank|899,1
ORD-20261001-2888,01/10/2026 13:37,Anjali,  Mishra ,"Delhi, Delhi",Beauty|Sunscreen|449,5
ORD-20261001-1485,01/10/2026 20:38,Palak,Dubey,"Mumbai, Maharashtra",Fashion|Denim Jeans|1199,6.0
ORD-20261001-1439,01/10/2026 22:16,arjun,Pillai,"  Chennai, Tamil Nadu ",Beauty|Hair Serum|549,3
ORD-20261001-4136,01/10/2026 13:39,Om,kapoor,"surat, gujarat",Sports|Skipping Rope|199,1
ORD-20261001-2950,2026-10-01 05:56:53,ritu,Pandya,"Pune, Maharashtra",Home And Kitchen|Non Stick Pan|1099,5
ORD-20261001-2692,01/10/2026 14:55,  Ishaan ,Pillai,"Chennai, Tamil Nadu",Sports|Yoga Mat|699,3.0
ORD-20261001-3601,2026-10-01 19:22:47,rajesh,AGARWAL,"Kolkata, West Bengal",Home And Kitchen|Storage Box|299,2
ORD-20261001-4219,01/10/2026 13:42,Megha,  Yadav ,"Kolkata, West Bengal",Electronics|Smart Watch|2499,1
ORD-20261001-2373,01-10-2026 18:45,  Simran ,Tiwari,"JAIPUR, RAJASTHAN",Fashion|Running Shoes|2199,3
ORD-20261001-0264,2026-10-01 19:00:40,Aditi,  Ghosh ,"Coimbatore, Tamil Nadu",Fashion|Cotton Kurta|799,2
ORD-20261001-3571,2026-10-01 19:33:51,Advik,  Kulkarni ,"Chennai, Tamil Nadu",Fashion|Leather Wallet|499,6
ORD-20261001-0419,01/10/2026 08:50,harsh,Singh,"Nagpur, Maharashtra",Home And Kitchen|Wall Clock|649,2
ORD-20261001-0115,2026-10-01 12:11:56,Deepak,Singh,"Delhi, Delhi",Beauty|Lipstick|399,
ORD-20261001-1514,01-10-2026 19:05,,Reddy,"HYDERABAD, TELANGANA",Beauty|Lipstick|399,1
ORD-20261001-1509,01/10/2026 17:54,rahul,Mukherjee,"Chennai, Tamil Nadu",Electronics|Smart Watch|2499,2
ORD-20261001-1710,01/10/2026 21:38,neha,  Arora ,"Mumbai, Maharashtra",Electronics|Wireless Earbuds|1299,2
ORD-20261001-3001,01/10/2026 18:00,Harsh,PATEL,"Coimbatore, Tamil Nadu",Fashion|Cotton Kurta|799,1.0
ORD-20261001-0977,2026-10-01 13:17:00,ANIKA,Shah,"PUNE, MAHARASHTRA",Fashion|Sunglasses|999,5
ORD-20261001-2959,01-10-2026 10:25,sara,Desai,"nagpur, maharashtra",Electronics|Smart Watch|2499,1
ORD-20261001-0545,01/10/2026 10:50,isha,Chaudhary,"VADODARA, GUJARAT",Beauty|Perfume|1299,2
ORD-20261001-0128,01-10-2026 21:33,Advik,Parmar,"Pune, Maharashtra",Electronics|Smart Watch|2499,1
ORD-20261001-0243,01/10/2026 13:59,Riya,BANSAL,"Bengaluru, Karnataka",Home And Kitchen|Bedsheet Set|1499,1
ORD-20261001-2865,2026-10-01 22:14:10,NAVYA,Kumar,"Nagpur, Maharashtra",Home And Kitchen|Wall Clock|649,4
ORD-20261001-2784,01/10/2026 11:40,Om,Trivedi,"surat, gujarat",Electronics|Wireless Earbuds|1299,1
ORD-20261001-4395,01/10/2026 23:43,Kunal,  Parmar ,"Bengaluru, Karnataka",Electronics|Laptop Stand|749,1
ORD-20261001-2240,01-10-2026 07:40,Manish,Nair,"Coimbatore, Tamil Nadu",Sports|Dumbbell Set|1899,2
ORD-20261001-4426,01/10/2026 13:51,rahul,dubey,"Jaipur, Rajasthan",Home And Kitchen|Wall Clock|649,1
ORD-20261001-0370,01/10/2026 10:24,dhwani,kulkarni,"Jaipur, Rajasthan",Electronics|Laptop Stand|749,1
ORD-20261001-2600,01/10/2026 09:29,Simran,PANDYA,"  Chennai, Tamil Nadu ",Fashion|Leather Wallet|499,5
ORD-20261001-4627,01-10-2026 09:30,Ishaan,Bansal,"Hyderabad, Telangana",Beauty|Hair Serum|549,1
ORD-20261001-4816,2026-10-01 07:47:39,Divya,Pawar,"SURAT, GUJARAT",Electronics|Smart Watch|2499,2
ORD-20261001-1311,2026-10-01 11:04:43,khushi,bansal,"hyderabad, telangana",Electronics|Smart Watch|2499,1
ORD-20261001-3621,2026-10-01 12:38:12,Neha,Sharma,"Hyderabad, Telangana",Home And Kitchen|Wall Clock|649,2
ORD-20261001-4673,01/10/2026 20:02,Komal,Trivedi,"jaipur, rajasthan",Electronics|Power Bank|899,4
ORD-20261001-4255,01/10/2026 16:51,Suresh,Vyas,"Pune, Maharashtra",Sports|Football|799,3
ORD-20261001-2689,01/10/2026 10:18,Kavya,KUMAR,"Ahmedabad, Gujarat",Electronics|Wireless Earbuds|1299,1
ORD-20261001-3951,01/10/2026 10:17,nisha,Pawar,"Kolkata, West Bengal",Home And Kitchen|Bedsheet Set|1499,1
ORD-20261001-4355,01/10/2026 07:05,nidhi,Modi,"Ahmedabad, Gujarat",Sports|Skipping Rope|199,1.0
ORD-20261001-3330,2026-10-01 09:26:54,dev,Sharma,"ahmedabad, gujarat",Electronics|Power Bank|899,1
ORD-20261001-0938,01/10/2026 13:39,Aryan,IYER,"Bengaluru, Karnataka",Beauty|Sunscreen|449,4
ORD-20261001-2485,01/10/2026 14:21,Jay,dubey,"  Hyderabad, Telangana ",Beauty|Sunscreen|449,1
ORD-20261001-1811,01/10/2026 21:51,Om,Rathod,"BENGALURU, KARNATAKA",Beauty|Sunscreen|449,3
ORD-20261001-3664,01/10/2026 19:44,Riya,Tiwari,"Delhi, Delhi",Beauty|Lipstick|399,5.0
ORD-20261001-3231,01-10-2026 10:10,Nikhil,Pillai,"Surat, Gujarat",Home And Kitchen|Steel Water Bottle|399,2
ORD-20261001-3235,01-10-2026 22:39,ayaan,Shah,"Delhi, Delhi",Electronics|Wireless Earbuds|1299,2
ORD-20261001-3584,2026-10-01 11:11:24,Sara,PATIL,"Hyderabad, Telangana",Electronics|Bluetooth Speaker|1799,3
ORD-20261001-3699,01-10-2026 21:57,Reyansh,IYER,"Bengaluru, Karnataka",Beauty|Perfume|1299,
ORD-20261001-3402,2026-10-01 16:48:33,Rajesh,  Saxena ,"Bengaluru, Karnataka",Fashion|Cotton Kurta|799,3
ORD-20261001-3968,2026-10-01 22:03:36,Sneha,Saxena,"Chennai, Tamil Nadu",Electronics|Smart Watch|2499,three
ORD-20261001-0948,01/10/2026 12:47,  Ritu ,kalavadia,"Mumbai, Maharashtra",Home And Kitchen|Non Stick Pan|1099,1
ORD-20261001-1557,2026-10-01 07:31:01,Kabir,Kulkarni,,Fashion|Cotton Kurta|799,4
ORD-20261001-3024,2026-10-01 06:41:22,KRUPA,Sinha,"coimbatore, tamil nadu",Electronics|Bluetooth Speaker|1799,1
ORD-20261001-1512,2026-10-01 09:02:02,Reyansh,Desai,"Surat, Gujarat",Fashion|Leather Wallet|499,1
ORD-20261001-2299,01/10/2026 22:25,,patil,"Jaipur, Rajasthan",Electronics|Bluetooth Speaker|1799,2
ORD-20261001-1996,01/10/2026 22:44,Myra,Bansal,"chennai, tamil nadu",Sports|Dumbbell Set|1899,5
ORD-20261001-0697,01-10-2026 16:41,swati,trivedi,"Delhi, Delhi",Beauty|Perfume|1299,1
ORD-20261001-0338,01-10-2026 18:48,Dhwani,  Kapoor ,"Chennai, Tamil Nadu",Home And Kitchen|Non Stick Pan|1099,
ORD-20261001-1384,2026-10-01 10:28:31,ananya,patel,"LUCKNOW, UTTAR PRADESH",Sports|Yoga Mat|699,1
ORD-20261001-0857,2026-10-01 07:00:17,Shaurya,Thakkar,"Jaipur, Rajasthan",Home And Kitchen|Storage Box|299,1
ORD-20261001-1573,01/10/2026 12:58,vikas,  Patil ,"Vadodara, Gujarat",Electronics|Power Bank|899,6
ORD-20261001-4024,01/10/2026 15:14,,Menon,"Delhi, Delhi",Beauty|Hair Serum|549,2
ORD-20261001-3879,2026-10-01 22:34:33,Reyansh,MEHTA,"Bengaluru, Karnataka",Sports|Yoga Mat|699,3
ORD-20261001-0369,01/10/2026 06:48,Myra,Trivedi,"Pune, Maharashtra",Beauty|Lipstick|399,2
ORD-20261001-2057,01/10/2026 22:27,Rahul,vyas,"mumbai, maharashtra",Home And Kitchen|Non Stick Pan|1099,5
ORD-20261001-2193,01/10/2026 10:44,Ishaan,  Bose ,"hyderabad, telangana",Sports|Dumbbell Set|1899,1
ORD-20261001-2999,01/10/2062 19:03,advik,Verma,"PUNE, MAHARASHTRA",Home And Kitchen|Bedsheet Set|1499,1
ORD-20261001-1403,2026-10-01 12:14:50,ananya,VERMA,"Pune, Maharashtra",Sports|Football|799,1
ORD-20261001-1247,2026-10-01 18:07:47,Aanya,desai,"  Chennai, Tamil Nadu ",Beauty|Lipstick|399,1
ORD-20261001-0072,01-10-2026 11:14,Neel,Sinha,"Ahmedabad, Gujarat",Electronics|Smart Watch|2499,1
ORD-20261001-3153,01-10-2026 22:27,Aarav,BHATT,"  Hyderabad, Telangana ",Home And Kitchen|Storage Box|299, 1 
ORD-20261001-4054,01/10/2026 12:03,Divya,das,"SURAT, GUJARAT",Beauty|Perfume|1299,1
ORD-20261001-4253,01/10/2026 10:59,Rajesh,Pandya,"CHENNAI, TAMIL NADU",Electronics|Smart Watch|2499,1
ORD-20261001-4489,2026-10-01 12:29:40,SHREYA,,,Home And Kitchen|Non Stick Pan|1099,1
ORD-20261001-2767,01-10-2026 16:43,Ishaan,joshi,"Delhi, Delhi",Sports|Dumbbell Set|1899,1
ORD-20261001-4706,01/10/2026 22:12,  Khushi ,Verma,"Chennai, Tamil Nadu",Fashion|Leather Wallet|499, 1 
ORD-20261001-4047,2026-10-01 14:32:18,Saanvi,Yadav,"Hyderabad, Telangana",Fashion|Cotton Kurta|799,1
ORD-20261001-2599,01-10-2026 08:46,Priya,Yadav,"Bengaluru, Karnataka",Beauty|Face Wash|249,1
ORD-20261001-0154,2026-10-01 13:30:30,Kriti,Rao,,Fashion|Cotton Kurta|799,6
ORD-20261001-2417,01/10/2026 22:23,Krupa,MENON,"Delhi, Delhi",Sports|Yoga Mat|699,1
ORD-20261001-0690,2026-10-01 20:57:00,khushi,Ghosh,"hyderabad, telangana",Beauty|Lipstick|399,1
ORD-20261001-1501,2026-10-01 20:59:36,Vivaan,Desai,"Chennai, Tamil Nadu",Fashion|Sunglasses|999,2
ORD-20261001-4557,01/10/2026 16:00,Vivaan,Rathod,"hyderabad, telangana",Electronics|Wireless Earbuds|1299,5
ORD-20261001-3617,01/10/2026 12:30,Khushi,  Dubey ,"Bengaluru, Karnataka",Fashion|Running Shoes|2199,2
ORD-20261001-4229,01/10/2026 21:10,Suresh,KAPOOR,"Lucknow, Uttar Pradesh",Fashion|Running Shoes|2199,2
ORD-20261001-0134,01/10/2026 19:47,Kavya,  Mehta ,"  Bengaluru, Karnataka ",Sports|Yoga Mat|699,3
ORD-20261001-0639,01/10/2026 21:06,Sneha,Menon,"Mysuru, Karnataka",Electronics|Laptop Stand|749,1
ORD-20261001-3553,01/10/2026 10:29,DHRUV,Dubey,"nagpur, maharashtra",Fashion|Running Shoes|2199,1
ORD-20261001-0924,01-10-2026 18:18,Mansi,  Bansal ,"mumbai, maharashtra",Home And Kitchen|Wall Clock|649,1
ORD-20261001-4249,01/10/2026 11:39,Manish,bansal,"Mumbai, Maharashtra",Electronics|Smart Watch|2499,1
ORD-20261001-1685,2026-10-01 15:36:38,Aadhya,  Das ,"delhi, delhi",Beauty|Face Wash|249,1
ORD-20261001-3511,31/02/2026 21:30,Reyansh,Desai,"Surat, Gujarat",Electronics|Power Bank|899,4.0
ORD-20261001-0412,01/10/2026 14:19,atharv,Rao,"jaipur, rajasthan",Electronics|Smart Watch|2499,2
ORD-20261001-0971,2026-10-01 06:47:59,Nikhil,Joshi,"coimbatore, tamil nadu",Electronics|Bluetooth Speaker|1799,2
ORD-20261001-0270,2026-10-01 18:25:20,Ayaan,Rao,"AHMEDABAD, GUJARAT",Sports|Football|799,4
ORD-20261001-1385,01-10-2026 22:19,Harsh,Verma,"Delhi, Delhi",Electronics|Wireless Earbuds|1299,3
ORD-20261001-4500,01-10-2026 13:47,reyansh,  Patel ,"Hyderabad, Telangana",Electronics|Bluetooth Speaker|1799,1
ORD-20261001-4465,01/10/2026 21:38,shreya,Chauhan,"Mumbai, Maharashtra",Fashion|Denim Jeans|1199,1
ORD-20261001-0646,01/10/2026 12:38,  Reyansh ,Pawar,"mumbai, maharashtra",Electronics|Smart Watch|2499,1
ORD-20261001-2319,01/10/2026 20:25,Suresh,,"Chennai, Tamil Nadu",Home And Kitchen|Bedsheet Set|1499,3
ORD-20261001-4372,01/10/2026 13:44,  Bhavna ,Tiwari,"  Coimbatore, Tamil Nadu ",Electronics|Wireless Earbuds|1299,2
ORD-20261001-2657,01/10/2026 17:33,Rahul,  Ghosh ,"pune, maharashtra",Sports|Football|799,1
ORD-20261001-3323,01/10/2026 18:17,Varun,Nair,"Bengaluru, Karnataka",Fashion|Running Shoes|2199,2
ORD-20261001-3399,01-10-2026 11:57,Reyansh,malhotra,"Coimbatore, Tamil Nadu",Fashion|Sunglasses|999, 1 
ORD-20261001-4639,01/10/2026 16:49,neha,SOLANKI,"Chennai, Tamil Nadu",Fashion|Sunglasses|999,3
ORD-20261001-1551,01-10-2026 12:41,Anjali,Vyas,"  Hyderabad, Telangana ",Electronics|Power Bank|899,1
ORD-20261001-2069,01/10/2026 11:35,Neha,  Vyas ,"mysuru, karnataka",Fashion|Leather Wallet|499,1
ORD-20261001-2592,01/10/2026 17:32,Nisha,  Mukherjee ,"Mumbai, Maharashtra",Electronics|Bluetooth Speaker|1799,1
ORD-20261001-0222,01/10/2026 14:25,Nisha,Jain,"COIMBATORE, TAMIL NADU",Electronics|Laptop Stand|749,1
ORD-20261001-2575,01/10/2026 23:57,null,Jain,"Delhi, Delhi",Beauty|Face Wash|249,1
ORD-20261001-2562,2026-10-01 12:45:38,Tushar,Reddy,"Mumbai, Maharashtra",Home And Kitchen|Bedsheet Set|1499,2.0
ORD-20261001-0173,01/10/2026 09:46,Ritu,VYAS,"hyderabad, telangana",Electronics|Wireless Earbuds|1299,2
ORD-20261001-4576,2026-10-01 21:28:22,Dhwani,bhatt,"pune, maharashtra",Fashion|Leather Wallet|499, 1 
ORD-20261001-0624,01/10/2026 22:18,Bhavna,CHAUDHARY,"hyderabad, telangana",Electronics|Power Bank|899,2
ORD-20261001-0096,01-10-2026 11:23,SURESH,Pillai,"delhi, delhi",Beauty|Sunscreen|449,1.0
ORD-20261001-2100,01-10-2026 11:08,  Arjun ,Saxena,"Ahmedabad, Gujarat",Fashion|Denim Jeans|1199,1
ORD-20261001-4744,01/10/2026 20:48,parth,Patel,"mumbai, maharashtra",Home And Kitchen|Non Stick Pan|1099,1
ORD-20261001-2981,01/10/2025 11:01,ATHARV,chaudhary,"Nagpur, Maharashtra",Electronics|Wireless Earbuds|1299,2
ORD-20261001-4178,01-10-2026 08:33,NISHA,  Mishra ,"Bengaluru, Karnataka",Sports|Cricket Bat|1599,2
ORD-20261001-0522,2026-10-01 12:12:32,Aarav,  Ghosh ,"Pune, Maharashtra",Home And Kitchen|Non Stick Pan|1099,2
ORD-20261001-3136,01/10/2026 07:26,nisha,Sinha,"SURAT, GUJARAT",Home And Kitchen|Bedsheet Set|1499,1
ORD-20261001-3602,2026-10-01 13:08:28,krishna,  Srivastava ,"Mumbai, Maharashtra",Fashion|Leather Wallet|499,1
ORD-20261001-2765,2026-10-01 15:59:08,,Parmar,"DELHI, DELHI",Electronics|Power Bank|899,3
ORD-20261001-1366,2026-10-01 07:01:02,  Manish ,RATHOD,"surat, gujarat",Sports|Dumbbell Set|1899,1
ORD-20261001-3277,01-10-2026 16:10,Advik,Kapoor,"Delhi, Delhi",Beauty|Face Wash|249,3
ORD-20261001-4328,01/10/2026 20:40,Dhwani,KAPOOR,"Pune, Maharashtra",Fashion|Running Shoes|2199,1
,01-10-2026 11:10,JAY,Patil,"lucknow, uttar pradesh",Electronics|Laptop Stand|749,1
ORD-20261001-1453,01/10/2026 11:08,Payal,Rao,,Electronics|Smart Watch|2499,1
ORD-20261001-2387,2026-10-01 21:08:08,harsh,Menon,"Bengaluru, Karnataka",Electronics|Laptop Stand|749,3
ORD-20261001-0932,,aditya,  Tiwari ,"  Lucknow, Uttar Pradesh ",Fashion|Leather Wallet|499,1
ORD-20261001-0157,01/10/2026 16:54,Ananya,Ghosh,"Pune, Maharashtra",Fashion|Leather Wallet|499,6
ORD-20261001-3297,01-10-2026 17:29,Pranav,Pandya,"Chennai, Tamil Nadu",Home And Kitchen|Wall Clock|649,6
ORD-20261001-1947,2026-10-01 23:04:01,Parth,MALHOTRA,"Pune, Maharashtra",Electronics|Laptop Stand|749,2
ORD-20261001-2851,01/10/2026 08:29,Gaurav,Chaudhary,"Delhi, Delhi",Beauty|Sunscreen|449,3
ORD-20261001-2811,01/10/2026 11:12,Rahul,Das,"Bengaluru, Karnataka",Fashion|Cotton Kurta|799,1
ORD-20261001-4238,01/10/2026 16:11,Varun,Solanki,"bengaluru, karnataka",Electronics|Power Bank|899,6
ORD-20261001-1860,01/10/2026 19:34,kriti,modi,"mumbai, maharashtra",Electronics|Bluetooth Speaker|1799,1.0
ORD-20261001-1869,01/10/2026 20:26,Isha,Kalavadia,"bengaluru, karnataka",Beauty|Lipstick|399,1
ORD-20261001-4626,01/10/2026 16:53,Bhavna,,"ahmedabad, gujarat",Electronics|Wireless Earbuds|1299,1
ORD-20261001-0554,01/10/2026 18:12,  Aanya ,Joshi,"hyderabad, telangana",Electronics|Bluetooth Speaker|1799,2
ORD-20261001-3793,01-10-2026 15:01,Priya,  Iyer ,"Delhi, Delhi",Electronics|Smart Watch|2499,2
ORD-20261001-4824,2026-10-01 11:54:58,  Dhruv ,PARMAR,"Delhi, Delhi",Home And Kitchen|Bedsheet Set|1499,1
ORD-20261001-0377,2026-10-01 19:29:20,Parth,chopra,"bengaluru, karnataka",Electronics|Smart Watch|2499,1
ORD-20261001-3174,01/10/2026 16:37,ADVIK,Pandya,"Delhi, Delhi",Electronics|Power Bank|899,3
ORD-20261001-4038,2026-10-01 12:30:13,Aditya,Mishra,"delhi, delhi",Fashion|Sunglasses|999,2
ORD-20261001-0630,01-10-2026 17:55,,jain,"ahmedabad, gujarat",Sports|Yoga Mat|699,1.0
ORD-20261001-3006,01/10/2026 18:19,  Palak ,Dubey,"Mumbai, Maharashtra",Electronics|Power Bank|899,2
ORD-20261001-2826,01/10/2026 16:27,Advik,  Chauhan ,"nagpur, maharashtra",Electronics|Wireless Earbuds|1299,1
ORD-20261001-0714,2026-10-01 18:52:33,Janvi,  Bose ,"Chennai, Tamil Nadu",Electronics|Wireless Earbuds|1299, 1 
ORD-20261001-1720,01/10/2026 22:32,roshni,  Pillai ,"Chennai, Tamil Nadu",Fashion|Leather Wallet|499,2
ORD-20261001-1143,01/10/2026 18:40,Priya,srivastava,"Delhi, Delhi",Fashion|Sunglasses|999,3
ORD-20261001-2283,01-10-2026 14:03,  Dhwani ,Patel,"Nagpur, Maharashtra",Home And Kitchen|Bedsheet Set|1499,2
ORD-20261001-4381,2026-10-01 09:55:42,DHRUV,Das,"  Delhi, Delhi ",Beauty|Hair Serum|549,2.0
ORD-20261001-2241,2026-10-01 18:43:25,KUNAL,PATIL,"MUMBAI, MAHARASHTRA",Fashion|Leather Wallet|499,1
ORD-20261001-4421,01/10/2026 20:18,Aryan,  Khanna ,"Pune, Maharashtra",Fashion|Sunglasses|999,6.0
ORD-20261001-2332,01/10/2026 17:13,Riya,Bansal,"Delhi, Delhi",Beauty|Lipstick|399,1
ORD-20261001-0003,2026-10-01 22:37:55,MEGHA,KALAVADIA,"  Kolkata, West Bengal ",Electronics|Laptop Stand|749,1
ORD-20261001-2166,01/10/2026 19:04,pari,  Pandya ,"chennai, tamil nadu",Fashion|Denim Jeans|1199,1
ORD-20261001-2760,01/10/2026 08:34,Mansi,Vyas,"Chennai, Tamil Nadu",Fashion|Sunglasses|999,2
ORD-20261001-1943,2026-10-01 17:23:55,Simran,,"Kolkata, West Bengal",Beauty|Perfume|1299,1
ORD-20261001-0170,01-10-2026 17:34,Rohan,Parmar,"Nagpur, Maharashtra",Electronics|Bluetooth Speaker|1799,1
ORD-20261001-3452,01/10/2026 23:23,Khushi,trivedi,"bengaluru, karnataka",Fashion|Sunglasses|999,1
ORD-20261001-1146,01/10/2026 19:41,Sai,Kumar,"Mumbai, Maharashtra",Beauty|Hair Serum|549,1
ORD-20261001-4279,01/10/2026 17:41,Vivaan,MODI,"vadodara, gujarat",Home And Kitchen|Non Stick Pan|1099, 1 
ORD-20261001-4688,2026-10-01 11:36:29,shaurya,Nair,"Pune, Maharashtra",Electronics|Smart Watch|2499,
ORD-20261001-0933,01/10/2026 23:06,Saanvi,Dubey,"pune, maharashtra",Electronics|Bluetooth Speaker|1799,2
ORD-20261001-1746,01/10/2026 18:58,  Shaurya ,Khanna,"Kolkata, West Bengal",Beauty|Face Wash|249,3
ORD-20261001-4071,01/10/2026 02:43,aarav,  Rathod ,"Ahmedabad, Gujarat",Fashion|Denim Jeans|1199,1
ORD-20261001-4378,01/10/2026 14:18,Manish,kumar,"Bengaluru, Karnataka",Electronics|Laptop Stand|749,1
ORD-20261001-4307,2026-10-01 13:25:06,Hetal,KAPOOR,"chennai, tamil nadu",Electronics|Smart Watch|2499,2
ORD-20261001-2234,2026-10-01 11:53:53,Hetal,Sinha,"Coimbatore, Tamil Nadu",Fashion|Running Shoes|2199,2
ORD-20261001-4642,2026-10-01 12:28:03,  Pari ,Kulkarni,"Jaipur, Rajasthan",Fashion|Leather Wallet|499, 4 
ORD-20261001-3527,01/10/2026 19:00,Parth,  Modi ,"Pune, Maharashtra",Home And Kitchen|Wall Clock|649,1
ORD-20261001-2415,01/10/2026 13:01,RIYA,Gupta,"chennai, tamil nadu",Home And Kitchen|Bedsheet Set|1499,2
ORD-20261001-1566,01/10/2026 00:26,  Dhruv ,Rao,"Bengaluru, Karnataka",Beauty|Sunscreen|449,1
ORD-20261001-3395,01/10/2026 11:43,Atharv,VERMA,"Pune, Maharashtra",Home And Kitchen|Wall Clock|649,1
ORD-20261001-1049,01/10/2026 19:49,Pooja,thakkar,"Kolkata, West Bengal",Fashion|Running Shoes|2199,3
ORD-20261001-1323,01/10/2026 07:04,reyansh,KALAVADIA,"Pune, Maharashtra",Home And Kitchen|Storage Box|299,1
ORD-20261001-2350,01-10-2026 16:20,PARTH,joshi,"coimbatore, tamil nadu",Electronics|Power Bank|899,3
ORD-20261001-2161,01/10/2026 19:34,SAANVI,Reddy,"pune, maharashtra",Beauty|Perfume|1299,1
ORD-20261001-0642,01-10-2026 18:41,Bhavna,Yadav,"Chennai, Tamil Nadu",Fashion|Leather Wallet|499,2
ORD-20261001-0439,30/02/2026 23:19,Nidhi,,"Surat, Gujarat",Home And Kitchen|Storage Box|299,1
ORD-20261001-3019,01-10-2026 19:34,varun,Mukherjee,"Surat, Gujarat",Electronics|Wireless Earbuds|1299,2
ORD-20261001-1911,01/10/2026 19:35,Vivaan,Ghosh,"  Bengaluru, Karnataka ",Home And Kitchen|Bedsheet Set|1499,5
ORD-20261001-3468,2026-10-01 20:40:02,Aryan,Pandya,"Chennai, Tamil Nadu",Fashion|Denim Jeans|1199,2
ORD-20261001-3729,01/10/2026 07:15,Rajesh,PILLAI,"pune, maharashtra",Fashion|Running Shoes|2199,1
ORD-20261001-2891,01-10-2026 23:58,Rajesh,Vyas,"bengaluru, karnataka",Fashion|Denim Jeans|1199,3
ORD-20261001-2372,01-10-2026 22:32,rohan,sharma,"Delhi, Delhi",Beauty|Face Wash|249, 1 
ORD-20261001-0589,01-10-2026 12:09,Isha,Gupta,"pune, maharashtra",Beauty|Hair Serum|549, 6 
ORD-20261001-4622,01/10/2026 13:24,Kriti,SRIVASTAVA,"MUMBAI, MAHARASHTRA",Electronics|Smart Watch|2499,2.0
ORD-20261001-4271,01-10-2026 14:19,TANVI,Kumar,"Delhi, Delhi",Beauty|Sunscreen|449,1.0
ORD-20261001-3111,01/10/2026 18:59,Vikas,Modi,"  Delhi, Delhi ",Beauty|Perfume|1299,1
ORD-20261001-0258,01/10/2026 10:40,Aadhya,KALAVADIA,"chennai, tamil nadu",Electronics|Bluetooth Speaker|1799, 2 
ORD-20261001-3294,2026-10-01 21:59:27,priya,Sinha,"Ahmedabad, Gujarat",Sports|Skipping Rope|199,1
ORD-20261001-2082,01/10/2026 23:04,RAJESH,reddy,"hyderabad, telangana",Beauty|Lipstick|399,2
ORD-20261001-3573,2026-10-01 21:07:58,Aadhya,DESAI,"ahmedabad, gujarat",Sports|Skipping Rope|199,-1
ORD-20261001-2559,2026-10-01 21:04:19,,Bhatt,"  Bengaluru, Karnataka ",Electronics|Wireless Earbuds|1299,1
ORD-20261001-3228,01-10-2026 15:07,Bhavna,Kalavadia,"bengaluru, karnataka",Fashion|Running Shoes|2199,3
ORD-20261001-3749,01/10/2026 19:49,Ishaan,Kalavadia,"Lucknow, Uttar Pradesh",Fashion|Denim Jeans|1199,2
ORD-20261001-1490,01-10-2026 19:50,Aryan,  Rao ,"Ahmedabad, Gujarat",Home And Kitchen|Storage Box|299,2
ORD-20261001-3756,01/10/2026 19:07,Nisha,Nair,"Bengaluru, Karnataka",Sports|Football|799, 2 
ORD-20261001-2314,01/10/2026 11:23,Mihir,kapoor,"Ahmedabad, Gujarat",Fashion|Denim Jeans|1199,1
ORD-20261001-1898,01/10/2026 16:09,Tanvi,desai,"CHENNAI, TAMIL NADU",Electronics|Power Bank|899,2
ORD-20261001-0801,01-10-2026 15:11,neel,Chaudhary,"Chennai, Tamil Nadu",Electronics|Power Bank|899,1
ORD-20261001-2962,2026-10-01 14:29:37,isha,Mishra,"Kolkata, West Bengal",Sports|Football|799,2
ORD-20261001-4633,01/10/2026 07:51,Suresh,MISHRA,"surat, gujarat",Fashion|Leather Wallet|499,1
ORD-20261001-0768,01/10/2026 17:53,Neel,Pandya,"Delhi, Delhi",Fashion|Sunglasses|999,2
ORD-20261001-4195,01-10-2026 20:20,  Pari ,Ghosh,"Lucknow, Uttar Pradesh",Electronics|Bluetooth Speaker|1799, 1 
ORD-20261001-4810,01/10/2026 08:49,ISHA,Kapoor,"Delhi, Delhi",Home And Kitchen|Storage Box|299,1
ORD-20261001-2925,2026-10-01 21:22:35,aarav,Sinha,"Surat, Gujarat",Home And Kitchen|Storage Box|299,1
ORD-20261001-0488,01/10/2026 21:16,Shreya,Agarwal,"BENGALURU, KARNATAKA",Fashion|Cotton Kurta|799,2
ORD-20261001-0795,01-10-2026 20:05,Harsh,chaudhary,"Bengaluru, Karnataka",Beauty|Sunscreen|449,2
ORD-20261001-4114,01/10/2026 20:05,KRITI,Malhotra,"HYDERABAD, TELANGANA",Beauty|Lipstick|399,2
ORD-20261001-0414,01/10/2026 19:54,dhruv,DUBEY,"Nagpur, Maharashtra",Electronics|Wireless Earbuds|1299,4
ORD-20261001-3587,01/10/2026 03:02,Sai,  Mehta ,N/A,Electronics|Smart Watch|2499,2
ORD-20261001-1250,2026-10-01 09:29:44,Nidhi,Trivedi,"hyderabad, telangana",Beauty|Lipstick|399,1
ORD-20261001-1560,01/10/2026 11:06,komal,  Pawar ,"kolkata, west bengal",Home And Kitchen|Wall Clock|649,1
ORD-20261001-2327,01/10/2026 23:35,Bhavna,malhotra,"jaipur, rajasthan",Electronics|Power Bank|899,1
ORD-20261001-3018,2026-10-01 09:59:06,SAANVI,Chaudhary,"bengaluru, karnataka",Electronics|Laptop Stand|749,1
ORD-20261001-4005,01/10/2026 16:04,  Divya ,kumar,"Kolkata, West Bengal",Home And Kitchen|Wall Clock|649,1
ORD-20261001-2154,01/10/2026 07:48,Komal,REDDY,"Delhi, Delhi",Electronics|Wireless Earbuds|1299,2
ORD-20261001-0475,2026-10-01 15:54:33,  Khushi ,Kalavadia,"mumbai, maharashtra",Home And Kitchen|Bedsheet Set|1499,2
ORD-20261001-1454,01/10/2026 13:22,Navya,Khanna,"hyderabad, telangana",Sports|Dumbbell Set|1899,1
ORD-20261001-4499,01-10-2026 18:37,tanvi,Nair,"hyderabad, telangana",Fashion|Cotton Kurta|799,2
ORD-20261001-3165,2026-10-01 21:09:36,Anika,Pawar,"Jaipur, Rajasthan",Fashion|Leather Wallet|499,1
ORD-20261001-0914,2026-10-01 12:42:21,Advik,Trivedi,"Bengaluru, Karnataka",Electronics|Smart Watch|2499,1
ORD-20261001-0575,N/A,Neha,Gupta,"LUCKNOW, UTTAR PRADESH",Fashion|Cotton Kurta|799,2
ORD-20261001-3302,2026-10-01 18:57:02,ISHAAN,  Agarwal ,"  Hyderabad, Telangana ",Home And Kitchen|Storage Box|299,1
ORD-20261001-0962,2026-10-01 10:29:09,Deepak,,"Delhi, Delhi",Electronics|Power Bank|899,1
ORD-20261001-0648,01/10/2026 14:26,Ritu,Rathod,"Mumbai, Maharashtra",Home And Kitchen|Bedsheet Set|1499,1
ORD-20261001-0997,2026-10-01 19:34:50,Reyansh,Chauhan,"Surat, Gujarat",Home And Kitchen|Non Stick Pan|1099,1
ORD-20261001-3610,01-10-2026 17:14,dhruv,Pandya,"coimbatore, tamil nadu",Fashion|Denim Jeans|1199, 1 
ORD-20261001-1188,01-10-2026 13:37,Isha,menon,"HYDERABAD, TELANGANA",Electronics|Smart Watch|2499,1
ORD-20261001-2438,N/A,Aditya,Khanna,"MUMBAI, MAHARASHTRA",Electronics|Laptop Stand|749,1
ORD-20261001-0979,2026-10-01 22:49:04,Sneha,Kulkarni,"Chennai, Tamil Nadu",Beauty|Perfume|1299,1
ORD-20261001-0413,01-10-2026 23:51,Kabir,  Modi ,"Hyderabad, Telangana",Fashion|Leather Wallet|499,4
ORD-20261001-3864,01/10/2026 12:04,ISHA,kulkarni,"JAIPUR, RAJASTHAN",Home And Kitchen|Steel Water Bottle|399,2
ORD-20261001-1152,N/A,JANVI,SAXENA,"Vadodara, Gujarat",Home And Kitchen|Steel Water Bottle|399,2
ORD-20261001-0587,2026-10-01 14:09:05,Vivaan,Tiwari,"Chennai, Tamil Nadu",Electronics|Smart Watch|2499,1
ORD-20261001-2787,2026-10-01 16:45:48,Parth,Parmar,"Kolkata, West Bengal",Home And Kitchen|Storage Box|299,1
ORD-20261001-0792,,Nisha,Khanna,"Jaipur, Rajasthan",Fashion|Running Shoes|2199,2
ORD-20261001-1581,2026-10-01 19:12:04,Janvi,Patel,"Delhi, Delhi",Fashion|Sunglasses|999, 2 
ORD-20261001-3824,01/10/2026 21:06,khushi,sinha,"Hyderabad, Telangana",Electronics|Power Bank|899,1
ORD-20261001-3989,01/10/2026 19:53,Yash,saxena,"hyderabad, telangana",Fashion|Cotton Kurta|799,1
ORD-20261001-0708,2026-10-01 20:11:41,dev,RAO,"MUMBAI, MAHARASHTRA",Sports|Dumbbell Set|1899,1
ORD-20261001-2088,01/10/2026 21:29,  Aanya ,Singh,"Surat, Gujarat",Electronics|Power Bank|899,2
ORD-20261001-0524,2026-10-01 19:20:25,Parth,Bose,"Hyderabad, Telangana",Home And Kitchen|Bedsheet Set|1499,-3
ORD-20261001-1810,01-10-2026 12:43,rohan,Bansal,"Hyderabad, Telangana",Electronics|Smart Watch|2499,1
ORD-20261001-3630,01-10-2026 21:20,GAURAV,Menon,"Ahmedabad, Gujarat",Electronics|Power Bank|899,1
ORD-20261001-2078,01-10-2026 13:15,  Rahul ,Patil,"Mumbai, Maharashtra",Home And Kitchen|Bedsheet Set|1499, 2 
ORD-20261001-2923,2026-10-01 21:13:54,  Deepak ,tiwari,"Ahmedabad, Gujarat",Sports|Yoga Mat|699,0
ORD-20261001-4534,2026-10-01 17:08:44,Krishna,chauhan,"Chennai, Tamil Nadu",Home And Kitchen|Steel Water Bottle|399,3
ORD-20261001-3295,01/10/2026 07:44,Swati,Malhotra,"Jaipur, Rajasthan",Electronics|Bluetooth Speaker|1799,4
ORD-20261001-0490,2026-10-01 16:39:12,Vikas,Joshi,"Mumbai, Maharashtra",Electronics|Smart Watch|2499,1
ORD-20261001-0410,01/10/2026 20:58,nisha,khanna,"Delhi, Delhi",Home And Kitchen|Storage Box|299,5
ORD-20261001-4823,01-10-2026 11:53,  Diya ,  Iyer ,"Surat, Gujarat",Sports|Football|799,3
ORD-20261001-4401,2026-10-01 00:36:38,Mihir,MALHOTRA,"Vadodara, Gujarat",Fashion|Running Shoes|2199,2
ORD-20261001-0374,01/10/2026 17:57,Shreya,Rao,"Pune, Maharashtra",Beauty|Sunscreen|449,1
ORD-20261001-3872,01/10/2026 22:38,Palak,Arora,"mumbai, maharashtra",Electronics|Bluetooth Speaker|1799,1
ORD-20261001-1906,01/10/2026 17:56,Anjali,parmar,"kolkata, west bengal",Sports|Cricket Bat|1599,
ORD-20261001-4481,2026-10-01 17:29:02,KARAN,Sinha,"Hyderabad, Telangana",Home And Kitchen|Wall Clock|649, 1 
ORD-20261001-2416,01/10/2026 15:47,navya,Rathod,"Ahmedabad, Gujarat",Home And Kitchen|Bedsheet Set|1499,4
ORD-20261001-4036,01/10/2026 16:38,Sara,Iyer,"Hyderabad, Telangana",Beauty|Sunscreen|449,1
ORD-20261001-0359,2026-10-01 15:18:30,Kriti,Das,"Delhi, Delhi",Fashion|Denim Jeans|1199,1
ORD-20261001-3237,2026-10-01 21:37:19,Rudra,yadav,"bengaluru, karnataka",Sports|Football|799,1
ORD-20261001-0324,2026-10-01 17:46:34,Deepak,,"Chennai, Tamil Nadu",Fashion|Denim Jeans|1199,2
ORD-20261001-4059,01-10-2026 21:21,  Tanvi ,Arora,"Delhi, Delhi",Home And Kitchen|Storage Box|299,1
ORD-20261001-2243,2026-10-01 20:12:50,OM,BANSAL,"delhi, delhi",Home And Kitchen|Steel Water Bottle|399,4
ORD-20261001-3009,2026-10-01 21:55:54,Nisha,Joshi,"pune, maharashtra",Sports|Skipping Rope|199,1
ORD-20261001-3620,N/A,Aditya,Pillai,"bengaluru, karnataka",Sports|Yoga Mat|699,1
ORD-20261001-3283,2026-10-01 20:49:47,Payal,Chaudhary,"Ahmedabad, Gujarat",Fashion|Leather Wallet|499,4
ORD-20261001-2971,2026-10-01 16:56:14,rajesh,gupta,,Beauty|Face Wash|249,4
ORD-20261001-2995,01-10-2026 21:37,Priya,Mishra,"Lucknow, Uttar Pradesh",Sports|Skipping Rope|199,1
ORD-20261001-1607,01/10/2026 19:30,Suresh,Sinha,"Ahmedabad, Gujarat",Electronics|Laptop Stand|749,-1
ORD-20261001-3798,2026-10-01 14:23:48,Kavya,Parmar,"Delhi, Delhi",Sports|Skipping Rope|199,1
ORD-20261001-1739,01-10-2026 20:05,Shaurya,pandya,"Delhi, Delhi",Beauty|Face Wash|249,2
ORD-20261001-2406,2026-10-01 14:52:59,Nikhil,Solanki,"bengaluru, karnataka",Electronics|Wireless Earbuds|1299,5
ORD-20261001-4631,2026-10-01 11:38:33,Myra,Bansal,"chennai, tamil nadu",Electronics|Smart Watch|2499,2
ORD-20261001-0629,2026-10-01 13:05:43,Parth,Parmar,"KOLKATA, WEST BENGAL",Home And Kitchen|Bedsheet Set|1499,1.0
ORD-20261001-2934,2026-10-01 11:38:05,Swati,Solanki,"Pune, Maharashtra",Fashion|Sunglasses|999,3
ORD-20261001-2256,01-10-2026 21:08,SAI,Chaudhary,"Chennai, Tamil Nadu",Home And Kitchen|Wall Clock|649,1
ORD-20261001-0169,2026-10-01 18:45:34,VIHAAN,MODI,"hyderabad, telangana",Home And Kitchen|Non Stick Pan|1099,1
ORD-20261001-2424,01/10/2026 20:34,Jay,Reddy,"Bengaluru, Karnataka",Home And Kitchen|Bedsheet Set|1499,2
ORD-20261001-2487,01-10-2026 12:11,arjun,Pandya,"Chennai, Tamil Nadu",Electronics|Power Bank|899,4
ORD-20261001-1023,01-10-2026 19:09,  Rudra ,Dubey,"Mumbai, Maharashtra",Fashion|Leather Wallet|499,1
ORD-20261001-0621,2026-10-01 18:38:29,Rajesh,Vyas,"Bengaluru, Karnataka",Beauty|Hair Serum|549,1
ORD-20261001-0573,01/10/2026 23:19,Shreya,Srivastava,"Ahmedabad, Gujarat",Fashion|Leather Wallet|499,1
ORD-20261001-1443,01/10/2026 11:35,Bhavna,Parmar,"  Bengaluru, Karnataka ",Home And Kitchen|Wall Clock|649,2
ORD-20261001-0643,01/10/2026 13:37,  Nikhil ,chopra,"vadodara, gujarat",Fashion|Leather Wallet|499,1
ORD-20261001-1258,2026-10-01 16:42:36,kunal,Ghosh,"MYSURU, KARNATAKA",Beauty|Perfume|1299,1
ORD-20261001-0089,2026-10-01 16:44:02,Manish,Patil,"Bengaluru, Karnataka",Beauty|Lipstick|399,1
ORD-20261001-2601,01-10-2026 21:56,Dev,shah,"bengaluru, karnataka",Home And Kitchen|Non Stick Pan|1099,1
ORD-20261001-2835,2026-10-01 13:43:30,  Divya ,Singh,"surat, gujarat",Electronics|Wireless Earbuds|1299,1
ORD-20261001-1525,01/10/2026 20:13,Varun,  Shah ,"Coimbatore, Tamil Nadu",Electronics|Power Bank|899, 1 
ORD-20261001-1962,2026-10-01 20:22:03,Anika,kapoor,"  Coimbatore, Tamil Nadu ",Home And Kitchen|Wall Clock|649,1
ORD-20261001-3673,01-10-2026 14:31,NEEL,desai,"Hyderabad, Telangana",Electronics|Bluetooth Speaker|1799,2
ORD-20261001-0672,30/02/2026 19:44,tanvi,Pawar,,Sports|Football|799,
ORD-20261001-0973,01-10-2026 19:31,Arjun,Sharma,"Chennai, Tamil Nadu",Beauty|Hair Serum|549,1
ORD-20261001-3071,2026-10-01 18:06:52,Deepak,trivedi,"  Bengaluru, Karnataka ",Beauty|Face Wash|249,3
ORD-20261001-2514,01/10/2026 11:28,gaurav,khanna,"Mumbai, Maharashtra",Home And Kitchen|Storage Box|299,-1
ORD-20261001-2293,2026-10-01 19:09:44,Rajesh,Dubey,"Ahmedabad, Gujarat",Electronics|Laptop Stand|749,2
ORD-20261001-3201,01/10/2026 09:39,SAI,  Pandya ,"Jaipur, Rajasthan",Fashion|Running Shoes|2199,1
ORD-20261001-0516,01/10/2026 13:19,suresh,Mehta,"  Hyderabad, Telangana ",Electronics|Wireless Earbuds|1299,1
ORD-20261001-1902,01/10/2026 23:51,Komal,Tiwari,"Hyderabad, Telangana",Home And Kitchen|Storage Box|299,2
ORD-20261001-0302,01/10/2026 10:43,Pranav,Rathod,"AHMEDABAD, GUJARAT",Fashion|Cotton Kurta|799, 2 
ORD-20261001-2433,2026-10-01 08:03:22,Aarav,  Iyer ,"Kolkata, West Bengal",Fashion|Sunglasses|999,2
ORD-20261001-2431,01/10/2026 13:31,Yash,Das,"Bengaluru, Karnataka",Electronics|Smart Watch|2499,4
ORD-20261001-0779,01-10-2026 06:28,Priya,KULKARNI,"MUMBAI, MAHARASHTRA",Sports|Skipping Rope|199,1
ORD-20261001-3608,01/10/2026 12:51,Reyansh,Rathod,"Kolkata, West Bengal",Sports|Football|799,1
ORD-20261001-0793,01-10-2026 19:05,  Suresh ,Bose,"HYDERABAD, TELANGANA",Beauty|Lipstick|399,0
ORD-20261001-3475,01/10/2026 09:10,Komal,Rathod,"  Pune, Maharashtra ",Home And Kitchen|Storage Box|299,2
ORD-20261001-4350,2026-10-01 22:17:18,Ishaan,Pawar,"Ahmedabad, Gujarat",Electronics|Smart Watch|2499,3
ORD-20261001-0090,01-10-2026 09:25,Varun,solanki,"  Bengaluru, Karnataka ",Fashion|Leather Wallet|499, 1 
ORD-20261001-2383,01/10/2026 09:42,  Rudra ,kalavadia,"Chennai, Tamil Nadu",Electronics|Laptop Stand|749,1
ORD-20261001-0898,2026-10-01 17:57:03,Nikhil,Bhatt,"Coimbatore, Tamil Nadu",Home And Kitchen|Wall Clock|649,1
ORD-20261001-0286,2026-10-01 20:22:46,Dev,reddy,"coimbatore, tamil nadu",Sports|Cricket Bat|1599,1
ORD-20261001-3910,01/10/2026 11:12,  Kunal ,PARMAR,"Coimbatore, Tamil Nadu",Beauty|Sunscreen|449,1
ORD-20261001-2884,2026-10-01 13:49:31,sara,SAXENA,"kolkata, west bengal",Electronics|Power Bank|899,2
ORD-20261001-3817,01/10/2026 04:03,GAURAV,  Iyer ,"mumbai, maharashtra",Sports|Cricket Bat|1599,2
ORD-20261001-3833,01/10/2026 21:45,Priya,PILLAI,"  Coimbatore, Tamil Nadu ",Fashion|Sunglasses|999,0
ORD-20261001-4192,01/10/2026 20:59,DEV,  Arora ,"CHENNAI, TAMIL NADU",Beauty|Hair Serum|549,2
ORD-20261001-3576,01/10/2026 22:31,Dhwani,KULKARNI,"  Mumbai, Maharashtra ",Home And Kitchen|Bedsheet Set|1499,4
ORD-20261001-3698,2026-10-01 21:30:28,Hetal,desai,"ahmedabad, gujarat",Sports|Football|799,1
ORD-20261001-2288,01-10-2026 16:06,Aditi,Kapoor,"Chennai, Tamil Nadu",Electronics|Bluetooth Speaker|1799,1
ORD-20261001-1119,01/10/2026 16:55,Amit,Nair,"AHMEDABAD, GUJARAT",Sports|Football|799,3
ORD-20261001-0376,2026-10-01 19:44:20,bhavna,  Patil ,"hyderabad, telangana",Home And Kitchen|Storage Box|299,2.0
ORD-20261001-1684,01/10/2026 13:34,Saanvi,Dubey,"Pune, Maharashtra",Electronics|Laptop Stand|749,2
ORD-20261001-3249,2026-10-01 12:13:04,  Dev ,Malhotra,"hyderabad, telangana",Electronics|Power Bank|899,1
ORD-20261001-2497,01/10/2026 17:38,Pooja,Pandya,"Bengaluru, Karnataka",Electronics|Smart Watch|2499,1
ORD-20261001-1556,2026-10-01 15:08:24,  Sara ,khanna,"  Jaipur, Rajasthan ",Home And Kitchen|Storage Box|299,2
ORD-20261001-1694,01/10/2026 17:45,Kabir,Pandya,,Home And Kitchen|Non Stick Pan|1099,one
ORD-20261001-0327,01/10/2026 12:51,Rohan,MALHOTRA,"Chennai, Tamil Nadu",Beauty|Sunscreen|449,4
ORD-20261001-2018,01-10-2026 15:40,Saanvi,Chauhan,"Nagpur, Maharashtra",Fashion|Running Shoes|2199,1
ORD-20261001-1652,01/10/2026 12:48,,Thakkar,"Mumbai, Maharashtra",Fashion|Denim Jeans|1199,4
ORD-20261001-0381,01/10/2026 12:23,aarav,SAXENA,"Pune, Maharashtra",Electronics|Smart Watch|2499,1.0
ORD-20261001-0943,01/10/2026 15:53,Jay,tiwari,"Pune, Maharashtra",Beauty|Lipstick|399,3
ORD-20261001-1815,01/10/2026 10:56,JAY,RAO,"Bengaluru, Karnataka",Beauty|Perfume|1299,1.0
ORD-20261001-0770,01/10/2026 16:10,Anjali,PATEL,"Surat, Gujarat",Fashion|Sunglasses|999,1
ORD-20261001-4715,01/10/2026 15:45,Janvi,Solanki,"CHENNAI, TAMIL NADU",Electronics|Bluetooth Speaker|1799,2.0
ORD-20261001-2231,01/10/2026 20:17,Advik,Chauhan,"Mumbai, Maharashtra",Home And Kitchen|Bedsheet Set|1499, 1 
ORD-20261001-2374,N/A,aryan,kulkarni,"  Vadodara, Gujarat ",Sports|Skipping Rope|199,2
ORD-20261001-1281,01/10/2026 21:52,Sara,Thakkar,"MUMBAI, MAHARASHTRA",Electronics|Laptop Stand|749, 1 
ORD-20261001-3685,01/10/2026 14:42,HARSH,mishra,"mysuru, karnataka",Fashion|Cotton Kurta|799,2
ORD-20261001-3495,01/10/2026 17:07,Suresh,Joshi,"Bengaluru, Karnataka",Fashion|Sunglasses|999,1
ORD-20261001-0577,2026-10-01 16:32:56,krishna,SINGH,"Kolkata, West Bengal",Home And Kitchen|Wall Clock|649,1
ORD-20261001-3247,2026-10-01 14:41:01,Aarav,Parmar,"bengaluru, karnataka",Beauty|Lipstick|399,1
ORD-20261001-3878,01-10-2026 17:15,aanya,Rathod,"  Lucknow, Uttar Pradesh ",Home And Kitchen|Bedsheet Set|1499,2
ORD-20261001-3379,01/10/2026 13:53,POOJA,PATIL,"Vadodara, Gujarat",Electronics|Wireless Earbuds|1299,5
ORD-20261001-4527,01/10/2026 10:03,NISHA,Yadav,,Home And Kitchen|Steel Water Bottle|399,1
ORD-20261001-3142,01/10/2026 12:47,  Janvi ,  Iyer ,"  Bengaluru, Karnataka ",Electronics|Laptop Stand|749,4
ORD-20261001-4697,01/10/2026 13:58,sara,Chaudhary,"mumbai, maharashtra",Electronics|Smart Watch|2499,2
ORD-20261001-4223,2026-10-01 12:15:28,ADITI,KHANNA,"DELHI, DELHI",Beauty|Hair Serum|549,5
ORD-20261001-4404,01-10-2026 20:08,dev,Reddy,"coimbatore, tamil nadu",Fashion|Sunglasses|999,5
ORD-20261001-1807,2026-10-01 07:48:31,Kunal,Arora,"Mysuru, Karnataka",Electronics|Wireless Earbuds|1299,1
ORD-20261001-0666,2026-10-01 11:53:22,,SRIVASTAVA,"Ahmedabad, Gujarat",Home And Kitchen|Storage Box|299,1
ORD-20261001-1136,,Rudra,PILLAI,"Ahmedabad, Gujarat",Fashion|Running Shoes|2199,1
ORD-20261001-2127,01/10/2026 13:40,  Dhruv ,Parmar,"Delhi, Delhi",Home And Kitchen|Storage Box|299,6
ORD-20261001-3487,01/10/2026 05:30,Om,Tiwari,"Pune, Maharashtra",Sports|Skipping Rope|199,2
ORD-20261001-2016,2026-10-01 17:51:36,,Tiwari,"Delhi, Delhi",Fashion|Cotton Kurta|799,1
ORD-20261001-1797,01-10-2026 14:40,OM,Mishra,"Mumbai, Maharashtra",Sports|Yoga Mat|699,3
ORD-20261001-4358,01-10-2026 16:09,  Manish ,Nair,"hyderabad, telangana",Fashion|Denim Jeans|1199,2
ORD-20261001-1172,2026-10-01 14:24:13,Varun,  Gupta ,"Chennai, Tamil Nadu",Beauty|Hair Serum|549,1
ORD-20261001-0420,01/10/2026 13:03,  Komal ,Modi,"Chennai, Tamil Nadu",Electronics|Smart Watch|2499,1
ORD-20261001-1725,01-10-2026 10:42,parth,Malhotra,"Bengaluru, Karnataka",Home And Kitchen|Non Stick Pan|1099,1
ORD-20261001-1783,01-10-2026 19:57,  Sneha ,PATIL,"Hyderabad, Telangana",Home And Kitchen|Storage Box|299,1
ORD-20261001-4176,2026-10-01 10:26:29,  Bhavna ,Parmar,"Ahmedabad, Gujarat",Fashion|Sunglasses|999,1
ORD-20261001-2477,31/02/2026 10:54,Palak,agarwal,"Chennai, Tamil Nadu",Beauty|Lipstick|399,1
ORD-20261001-2242,01/10/2026 22:34,Sneha,dubey,"Nagpur, Maharashtra",Beauty|Sunscreen|449, 1 
ORD-20261001-3596,01/10/2026 18:58,,Tiwari,"Ahmedabad, Gujarat",Fashion|Cotton Kurta|799,2
ORD-20261001-3994,01/10/2026 21:35,  Mihir ,Sharma,"Mysuru, Karnataka",Electronics|Laptop Stand|749,1
ORD-20261001-1435,01-10-2026 19:44,  Aadhya ,Kapoor,"  Pune, Maharashtra ",Sports|Skipping Rope|199,2
ORD-20261001-1242,01/10/2026 22:34,  Rohan ,Patel,"Coimbatore, Tamil Nadu",Fashion|Running Shoes|2199,1
ORD-20261001-4664,2026-10-01 14:30:47,Khushi,  Kalavadia ,"lucknow, uttar pradesh",Fashion|Running Shoes|2199,2
ORD-20261001-0879,01/10/2026 22:42,Nikhil,Menon,"JAIPUR, RAJASTHAN",Home And Kitchen|Wall Clock|649,2
ORD-20261001-4341,01/10/2026 22:24,Arjun,Arora,"Jaipur, Rajasthan",Home And Kitchen|Wall Clock|649,3
ORD-20261001-1223,01/10/2026 14:37,,Yadav,"delhi, delhi",Beauty|Face Wash|249,2
ORD-20261001-0872,01/10/2026 10:13,Roshni,Thakkar,"Bengaluru, Karnataka",Electronics|Bluetooth Speaker|1799,1
ORD-20261001-2066,2026-10-01 02:10:49,aditya,Mishra,"Delhi, Delhi",Electronics|Bluetooth Speaker|1799,2
ORD-20261001-2363,01/10/2026 10:06,Vivaan,Modi,"Vadodara, Gujarat",Electronics|Power Bank|899,1
ORD-20261001-1966,2026-10-01 07:00:34,Nisha,ARORA,"ahmedabad, gujarat",Electronics|Bluetooth Speaker|1799,3
ORD-20261001-3419,01-10-2026 12:16,  Navya ,  Thakkar ,"hyderabad, telangana",Home And Kitchen|Bedsheet Set|1499,3
ORD-20261001-1934,01/10/2026 11:11,rajesh,vyas,"bengaluru, karnataka",Beauty|Hair Serum|549,4
ORD-20261001-1856,2026-10-01 10:57:09,Aditi,Joshi,"Delhi, Delhi",Beauty|Sunscreen|449,1
ORD-20261001-1816,01-10-2026 21:50,ANJALI,khanna,"  Chennai, Tamil Nadu ",Fashion|Denim Jeans|1199,1
ORD-20261001-4450,01/10/2026 20:43,Ananya,Srivastava,"MUMBAI, MAHARASHTRA",Electronics|Laptop Stand|749,1
ORD-20261001-4564,01/10/2026 17:39,Vikas,vyas,"hyderabad, telangana",Fashion|Denim Jeans|1199,1.0
ORD-20261001-1410,01/10/2026 15:46,Navya,Srivastava,"Chennai, Tamil Nadu",Beauty|Lipstick|399,5
ORD-20261001-0892,31/02/2026 03:47,Khushi,dubey,"Bengaluru, Karnataka",Electronics|Power Bank|899,2
ORD-20261001-1259,01-10-2026 13:15,Parth,Singh,"Delhi, Delhi",Home And Kitchen|Bedsheet Set|1499,3
ORD-20261001-1621,01/10/2026 19:32,NEHA,Verma,"delhi, delhi",Electronics|Smart Watch|2499,4
ORD-20261001-0547,01/10/2026 23:02,tushar,Yadav,"lucknow, uttar pradesh",Fashion|Denim Jeans|1199,2
ORD-20261001-2769,01/10/2026 21:05,mihir,Kalavadia,"Chennai, Tamil Nadu",Sports|Yoga Mat|699,3
ORD-20261001-2507,01/10/2026 16:58,Kunal,Sharma,"MYSURU, KARNATAKA",Beauty|Lipstick|399,4
ORD-20261001-3113,01-10-2026 16:12,Roshni,chauhan,"Vadodara, Gujarat",Beauty|Perfume|1299,2
ORD-20261001-2453,2026-10-01 22:40:28,Aryan,,"mumbai, maharashtra",Home And Kitchen|Non Stick Pan|1099,5
ORD-20261001-0425,01/10/2026 21:51,Kavya,Sinha,"Ahmedabad, Gujarat",Sports|Cricket Bat|1599,2
ORD-20261001-1709,2026-10-01 21:19:39,NEEL,Vyas,"delhi, delhi",Home And Kitchen|Steel Water Bottle|399,1
ORD-20261001-0304,01/10/2026 20:04,aarav,Ghosh,"Pune, Maharashtra",Fashion|Leather Wallet|499,1
ORD-20261001-3934,01/10/2026 12:20,pooja,YADAV,"delhi, delhi",Home And Kitchen|Non Stick Pan|1099, 1 
ORD-20261001-2749,2026-10-01 08:28:07,KRITI,Pillai,"Lucknow, Uttar Pradesh",Beauty|Sunscreen|449,1
ORD-20261001-1115,2026-10-01 19:14:24,Mansi,BHATT,"Jaipur, Rajasthan",Fashion|Leather Wallet|499,2
ORD-20261001-2267,,Divya,Yadav,,Sports|Dumbbell Set|1899,2
ORD-20261001-4129,01/10/2026 13:11,Divya,Kulkarni,"Chennai, Tamil Nadu",Electronics|Power Bank|899,2
ORD-20261001-1030,01-10-2026 06:36,  Palak ,Solanki,"Mumbai, Maharashtra",Electronics|Wireless Earbuds|1299,2
ORD-20261001-2707,01-10-2026 16:43,ADITYA,Mehta,"Bengaluru, Karnataka",Home And Kitchen|Non Stick Pan|1099,1
ORD-20261001-4406,2026-10-01 22:10:44,pooja,GHOSH,"  Surat, Gujarat ",Beauty|Hair Serum|549, 1 
ORD-20261001-2498,2026-10-01 21:17:46,Aryan,Arora,"surat, gujarat",Fashion|Running Shoes|2199, 1 
ORD-20261001-1036,01-10-2026 20:11,ritu,vyas,"hyderabad, telangana",Fashion|Leather Wallet|499,2
ORD-20261001-0556,01/10/2026 04:56,Atharv,Gupta,"Jaipur, Rajasthan",Electronics|Wireless Earbuds|1299,2
ORD-20261001-0031,01/10/2026 00:58,Atharv,thakkar,"Mumbai, Maharashtra",Home And Kitchen|Wall Clock|649,1.0
ORD-20261001-1540,2026-10-01 22:26:56,Ayaan,Kapoor,"Vadodara, Gujarat",Sports|Football|799,4
ORD-20261001-1887,01-10-2026 21:18,Ananya,chaudhary,"Chennai, Tamil Nadu",Fashion|Leather Wallet|499,1
ORD-20261001-0340,2026-10-01 00:20:26,Tanvi,Desai,"Mumbai, Maharashtra",Home And Kitchen|Bedsheet Set|1499,1
ORD-20261001-2920,2026-10-01 20:54:57,BHAVNA,Khanna,"  Mumbai, Maharashtra ",Sports|Dumbbell Set|1899,1
ORD-20261001-1545,01/10/2026 14:20,Ananya,  Srivastava ,"HYDERABAD, TELANGANA",Beauty|Sunscreen|449,1
ORD-20261001-2878,2026-10-01 10:15:54,  Kabir ,Pandya,"Ahmedabad, Gujarat",Fashion|Cotton Kurta|799,3
ORD-20261001-4790,2026-10-01 19:36:29,kavya,Tiwari,"Coimbatore, Tamil Nadu",Sports|Dumbbell Set|1899,1
ORD-20261001-3673,01-10-2026 14:31,NEEL,desai,"Hyderabad, Telangana",Electronics|Bluetooth Speaker|1799,2
ORD-20261001-4787,01/10/2026 17:23,dev,Thakkar,"BENGALURU, KARNATAKA",Electronics|Smart Watch|2499,1
ORD-20261001-4415,01/10/2026 20:02,gaurav,Vyas,"Delhi, Delhi",Sports|Skipping Rope|199,2
ORD-20261001-0220,01/10/2026 19:17,simran,  Solanki ,"Delhi, Delhi",Sports|Skipping Rope|199,5
ORD-20261001-3735,N/A,Ishaan,bansal,"bengaluru, karnataka",Beauty|Perfume|1299,1
ORD-20261001-1623,01/10/2026 13:04,Yash,Thakkar,"Mumbai, Maharashtra",Electronics|Wireless Earbuds|1299,1
ORD-20261001-3317,01/10/2026 06:51,Swati,kumar,"  Ahmedabad, Gujarat ",Fashion|Leather Wallet|499,3
ORD-20261001-3600,2026-10-01 19:01:30,Shaurya,MUKHERJEE,"Ahmedabad, Gujarat",Beauty|Perfume|1299,1
ORD-20261001-3922,01/10/2026 13:18,AARAV,MUKHERJEE,"Jaipur, Rajasthan",Fashion|Cotton Kurta|799,4
ORD-20261001-1696,2026-10-01 10:05:48,sneha,  Bose ,"Bengaluru, Karnataka",Sports|Dumbbell Set|1899,1
ORD-20261001-0850,01/10/2026 19:33,null,Dubey,"bengaluru, karnataka",Fashion|Leather Wallet|499,2
ORD-20261001-4301,01/10/2026 17:52,VARUN,Gupta,"Delhi, Delhi",Beauty|Lipstick|399,1
ORD-20261001-1380,01-10-2026 10:18,Saanvi,Dubey,"Chennai, Tamil Nadu",Electronics|Wireless Earbuds|1299,3
ORD-20261001-1391,01/10/2026 17:47,Gaurav,  Rao ,"ahmedabad, gujarat",Electronics|Bluetooth Speaker|1799, 1 
ORD-20261001-2719,01/10/2026 15:05,parth,Kumar,"Lucknow, Uttar Pradesh",Beauty|Hair Serum|549,3
ORD-20261001-0485,01/10/2026 10:17,  Harsh ,SINGH,"Mumbai, Maharashtra",Beauty|Lipstick|399,1
ORD-20261001-0187,2026-10-01 00:09:49,Ishaan,Joshi,"Mysuru, Karnataka",Home And Kitchen|Non Stick Pan|1099,1
ORD-20261001-4215,01/10/2026 13:26,neha,Parmar,"  Delhi, Delhi ",Electronics|Bluetooth Speaker|1799,1
ORD-20261001-3215,01-10-2026 00:27,  Palak ,nair,"Pune, Maharashtra",Electronics|Bluetooth Speaker|1799, 1 
ORD-20261001-0120,2026-10-01 18:41:43,Pooja,gupta,"  Pune, Maharashtra ",Sports|Football|799,1
ORD-20261001-1300,2026-10-01 20:54:59,Shaurya,khanna,"Hyderabad, Telangana",Sports|Yoga Mat|699,3
ORD-20261001-2343,2026-10-01 20:19:25,Saanvi,Patel,"Chennai, Tamil Nadu",Electronics|Power Bank|899,1
ORD-20261001-3915,2026-10-01 12:07:12,Pooja,patel,"Chennai, Tamil Nadu",Sports|Football|799,1
ORD-20261001-4002,2026-10-01 08:02:17,Dhruv,Mishra,"lucknow, uttar pradesh",Home And Kitchen|Wall Clock|649,2
ORD-20261001-2766,01-10-2026 21:27,Dev,Solanki,"Ahmedabad, Gujarat",Home And Kitchen|Bedsheet Set|1499,5
ORD-20261001-2669,2026-10-01 13:23:43,Sneha,Dubey,"NAGPUR, MAHARASHTRA",Home And Kitchen|Storage Box|299,2
ORD-20261001-0903,01-10-2026 09:34,Dhruv,Kalavadia,"Delhi, Delhi",Beauty|Perfume|1299,1
ORD-20261001-4261,2026-10-01 18:00:54,rahul,  Dubey ,"Jaipur, Rajasthan",Electronics|Smart Watch|2499,1
ORD-20261001-0809,01/10/2026 23:16,  Janvi ,Reddy,"  Bengaluru, Karnataka ",Electronics|Laptop Stand|749,2
ORD-20261001-1044,01/10/2026 13:03,  Anika ,  Sinha ,"Nagpur, Maharashtra",Sports|Skipping Rope|199,2
ORD-20261001-3625,01/10/2026 11:56,Janvi,Verma,"  Delhi, Delhi ",Electronics|Bluetooth Speaker|1799,3
ORD-20261001-0291,01/10/2026 21:10,  Amit ,  Mukherjee ,"Surat, Gujarat",Fashion|Running Shoes|2199,4
ORD-20261001-0834,01-10-2026 09:16,Rohan,Mishra,"Mumbai, Maharashtra",Sports|Cricket Bat|1599,1
ORD-20261001-2549,01/10/2026 15:29,Gaurav,Chauhan,"Kolkata, West Bengal",Beauty|Lipstick|399,3
ORD-20261001-1063,01-10-2026 08:00,Payal,,"Bengaluru, Karnataka",Electronics|Laptop Stand|749,2
ORD-20261001-2711,01/10/2026 10:32,isha,MISHRA,"  Lucknow, Uttar Pradesh ",Beauty|Lipstick|399,1
ORD-20261001-1038,2026-10-01 16:04:39,KUNAL,Ghosh,"Mysuru, Karnataka",Sports|Dumbbell Set|1899,-3
ORD-20261001-0338,01-10-2026 18:48,Dhwani,  Kapoor ,"Chennai, Tamil Nadu",Home And Kitchen|Non Stick Pan|1099,
ORD-20261001-2233,,Rajesh,Yadav,"mumbai, maharashtra",Sports|Yoga Mat|699,2
ORD-20261001-4234,01/10/2026 20:34,Tanvi,jain,"  Jaipur, Rajasthan ",Home And Kitchen|Wall Clock|649,1
ORD-20261001-1360,2026-10-01 13:26:06,Krishna,shah,"nagpur, maharashtra",Electronics|Power Bank|899,1
ORD-20261001-1750,01/10/2026 16:07,,Sharma,"  Hyderabad, Telangana ",Home And Kitchen|Storage Box|299,2
ORD-20261001-1760,01/10/2026 12:51,Priya,Trivedi,"coimbatore, tamil nadu",Beauty|Lipstick|399,1
ORD-20261001-1219,01-10-2026 12:08,MANISH,Patil,"Coimbatore, Tamil Nadu",Sports|Cricket Bat|1599, 1 
ORD-20261001-0393,2026-10-01 17:25:01,ADVIK,DUBEY,"Chennai, Tamil Nadu",Electronics|Smart Watch|2499,1
ORD-20261001-3735,N/A,Ishaan,bansal,"bengaluru, karnataka",Beauty|Perfume|1299,1
ORD-20261001-2746,01-10-2026 18:31,bhavna,Modi,"Mysuru, Karnataka",Fashion|Sunglasses|999,2
ORD-20261001-3946,2026-10-01 16:48:31,arjun,saxena,"Ahmedabad, Gujarat",Fashion|Running Shoes|2199, 1 
ORD-20261001-3709,01/10/2026 21:00,yash,Desai,"bengaluru, karnataka",Electronics|Power Bank|899,1
ORD-20261001-3129,01/10/2026 12:15,,  Pandya ,"Mumbai, Maharashtra",,1
ORD-20261001-2200,01/10/2026 10:51,Rajesh,Bose,"SURAT, GUJARAT",Beauty|Lipstick|399,2
ORD-20261001-4256,01/10/2026 17:01,Janvi,Gupta,"Lucknow, Uttar Pradesh",Beauty|Hair Serum|549,1
ORD-20261001-0461,2026-10-01 06:24:47,VIVAAN,Das,"Hyderabad, Telangana",Fashion|Cotton Kurta|799,1
ORD-20261001-0022,01-10-2026 11:32,Sara,Trivedi,"Nagpur, Maharashtra",Electronics|Power Bank|899,4
ORD-20261001-1765,01-10-2026 21:02,Jay,khanna,"Chennai, Tamil Nadu",Beauty|Lipstick|399,1
ORD-20261001-2764,01-10-2026 19:42,ritu,Verma,"Chennai, Tamil Nadu",Home And Kitchen|Non Stick Pan|1099,4
ORD-20261001-2695,01/10/2026 13:08,gaurav,Agarwal,"  Hyderabad, Telangana ",Home And Kitchen|Wall Clock|649,1.0
ORD-20261001-1620,01/10/2026 19:08,  Harsh ,parmar,"COIMBATORE, TAMIL NADU",Electronics|Power Bank|899,1
ORD-20261001-1744,01/10/2026 18:52,Ayaan,mishra,"Lucknow, Uttar Pradesh",Beauty|Sunscreen|449,3
ORD-20261001-4835,01/10/2026 18:28,Divya,solanki,"Ahmedabad, Gujarat",Sports|Cricket Bat|1599,1
ORD-20261001-2055,2026-10-01 19:18:43,  Vivaan ,Sinha,"Pune, Maharashtra",Beauty|Lipstick|399,4
ORD-20261001-2593,01-10-2026 15:49,suresh,Vyas,"coimbatore, tamil nadu",Sports|Yoga Mat|699,3
ORD-20261001-2548,01-10-2026 12:31,shreya,Pillai,"bengaluru, karnataka",Electronics|Smart Watch|2499,2
ORD-20261001-0881,2026-10-01 21:40:15,kabir,Kulkarni,"  Ahmedabad, Gujarat ",Fashion|Running Shoes|2199,1
ORD-20261001-0941,01/10/2026 15:58,Komal,vyas,"Pune, Maharashtra",Fashion|Cotton Kurta|799,2
ORD-20261001-3480,2026-10-01 15:30:25,Roshni,Iyer,"Bengaluru, Karnataka",Electronics|Smart Watch|2499,2
ORD-20261001-2872,01/10/2026 19:54,kabir,solanki,"Pune, Maharashtra",Electronics|Power Bank|899,2
ORD-20261001-3909,01/10/2026 19:21,krishna,Verma,"Mumbai, Maharashtra",Beauty|Hair Serum|549,1
ORD-20261001-0964,01/10/2026 15:35,ayaan,  Thakkar ,"Mumbai, Maharashtra",Sports|Dumbbell Set|1899,
ORD-20261001-3106,01/10/2026 20:19,Ishaan,Verma,"Lucknow, Uttar Pradesh",Electronics|Laptop Stand|749, 1 
ORD-20261001-1813,,hetal,Joshi,"Delhi, Delhi",Sports|Football|799,2
ORD-20261001-0989,01/10/2026 11:27,  Simran ,chopra,"CHENNAI, TAMIL NADU",Fashion|Leather Wallet|499,6
ORD-20261001-2262,01/10/2026 19:27,ADVIK,Mehta,"bengaluru, karnataka",Sports|Football|799,2
ORD-20261001-4110,01/10/2026 10:24,Rahul,  Tiwari ,"surat, gujarat",Electronics|Bluetooth Speaker|1799,1
ORD-20261001-4820,01/10/2026 07:22,Advik,Menon,"PUNE, MAHARASHTRA",Fashion|Running Shoes|2199,6
ORD-20261001-0709,01/10/2026 22:34,  Neel ,REDDY,"delhi, delhi",Electronics|Laptop Stand|749,3
ORD-20261001-2850,31/02/2026 08:58,Aryan,pandya,"Mumbai, Maharashtra",Home And Kitchen|Non Stick Pan|1099,2
ORD-20261001-0518,2026-10-01 21:58:35,Pranav,Kapoor,"surat, gujarat",,3
ORD-20261001-1309,2026-10-01 12:56:33,jay,Rao,"Bengaluru, Karnataka",Home And Kitchen|Non Stick Pan|1099,3
ORD-20261001-4555,01-10-2026 11:05,Aadhya,Arora,"Mumbai, Maharashtra",Electronics|Power Bank|899,3
ORD-20261001-2185,01-10-2026 19:57,Tanvi,Parmar,"Bengaluru, Karnataka",Electronics|Power Bank|899,3
ORD-20261001-0454,2026-10-01 22:57:39,roshni,SINGH,"Ahmedabad, Gujarat",Home And Kitchen|Non Stick Pan|1099,5.0
ORD-20261001-0325,01/10/2026 13:51,ROSHNI,PATEL,"bengaluru, karnataka",Fashion|Running Shoes|2199,2
ORD-20261001-4423,01/10/2026 15:33,Atharv,Kalavadia,"KOLKATA, WEST BENGAL",Home And Kitchen|Wall Clock|649,1.0
ORD-20261001-3631,01-10-2026 21:20,atharv,Joshi,"Surat, Gujarat",Sports|Dumbbell Set|1899,3
ORD-20261001-4827,01/10/2026 18:10,Aarav,Modi,"Bengaluru, Karnataka",Fashion|Leather Wallet|499,1.0
ORD-20261001-2303,2026-10-01 12:21:30,  Kavya ,  Saxena ,"AHMEDABAD, GUJARAT",Fashion|Running Shoes|2199,6
ORD-20261001-4635,01/10/2026 09:26,  Neha ,,"Pune, Maharashtra",Home And Kitchen|Wall Clock|649,4
ORD-20261001-1028,2026-10-01 21:59:46,Nisha,Nair,"Mumbai, Maharashtra",Electronics|Bluetooth Speaker|1799,2
ORD-20261001-1193,01/10/2026 20:22,megha,SHAH,"Kolkata, West Bengal",Fashion|Denim Jeans|1199,1
ORD-20261001-0955,01/10/2026 10:34,Anika,Shah,"Pune, Maharashtra",,2
ORD-20261001-0913,01/10/2026 22:31,Nidhi,Agarwal,"  Ahmedabad, Gujarat ",Beauty|Sunscreen|449,1
ORD-20261001-0459,01-10-2026 20:51,Mansi,Desai,"Ahmedabad, Gujarat",Fashion|Leather Wallet|499,1
ORD-20261001-1294,01/10/2026 13:19,Varun,modi,"Chennai, Tamil Nadu",Electronics|Smart Watch|2499,1
ORD-20261001-0908,01/10/2026 18:21,Dhwani,tiwari,"  Vadodara, Gujarat ",Beauty|Perfume|1299,1
ORD-20261001-2704,01/10/2026 17:07,Kriti,mehta,"Nagpur, Maharashtra",Home And Kitchen|Storage Box|299,1
ORD-20261001-0900,01/10/2026 10:51,mihir,khanna,"delhi, delhi",Beauty|Face Wash|249,1
ORD-20261001-0778,01-10-2026 19:42,HARSH,SRIVASTAVA,"  Mysuru, Karnataka ",Fashion|Sunglasses|999,1
ORD-20261001-0092,2026-10-01 18:37:08,Navya,Kumar,"surat, gujarat",Electronics|Bluetooth Speaker|1799, 1 
ORD-20261001-3218,01/10/2026 21:21,parth,Jain,"Delhi, Delhi",Sports|Skipping Rope|199,2.0
ORD-20261001-2952,01/10/2026 20:56,Amit,  Chopra ,"Jaipur, Rajasthan",Fashion|Sunglasses|999,1
ORD-20261001-3983,2026-10-01 20:36:36,Shaurya,pawar,"Chennai, Tamil Nadu",Fashion|Running Shoes|2199,5
ORD-20261001-0453,2026-10-01 11:22:51,khushi,Rathod,"lucknow, uttar pradesh",Fashion|Leather Wallet|499,3
ORD-20261001-3531,01-10-2026 18:42,Tanvi,  Chauhan ,"Chennai, Tamil Nadu",Beauty|Perfume|1299,2
ORD-20261001-3513,2026-10-01 22:30:31,Isha,chaudhary,"  Vadodara, Gujarat ",Fashion|Leather Wallet|499,4
ORD-20261001-3175,N/A,DHRUV,Dubey,"Nagpur, Maharashtra",Sports|Dumbbell Set|1899,1
ORD-20261001-2530,01/10/2026 19:37,MANSI,MENON,"PUNE, MAHARASHTRA",Electronics|Laptop Stand|749, 1 
ORD-20261001-0543,01/10/2026 21:33,aryan,Kalavadia,"Coimbatore, Tamil Nadu",Beauty|Lipstick|399,1
ORD-20261001-1020,2026-10-01 23:09:22,Manish,Bansal,"Chennai, Tamil Nadu",Sports|Dumbbell Set|1899,-1
ORD-20261001-2222,2026-10-01 02:21:33,AARAV,Kalavadia,"Hyderabad, Telangana",Beauty|Sunscreen|449,2
ORD-20261001-0825,2026-10-01 18:51:38,sneha,sharma,"Surat, Gujarat",Beauty|Perfume|1299,2
ORD-20261001-0583,2026-10-01 17:55:29,Kriti,Vyas,N/A,Electronics|Power Bank|899,1
ORD-20261001-2428,2026-10-01 09:05:04,advik,Menon,"Pune, Maharashtra",Beauty|Perfume|1299,1
ORD-20261001-0047,01/10/2026 22:27,Aarav,Pillai,"lucknow, uttar pradesh",Fashion|Denim Jeans|1199,3
ORD-20261001-0379,01-10-2026 21:46,Myra,bansal,"Chennai, Tamil Nadu",Fashion|Leather Wallet|499,1
ORD-20261001-3679,01-10-2026 19:28,Parth,Kalavadia,"  Mysuru, Karnataka ",Fashion|Sunglasses|999,1.0
ORD-20261001-3128,2026-10-01 18:41:51,Karan,Gupta,"Bengaluru, Karnataka",Fashion|Cotton Kurta|799,1
ORD-20261001-0722,01/10/2026 16:35,Manish,menon,"  Surat, Gujarat ",Electronics|Power Bank|899,1
ORD-20261001-3625,01/10/2026 11:56,Janvi,Verma,"  Delhi, Delhi ",Electronics|Bluetooth Speaker|1799,3
ORD-20261001-2924,01/10/2026 13:01,Vivaan,Sinha,"pune, maharashtra",Beauty|Perfume|1299,6
ORD-20261001-0653,01/10/2062 21:49,Kunal,Agarwal,"Nagpur, Maharashtra",Electronics|Power Bank|899,1
ORD-20261001-3352,2026-10-01 19:17:17,Kabir,Kulkarni,"Ahmedabad, Gujarat",Fashion|Cotton Kurta|799,1
ORD-20261001-1853,01-10-2026 10:23,riya,Pillai,"Delhi, Delhi",Sports|Cricket Bat|1599,5
ORD-20261001-3806,01/10/2026 13:51,Kunal,Agarwal,"mumbai, maharashtra",Beauty|Face Wash|249,1
,2026-10-01 17:15:32,MANISH,  Verma ,"Chennai, Tamil Nadu",Beauty|Face Wash|249,2
ORD-20261001-4792,2026-10-01 22:45:52,Priya,verma,"  Chennai, Tamil Nadu ",Beauty|Hair Serum|549,2
ORD-20261001-1245,2026-10-01 19:07:31,Ritu,Bose,"HYDERABAD, TELANGANA",Electronics|Bluetooth Speaker|1799,1
ORD-20261001-1988,01/10/2026 22:26,Swati,khanna,"LUCKNOW, UTTAR PRADESH",Beauty|Perfume|1299,
ORD-20261001-3819,01/10/2026 11:13,Tanvi,Kumar,"  Ahmedabad, Gujarat ",Fashion|Running Shoes|2199,1
ORD-20261001-0136,01-10-2026 18:20,Deepak,Rathod,"Mumbai, Maharashtra",Beauty|Perfume|1299,1
ORD-20261001-0711,2026-10-01 22:59:07,  Mansi ,vyas,"CHENNAI, TAMIL NADU",Fashion|Cotton Kurta|799,4
ORD-20261001-0033,01-10-2026 22:07,Sara,kapoor,"mumbai, maharashtra",Electronics|Smart Watch|2499,2
ORD-20261001-2476,01/10/2026 10:52,riya,Nair,"SURAT, GUJARAT",Electronics|Smart Watch|2499,2
ORD-20261001-3301,01-10-2026 16:01,Roshni,  Khanna ,"Mumbai, Maharashtra",Home And Kitchen|Steel Water Bottle|399,1
ORD-20261001-4544,2026-10-01 06:45:53,Mihir,kapoor,"Nagpur, Maharashtra",Home And Kitchen|Storage Box|299,1
ORD-20261001-1211,2026-10-01 20:48:34,Pranav,Nair,"BENGALURU, KARNATAKA",Sports|Cricket Bat|1599,1
ORD-20261001-1460,01/10/2026 19:23,Varun,Menon,"Kolkata, West Bengal",Fashion|Running Shoes|2199,1
ORD-20261001-4001,01/10/2026 20:28,amit,trivedi,"Kolkata, West Bengal",Beauty|Face Wash|249,1
ORD-20261001-1237,01/10/2026 14:06,  Karan ,Kulkarni,"JAIPUR, RAJASTHAN",Beauty|Lipstick|399,1
ORD-20261001-1631,01/10/2026 19:39,om,Shah,"Hyderabad, Telangana",Fashion|Running Shoes|2199, 1 
ORD-20261001-1857,01/10/2026 11:26,kavya,Srivastava,"AHMEDABAD, GUJARAT",Beauty|Sunscreen|449,
ORD-20261001-2705,01-10-2026 15:49,PALAK,jain,"Bengaluru, Karnataka",Electronics|Laptop Stand|749,1
ORD-20261001-1334,01/10/2025 17:09,Palak,Solanki,"Mumbai, Maharashtra",Home And Kitchen|Storage Box|299,1
ORD-20261001-2994,01/10/2026 12:16,Priya,kalavadia,"delhi, delhi",Fashion|Leather Wallet|499,4
ORD-20261001-3314,2026-10-01 19:39:15,Priya,kalavadia,"HYDERABAD, TELANGANA",Home And Kitchen|Steel Water Bottle|399,3
ORD-20261001-1459,01-10-2026 20:38,  Komal ,iyer,"Bengaluru, Karnataka",Electronics|Wireless Earbuds|1299,1
ORD-20261001-3846,01-10-2026 20:00,Atharv,Pandya,"vadodara, gujarat",Electronics|Power Bank|899,1
ORD-20261001-0004,01/10/2026 15:41,Sneha,Bose,"Coimbatore, Tamil Nadu",Beauty|Face Wash|249,1
ORD-20261001-4736,2026-10-01 13:09:22,  Priya ,  Bhatt ,"Hyderabad, Telangana",Beauty|Sunscreen|449,1
ORD-20261001-2147,01/10/2026 19:44,  Shaurya ,ghosh,"Delhi, Delhi",Electronics|Wireless Earbuds|1299,2
ORD-20261001-3154,01/10/2026 21:35,Advik,Chaudhary,"Coimbatore, Tamil Nadu",Sports|Yoga Mat|699,1
ORD-20261001-0209,2026-10-01 11:55:13,arjun,  Bhatt ,"surat, gujarat",Beauty|Hair Serum|549,
ORD-20261001-0688,N/A,Riya,  Saxena ,"lucknow, uttar pradesh",Home And Kitchen|Steel Water Bottle|399,2
ORD-20261001-0095,01/10/2026 15:52,SAI,Trivedi,"Pune, Maharashtra",Electronics|Smart Watch|2499,1
ORD-20261001-4041,01/10/2026 12:27,Atharv,Mukherjee,"Surat, Gujarat",Electronics|Bluetooth Speaker|1799,6
ORD-20261001-1889,01-10-2026 20:54,Vivaan,Shah,"Bengaluru, Karnataka",Beauty|Perfume|1299,4
ORD-20261001-0278,01-10-2026 21:39,RITU,parmar,N/A,Electronics|Laptop Stand|749,1
ORD-20261001-0482,01/10/2026 21:45,Reyansh,Sharma,"bengaluru, karnataka",Home And Kitchen|Bedsheet Set|1499,1
ORD-20261001-2831,,Bhavna,Sharma,"KOLKATA, WEST BENGAL",Home And Kitchen|Steel Water Bottle|399,2
ORD-20261001-0884,01/10/2026 16:11,gaurav,  Saxena ,"Mysuru, Karnataka",Fashion|Leather Wallet|499,-1
ORD-20261001-2779,01-10-2026 07:49,Deepak,Bhatt,"Surat, Gujarat",Fashion|Denim Jeans|1199,3.0
ORD-20261001-2434,01/10/2026 10:51,Tanvi,Trivedi,"KOLKATA, WEST BENGAL",Electronics|Laptop Stand|749,1
ORD-20261001-3785,01/10/2026 18:55,Dhwani,Patel,"hyderabad, telangana",Fashion|Running Shoes|2199,2
ORD-20261001-1757,2026-10-01 20:18:21,ISHAAN,agarwal,"Delhi, Delhi",Fashion|Running Shoes|2199,1
ORD-20261001-2023,2026-10-01 20:04:21,Payal,PATIL,"Ahmedabad, Gujarat",Electronics|Wireless Earbuds|1299,3
ORD-20261001-1409,2026-10-01 21:04:55,Hetal,Yadav,"Chennai, Tamil Nadu",Home And Kitchen|Storage Box|299,1
ORD-20261001-3285,01/10/2026 10:19,aditya,Tiwari,"Hyderabad, Telangana",Home And Kitchen|Steel Water Bottle|399,1
ORD-20261001-2895,01-10-2026 22:08,Anjali,Bhatt,"lucknow, uttar pradesh",Electronics|Laptop Stand|749,2
ORD-20261001-1298,2026-10-01 14:47:52,  Dhwani ,Khanna,"KOLKATA, WEST BENGAL",Electronics|Wireless Earbuds|1299,1
ORD-20261001-0579,2026-10-01 04:41:39,rajesh,rathod,"AHMEDABAD, GUJARAT",Electronics|Smart Watch|2499,1
ORD-20261001-0086,01/10/2026 16:58,Vikas,Nair,"Jaipur, Rajasthan",Home And Kitchen|Bedsheet Set|1499,1
ORD-20261001-2759,01/10/2026 16:32,,kulkarni,N/A,Electronics|Laptop Stand|749,1
ORD-20261001-4476,01/10/2026 22:57,Kriti,joshi,"Delhi, Delhi",Electronics|Bluetooth Speaker|1799,1
ORD-20261001-1234,2026-10-01 20:07:08,varun,Srivastava,"AHMEDABAD, GUJARAT",Electronics|Laptop Stand|749,1
ORD-20261001-3083,01/10/2026 20:12,Hetal,Yadav,,Beauty|Hair Serum|549,1
ORD-20261001-1690,2026-10-01 19:02:32,ANJALI,Patil,"vadodara, gujarat",Sports|Yoga Mat|699,1
ORD-20261001-0326,01/10/2026 07:46,Dev,Kumar,"  Vadodara, Gujarat ",Beauty|Sunscreen|449,3
ORD-20261001-0890,2026-10-01 11:58:02,dev,THAKKAR,"pune, maharashtra",Electronics|Laptop Stand|749,4
ORD-20261001-3913,01/10/2026 09:59,Amit,Rao,"Hyderabad, Telangana",Electronics|Wireless Earbuds|1299,1
ORD-20261001-0677,2026-10-01 13:42:25,Arjun,THAKKAR,"delhi, delhi",Electronics|Power Bank|899,1
ORD-20261001-3090,01/10/2026 11:33,Saanvi,Desai,"Bengaluru, Karnataka",Fashion|Cotton Kurta|799,
ORD-20261001-4749,01/10/2026 14:28,Shaurya,,"  Mumbai, Maharashtra ",Electronics|Laptop Stand|749,2
ORD-20261001-1764,01-10-2026 21:11,Krupa,Mishra,"mumbai, maharashtra",Home And Kitchen|Bedsheet Set|1499,2
ORD-20261001-2187,01/10/2062 01:49,parth,Bansal,"Mumbai, Maharashtra",Beauty|Face Wash|249,1
ORD-20261001-0125,01/10/2026 15:55,  Rajesh ,Saxena,"  Jaipur, Rajasthan ",Electronics|Power Bank|899,
ORD-20261001-0608,2026-10-01 17:18:27,Deepak,Desai,"Jaipur, Rajasthan",Sports|Dumbbell Set|1899,3.0
ORD-20261001-1290,01-10-2026 17:57,Diya,pawar,"Chennai, Tamil Nadu",Sports|Dumbbell Set|1899,1
ORD-20261001-4076,01-10-2026 16:36,Reyansh,Desai,"Surat, Gujarat",Electronics|Bluetooth Speaker|1799,5
ORD-20261001-4141,2026-10-01 14:41:32,Nisha,Rao,"HYDERABAD, TELANGANA",Sports|Dumbbell Set|1899,1
ORD-20261001-3290,01/10/2026 15:56,JANVI,das,"Pune, Maharashtra",Beauty|Perfume|1299,6
ORD-20261001-1495,01/10/2026 13:31,Kunal,GHOSH,"Mysuru, Karnataka",Home And Kitchen|Storage Box|299,1
ORD-20261001-3771,01/10/2026 19:28,Varun,Yadav,"Surat, Gujarat",Fashion|Denim Jeans|1199,1
ORD-20261001-4361,01-10-2026 18:10,Myra,sharma,"NAGPUR, MAHARASHTRA",Fashion|Leather Wallet|499, 1 
ORD-20261001-0864,01/10/2026 15:23,Karan,  Jain ,"Bengaluru, Karnataka",Beauty|Perfume|1299,1
ORD-20261001-4503,2026-10-01 12:12:00,Aditya,Rao,"Delhi, Delhi",Fashion|Running Shoes|2199,5
ORD-20261001-3144,01/10/2026 09:39,ATHARV,Sinha,"Mumbai, Maharashtra",Home And Kitchen|Wall Clock|649,4
ORD-20261001-4761,01/10/2026 16:46,Tanvi,  Chauhan ,"Kolkata, West Bengal",Beauty|Sunscreen|449,1
ORD-20261001-0623,01/10/2026 19:16,Suresh,Kumar,"MUMBAI, MAHARASHTRA",Beauty|Face Wash|249,1
ORD-20261001-4643,01/10/2026 17:42,Mihir,Kulkarni,"Surat, Gujarat",Fashion|Running Shoes|2199,1
ORD-20261001-0130,2026-10-01 23:00:14,Vikas,Patil,"VADODARA, GUJARAT",Home And Kitchen|Bedsheet Set|1499,3
ORD-20261001-3834,01/10/2026 20:59,Atharv,Thakkar,"Hyderabad, Telangana",Home And Kitchen|Steel Water Bottle|399,4
ORD-20261001-1629,2026-10-01 18:31:33,Anika,Shah,"Pune, Maharashtra",Sports|Yoga Mat|699,4
ORD-20261001-4805,2026-10-01 12:59:06,Swati,trivedi,"Delhi, Delhi",Sports|Cricket Bat|1599,6
ORD-20261001-0186,01-10-2026 15:28,advik,  Mehta ,"  Chennai, Tamil Nadu ",Fashion|Denim Jeans|1199,2
ORD-20261001-0670,01/10/2026 21:34,Kunal,Desai,"Jaipur, Rajasthan",Home And Kitchen|Non Stick Pan|1099,1
ORD-20261001-4360,01/10/2026 22:33,  Ayaan ,Iyer,"Pune, Maharashtra",Electronics|Bluetooth Speaker|1799,5
ORD-20261001-3448,01/10/2026 14:37,Krishna,Gupta,"Delhi, Delhi",Fashion|Running Shoes|2199,1
ORD-20261001-1580,01/10/2026 16:28,reyansh,Pawar,"Mumbai, Maharashtra",Home And Kitchen|Steel Water Bottle|399,1
ORD-20261001-3012,2026-10-01 21:31:34,Hetal,Joshi,"Ahmedabad, Gujarat",Sports|Football|799,2
ORD-20261001-4312,2026-10-01 12:19:36,BHAVNA,Sharma,"COIMBATORE, TAMIL NADU",Fashion|Leather Wallet|499,4
ORD-20261001-0837,01/10/2026 13:15,Hetal,parmar,"Hyderabad, Telangana",Beauty|Face Wash|249,2
ORD-20261001-1888,01/10/2026 13:07,Sai,Kapoor,"nagpur, maharashtra",Electronics|Power Bank|899,1
ORD-20261001-1008,2026-10-01 08:21:00,Ritu,Trivedi,"Hyderabad, Telangana",Fashion|Running Shoes|2199,1
ORD-20261001-0761,,Parth,dubey,"Bengaluru, Karnataka",Electronics|Power Bank|899,2
ORD-20261001-0561,01-10-2026 18:59,Karan,Parmar,"mumbai, maharashtra",Fashion|Cotton Kurta|799,2
ORD-20261001-2386,2026-10-01 16:27:27,Aditi,Iyer,"Bengaluru, Karnataka",Fashion|Sunglasses|999,1
ORD-20261001-2489,01/10/2026 14:55,SWATI,THAKKAR,"Mumbai, Maharashtra",Home And Kitchen|Storage Box|299,1
ORD-20261001-1543,01/10/2026 19:45,Roshni,srivastava,"  Ahmedabad, Gujarat ",Fashion|Leather Wallet|499,1
ORD-20261001-4245,01-10-2026 04:13,kavya,Desai,"Delhi, Delhi",Fashion|Denim Jeans|1199,2
ORD-20261001-0183,01-10-2026 03:19,Dev,dubey,"bengaluru, karnataka",Electronics|Laptop Stand|749,1
ORD-20261001-3435,2026-10-01 18:39:32,  Kriti ,  Khanna ,"  Hyderabad, Telangana ",Electronics|Smart Watch|2499,1
ORD-20261001-1114,01/10/2026 15:38,Sara,Reddy,"Coimbatore, Tamil Nadu",Sports|Skipping Rope|199, 1 
ORD-20261001-2948,2026-10-01 10:40:34,Atharv,chaudhary,"Nagpur, Maharashtra",Fashion|Cotton Kurta|799,2
ORD-20261001-3373,01/10/2026 11:23,Varun,gupta,"Chennai, Tamil Nadu",Sports|Cricket Bat|1599,3
ORD-20261001-0698,2026-10-01 15:49:00,Janvi,Trivedi,"Ahmedabad, Gujarat",Fashion|Cotton Kurta|799, 2 
ORD-20261001-1094,01/10/2026 21:56,rahul,Singh,"Delhi, Delhi",Beauty|Lipstick|399,2
ORD-20261001-0212,01/10/2026 14:52,Tushar,Parmar,"HYDERABAD, TELANGANA",Electronics|Power Bank|899,1
ORD-20261001-4309,2026-10-01 19:15:26,Ananya,Menon,"Hyderabad, Telangana",Fashion|Leather Wallet|499, 1 
ORD-20261001-1891,01/10/2026 14:59,,Chopra,"Pune, Maharashtra",Beauty|Lipstick|399,1
ORD-20261001-4037,01/10/2026 11:06,Sai,Sinha,"CHENNAI, TAMIL NADU",Sports|Cricket Bat|1599, 1 
ORD-20261001-4418,2026-10-01 20:07:22,Aditi,Pandya,"Mumbai, Maharashtra",Fashion|Leather Wallet|499,3
ORD-20261001-4119,2026-10-01 03:00:01,  Jay ,Agarwal,"delhi, delhi",Home And Kitchen|Wall Clock|649,1
ORD-20261001-3074,01/10/2026 19:28,AADHYA,thakkar,"nagpur, maharashtra",Home And Kitchen|Bedsheet Set|1499,2
ORD-20261001-1344,2026-10-01 18:09:50,Divya,Mukherjee,"Mumbai, Maharashtra",Sports|Yoga Mat|699,3
ORD-20261001-2232,2026-10-01 20:31:01,Mansi,chauhan,N/A,Home And Kitchen|Storage Box|299,1.0
ORD-20261001-1400,01/10/2026 09:02,Aryan,Mishra,"Mumbai, Maharashtra",Sports|Cricket Bat|1599,6
ORD-20261001-1031,01/10/2026 18:52,Divya,singh,"Pune, Maharashtra",Electronics|Power Bank|899,4.0
ORD-20261001-0571,01/10/2026 19:32,Pranav,Rathod,"Ahmedabad, Gujarat",Beauty|Hair Serum|549,1
ORD-20261001-1012,2026-10-01 14:15:11,Advik,singh,"Hyderabad, Telangana",Fashion|Cotton Kurta|799,3
ORD-20261001-1619,01/10/2026 03:19,Navya,sinha,"Delhi, Delhi",Electronics|Laptop Stand|749,1
ORD-20261001-2281,01/10/2026 02:17,atharv,Joshi,"Ahmedabad, Gujarat",Beauty|Perfume|1299,2
ORD-20261001-0202,01/10/2026 13:20,Arjun,menon,"Kolkata, West Bengal",Fashion|Denim Jeans|1199,1
ORD-20261001-4185,2026-10-01 11:37:41,Priya,PARMAR,"jaipur, rajasthan",Sports|Cricket Bat|1599,1.0
ORD-20261001-4474,2026-10-01 09:22:16,Atharv,Ghosh,"coimbatore, tamil nadu",Fashion|Leather Wallet|499,5
ORD-20261001-4579,2026-10-01 14:05:41,Vikas,Nair,"hyderabad, telangana",Fashion|Running Shoes|2199,1
ORD-20261001-2596,01/10/2026 22:56,diya,nair,"Mysuru, Karnataka",Home And Kitchen|Non Stick Pan|1099,2
ORD-20261001-4811,01/10/2026 18:34,Vivaan,jain,"hyderabad, telangana",Fashion|Leather Wallet|499,1
ORD-20261001-1265,01-10-2026 21:42,  Ananya ,  Nair ,"kolkata, west bengal",Home And Kitchen|Steel Water Bottle|399,3
ORD-20261001-1206,01-10-2026 20:51,Nikhil,Dubey,"mumbai, maharashtra",Beauty|Hair Serum|549,3
ORD-20261001-1863,01/10/2026 17:04,Vivaan,Kumar,"Pune, Maharashtra",Beauty|Perfume|1299,1
ORD-20261001-3667,01-10-2026 17:17,Om,Tiwari,"Pune, Maharashtra",Home And Kitchen|Wall Clock|649,1
ORD-20261001-3548,01-10-2026 13:11,Anika,Arora,"Bengaluru, Karnataka",Home And Kitchen|Bedsheet Set|1499, 1 
ORD-20261001-3211,01/10/2026 19:00,Shaurya,Ghosh,"  Delhi, Delhi ",Sports|Football|799,
ORD-20261001-1805,01/10/2026 06:13,Advik,Trivedi,"Hyderabad, Telangana",Sports|Dumbbell Set|1899,1
ORD-20261001-1630,01/10/2026 17:07,Pooja,Khanna,"Ahmedabad, Gujarat",Sports|Skipping Rope|199,1
ORD-20261001-0537,2026-10-01 14:58:03,Dev,  Kapoor ,"DELHI, DELHI",Beauty|Face Wash|249,2
ORD-20261001-2210,01-10-2026 18:10,deepak,Yadav,"Chennai, Tamil Nadu",Sports|Football|799,1
ORD-20261001-3977,01/10/2026 11:17,Megha,Saxena,"hyderabad, telangana",Fashion|Sunglasses|999,2
ORD-20261001-1108,N/A,Hetal,Pillai,"PUNE, MAHARASHTRA",Beauty|Hair Serum|549,1
ORD-20261001-0025,2026-10-01 00:33:33,Vikas,modi,"Delhi, Delhi",Sports|Dumbbell Set|1899,3.0
ORD-20261001-1054,2026-10-01 08:44:33,Kavya,trivedi,"Bengaluru, Karnataka",Fashion|Sunglasses|999,2
ORD-20261001-3140,01-10-2026 14:37,KOMAL,Chauhan,"Delhi, Delhi",Home And Kitchen|Wall Clock|649,1
ORD-20261001-0094,01/10/2026 20:29,dhruv,jain,"  Pune, Maharashtra ",Fashion|Denim Jeans|1199,5
ORD-20261001-3719,01/10/2026 20:24,Aditya,Srivastava,"nagpur, maharashtra",Beauty|Hair Serum|549,1
ORD-20261001-1791,2026-10-01 11:58:03,saanvi,Malhotra,"Pune, Maharashtra",Electronics|Bluetooth Speaker|1799,4
ORD-20261001-1640,01/10/2026 18:36,  Om ,kumar,"Mumbai, Maharashtra",Electronics|Power Bank|899,2
ORD-20261001-4656,01/10/2026 11:36,Vikas,sinha,"Chennai, Tamil Nadu",,4
ORD-20261001-4677,01/10/2026 14:33,Tanvi,Chauhan,"Lucknow, Uttar Pradesh",Electronics|Bluetooth Speaker|1799,1.0
ORD-20261001-1614,01/10/2026 20:19,PARI,Mishra,"Lucknow, Uttar Pradesh",Fashion|Leather Wallet|499,1
ORD-20261001-4566,01/10/2026 20:32,Vivaan,Agarwal,"Pune, Maharashtra",Sports|Football|799,1
ORD-20261001-4712,01/10/2026 20:17,gaurav,Reddy,"Mumbai, Maharashtra",Electronics|Wireless Earbuds|1299,4
ORD-20261001-0739,31/02/2026 08:02,kabir,KULKARNI,"  Jaipur, Rajasthan ",Beauty|Lipstick|399,6.0
ORD-20261001-4365,01/10/2026 11:31,  Sneha ,Pandya,"Nagpur, Maharashtra",Electronics|Wireless Earbuds|1299,3
ORD-20261001-1189,2026-10-01 22:20:36,Pooja,Jain,"Surat, Gujarat",Beauty|Lipstick|399,1
ORD-20261001-4428,01-10-2026 13:22,VIHAAN,rathod,"Mumbai, Maharashtra",Fashion|Cotton Kurta|799,1
ORD-20261001-3606,2026-10-01 12:23:18,pranav,Chaudhary,"Pune, Maharashtra",Sports|Football|799,3
ORD-20261001-0510,01/10/2026 16:11,Aditi,Agarwal,"Mumbai, Maharashtra",Electronics|Wireless Earbuds|1299,1
ORD-20261001-0311,01/10/2026 18:12,  Pooja ,Solanki,"  Pune, Maharashtra ",Fashion|Leather Wallet|499,2
ORD-20261001-0840,2026-10-01 07:26:04,Neha,Ghosh,"Bengaluru, Karnataka",Electronics|Laptop Stand|749,4
ORD-20261001-0440,01/10/2026 21:44,Sneha,  Verma ,"Surat, Gujarat",Electronics|Power Bank|899,1
ORD-20261001-3656,2026-10-01 11:51:22,Navya,NAIR,"Jaipur, Rajasthan",Beauty|Face Wash|249,1
ORD-20261001-3100,01/10/2026 11:33,Suresh,IYER,"DELHI, DELHI",Home And Kitchen|Bedsheet Set|1499,2
ORD-20261001-0489,01/10/2026 19:58,  Vivaan ,mishra,"DELHI, DELHI",Fashion|Cotton Kurta|799,1
ORD-20261001-0236,2026-10-01 11:41:20,diya,Iyer,"  Surat, Gujarat ",Fashion|Denim Jeans|1199,5
ORD-20261001-2987,2026-10-01 20:11:09,Tushar,Agarwal,"kolkata, west bengal",Sports|Skipping Rope|199,1
ORD-20261001-0178,01/10/2026 08:55,komal,Joshi,"Bengaluru, Karnataka",Sports|Football|799,2
ORD-20261001-4563,01/10/2026 21:32,Megha,Thakkar,"  Mumbai, Maharashtra ",Home And Kitchen|Steel Water Bottle|399,2
ORD-20261001-3279,30/02/2026 14:17,Roshni,  Rathod ,"  Bengaluru, Karnataka ",Home And Kitchen|Steel Water Bottle|399,1
ORD-20261001-1549,01-10-2026 17:53,SNEHA,,,Fashion|Running Shoes|2199,3
ORD-20261001-3758,2026-10-01 18:08:52,Rajesh,Dubey,"Delhi, Delhi",Beauty|Lipstick|399,1
ORD-20261001-1692,01/10/2026 22:52,Rohan,Yadav,"Coimbatore, Tamil Nadu",Sports|Dumbbell Set|1899,1
ORD-20261001-3530,01/10/2026 23:37,VIKAS,Khanna,"surat, gujarat",Fashion|Cotton Kurta|799,1
,01/10/2026 15:14,Gaurav,desai,"BENGALURU, KARNATAKA",Fashion|Cotton Kurta|799,
ORD-20261001-3370,2026-10-01 04:03:57,Tanvi,  Nair ,"HYDERABAD, TELANGANA",Sports|Skipping Rope|199,1
ORD-20261001-1418,2026-10-01 13:26:20,  Shaurya ,Ghosh,"Delhi, Delhi",Home And Kitchen|Storage Box|299,1
ORD-20261001-1446,2026-10-01 21:54:57,  Dev ,SHAH,"BENGALURU, KARNATAKA",Beauty|Hair Serum|549,3
ORD-20261001-2558,01/10/2026 18:24,Neel,kalavadia,"Pune, Maharashtra",Fashion|Leather Wallet|499,1
ORD-20261001-2570,01-10-2026 22:00,Nikhil,SHARMA,"Chennai, Tamil Nadu",,1
ORD-20261001-2536,01/10/2026 22:51,ANANYA,Das,"Bengaluru, Karnataka",Electronics|Bluetooth Speaker|1799,1
ORD-20261001-3016,2026-10-01 16:17:50,Vivaan,Jain,"CHENNAI, TAMIL NADU",Beauty|Lipstick|399,2
ORD-20261001-4108,01/10/2026 23:56,kriti,Arora,"  Delhi, Delhi ",Home And Kitchen|Wall Clock|649,1
ORD-20261001-1874,01/10/2026 15:44,Yash,agarwal,,Fashion|Cotton Kurta|799,1
ORD-20261001-2841,01-10-2026 18:19,Hetal,Patil,"kolkata, west bengal",Beauty|Lipstick|399,2
ORD-20261001-0954,01/10/2026 20:34,Kabir,PATEL,"Kolkata, West Bengal",Electronics|Wireless Earbuds|1299,2
ORD-20261001-1092,2026-10-01 11:18:12,kriti,Chopra,"Bengaluru, Karnataka",Fashion|Denim Jeans|1199,4
ORD-20261001-1964,01-10-2026 13:07,Varun,  Bose ,"Mumbai, Maharashtra",Electronics|Power Bank|899,1
ORD-20261001-3683,2026-10-01 18:24:48,Komal,  Kulkarni ,"Kolkata, West Bengal",Home And Kitchen|Wall Clock|649,1
ORD-20261001-3561,01-10-2026 20:21,Amit,Arora,"BENGALURU, KARNATAKA",Electronics|Bluetooth Speaker|1799,1
ORD-20261001-3430,01/10/2026 20:53,aanya,Arora,"Pune, Maharashtra",Electronics|Bluetooth Speaker|1799,2
ORD-20261001-2691,2026-10-01 06:56:38,varun,srivastava,"DELHI, DELHI",Home And Kitchen|Storage Box|299,1
ORD-20261001-3684,01/10/2026 23:23,  Parth ,Pandya,"  Hyderabad, Telangana ",Home And Kitchen|Storage Box|299, 4 
ORD-20261001-3534,2026-10-01 17:42:21,  Yash ,  Pawar ,"chennai, tamil nadu",Home And Kitchen|Bedsheet Set|1499,6
ORD-20261001-4208,01/10/2026 22:24,  Pari ,JAIN,"Mumbai, Maharashtra",Sports|Cricket Bat|1599,3
ORD-20261001-0957,01/10/2026 22:33,Rohan,Reddy,"Pune, Maharashtra",Home And Kitchen|Steel Water Bottle|399,2
ORD-20261001-1636,2026-10-01 08:51:48,aanya,Rao,"surat, gujarat",Beauty|Perfume|1299,1
ORD-20261001-1662,2026-10-01 14:20:19,manish,Yadav,"Mysuru, Karnataka",Home And Kitchen|Non Stick Pan|1099,2
ORD-20261001-0255,01/10/2026 21:35,  Karan ,Patil,"jaipur, rajasthan",Fashion|Leather Wallet|499, 1 
ORD-20261001-2773,01/10/2026 13:54,jay,sharma,"Pune, Maharashtra",Home And Kitchen|Bedsheet Set|1499, 1 
ORD-20261001-2107,01/10/2026 20:45,riya,Iyer,"Delhi, Delhi",Home And Kitchen|Storage Box|299,1
ORD-20261001-1511,01-10-2026 13:45,Vihaan,Mishra,"Ahmedabad, Gujarat",Electronics|Power Bank|899,1
ORD-20261001-3057,01-10-2026 20:44,RAHUL,Ghosh,"Pune, Maharashtra",Home And Kitchen|Storage Box|299,1
ORD-20261001-3669,01/10/2026 23:11,khushi,Chauhan,"surat, gujarat",Home And Kitchen|Storage Box|299,
ORD-20261001-3566,01-10-2026 13:27,Mihir,Saxena,"Kolkata, West Bengal",Electronics|Smart Watch|2499, 1 
ORD-20261001-1490,01-10-2026 19:50,Aryan,  Rao ,"Ahmedabad, Gujarat",Home And Kitchen|Storage Box|299,2
ORD-20261001-2591,01/10/2026 09:08,Parth,arora,"Mumbai, Maharashtra",Beauty|Hair Serum|549,1
ORD-20261001-2064,01/10/2026 19:28,Sara,Desai,"  Nagpur, Maharashtra ",Beauty|Perfume|1299,5
ORD-20261001-1032,2026-10-01 15:51:43,Krishna,joshi,"Chennai, Tamil Nadu",Sports|Yoga Mat|699,3
ORD-20261001-3184,01/10/2026 17:12,Dhwani,,"VADODARA, GUJARAT",Fashion|Running Shoes|2199,1
ORD-20261001-0279,01/10/2026 13:56,Palak,Kapoor,"Jaipur, Rajasthan",Sports|Skipping Rope|199, 1 
ORD-20261001-2275,01/10/2026 19:56,Rudra,  Sharma ,"Coimbatore, Tamil Nadu",Electronics|Wireless Earbuds|1299,2
ORD-20261001-3869,01/10/2026 15:08,JANVI,  Pillai ,"  Delhi, Delhi ",Electronics|Smart Watch|2499,1
ORD-20261001-2532,01/10/2026 02:36,  Priya ,Malhotra,"Delhi, Delhi",Electronics|Laptop Stand|749,4
ORD-20261001-2364,01/10/2026 14:40,navya,Khanna,"NAGPUR, MAHARASHTRA",Home And Kitchen|Bedsheet Set|1499, 2 
ORD-20261001-0581,01/10/2026 20:23,,Kapoor,"  Delhi, Delhi ",Fashion|Denim Jeans|1199,4
ORD-20261001-3786,01-10-2026 21:35,Ayaan,kulkarni,N/A,Sports|Cricket Bat|1599,1.0
ORD-20261001-1287,01-10-2026 13:37,megha,thakkar,"delhi, delhi",Sports|Skipping Rope|199,1
ORD-20261001-2003,01/10/2026 14:22,Shaurya,mehta,"DELHI, DELHI",Electronics|Smart Watch|2499,1
ORD-20261001-0603,01/10/2026 06:30,Isha,Yadav,"Delhi, Delhi",Home And Kitchen|Wall Clock|649,1
ORD-20261001-2996,2026-10-01 16:50:22,ANANYA,Rao,"Lucknow, Uttar Pradesh",Home And Kitchen|Storage Box|299,2.0
ORD-20261001-2904,01/10/2026 18:49,Divya,Chopra,"AHMEDABAD, GUJARAT",Sports|Cricket Bat|1599,1.0
ORD-20261001-1055,01/10/2026 20:32,Priya,nair,"Ahmedabad, Gujarat",Electronics|Smart Watch|2499,3.0
ORD-20261001-3085,01/10/2026 16:18,Vihaan,Pawar,"  Mumbai, Maharashtra ",Fashion|Running Shoes|2199,5.0
ORD-20261001-3263,2026-10-01 16:47:03,  Amit ,pandya,"mumbai, maharashtra",Home And Kitchen|Wall Clock|649,
ORD-20261001-1575,2026-10-01 10:47:55,Arjun,Patil,"Chennai, Tamil Nadu",Home And Kitchen|Bedsheet Set|1499,1.0
ORD-20261001-3189,01/10/2026 15:33,Simran,srivastava,"Hyderabad, Telangana",Fashion|Cotton Kurta|799, 3 
ORD-20261001-0612,01/10/2026 06:50,komal,Bhatt,"MYSURU, KARNATAKA",Home And Kitchen|Steel Water Bottle|399,2
ORD-20261001-3023,01-10-2026 22:35,Shaurya,  Chauhan ,"Pune, Maharashtra",Electronics|Laptop Stand|749,2
ORD-20261001-0998,01/10/2026 16:07,Advik,kulkarni,"Mysuru, Karnataka",Sports|Dumbbell Set|1899,1.0
ORD-20261001-2729,01/10/2026 14:37,manish,NAIR,"Hyderabad, Telangana",Home And Kitchen|Steel Water Bottle|399,6
ORD-20261001-1910,01-10-2026 10:35,Reyansh,Menon,"Ahmedabad, Gujarat",Electronics|Power Bank|899,3
ORD-20261001-2096,2026-10-01 16:08:27,ishaan,Bansal,"JAIPUR, RAJASTHAN",Beauty|Sunscreen|449,2
ORD-20261001-2627,01/10/2026 21:11,suresh,Modi,,Home And Kitchen|Steel Water Bottle|399,3
ORD-20261001-2365,2026-10-01 14:26:59,AARAV,modi,"Bengaluru, Karnataka",Sports|Football|799,2
ORD-20261001-3095,2026-10-01 11:49:55,Mihir,Sinha,"MYSURU, KARNATAKA",Fashion|Running Shoes|2199,1
ORD-20261001-2577,2026-10-01 12:35:30,kunal,Nair,"Pune, Maharashtra",Beauty|Face Wash|249,2
ORD-20261001-1936,01/10/2026 15:22,nidhi,shah,"Mumbai, Maharashtra",Home And Kitchen|Steel Water Bottle|399,4
ORD-20261001-0309,01/10/2026 19:08,shaurya,PILLAI,"  Delhi, Delhi ",Beauty|Sunscreen|449,2
ORD-20261001-4033,2026-10-01 18:44:13,Deepak,Das,"Surat, Gujarat",Sports|Yoga Mat|699,1
ORD-20261001-1991,01-10-2026 17:59,Harsh,  Yadav ,"Chennai, Tamil Nadu",Sports|Yoga Mat|699,4
ORD-20261001-2098,01/10/2026 17:40,Komal,Chauhan,"Delhi, Delhi",Electronics|Wireless Earbuds|1299,1
ORD-20261001-1562,2026-10-01 07:58:35,Neel,desai,"Ahmedabad, Gujarat",Home And Kitchen|Storage Box|299,3
ORD-20261001-3898,2026-10-01 22:28:53,Yash,Chaudhary,"Bengaluru, Karnataka",Fashion|Sunglasses|999,2
ORD-20261001-1949,2026-10-01 15:29:38,Sai,sinha,"chennai, tamil nadu",Fashion|Sunglasses|999,1
ORD-20261001-0582,01/10/2026 12:55,Nisha,,"ahmedabad, gujarat",Beauty|Perfume|1299,1
ORD-20261001-1131,2026-10-01 12:17:57,Ayaan,,"Hyderabad, Telangana",Fashion|Denim Jeans|1199,1
ORD-20261001-2997,2026-10-01 12:30:40,anjali,Patel,"delhi, delhi",Electronics|Wireless Earbuds|1299,4
ORD-20261001-3586,01-10-2026 00:40,Aryan,trivedi,"  Bengaluru, Karnataka ",Electronics|Laptop Stand|749,4
ORD-20261001-3481,01/10/2026 06:19,tushar,parmar,"ahmedabad, gujarat",Electronics|Smart Watch|2499,1
ORD-20261001-3192,01/10/2026 10:17,Aadhya,Saxena,"mysuru, karnataka",Beauty|Perfume|1299,2
ORD-20261001-1622,2026-10-01 19:44:00,Shreya,Kumar,"Nagpur, Maharashtra",Electronics|Bluetooth Speaker|1799,1
ORD-20261001-0816,2026-10-01 12:27:01,Krishna,pillai,"Jaipur, Rajasthan",Home And Kitchen|Non Stick Pan|1099,2
ORD-20261001-4538,01-10-2026 21:42,Harsh,Saxena,"Nagpur, Maharashtra",Beauty|Perfume|1299,1
ORD-20261001-0041,01-10-2026 18:28,Rajesh,Saxena,"Bengaluru, Karnataka",Beauty|Perfume|1299,2
ORD-20261001-2291,2026-10-01 17:54:53,Kriti,Chauhan,"Delhi, Delhi",Fashion|Denim Jeans|1199,4
ORD-20261001-4266,2026-10-01 17:47:59,aanya,Joshi,"  Delhi, Delhi ",Fashion|Cotton Kurta|799,1
ORD-20261001-3811,01/10/2026 04:33,Hetal,KAPOOR,"Chennai, Tamil Nadu",Electronics|Smart Watch|2499,
ORD-20261001-1320,01/10/2026 20:29,Nisha,RATHOD,"Mumbai, Maharashtra",Home And Kitchen|Bedsheet Set|1499,1
ORD-20261001-3768,01/10/2026 21:24,,Vyas,"coimbatore, tamil nadu",Fashion|Leather Wallet|499,1
ORD-20261001-0029,01/10/2026 20:00,Dhruv,Chaudhary,"Hyderabad, Telangana",Beauty|Lipstick|399,1
ORD-20261001-0060,01-10-2026 16:09,Reyansh,Pawar,"mumbai, maharashtra",Sports|Cricket Bat|1599,2.0
ORD-20261001-1227,2026-10-01 09:05:40,Nidhi,Iyer,"Lucknow, Uttar Pradesh",Electronics|Smart Watch|2499,1
ORD-20261001-2178,2026-10-01 06:39:39,KRISHNA,Tiwari,"bengaluru, karnataka",Home And Kitchen|Bedsheet Set|1499,one
ORD-20261001-1126,2026-10-01 17:38:56,Kabir,sinha,"ahmedabad, gujarat",Fashion|Leather Wallet|499,3
ORD-20261001-1483,2026-10-01 21:16:02,  Suresh ,Chopra,"Bengaluru, Karnataka",Fashion|Cotton Kurta|799,1.0
ORD-20261001-3179,2026-10-01 22:06:46,NEHA,Parmar,"Kolkata, West Bengal",Electronics|Wireless Earbuds|1299,1
ORD-20261001-2170,01/10/2026 11:50,Saanvi,Gupta,"Hyderabad, Telangana",Electronics|Wireless Earbuds|1299,1
ORD-20261001-4157,01-10-2026 03:48,vikas,SINGH,"Ahmedabad, Gujarat",Beauty|Face Wash|249,2
ORD-20261001-0036,01/10/2026 10:46,RAJESH,Malhotra,"  Delhi, Delhi ",Fashion|Running Shoes|2199,1
ORD-20261001-1687,01/10/2026 23:37,Megha,Rao,"DELHI, DELHI",Beauty|Lipstick|399,1
ORD-20261001-0124,01/10/2026 19:26,Aadhya,Das,"Delhi, Delhi",Beauty|Face Wash|249,1
ORD-20261001-2346,01/10/2026 16:24,  Om ,Singh,N/A,Fashion|Leather Wallet|499,1
ORD-20261001-4629,01/10/2026 10:31,Anjali,  Desai ,"Bengaluru, Karnataka",Home And Kitchen|Wall Clock|649,2
ORD-20261001-0752,01/10/2026 22:02,kavya,Malhotra,"Jaipur, Rajasthan",Fashion|Sunglasses|999, 1 
ORD-20261001-3245,01/10/2026 17:28,Ayaan,thakkar,"Lucknow, Uttar Pradesh",Electronics|Bluetooth Speaker|1799,1
ORD-20261001-2414,2026-10-01 20:47:41,deepak,dubey,"Mumbai, Maharashtra",Sports|Skipping Rope|199,3
ORD-20261001-2621,01/10/2062 20:07,aarav,pillai,"DELHI, DELHI",Sports|Cricket Bat|1599,2
ORD-20261001-2258,01-10-2026 16:23,KOMAL,REDDY,"Mumbai, Maharashtra",Fashion|Leather Wallet|499,2
ORD-20261001-4430,2026-10-01 15:48:03,Aditya,Sinha,"  Kolkata, West Bengal ",Electronics|Wireless Earbuds|1299,1
ORD-20261001-0162,2026-10-01 12:47:28,Gaurav,NAIR,"Mumbai, Maharashtra",Fashion|Leather Wallet|499,2
ORD-20261001-0540,N/A,Aarav,ghosh,"Bengaluru, Karnataka",Sports|Yoga Mat|699,3
ORD-20261001-4520,01/10/2026 12:15,Neel,Trivedi,"Chennai, Tamil Nadu",Electronics|Power Bank|899,1
ORD-20261001-4248,01/10/2026 17:39,priya,GHOSH,"delhi, delhi",Home And Kitchen|Bedsheet Set|1499,1
ORD-20261001-0976,01/10/2026 15:17,Kriti,Menon,"Vadodara, Gujarat",Beauty|Hair Serum|549,2
ORD-20261001-4596,01/10/2026 09:52,Anjali,Verma,"Pune, Maharashtra",Beauty|Perfume|1299,1
ORD-20261001-4612,01-10-2026 07:13,Ishaan,  Thakkar ,"Delhi, Delhi",Sports|Yoga Mat|699,2
ORD-20261001-3965,2026-10-01 19:56:35,Simran,CHOPRA,"Chennai, Tamil Nadu",Fashion|Leather Wallet|499,2
ORD-20261001-2798,01/10/2026 04:04,AARAV,Agarwal,"Kolkata, West Bengal",Fashion|Cotton Kurta|799,3
ORD-20261001-3595,2026-10-01 15:11:15,Pooja,Modi,"JAIPUR, RAJASTHAN",Sports|Cricket Bat|1599,1
ORD-20261001-4210,01-10-2026 08:09,Dhwani,gupta,"MYSURU, KARNATAKA",Electronics|Power Bank|899,5
ORD-20261001-3940,2026-10-01 10:48:47,Tanvi,Joshi,"Delhi, Delhi",Sports|Yoga Mat|699,2
ORD-20261001-1494,01/10/2026 12:09,Aryan,Malhotra,"Jaipur, Rajasthan",Home And Kitchen|Non Stick Pan|1099,3
ORD-20261001-1804,2026-10-01 06:49:24,Pooja,Modi,"delhi, delhi",Electronics|Smart Watch|2499,1
ORD-20261001-2446,01/10/2026 22:52,Sara,Malhotra,"Hyderabad, Telangana",Beauty|Hair Serum|549,3
ORD-20261001-0477,01/10/2026 14:11,  Harsh ,Kumar,"Chennai, Tamil Nadu",Electronics|Wireless Earbuds|1299,1
ORD-20261001-4000,2026-10-01 08:10:34,Advik,thakkar,"Jaipur, Rajasthan",Home And Kitchen|Non Stick Pan|1099,2
ORD-20261001-3382,2026-10-01 01:57:47,Kriti,Modi,"Mumbai, Maharashtra",Sports|Skipping Rope|199,4
ORD-20261001-3505,01/10/2026 10:49,pari,RATHOD,"Kolkata, West Bengal",Sports|Skipping Rope|199,1.0
ORD-20261001-3880,01-10-2026 13:17,Pranav,pawar,"Mumbai, Maharashtra",Home And Kitchen|Wall Clock|649, 1 
ORD-20261001-1071,01/10/2026 12:45,Khushi,Patil,"Ahmedabad, Gujarat",Home And Kitchen|Bedsheet Set|1499,5
ORD-20261001-3362,01/10/2026 10:32,  Advik ,srivastava,"Chennai, Tamil Nadu",Electronics|Wireless Earbuds|1299,1
ORD-20261001-4009,01/10/2026 21:26,Khushi,dubey,"Mumbai, Maharashtra",Home And Kitchen|Wall Clock|649,2
ORD-20261001-3482,01/10/2026 12:26,  Tushar ,Sharma,"Delhi, Delhi",Electronics|Smart Watch|2499,0
ORD-20261001-1396,01/10/2026 20:15,Aditi,Iyer,"Coimbatore, Tamil Nadu",Fashion|Leather Wallet|499,2.0
ORD-20261001-1286,2026-10-01 10:41:15,Ritu,Vyas,"Hyderabad, Telangana",Sports|Yoga Mat|699,1
ORD-20261001-0904,01/10/2026 21:31,PRANAV,  Reddy ,"coimbatore, tamil nadu",Sports|Dumbbell Set|1899,1
ORD-20261001-3148,01/10/2026 19:34,Vivaan,Sinha,"pune, maharashtra",Electronics|Wireless Earbuds|1299,1
ORD-20261001-0037,01/10/2026 21:41,komal,vyas,"Pune, Maharashtra",Beauty|Lipstick|399,
ORD-20261001-1431,01-10-2026 20:06,Vivaan,Mishra,"delhi, delhi",Fashion|Running Shoes|2199,2
ORD-20261001-3121,2026-10-01 21:58:13,tanvi,Thakkar,"Coimbatore, Tamil Nadu",Home And Kitchen|Wall Clock|649,1
ORD-20261001-3388,01-10-2026 14:21,Tanvi,PARMAR,"  Bengaluru, Karnataka ",Beauty|Hair Serum|549,5
ORD-20261001-0303,01/10/2026 09:34,Sara,,"Hyderabad, Telangana",Home And Kitchen|Storage Box|299,
ORD-20261001-4169,01/10/2026 16:29,null,sinha,"bengaluru, karnataka",Sports|Yoga Mat|699,3
ORD-20261001-2315,01-10-2026 09:21,pranav,joshi,"Kolkata, West Bengal",Sports|Skipping Rope|199,3
ORD-20261001-4124,01-10-2026 10:15,REYANSH,Bose,"Jaipur, Rajasthan",Electronics|Laptop Stand|749,1
ORD-20261001-0963,01/10/2026 18:30,Rohan,  Nair ,"Bengaluru, Karnataka",Electronics|Laptop Stand|749, 1 
ORD-20261001-1772,2026-10-01 02:07:38,  Sara ,Pandya,"Coimbatore, Tamil Nadu",Sports|Football|799,4
ORD-20261001-0782,01-10-2026 20:09,,Kumar,"chennai, tamil nadu",Electronics|Bluetooth Speaker|1799,4
ORD-20261001-0049,01/10/2026 11:10,Arjun,Solanki,"Vadodara, Gujarat",Home And Kitchen|Steel Water Bottle|399,-1
ORD-20261001-1861,,Pooja,Bose,"Coimbatore, Tamil Nadu",Fashion|Leather Wallet|499,4.0
ORD-20261001-4571,2026-10-01 19:03:15,Atharv,Reddy,"Mysuru, Karnataka",Home And Kitchen|Storage Box|299,1
ORD-20261001-2333,2026-10-01 11:35:40,KARAN,KALAVADIA,"AHMEDABAD, GUJARAT",Home And Kitchen|Non Stick Pan|1099, 1 
ORD-20261001-4671,01/10/2026 22:15,vikas,Mukherjee,"Delhi, Delhi",Fashion|Leather Wallet|499,4
ORD-20261001-0408,2026-10-01 11:05:25,KAVYA,  Trivedi ,"Surat, Gujarat",Electronics|Bluetooth Speaker|1799, 2 
ORD-20261001-0686,01/10/2026 12:45,  Aarav ,srivastava,"Coimbatore, Tamil Nadu",Beauty|Sunscreen|449,1
ORD-20261001-3860,01/10/2026 18:55,Arjun,bhatt,"Pune, Maharashtra",Fashion|Denim Jeans|1199,1
ORD-20261001-2859,2026-10-01 21:01:37,ayaan,tiwari,"Chennai, Tamil Nadu",Electronics|Bluetooth Speaker|1799,1
ORD-20261001-0251,01-10-2026 06:41,khushi,Solanki,"Nagpur, Maharashtra",Sports|Football|799,2
ORD-20261001-2681,01/10/2026 18:19,Pranav,Das,"Bengaluru, Karnataka",,2
ORD-20261001-0339,01/10/2026 11:34,Aditya,mishra,"Pune, Maharashtra",Electronics|Bluetooth Speaker|1799,1
ORD-20261001-3815,01-10-2026 13:54,Tushar,sharma,"delhi, delhi",Electronics|Power Bank|899,1
ORD-20261001-1819,2026-10-01 19:40:34,varun,Patil,"  Surat, Gujarat ",Home And Kitchen|Storage Box|299,2
ORD-20261001-1814,01/10/2026 02:59,Kabir,Patil,"bengaluru, karnataka",Sports|Cricket Bat|1599,2
ORD-20261001-3512,2026-10-01 06:14:36,Anika,Khanna,"Mysuru, Karnataka",Electronics|Bluetooth Speaker|1799,1.0
ORD-20261001-4336,2026-10-01 13:17:56,Suresh,chauhan,"  Hyderabad, Telangana ",Home And Kitchen|Storage Box|299,2
ORD-20261001-3171,01-10-2026 12:38,Neel,,"Hyderabad, Telangana",Beauty|Face Wash|249,1
ORD-20261001-4681,2026-10-01 06:33:51,pari,Agarwal,"HYDERABAD, TELANGANA",Home And Kitchen|Non Stick Pan|1099,2
ORD-20261001-3449,2026-10-01 20:11:19,Om,  Arora ,"jaipur, rajasthan",Electronics|Laptop Stand|749,1
ORD-20261001-3124,01-10-2026 18:03,jay,das,"Surat, Gujarat",Beauty|Hair Serum|549,1.0
ORD-20261001-3701,01-10-2026 13:41,Komal,chauhan,"Delhi, Delhi",Beauty|Lipstick|399,1
ORD-20261001-0330,01/10/2026 22:29,TANVI,srivastava,"Hyderabad, Telangana",Fashion|Leather Wallet|499,2
ORD-20261001-3289,01/10/2026 21:21,aditya,dubey,"  Hyderabad, Telangana ",Fashion|Running Shoes|2199,1
ORD-20261001-1624,01/10/2026 15:26,  Roshni ,SHAH,"Kolkata, West Bengal",Beauty|Face Wash|249,1
ORD-20261001-2645,01/10/2026 16:26,  Advik ,Thakkar,"Bengaluru, Karnataka",Fashion|Running Shoes|2199,1
ORD-20261001-2830,2026-10-01 09:10:20,Amit,Jain,"Chennai, Tamil Nadu",Home And Kitchen|Storage Box|299,1
ORD-20261001-3240,01-10-2026 22:32,Yash,chauhan,"hyderabad, telangana",Fashion|Running Shoes|2199,1
ORD-20261001-3947,2026-10-01 08:52:22,Janvi,Khanna,"MYSURU, KARNATAKA",Home And Kitchen|Storage Box|299,2
ORD-20261001-2348,2026-10-01 20:26:45,KRISHNA,Patil,"DELHI, DELHI",Electronics|Bluetooth Speaker|1799,2
ORD-20261001-3445,01/10/2026 11:58,Komal,Rao,"Jaipur, Rajasthan",Fashion|Running Shoes|2199,2
ORD-20261001-1873,2026-10-01 21:53:45,RITU,Rao,"  Bengaluru, Karnataka ",Electronics|Smart Watch|2499,1
ORD-20261001-3504,01/10/2026 10:46,Priya,Sharma,"MUMBAI, MAHARASHTRA",Fashion|Sunglasses|999,4
ORD-20261001-2918,2026-10-01 12:36:38,Sara,  Khanna ,"Kolkata, West Bengal",Fashion|Running Shoes|2199,1
ORD-20261001-2221,2026-10-01 13:22:07,KARAN,Das,"kolkata, west bengal",Electronics|Power Bank|899,1
ORD-20261001-3409,01-10-2026 18:26,Diya,Reddy,"Hyderabad, Telangana",Home And Kitchen|Bedsheet Set|1499,2
ORD-20261001-4669,01/10/2026 13:19,,Solanki,"Delhi, Delhi",Home And Kitchen|Storage Box|299,2
ORD-20261001-3210,01-10-2026 19:48,Sara,Chauhan,"Mumbai, Maharashtra",Electronics|Smart Watch|2499,1
ORD-20261001-2512,01/10/2026 20:52,pranav,KALAVADIA,"Nagpur, Maharashtra",Home And Kitchen|Bedsheet Set|1499,1
ORD-20261001-1365,2026-10-01 17:53:53,Kavya,Modi,"Vadodara, Gujarat",Home And Kitchen|Steel Water Bottle|399,1
ORD-20261001-0406,01-10-2026 12:27,Dhwani,Mehta,"Mumbai, Maharashtra",Home And Kitchen|Wall Clock|649,4
ORD-20261001-0860,2026-10-01 14:14:12,Priya,Srivastava,"Chennai, Tamil Nadu",Fashion|Leather Wallet|499,3
ORD-20261001-3565,01-10-2026 14:10,ANANYA,Chaudhary,"Lucknow, Uttar Pradesh",Home And Kitchen|Bedsheet Set|1499,5
ORD-20261001-2610,01/10/2026 21:47,Simran,,"Delhi, Delhi",Beauty|Perfume|1299,1
ORD-20261001-2800,01/10/2026 15:49,Gaurav,Rao,"Jaipur, Rajasthan",Sports|Cricket Bat|1599,3.0
ORD-20261001-3550,01/10/2026 11:25,Pari,Kulkarni,N/A,Electronics|Smart Watch|2499,2.0
ORD-20261001-1332,01/10/2026 12:26,Dev,malhotra,"  Hyderabad, Telangana ",Electronics|Wireless Earbuds|1299,3
ORD-20261001-3425,01/10/2026 23:47,hetal,Nair,"Chennai, Tamil Nadu",Beauty|Hair Serum|549,2
ORD-20261001-2861,01/10/2026 12:36,Rajesh,Reddy,"Hyderabad, Telangana",Electronics|Smart Watch|2499,2
ORD-20261001-4602,01/10/2026 15:08,Dev,Rathod,"nagpur, maharashtra",Electronics|Laptop Stand|749,1
ORD-20261001-4702,01/10/2026 11:10,PAYAL,Patil,"Chennai, Tamil Nadu",Home And Kitchen|Storage Box|299, 2 
ORD-20261001-3955,2026-10-01 12:52:42,Gaurav,Shah,"Hyderabad, Telangana",Home And Kitchen|Non Stick Pan|1099,1
ORD-20261001-4729,2026-10-01 06:37:46,Mansi,kapoor,"MYSURU, KARNATAKA",Fashion|Denim Jeans|1199,2
ORD-20261001-4357,2026-10-01 12:03:45,anika,Srivastava,"Kolkata, West Bengal",Fashion|Cotton Kurta|799,3
ORD-20261001-1209,01/10/2026 11:56,Simran,Khanna,"mysuru, karnataka",Electronics|Wireless Earbuds|1299,2
ORD-20261001-3178,01/10/2026 13:01,arjun,Pandya,"PUNE, MAHARASHTRA",Fashion|Running Shoes|2199,1
ORD-20261001-1427,2026-10-01 22:10:23,Ayaan,  Mishra ,"Mumbai, Maharashtra",Electronics|Laptop Stand|749,1
ORD-20261001-1346,01/10/2026 21:34,Kavya,Trivedi,"Delhi, Delhi",Fashion|Leather Wallet|499,-1
ORD-20261001-3652,01-10-2026 09:58,Harsh,Rao,"Delhi, Delhi",Beauty|Sunscreen|449,1
ORD-20261001-0611,01/10/2026 00:21,AYAAN,Agarwal,"jaipur, rajasthan",Fashion|Cotton Kurta|799,3
ORD-20261001-2045,01-10-2026 14:29,Kabir,Kapoor,"mumbai, maharashtra",Home And Kitchen|Steel Water Bottle|399,1
ORD-20261001-0217,01/10/2026 19:56,Myra,Bansal,"Chennai, Tamil Nadu",Fashion|Running Shoes|2199,1
ORD-20261001-0455,01-10-2026 17:57,  Aditi ,Khanna,"Surat, Gujarat",Electronics|Smart Watch|2499,5
ORD-20261001-1194,2026-10-01 11:22:26,Kriti,Pillai,"  Ahmedabad, Gujarat ",Home And Kitchen|Bedsheet Set|1499,5
ORD-20261001-2913,01-10-2026 16:33,dhruv,Agarwal,"Hyderabad, Telangana",Electronics|Wireless Earbuds|1299,1
ORD-20261001-3358,01-10-2026 11:33,Pranav,Pawar,"KOLKATA, WEST BENGAL",Fashion|Leather Wallet|499,1
ORD-20261001-3820,01/10/2026 19:53,Ritu,Vyas,"Hyderabad, Telangana",Fashion|Leather Wallet|499,2
ORD-20261001-0386,2026-10-01 14:23:33,Krupa,yadav,"Ahmedabad, Gujarat",Home And Kitchen|Bedsheet Set|1499,1
ORD-20261001-1844,01/10/2026 12:32,aditya,Mishra,"PUNE, MAHARASHTRA",Electronics|Smart Watch|2499,1
ORD-20261001-3410,01/10/2026 20:11,Hetal,SINHA,"Kolkata, West Bengal",Electronics|Smart Watch|2499,2
ORD-20261001-0346,01/10/2026 17:15,nikhil,Bhatt,"Coimbatore, Tamil Nadu",Home And Kitchen|Storage Box|299,3
ORD-20261001-0256,2026-10-01 22:26:38,Mansi,Iyer,"  Delhi, Delhi ",Electronics|Wireless Earbuds|1299,1
ORD-20261001-4559,01/10/2026 19:19,Kriti,Verma,"HYDERABAD, TELANGANA",Fashion|Cotton Kurta|799,2
ORD-20261001-2300,01/10/2026 19:48,Rajesh,Gupta,"Pune, Maharashtra",Beauty|Hair Serum|549,3
ORD-20261001-0572,01/10/2026 21:40,  Karan ,Rathod,"Pune, Maharashtra",Fashion|Leather Wallet|499,1
ORD-20261001-0321,2026-10-01 09:41:18,Arjun,Patil,"Pune, Maharashtra",Fashion|Leather Wallet|499,2
ORD-20261001-3474,01-10-2026 18:55,Vivaan,Chaudhary,"Hyderabad, Telangana",Electronics|Bluetooth Speaker|1799,2
ORD-20261001-4575,01/10/2062 08:59,neel,Desai,"Hyderabad, Telangana",Electronics|Power Bank|899,4
ORD-20261001-3380,2026-10-01 19:11:41,nikhil,Sharma,"Chennai, Tamil Nadu",Sports|Yoga Mat|699,1
ORD-20261001-2056,01-10-2026 21:04,  Karan ,Das,"Kolkata, West Bengal",Sports|Skipping Rope|199,2
ORD-20261001-4275,2026-10-01 18:32:27,Deepak,sinha,"  Delhi, Delhi ",Electronics|Wireless Earbuds|1299,1
ORD-20261001-0726,2026-10-01 15:35:52,Dhwani,Kalavadia,"Vadodara, Gujarat",Beauty|Face Wash|249,2
ORD-20261001-2940,01/10/2026 19:45,Aadhya,Kalavadia,"Chennai, Tamil Nadu",Beauty|Perfume|1299,-2
ORD-20261001-0610,2026-10-01 16:54:11,Yash,Nair,"Mumbai, Maharashtra",Home And Kitchen|Storage Box|299,3
ORD-20261001-0570,2026-10-01 23:22:11,Kunal,  Kumar ,"  Kolkata, West Bengal ",Beauty|Lipstick|399,1
ORD-20261001-2515,01/10/2026 13:04,Dhruv,dubey,"  Nagpur, Maharashtra ",Fashion|Cotton Kurta|799,
ORD-20261001-2721,01-10-2026 12:08,Kriti,Srivastava,"Mumbai, Maharashtra",Electronics|Power Bank|899,1
ORD-20261001-4345,01/10/2062 19:45,  Nisha ,Mukherjee,"Hyderabad, Telangana",Fashion|Cotton Kurta|799,2
ORD-20261001-3726,01-10-2026 19:42,Vihaan,Saxena,"hyderabad, telangana",Sports|Dumbbell Set|1899, 1 
ORD-20261001-3594,01-10-2026 11:14,Sara,Singh,"  Mumbai, Maharashtra ",Home And Kitchen|Bedsheet Set|1499,0
ORD-20261001-3230,01-10-2026 17:36,Pooja,Bose,"Kolkata, West Bengal",Fashion|Leather Wallet|499,1
ORD-20261001-4595,01/10/2026 18:32,Ishaan,arora,"Bengaluru, Karnataka",Electronics|Power Bank|899,2
ORD-20261001-2656,01/10/2026 19:52,Megha,Patil,"Mumbai, Maharashtra",Beauty|Face Wash|249,1
ORD-20261001-3882,01-10-2026 21:02,Om,BOSE,"mysuru, karnataka",Electronics|Bluetooth Speaker|1799,3
ORD-20261001-2182,01/10/2026 20:58,Vivaan,  Modi ,"vadodara, gujarat",Fashion|Cotton Kurta|799, 5 
ORD-20261001-0269,2026-10-01 20:38:04,Roshni,bhatt,"CHENNAI, TAMIL NADU",Electronics|Power Bank|899,1.0
ORD-20261001-1328,01/10/2026 09:54,Sara,pillai,"Hyderabad, Telangana",Beauty|Hair Serum|549,3
ORD-20261001-1160,01/10/2026 21:24,Nikhil,CHAUDHARY,"Mysuru, Karnataka",Fashion|Sunglasses|999,3
ORD-20261001-3711,2026-10-01 21:27:45,RUDRA,pillai,"surat, gujarat",Fashion|Running Shoes|2199,1
ORD-20261001-3521,01/10/2026 14:45,Saanvi,KUMAR,"Hyderabad, Telangana",Home And Kitchen|Bedsheet Set|1499,5
ORD-20261001-2882,2026-10-01 19:50:30,mansi,Ghosh,"surat, gujarat",Fashion|Running Shoes|2199,1
ORD-20261001-1956,01/10/2025 01:22,Komal,PATEL,"Kolkata, West Bengal",Fashion|Running Shoes|2199,2
ORD-20261001-1697,2026-10-01 16:35:32,  Suresh ,Khanna,"Hyderabad, Telangana",Electronics|Smart Watch|2499,1
ORD-20261001-3466,01/10/2026 13:03,kavya,Tiwari,"jaipur, rajasthan",Sports|Cricket Bat|1599,3
ORD-20261001-2802,01/10/2026 10:43,GAURAV,Chauhan,"Kolkata, West Bengal",Fashion|Cotton Kurta|799,3
ORD-20261001-3261,01/10/2026 18:28,mihir,Verma,"pune, maharashtra",Fashion|Sunglasses|999,3
ORD-20261001-3168,01/10/2026 14:07,Deepak,Kalavadia,,Electronics|Smart Watch|2499,1
ORD-20261001-3731,2026-10-01 07:29:06,Tushar,Saxena,"Vadodara, Gujarat",Home And Kitchen|Steel Water Bottle|399,1
ORD-20261001-2148,01/10/2026 20:51,NEEL,Trivedi,"Mysuru, Karnataka",Home And Kitchen|Wall Clock|649,4
ORD-20261001-1018,2026-10-01 05:41:06,Manish,Bansal,"Mumbai, Maharashtra",Electronics|Power Bank|899,2
ORD-20261001-1708,01/10/2026 21:02,  Aditya ,PATEL,"Chennai, Tamil Nadu",Electronics|Bluetooth Speaker|1799,3
ORD-20261001-3389,2026-10-01 21:59:36,Palak,Vyas,"delhi, delhi",Electronics|Laptop Stand|749,2
ORD-20261001-3386,2026-10-01 08:12:59,Aarav,Shah,"Lucknow, Uttar Pradesh",Fashion|Sunglasses|999,1
ORD-20261001-0843,01/10/2026 22:32,Khushi,Mishra,"hyderabad, telangana",Electronics|Laptop Stand|749,2
ORD-20261001-0423,01/10/2025 14:53,KARAN,shah,"Bengaluru, Karnataka",Beauty|Sunscreen|449,3
ORD-20261001-2329,01/10/2026 13:03,Bhavna,Malhotra,"JAIPUR, RAJASTHAN",Electronics|Power Bank|899,3
ORD-20261001-0476,01-10-2026 22:50,  Swati ,Yadav,"Jaipur, Rajasthan",Fashion|Leather Wallet|499,1
ORD-20261001-4160,01/10/2026 17:46,KOMAL,NAIR,"VADODARA, GUJARAT",Fashion|Leather Wallet|499,2
ORD-20261001-2132,01/10/2026 16:05,Hetal,Kapoor,"  Chennai, Tamil Nadu ",Beauty|Lipstick|399,2
ORD-20261001-0372,01-10-2026 04:38,KAVYA,patil,"Kolkata, West Bengal",Fashion|Leather Wallet|499,1
ORD-20261001-4686,01/10/2026 09:24,krishna,Nair,"Hyderabad, Telangana",Home And Kitchen|Bedsheet Set|1499,1
ORD-20261001-0944,01/10/2026 20:44,Sneha,kumar,"bengaluru, karnataka",Electronics|Bluetooth Speaker|1799,1
ORD-20261001-0511,2026-10-01 10:42:34,Riya,Reddy,"hyderabad, telangana",Electronics|Bluetooth Speaker|1799,4
ORD-20261001-3204,2026-10-01 13:29:12,Janvi,Chauhan,"Surat, Gujarat",Fashion|Leather Wallet|499,3
ORD-20261001-4423,01/10/2026 15:33,Atharv,Kalavadia,"KOLKATA, WEST BENGAL",Home And Kitchen|Wall Clock|649,1.0
ORD-20261001-4280,01/10/2026 15:41,Anjali,rathod,"HYDERABAD, TELANGANA",Home And Kitchen|Wall Clock|649,2
ORD-20261001-3281,01/10/2026 17:37,Kriti,parmar,"ahmedabad, gujarat",Beauty|Sunscreen|449,two
ORD-20261001-0562,2026-10-01 19:55:41,Kriti,Bose,"Delhi, Delhi",Beauty|Face Wash|249,2
ORD-20261001-1868,01/10/2026 20:39,NAVYA,  Bhatt ,"delhi, delhi",Beauty|Lipstick|399,1
ORD-20261001-0647,01-10-2026 14:54,Isha,jain,"Mumbai, Maharashtra",Home And Kitchen|Storage Box|299,4
ORD-20261001-1040,01/10/2026 11:50,gaurav,VYAS,"Delhi, Delhi",Electronics|Bluetooth Speaker|1799,2
ORD-20261001-4397,01/10/2026 12:59,Isha,patel,"lucknow, uttar pradesh",Electronics|Power Bank|899,2
ORD-20261001-3696,01/10/2026 10:40,kriti,Nair,"bengaluru, karnataka",Electronics|Smart Watch|2499,1
ORD-20261001-4724,01/10/2026 14:16,  Divya ,Chopra,"Ahmedabad, Gujarat",Home And Kitchen|Bedsheet Set|1499,1
ORD-20261001-1374,,Tushar,Chopra,"hyderabad, telangana",Electronics|Laptop Stand|749,3.0
ORD-20261001-0337,2026-10-01 12:05:38,Anika,  Yadav ,"Bengaluru, Karnataka",Sports|Dumbbell Set|1899,2
ORD-20261001-3801,01/10/2026 14:42,  Shaurya ,Kumar,"Mysuru, Karnataka",Home And Kitchen|Bedsheet Set|1499,1
ORD-20261001-0084,01/10/2026 20:43,Aanya,Mukherjee,"bengaluru, karnataka",Home And Kitchen|Steel Water Bottle|399,2
ORD-20261001-2099,01/10/2026 19:48,shreya,Patel,"Mumbai, Maharashtra",Electronics|Laptop Stand|749,1
ORD-20261001-3172,2026-10-01 14:38:52,Pranav,agarwal,"Delhi, Delhi",Electronics|Smart Watch|2499,2
ORD-20261001-4045,01/10/2026 17:29,SHREYA,Desai,"BENGALURU, KARNATAKA",Electronics|Smart Watch|2499,2
ORD-20261001-1088,01/10/2026 10:10,vikas,Vyas,"Jaipur, Rajasthan",Electronics|Power Bank|899,2
ORD-20261001-3540,01/10/2026 22:00,Divya,  Trivedi ,"bengaluru, karnataka",Home And Kitchen|Storage Box|299,3
ORD-20261001-0632,2026-10-01 17:39:46,Riya,Singh,"delhi, delhi",Electronics|Bluetooth Speaker|1799,2
ORD-20261001-3227,2026-10-01 14:50:32,Parth,Vyas,"Surat, Gujarat",Electronics|Smart Watch|2499,2
ORD-20261001-2039,01/10/2026 14:16,Sara,Patel,"Mumbai, Maharashtra",Beauty|Face Wash|249,2.0
ORD-20261001-4498,01/10/2026 21:50,roshni,Chopra,"bengaluru, karnataka",Electronics|Power Bank|899,1
ORD-20261001-3160,2026-10-01 04:13:41,Nisha,Nair,,Home And Kitchen|Steel Water Bottle|399,2
ORD-20261001-1796,2026-10-01 19:41:36,Jay,Mukherjee,"  Bengaluru, Karnataka ",Electronics|Laptop Stand|749,1.0
ORD-20261001-1533,2026-10-01 13:48:10,Vihaan,bose,"jaipur, rajasthan",Home And Kitchen|Bedsheet Set|1499,2
ORD-20261001-1709,2026-10-01 21:19:39,NEEL,Vyas,"delhi, delhi",Home And Kitchen|Steel Water Bottle|399,1
ORD-20261001-1002,01/10/2026 18:43,Deepak,Kulkarni,"CHENNAI, TAMIL NADU",Electronics|Smart Watch|2499,1
ORD-20261001-4388,2026-10-01 21:35:09,TUSHAR,Patel,"Mumbai, Maharashtra",Sports|Yoga Mat|699,2
ORD-20261001-0818,01/10/2026 21:52,Deepak,Singh,"Delhi, Delhi",Home And Kitchen|Storage Box|299,1
ORD-20261001-2624,2026-10-01 20:13:49,Tanvi,PATIL,"hyderabad, telangana",Fashion|Cotton Kurta|799,2
ORD-20261001-3503,2026-10-01 13:39:36,pari,Yadav,"Nagpur, Maharashtra",Beauty|Face Wash|249,1
ORD-20261001-1698,01/10/2026 15:06,Komal,rathod,"Delhi, Delhi",Beauty|Perfume|1299,3
ORD-20261001-4620,01-10-2026 09:07,Dev,Kalavadia,"bengaluru, karnataka",Beauty|Perfume|1299,1
ORD-20261001-3318,2026-10-01 13:11:25,RAJESH,Kumar,"Kolkata, West Bengal",Beauty|Perfume|1299,2
ORD-20261001-3976,01/10/2026 22:09,Pranav,Das,"Bengaluru, Karnataka",Sports|Cricket Bat|1599,1
ORD-20261001-0313,,Sai,Parmar,"Bengaluru, Karnataka",Home And Kitchen|Bedsheet Set|1499,1.0
ORD-20261001-0437,2026-10-01 13:51:28,Kriti,parmar,"Ahmedabad, Gujarat",Beauty|Face Wash|249,1
ORD-20261001-4496,2026-10-01 03:41:53,deepak,Dubey,"AHMEDABAD, GUJARAT",Beauty|Perfume|1299,1
ORD-20261001-4720,2026-10-01 17:12:48,DEEPAK,Kalavadia,"Chennai, Tamil Nadu",Electronics|Laptop Stand|749,1
ORD-20261001-4241,01/10/2026 21:31,Nidhi,chopra,"SURAT, GUJARAT",Fashion|Running Shoes|2199,1
ORD-20261001-4748,01/10/2026 17:33,Saanvi,Kumar,"Hyderabad, Telangana",Home And Kitchen|Bedsheet Set|1499,1
ORD-20261001-2877,01/10/2026 10:47,AANYA,  Parmar ,"kolkata, west bengal",Sports|Dumbbell Set|1899,1
ORD-20261001-0147,2026-10-01 21:25:53,Deepak,Nair,"Coimbatore, Tamil Nadu",Fashion|Running Shoes|2199,1
ORD-20261001-1933,01-10-2026 20:43,Krupa,Desai,,Electronics|Wireless Earbuds|1299,4
ORD-20261001-3844,2026-10-01 09:38:57,  Manish ,Agarwal,"  Mysuru, Karnataka ",Beauty|Face Wash|249,3
,01/10/2026 12:22,Pari,Solanki,"Hyderabad, Telangana",Electronics|Wireless Earbuds|1299,1
ORD-20261001-2958,01/10/2026 20:29,  Suresh ,ghosh,"kolkata, west bengal",Fashion|Denim Jeans|1199,1
ORD-20261001-1858,01-10-2026 19:22,Aryan,trivedi,"Lucknow, Uttar Pradesh",Fashion|Cotton Kurta|799,2
ORD-20261001-3461,01-10-2026 21:49,suresh,Patil,"lucknow, uttar pradesh",Fashion|Denim Jeans|1199,2
ORD-20261001-3794,01/10/2026 18:09,Kriti,Iyer,"Mumbai, Maharashtra",Sports|Dumbbell Set|1899,3
ORD-20261001-3765,01/10/2026 10:40,Aditya,Kulkarni,"Bengaluru, Karnataka",Electronics|Wireless Earbuds|1299,2
ORD-20261001-1864,01-10-2026 21:08,  Rohan ,Rao,"Hyderabad, Telangana",Fashion|Leather Wallet|499,2
ORD-20261001-3351,2026-10-01 06:54:18,Advik,PAWAR,"MYSURU, KARNATAKA",Fashion|Leather Wallet|499,three
ORD-20261001-3559,01/10/2026 20:20,DEEPAK,  Patil ,"Bengaluru, Karnataka",Electronics|Laptop Stand|749,2
ORD-20261001-1558,01/10/2026 12:00,  Saanvi ,Iyer,"chennai, tamil nadu",Fashion|Sunglasses|999,3
ORD-20261001-0447,2026-10-01 13:37:00,Aarav,Saxena,"Mumbai, Maharashtra",Electronics|Bluetooth Speaker|1799,1
ORD-20261001-4230,2026-10-01 04:37:02,  Dhruv ,Patel,"  Mumbai, Maharashtra ",Beauty|Perfume|1299,1
ORD-20261001-1886,01/10/2026 18:32,Khushi,  Modi ,"  Delhi, Delhi ",Fashion|Cotton Kurta|799,2
ORD-20261001-0601,01/10/2026 23:42,Mansi,vyas,"delhi, delhi",Sports|Football|799,1
ORD-20261001-3949,2026-10-01 14:23:47,shreya,Nair,"kolkata, west bengal",Electronics|Laptop Stand|749,2
ORD-20261001-1691,2026-10-01 09:04:07,  Rajesh ,Reddy,"Hyderabad, Telangana",Electronics|Laptop Stand|749,1
ORD-20261001-4652,01/10/2026 14:52,Nidhi,Saxena,"Hyderabad, Telangana",Beauty|Perfume|1299,2
ORD-20261001-3249,2026-10-01 12:13:04,  Dev ,Malhotra,"hyderabad, telangana",Electronics|Power Bank|899,1
ORD-20261001-1702,01-10-2026 08:29,harsh,Mishra,"Hyderabad, Telangana",Fashion|Leather Wallet|499,2
ORD-20261001-2853,01/10/2026 21:46,Anika,Dubey,"Jaipur, Rajasthan",Sports|Cricket Bat|1599,3
ORD-20261001-1735,01/10/2026 13:58,  Myra ,bansal,"Mumbai, Maharashtra",Fashion|Sunglasses|999,3
ORD-20261001-2015,01/10/2026 15:17,Aditya,Parmar,"mumbai, maharashtra",Electronics|Laptop Stand|749,2
ORD-20261001-3226,2026-10-01 16:50:50,Krupa,Shah,"PUNE, MAHARASHTRA",Beauty|Sunscreen|449,3
ORD-20261001-1383,01/10/2026 18:44,Yash,Chauhan,"Nagpur, Maharashtra",Electronics|Laptop Stand|749,1
ORD-20261001-2139,01/10/2026 00:49,divya,kulkarni,"Kolkata, West Bengal",Fashion|Leather Wallet|499,1
ORD-20261001-2712,01/10/2026 22:31,Tanvi,Patil,"Hyderabad, Telangana",Electronics|Wireless Earbuds|1299,1
ORD-20261001-1526,01/10/2026 15:11,nikhil,Menon,"Jaipur, Rajasthan",Electronics|Laptop Stand|749,1
ORD-20261001-4311,2026-10-01 21:49:57,Mihir,Menon,"ahmedabad, gujarat",Home And Kitchen|Bedsheet Set|1499,2
ORD-20261001-2344,01-10-2026 12:33,Arjun,Yadav,"Chennai, Tamil Nadu",Fashion|Leather Wallet|499,1
ORD-20261001-1363,2026-10-01 17:25:22,Neha,srivastava,"Chennai, Tamil Nadu",Home And Kitchen|Storage Box|299,2
ORD-20261001-3568,01/10/2026 07:11,,Tiwari,"Hyderabad, Telangana",Home And Kitchen|Wall Clock|649,1
ORD-20261001-1437,01/10/2026 14:01,NEHA,  Modi ,"Delhi, Delhi",Home And Kitchen|Wall Clock|649,1
ORD-20261001-4479,2026-10-01 22:13:20,Rohan,Saxena,"DELHI, DELHI",Home And Kitchen|Bedsheet Set|1499,4.0
ORD-20261001-0450,01/10/2026 19:18,Rahul,Patel,"kolkata, west bengal",Fashion|Running Shoes|2199,3
ORD-20261001-3763,01/10/2026 16:22,parth,agarwal,"Chennai, Tamil Nadu",Electronics|Bluetooth Speaker|1799,2
ORD-20261001-2341,01/10/2026 22:35,Arjun,Sharma,"Chennai, Tamil Nadu",Beauty|Face Wash|249,2
ORD-20261001-0965,01/10/2026 13:34,Swati,trivedi,"Delhi, Delhi",Electronics|Smart Watch|2499,5
ORD-20261001-3539,01/10/2026 13:13,Diya,Chopra,"BENGALURU, KARNATAKA",Home And Kitchen|Wall Clock|649,1
ORD-20261001-4419,01/10/2026 16:41,nidhi,Kulkarni,"Chennai, Tamil Nadu",Electronics|Smart Watch|2499,2.0
ORD-20261001-4477,01-10-2026 07:31,Sara,Singh,"nagpur, maharashtra",Electronics|Laptop Stand|749,1
ORD-20261001-2726,2026-10-01 22:00:34,Diya,Mehta,"Vadodara, Gujarat",Home And Kitchen|Non Stick Pan|1099,2
ORD-20261001-3835,2026-10-01 09:24:34,Rudra,MALHOTRA,"Pune, Maharashtra",Electronics|Smart Watch|2499,1
ORD-20261001-4293,01/10/2026 20:39,Advik,  Chauhan ,"nagpur, maharashtra",Beauty|Sunscreen|449,2
ORD-20261001-0151,01/10/2026 12:04,Sara,Modi,"lucknow, uttar pradesh",Fashion|Leather Wallet|499,1
ORD-20261001-4202,2026-10-01 21:38:21,Dhwani,  Nair ,"Kolkata, West Bengal",Electronics|Smart Watch|2499,4
ORD-20261001-2066,2026-10-01 02:10:49,aditya,Mishra,"Delhi, Delhi",Electronics|Bluetooth Speaker|1799,2
ORD-20261001-2267,,Divya,Yadav,,Sports|Dumbbell Set|1899,2
ORD-20261001-2900,2026-10-01 12:15:12,Hetal,Kapoor,"Chennai, Tamil Nadu",,1
ORD-20261001-0939,01/10/2026 22:06,aanya,DAS,"Chennai, Tamil Nadu",Fashion|Leather Wallet|499,4
ORD-20261001-2518,2026-10-01 14:45:25,SAANVI,Saxena,"ahmedabad, gujarat",Fashion|Sunglasses|999,2
ORD-20261001-1552,2026-10-01 20:52:44,Anika,SHAH,"Pune, Maharashtra",Beauty|Face Wash|249,2
ORD-20261001-3339,01-10-2026 12:35,Reyansh,Kapoor,"Hyderabad, Telangana",Home And Kitchen|Storage Box|299,4
ORD-20261001-0945,2026-10-01 19:40:41,myra,modi,"Delhi, Delhi",Sports|Dumbbell Set|1899,1
ORD-20261001-1303,2026-10-01 15:02:30,Navya,Khanna,"Pune, Maharashtra",Home And Kitchen|Bedsheet Set|1499,2
ORD-20261001-3209,01/10/2026 12:53,varun,Pandya,"Kolkata, West Bengal",Home And Kitchen|Non Stick Pan|1099,1
ORD-20261001-2068,2026-10-01 12:50:16,Rudra,  Pawar ,"Delhi, Delhi",Sports|Skipping Rope|199,2.0
ORD-20261001-2805,2026-10-01 19:02:08,anika,Pillai,"mumbai, maharashtra",Electronics|Laptop Stand|749,2
ORD-20261001-1067,01-10-2026 15:39,  Shreya ,Srivastava,"Pune, Maharashtra",Beauty|Hair Serum|549,1
ORD-20261001-1634,2026-10-01 16:58:45,  Parth ,Kapoor,"  Pune, Maharashtra ",Home And Kitchen|Non Stick Pan|1099,2
ORD-20261001-2938,01/10/2026 14:09,deepak,YADAV,"  Kolkata, West Bengal ",Electronics|Wireless Earbuds|1299,2
ORD-20261001-4630,01/10/2026 23:01,Neha,chopra,"MUMBAI, MAHARASHTRA",Fashion|Running Shoes|2199,1
ORD-20261001-3167,01-10-2026 22:24,parth,Joshi,,Beauty|Lipstick|399,6
ORD-20261001-3672,2026-10-01 12:56:30,SIMRAN,Joshi,"  Bengaluru, Karnataka ",Electronics|Power Bank|899,
ORD-20261001-2452,01/10/2026 12:59,KRUPA,Iyer,"Delhi, Delhi",Fashion|Running Shoes|2199,6
ORD-20261001-0366,2026-10-01 12:58:25,Tushar,Parmar,"Ahmedabad, Gujarat",Electronics|Wireless Earbuds|1299,1
ORD-20261001-1362,01/10/2026 16:15,Dhwani,sinha,"  Mysuru, Karnataka ",Electronics|Power Bank|899,1
ORD-20261001-1618,01/10/2026 15:49,  Kabir ,Rao,"Surat, Gujarat",Electronics|Power Bank|899,5
ORD-20261001-2215,01-10-2026 21:31,  Ishaan ,bhatt,"  Bengaluru, Karnataka ",Home And Kitchen|Non Stick Pan|1099,-1
ORD-20261001-0424,01-10-2026 21:20,  Vihaan ,Desai,"Mumbai, Maharashtra",Beauty|Hair Serum|549,6
ORD-20261001-3823,2026-10-01 18:00:12,Dhruv,  Modi ,"kolkata, west bengal",Fashion|Denim Jeans|1199,2
ORD-20261001-0206,2026-10-01 13:46:57,DIYA,DAS,"Chennai, Tamil Nadu",Home And Kitchen|Bedsheet Set|1499,1
ORD-20261001-2983,2026-10-01 15:29:44,Dhruv,Joshi,"mumbai, maharashtra",Beauty|Hair Serum|549,5
ORD-20261001-4412,01-10-2026 20:12,Kriti,Desai,"jaipur, rajasthan",Beauty|Lipstick|399,2
ORD-20261001-4752,2026-10-01 21:42:24,Atharv,  Agarwal ,"Delhi, Delhi",Home And Kitchen|Wall Clock|649,2
ORD-20261001-0638,01/10/2026 07:11,myra,Iyer,"Lucknow, Uttar Pradesh",Electronics|Smart Watch|2499,1
ORD-20261001-0105,2026-10-01 22:21:36,Myra,Vyas,"bengaluru, karnataka",Fashion|Denim Jeans|1199,2
ORD-20261001-1058,2026-10-01 20:28:47,vivaan,Iyer,"Bengaluru, Karnataka",Beauty|Hair Serum|549,1.0
ORD-20261001-4272,2026-10-01 11:51:22,Karan,TRIVEDI,"Mumbai, Maharashtra",Fashion|Running Shoes|2199,1
ORD-20261001-1940,01-10-2026 14:04,Deepak,RATHOD,"hyderabad, telangana",Fashion|Sunglasses|999,1
ORD-20261001-0355,01-10-2026 13:15,Karan,Jain,"mumbai, maharashtra",Fashion|Running Shoes|2199,1
ORD-20261001-0062,01/10/2026 20:37,Krishna,Singh,"surat, gujarat",Electronics|Wireless Earbuds|1299,1.0
ORD-20261001-4084,01/10/2026 18:08,rahul,Desai,"chennai, tamil nadu",Home And Kitchen|Bedsheet Set|1499,1
ORD-20261001-4278,01/10/2026 17:21,Isha,,"Kolkata, West Bengal",Sports|Dumbbell Set|1899,2
ORD-20261001-0918,2026-10-01 08:38:32,  Arjun ,,"  Ahmedabad, Gujarat ",Beauty|Perfume|1299,3.0
ORD-20261001-1876,01/10/2026 20:56,Komal,chauhan,"  Delhi, Delhi ",Electronics|Laptop Stand|749,1
ORD-20261001-3984,01-10-2026 20:23,Dhruv,Desai,"Mumbai, Maharashtra",Beauty|Face Wash|249,1.0
ORD-20261001-0681,01/10/2025 23:15,Janvi,Yadav,,Electronics|Bluetooth Speaker|1799,
ORD-20261001-0295,01/10/2026 14:40,Varun,yadav,"Surat, Gujarat",Home And Kitchen|Steel Water Bottle|399,1
ORD-20261001-0773,01/10/2026 16:24,AARAV,Chopra,"Lucknow, Uttar Pradesh",Beauty|Sunscreen|449,3
ORD-20261001-0175,01-10-2026 19:03,krishna,Pawar,"Vadodara, Gujarat",Beauty|Sunscreen|449,1
ORD-20261001-4685,01/10/2026 14:59,Bhavna,Bansal,"Delhi, Delhi",Fashion|Denim Jeans|1199,1
ORD-20261001-3847,2026-10-01 07:20:15,advik,kulkarni,"delhi, delhi",Fashion|Running Shoes|2199,1
ORD-20261001-3101,01-10-2026 14:15,  Pari ,Bhatt,"Vadodara, Gujarat",Beauty|Perfume|1299,2.0
ORD-20261001-1622,2026-10-01 19:44:00,Shreya,Kumar,"Nagpur, Maharashtra",Electronics|Bluetooth Speaker|1799,1
ORD-20261001-3088,2026-10-01 20:48:56,Atharv,yadav,"Hyderabad, Telangana",Home And Kitchen|Steel Water Bottle|399,1
ORD-20261001-2140,,  Saanvi ,Mishra,"Vadodara, Gujarat",Sports|Football|799,2
ORD-20261001-1466,2026-10-01 20:37:24,  Komal ,reddy,"Delhi, Delhi",Fashion|Sunglasses|999,1
ORD-20261001-0191,01/10/2026 07:46,Kabir,Desai,"Ahmedabad, Gujarat",Sports|Yoga Mat|699,1
ORD-20261001-3437,2026-10-01 07:17:44,SAANVI,singh,"Jaipur, Rajasthan",Fashion|Leather Wallet|499,6
ORD-20261001-2081,01/10/2026 11:19,Arjun,Mehta,"Mumbai, Maharashtra",Sports|Yoga Mat|699,2
ORD-20261001-0109,2026-10-01 18:52:42,  Manish ,  Bhatt ,"Kolkata, West Bengal",Home And Kitchen|Non Stick Pan|1099,4
ORD-20261001-4667,01/10/2026 14:32,Saanvi,patel,"Ahmedabad, Gujarat",Home And Kitchen|Storage Box|299,4
ORD-20261001-0009,01/10/2026 15:13,Aditya,  Rao ,"bengaluru, karnataka",Home And Kitchen|Bedsheet Set|1499,1
ORD-20261001-3309,01/10/2026 02:06,Kabir,,"  Pune, Maharashtra ",Beauty|Face Wash|249,1
ORD-20261001-4267,01/10/2026 05:33,Megha,,"pune, maharashtra",Electronics|Wireless Earbuds|1299,1
ORD-20261001-3973,2026-10-01 14:12:38,REYANSH,PATIL,"Delhi, Delhi",Fashion|Sunglasses|999,3
ORD-20261001-1590,2026-10-01 14:22:15,palak,Iyer,"  Kolkata, West Bengal ",Sports|Dumbbell Set|1899,2
ORD-20261001-0891,01/10/2026 17:55,ishaan,Shah,N/A,Home And Kitchen|Storage Box|299, 2 
ORD-20261001-3246,2026-10-01 14:57:25,Megha,gupta,"delhi, delhi",Beauty|Perfume|1299,5
ORD-20261001-4165,01-10-2026 11:38,Navya,  Mukherjee ,"Pune, Maharashtra",Electronics|Wireless Earbuds|1299,1
ORD-20261001-0057,01-10-2026 17:34,Shaurya,Trivedi,"Pune, Maharashtra",Fashion|Running Shoes|2199,1
ORD-20261001-4034,01/10/2026 20:46,  Dhruv ,Yadav,"vadodara, gujarat",Fashion|Sunglasses|999,1
ORD-20261001-1155,01/10/2026 22:29,Pranav,Das,"Bengaluru, Karnataka",Home And Kitchen|Non Stick Pan|1099,6
ORD-20261001-2531,01/10/2026 11:17,  Payal ,Rao,"  Delhi, Delhi ",Beauty|Hair Serum|549,1
ORD-20261001-1089,01-10-2026 01:29,Sara,Reddy,"Pune, Maharashtra",Home And Kitchen|Storage Box|299,1
ORD-20261001-4722,01/10/2026 05:19,Nikhil,Iyer,"kolkata, west bengal",Beauty|Lipstick|399,2
ORD-20261001-2322,01-10-2026 18:14,Aarav,Sharma,,Fashion|Sunglasses|999,1
ORD-20261001-1279,2026-10-01 19:46:41,Rajesh,Bose,"surat, gujarat",Electronics|Smart Watch|2499,3
ORD-20261001-3028,01/10/2026 23:25,Kabir,trivedi,"Chennai, Tamil Nadu",Home And Kitchen|Non Stick Pan|1099,1
ORD-20261001-3349,01/10/2026 20:53,PARTH,Chopra,"bengaluru, karnataka",Fashion|Running Shoes|2199,3
ORD-20261001-3063,01/10/2026 12:02,Krupa,  Saxena ,"  Hyderabad, Telangana ",Electronics|Smart Watch|2499,2.0
ORD-20261001-3278,2026-10-01 12:30:16,Tanvi,Patil,"Hyderabad, Telangana",Home And Kitchen|Wall Clock|649,1
ORD-20261001-4666,2026-10-01 23:27:55,Krupa,kapoor,"Mumbai, Maharashtra",Fashion|Cotton Kurta|799,1
ORD-20261001-2317,01/10/2026 19:57,Nidhi,chauhan,"Hyderabad, Telangana",Fashion|Leather Wallet|499,1
ORD-20261001-3842,01/10/2026 22:13,Kriti,Kumar,"Nagpur, Maharashtra",Beauty|Perfume|1299,1
ORD-20261001-4414,01/10/2026 14:54,advik,VYAS,"  Jaipur, Rajasthan ",Beauty|Face Wash|249,2
ORD-20261001-1252,01-10-2026 10:10,Shaurya,Mishra,"Mumbai, Maharashtra",Fashion|Running Shoes|2199,4
ORD-20261001-1248,01/10/2026 13:54,PAYAL,Kumar,"Nagpur, Maharashtra",Fashion|Sunglasses|999,2
ORD-20261001-1417,2026-10-01 20:50:46,Myra,BANSAL,"Chennai, Tamil Nadu",Beauty|Sunscreen|449,1
ORD-20261001-1784,01/10/2026 11:06,Reyansh,khanna,"  Coimbatore, Tamil Nadu ",Beauty|Lipstick|399,1
ORD-20261001-2896,01/10/2026 19:03,ROHAN,solanki,"Jaipur, Rajasthan",Sports|Cricket Bat|1599,1
ORD-20261001-2892,01/10/2026 04:21,Amit,CHAUHAN,"NAGPUR, MAHARASHTRA",Fashion|Leather Wallet|499,1
ORD-20261001-1288,01/10/2026 11:49,Neel,KUMAR,"Surat, Gujarat",Fashion|Denim Jeans|1199,1
ORD-20261001-2471,01/10/2026 14:26,Bhavna,agarwal,"Surat, Gujarat",Sports|Dumbbell Set|1899,1
ORD-20261001-3316,2026-10-01 15:23:51,Vikas,,"Pune, Maharashtra",Fashion|Denim Jeans|1199,3
ORD-20261001-2640,01/10/2026 20:56,Krishna,SAXENA,"Mumbai, Maharashtra",Fashion|Running Shoes|2199,2
ORD-20261001-0184,2026-10-01 09:11:14,Harsh,saxena,"Bengaluru, Karnataka",Sports|Skipping Rope|199,1
,01/10/2026 12:34,Payal,Agarwal,"  Chennai, Tamil Nadu ",Fashion|Running Shoes|2199,1
ORD-20261001-2572,01/10/2026 18:48,janvi,srivastava,"mysuru, karnataka",Home And Kitchen|Storage Box|299,1
ORD-20261001-3262,01/10/2026 21:58,Reyansh,  Pillai ,"Mumbai, Maharashtra",Sports|Dumbbell Set|1899,3
ORD-20261001-4064,01/10/2026 08:23,Riya,  Ghosh ,"Delhi, Delhi",Beauty|Hair Serum|549, 1 
ORD-20261001-1413,01-10-2026 19:38,arjun,Patil,"Surat, Gujarat",Fashion|Cotton Kurta|799,1
ORD-20261001-4641,01/10/2026 11:21,YASH,  Rao ,"Nagpur, Maharashtra",Electronics|Bluetooth Speaker|1799,5
ORD-20261001-0016,01/10/2026 15:10,Vivaan,  Shah ,"Mumbai, Maharashtra",Beauty|Perfume|1299,3
ORD-20261001-1831,01-10-2026 15:05,,  Rao ,"Bengaluru, Karnataka",Fashion|Cotton Kurta|799,1
ORD-20261001-3091,01/10/2026 16:53,Divya,IYER,"Mumbai, Maharashtra",Home And Kitchen|Steel Water Bottle|399,1
ORD-20261001-0982,01/10/2026 19:07,Swati,trivedi,"delhi, delhi",Home And Kitchen|Storage Box|299,1
ORD-20261001-3885,2026-10-01 13:41:32,,Agarwal,"Hyderabad, Telangana",Fashion|Denim Jeans|1199,1
ORD-20261001-4373,01/10/2026 19:39,KARAN,  Gupta ,"coimbatore, tamil nadu",Fashion|Leather Wallet|499,2
ORD-20261001-1158,2026-10-01 18:16:02,Komal,PAWAR,"delhi, delhi",Home And Kitchen|Wall Clock|649,1
ORD-20261001-1761,2026-10-01 09:20:41,  Isha ,Patel,"Lucknow, Uttar Pradesh",Home And Kitchen|Wall Clock|649,1
ORD-20261001-0662,2026-10-01 19:12:03,  Dhruv ,Dubey,"Nagpur, Maharashtra",Home And Kitchen|Bedsheet Set|1499,2
ORD-20261001-3234,01/10/2026 11:57,  Neha ,NAIR,"Nagpur, Maharashtra",Fashion|Denim Jeans|1199,1
ORD-20261001-2949,01/10/2026 12:30,DEEPAK,Patil,"Kolkata, West Bengal",Home And Kitchen|Steel Water Bottle|399,2
ORD-20261001-1975,2026-10-01 14:41:52,REYANSH,das,"Ahmedabad, Gujarat",Fashion|Running Shoes|2199,1
ORD-20261001-3416,2026-10-01 19:50:52,advik,  Kulkarni ,"Chennai, Tamil Nadu",Electronics|Wireless Earbuds|1299,1
ORD-20261001-0048,2026-10-01 19:47:58,saanvi,Pawar,"pune, maharashtra",Beauty|Sunscreen|449,3
ORD-20261001-2597,01-10-2026 12:36,Mansi,Bhatt,"Jaipur, Rajasthan",Fashion|Leather Wallet|499,1
ORD-20261001-3778,2026-10-01 18:35:51,Krupa,Kulkarni,,Electronics|Smart Watch|2499,1
ORD-20261001-2628,2026-10-01 14:23:52,  Kabir ,Rao,"Hyderabad, Telangana",Electronics|Laptop Stand|749,
ORD-20261001-3119,01/10/2026 20:39,kunal,Ghosh,"Mysuru, Karnataka",Beauty|Lipstick|399,2
ORD-20261001-0617,01/10/2026 18:10,roshni,KHANNA,"surat, gujarat",Beauty|Sunscreen|449,1
ORD-20261001-1401,01/10/2026 18:35,  Divya ,saxena,"DELHI, DELHI",Beauty|Sunscreen|449,4
ORD-20261001-1406,01/10/2026 06:50,Anika,Mishra,"Bengaluru, Karnataka",Fashion|Cotton Kurta|799,3
ORD-20261001-3017,01/10/2026 10:28,Bhavna,  Rathod ,"kolkata, west bengal",Beauty|Lipstick|399,
ORD-20261001-1612,01/10/2026 08:07,Ishaan,agarwal,"delhi, delhi",Home And Kitchen|Steel Water Bottle|399,3
ORD-20261001-0891,01/10/2026 17:55,ishaan,Shah,N/A,Home And Kitchen|Storage Box|299, 2 
ORD-20261001-1358,2026-10-01 13:48:03,Ayaan,Dubey,"Lucknow, Uttar Pradesh",Beauty|Perfume|1299,3
ORD-20261001-2324,01-10-2026 13:10,  Tushar ,Yadav,"lucknow, uttar pradesh",Fashion|Denim Jeans|1199,1
ORD-20261001-4172,01/10/2026 14:24,Krishna,Nair,"HYDERABAD, TELANGANA",Fashion|Running Shoes|2199,-1
ORD-20261001-2251,2026-10-01 18:28:22,amit,mishra,"Vadodara, Gujarat",Home And Kitchen|Bedsheet Set|1499,4
ORD-20261001-1586,2026-10-01 18:27:01,shaurya,Arora,"kolkata, west bengal",Fashion|Running Shoes|2199, 1 
ORD-20261001-0692,01-10-2026 18:10,vikas,Kumar,"Kolkata, West Bengal",Electronics|Laptop Stand|749,1.0
ORD-20261001-0310,01-10-2026 12:04,Simran,Joshi,"Bengaluru, Karnataka",Fashion|Cotton Kurta|799,2
ORD-20261001-4725,N/A,Arjun,Rathod,"MYSURU, KARNATAKA",Home And Kitchen|Bedsheet Set|1499,1
ORD-20261001-0185,01/10/2026 20:27,Kavya,Chaudhary,"Bengaluru, Karnataka",Home And Kitchen|Storage Box|299,4
ORD-20261001-3716,01/10/2026 04:07,null,Arora,"mumbai, maharashtra",Fashion|Running Shoes|2199,1
ORD-20261001-2968,01/10/2026 19:18,Mihir,Bhatt,"  Mumbai, Maharashtra ",Beauty|Face Wash|249,1
ORD-20261001-0767,01-10-2026 12:30,MANISH,Tiwari,"Mumbai, Maharashtra",Sports|Skipping Rope|199,5
ORD-20261001-3027,01/10/2026 19:52,Aditi,Sharma,"bengaluru, karnataka",Beauty|Sunscreen|449,1
ORD-20261001-0284,2026-10-01 20:21:52,Janvi,Thakkar,"Surat, Gujarat",Fashion|Leather Wallet|499,6
ORD-20261001-3434,01/10/2026 11:03,Kavya,Rao,"bengaluru, karnataka",Fashion|Denim Jeans|1199,4
ORD-20261001-4663,2026-10-01 13:38:27,  Varun ,tiwari,"MYSURU, KARNATAKA",Home And Kitchen|Bedsheet Set|1499,1
ORD-20261001-3611,01/10/2026 15:35,KHUSHI,Dubey,"Bengaluru, Karnataka",Electronics|Smart Watch|2499,-1
ORD-20261001-2326,2026-10-01 12:32:03,Tushar,sharma,"  Delhi, Delhi ",Beauty|Hair Serum|549,3.0
ORD-20261001-4063,01/10/2026 16:58,Mansi,  Bose ,"kolkata, west bengal",Fashion|Cotton Kurta|799,1
ORD-20261001-2931,2026-10-01 01:09:35,Nisha,  Mukherjee ,"Delhi, Delhi",Home And Kitchen|Bedsheet Set|1499,1.0
ORD-20261001-1229,01/10/2026 20:21,om,parmar,"Surat, Gujarat",Electronics|Bluetooth Speaker|1799,1
ORD-20261001-3516,01-10-2026 14:45,Aryan,Patel,"pune, maharashtra",Beauty|Face Wash|249,1
ORD-20261001-1802,01/10/2026 17:18,Saanvi,Iyer,"Mumbai, Maharashtra",Electronics|Power Bank|899,4
ORD-20261001-2276,01/10/2026 23:41,Nisha,Mehta,"Nagpur, Maharashtra",Fashion|Running Shoes|2199,1
ORD-20261001-4454,01/10/2026 08:54,  Yash ,GHOSH,"Bengaluru, Karnataka",Sports|Yoga Mat|699,1
ORD-20261001-3089,01/10/2026 18:18,Aryan,  Kulkarni ,"Kolkata, West Bengal",Home And Kitchen|Storage Box|299,1
ORD-20261001-0159,01/10/2026 01:57,Krupa,Sharma,"Vadodara, Gujarat",Electronics|Laptop Stand|749,1
ORD-20261001-0344,01/10/2026 09:37,vivaan,Desai,"Ahmedabad, Gujarat",Electronics|Power Bank|899,2
ORD-20261001-2928,2026-10-01 11:25:43,Vihaan,vyas,"  Coimbatore, Tamil Nadu ",Home And Kitchen|Non Stick Pan|1099,2
ORD-20261001-2511,01/10/2026 13:10,aditi,  Solanki ,"Coimbatore, Tamil Nadu",Fashion|Cotton Kurta|799,1
ORD-20261001-4218,01/10/2026 12:20,Kabir,Pawar,"Bengaluru, Karnataka",Fashion|Sunglasses|999,2
ORD-20261001-3843,01-10-2026 23:29,Divya,mishra,"KOLKATA, WEST BENGAL",Electronics|Wireless Earbuds|1299,1
ORD-20261001-3376,01/10/2026 10:38,VARUN,Ghosh,"bengaluru, karnataka",Fashion|Leather Wallet|499,2
ORD-20261001-1080,2026-10-01 12:12:09,AANYA,  Bhatt ,"Hyderabad, Telangana",Fashion|Cotton Kurta|799,1
ORD-20261001-0106,01-10-2026 16:00,Kavya,Modi,"Vadodara, Gujarat",Electronics|Laptop Stand|749,1
ORD-20261001-2857,01-10-2026 21:42,isha,Reddy,"Delhi, Delhi",Sports|Dumbbell Set|1899,1
ORD-20261001-0967,01/10/2026 10:07,Megha,Kulkarni,"Kolkata, West Bengal",Beauty|Hair Serum|549,2
ORD-20261001-1317,01/10/2026 14:55,,rao,"bengaluru, karnataka",Beauty|Perfume|1299,1
ORD-20261001-4118,01-10-2026 15:22,aadhya,das,"  Delhi, Delhi ",Beauty|Sunscreen|449,2
ORD-20261001-1929,01/10/2026 19:18,Janvi,Iyer,"Lucknow, Uttar Pradesh",Sports|Football|799,2
ORD-20261001-2761,2026-10-01 15:12:29,Rahul,pandya,"Vadodara, Gujarat",Beauty|Hair Serum|549,1
ORD-20261001-4784,01/10/2026 16:10,  Tanvi ,kumar,"Ahmedabad, Gujarat",Electronics|Smart Watch|2499,3
ORD-20261001-0808,01/10/2026 14:34,gaurav,vyas,"delhi, delhi",Home And Kitchen|Steel Water Bottle|399,1
ORD-20261001-0195,01/10/2026 19:17,dhwani,JOSHI,"LUCKNOW, UTTAR PRADESH",Home And Kitchen|Bedsheet Set|1499,3
ORD-20261001-3138,2026-10-01 20:19:32,Anjali,PARMAR,"Kolkata, West Bengal",Beauty|Lipstick|399,1
ORD-20261001-0267,2026-10-01 13:36:50,Yash,SRIVASTAVA,"Mumbai, Maharashtra",Beauty|Perfume|1299,1
ORD-20261001-4609,2026-10-01 21:44:54,  Neha ,  Agarwal ,"pune, maharashtra",Fashion|Sunglasses|999,2
ORD-20261001-1969,01/10/2026 18:01,atharv,Mishra,"hyderabad, telangana",Beauty|Face Wash|249,2
ORD-20261001-2478,2026-10-01 16:57:14,harsh,PAWAR,"hyderabad, telangana",Fashion|Denim Jeans|1199,4
ORD-20261001-1503,01/10/2026 18:59,Diya,Pawar,"surat, gujarat",Fashion|Running Shoes|2199,1
ORD-20261001-3743,01/10/2026 20:05,Simran,pillai,"bengaluru, karnataka",Electronics|Laptop Stand|749,1
ORD-20261001-3592,01-10-2026 22:03,  Khushi ,BHATT,"Bengaluru, Karnataka",Fashion|Leather Wallet|499,1
ORD-20261001-4035,2026-10-01 11:21:42,megha,Pawar,,Beauty|Hair Serum|549,1
ORD-20261001-1578,01/10/2026 13:47,Simran,PAWAR,"  Ahmedabad, Gujarat ",Fashion|Denim Jeans|1199,3.0
ORD-20261001-3489,01/10/2026 21:48,Pooja,mehta,"  Pune, Maharashtra ",Electronics|Laptop Stand|749,1
ORD-20261001-3969,01/10/2026 14:28,kabir,tiwari,"Mumbai, Maharashtra",Fashion|Sunglasses|999,1
ORD-20261001-4422,2026-10-01 11:06:14,Kavya,Chauhan,"Mumbai, Maharashtra",Electronics|Power Bank|899,2.0
ORD-20261001-3110,01/10/2026 22:58,Myra,Trivedi,"  Pune, Maharashtra ",Home And Kitchen|Non Stick Pan|1099,3
ORD-20261001-0088,2026-10-01 03:59:10,rudra,Srivastava,"  Chennai, Tamil Nadu ",Home And Kitchen|Steel Water Bottle|399,1
ORD-20261001-0024,01/10/2026 14:17,SWATI,  Solanki ,"Pune, Maharashtra",Home And Kitchen|Bedsheet Set|1499,2
ORD-20261001-2111,01/10/2026 17:23,  Hetal ,Reddy,"vadodara, gujarat",Electronics|Smart Watch|2499,1
ORD-20261001-1976,01/10/2026 18:28,HETAL,sinha,"Delhi, Delhi",Electronics|Bluetooth Speaker|1799,1
ORD-20261001-2030,01/10/2026 13:08,Ishaan,mehta,"Ahmedabad, Gujarat",Fashion|Denim Jeans|1199,
ORD-20261001-3064,01/10/2026 13:34,dev,Pawar,"Surat, Gujarat",Home And Kitchen|Wall Clock|649,4
ORD-20261001-1174,2026-10-01 13:28:39,kunal,Ghosh,"  Mysuru, Karnataka ",Sports|Yoga Mat|699,4
ORD-20261001-4400,2026-10-01 20:07:03,Palak,Jain,"  Kolkata, West Bengal ",Beauty|Sunscreen|449,1
ORD-20261001-4685,01/10/2026 14:59,Bhavna,Bansal,"Delhi, Delhi",Fashion|Denim Jeans|1199,1
ORD-20261001-0280,01/10/2026 19:11,mihir,Jain,"Hyderabad, Telangana",Beauty|Perfume|1299,2
ORD-20261001-2366,01/10/2026 21:38,Nikhil,Bhatt,"  Coimbatore, Tamil Nadu ",Fashion|Cotton Kurta|799,1
ORD-20261001-0177,01/10/2026 12:33,HETAL,KAPOOR,"Chennai, Tamil Nadu",Fashion|Sunglasses|999,2
ORD-20261001-3252,01-10-2026 16:21,karan,Jain,"  Bengaluru, Karnataka ",Beauty|Perfume|1299,3
ORD-20261001-0409,2026-10-01 10:28:46,Gaurav,Thakkar,"ahmedabad, gujarat",Beauty|Hair Serum|549,5.0
ORD-20261001-2685,2026-10-01 19:21:42,kabir,Dubey,"nagpur, maharashtra",Beauty|Hair Serum|549,1
ORD-20261001-4290,01/10/2026 22:08,Payal,Rao,"Bengaluru, Karnataka",Home And Kitchen|Storage Box|299,1
ORD-20261001-4834,01-10-2026 12:38,Shreya,Chopra,"mumbai, maharashtra",Beauty|Lipstick|399,2
ORD-20261001-2236,01/10/2026 13:35,Anika,Shah,"Pune, Maharashtra",Sports|Cricket Bat|1599,1
ORD-20261001-4517,01/10/2026 08:40,Rudra,Jain,"Nagpur, Maharashtra",Home And Kitchen|Non Stick Pan|1099,1
ORD-20261001-3135,2026-10-01 11:51:42,Ishaan,Sharma,"Delhi, Delhi",Beauty|Perfume|1299,2
ORD-20261001-1677,01/10/2026 18:03,Aarav,Patil,"Delhi, Delhi",Electronics|Bluetooth Speaker|1799,1
ORD-20261001-2442,01/10/2026 23:58,Ananya,  Pawar ,"Mysuru, Karnataka",Fashion|Leather Wallet|499,4
ORD-20261001-2384,01/10/2026 13:45,  Aditya ,  Parmar ,"Delhi, Delhi",Beauty|Hair Serum|549,1
ORD-20261001-0526,01/10/2026 09:47,Karan,Bansal,"ahmedabad, gujarat",Beauty|Hair Serum|549,2
ORD-20261001-0319,01/10/2026 12:01,Nidhi,SHAH,"HYDERABAD, TELANGANA",Fashion|Leather Wallet|499,3
ORD-20261001-3341,01-10-2026 14:12,Ritu,chopra,,Fashion|Leather Wallet|499,1
ORD-20261001-2149,01/10/2026 20:10,Sara,Srivastava,"Delhi, Delhi",Electronics|Power Bank|899,1
ORD-20261001-1528,01-10-2026 21:31,Kavya,  Rathod ,"Surat, Gujarat",Sports|Yoga Mat|699,1
ORD-20261001-4368,01/10/2026 17:20,Sara,Chauhan,"MUMBAI, MAHARASHTRA",Home And Kitchen|Wall Clock|649,6
ORD-20261001-3836,01/10/2026 09:19,,Joshi,"Chennai, Tamil Nadu",Beauty|Face Wash|249,2
ORD-20261001-2261,2026-10-01 19:55:40,Harsh,Khanna,"pune, maharashtra",Beauty|Perfume|1299,1
ORD-20261001-2810,01/10/2026 13:50,Bhavna,Reddy,"Jaipur, Rajasthan",Fashion|Sunglasses|999,1
ORD-20261001-2458,,Kavya,  Chauhan ,"Mumbai, Maharashtra",Sports|Dumbbell Set|1899,1
ORD-20261001-1297,01/10/2026 11:17,ishaan,Saxena,"mysuru, karnataka",Fashion|Cotton Kurta|799,1
ORD-20261001-0751,,Bhavna,Pandya,"jaipur, rajasthan",Beauty|Lipstick|399,3
ORD-20261001-3457,01/10/2026 13:08,Diya,Bhatt,"Hyderabad, Telangana",Electronics|Smart Watch|2499,2
ORD-20261001-4521,01/10/2026 12:24,Neha,  Vyas ,"Vadodara, Gujarat",Fashion|Running Shoes|2199,2
ORD-20261001-3316,2026-10-01 15:23:51,Vikas,,"Pune, Maharashtra",Fashion|Denim Jeans|1199,3
ORD-20261001-4651,2026-10-01 07:03:27,Karan,Modi,"Jaipur, Rajasthan",Sports|Cricket Bat|1599,1
ORD-20261001-2168,01/10/2026 23:47,Ritu,bose,"Pune, Maharashtra",Sports|Football|799,1
ORD-20261001-3891,2026-10-01 15:08:11,Parth,bansal,"  Nagpur, Maharashtra ",Beauty|Hair Serum|549,1
ORD-20261001-2944,01-10-2026 07:16,  Hetal ,bhatt,"Nagpur, Maharashtra",Electronics|Power Bank|899,2
ORD-20261001-4075,01/10/2062 12:02,  Vihaan ,Vyas,"coimbatore, tamil nadu",Home And Kitchen|Bedsheet Set|1499,2
ORD-20261001-1605,2026-10-01 12:03:32,karan,JAIN,"BENGALURU, KARNATAKA",Fashion|Denim Jeans|1199,5
ORD-20261001-0902,2026-10-01 15:52:20,Janvi,  Bhatt ,"chennai, tamil nadu",Sports|Cricket Bat|1599,0
ORD-20261001-3681,2026-10-01 18:00:36,divya,Verma,"Bengaluru, Karnataka",Sports|Football|799,2
ORD-20261001-0052,01/10/2026 22:49,Payal,Arora,"  Nagpur, Maharashtra ",Fashion|Denim Jeans|1199,2
ORD-20261001-1893,01-10-2026 16:20,rudra,Yadav,"Bengaluru, Karnataka",Electronics|Wireless Earbuds|1299,1
ORD-20261001-2135,N/A,  Tanvi ,Bose,"Vadodara, Gujarat",Fashion|Cotton Kurta|799,2
ORD-20261001-4440,01-10-2026 07:49,Varun,chaudhary,"Ahmedabad, Gujarat",Electronics|Laptop Stand|749,1
ORD-20261001-1510,01/10/2026 16:28,Bhavna,Pandya,"Mysuru, Karnataka",Beauty|Lipstick|399,1
ORD-20261001-1153,2026-10-01 14:32:25,amit,chopra,"NAGPUR, MAHARASHTRA",Electronics|Power Bank|899,1
ORD-20261001-0474,01-10-2026 14:02,PALAK,AGARWAL,"CHENNAI, TAMIL NADU",Sports|Yoga Mat|699,3
ORD-20261001-1903,01/10/2026 05:56,aarav,Desai,"Surat, Gujarat",Electronics|Wireless Earbuds|1299,0
ORD-20261001-0318,2026-10-01 16:30:50,Om,trivedi,"hyderabad, telangana",Home And Kitchen|Steel Water Bottle|399,2
ORD-20261001-1026,01/10/2026 17:20,  Kabir ,Kalavadia,"Jaipur, Rajasthan",Electronics|Smart Watch|2499,5
ORD-20261001-0226,01/10/2026 11:35,POOJA,Ghosh,"surat, gujarat",Fashion|Running Shoes|2199, 2 
ORD-20261001-0306,01/10/2026 02:25,Yash,Kalavadia,"Bengaluru, Karnataka",Fashion|Leather Wallet|499,6
ORD-20261001-1475,2026-10-01 17:18:13,  Tanvi ,Nair,"Delhi, Delhi",Electronics|Smart Watch|2499, 3 
ORD-20261001-3764,01/10/2026 16:36,Komal,kulkarni,"Kolkata, West Bengal",Electronics|Smart Watch|2499,2
ORD-20261001-0869,01/10/2026 16:33,Sai,Agarwal,,Electronics|Power Bank|899,1
,2026-10-01 22:19:43,Harsh,Bhatt,"Surat, Gujarat",Fashion|Cotton Kurta|799,1
ORD-20261001-4436,2026-10-01 10:06:41,Aditya,Pillai,"BENGALURU, KARNATAKA",Electronics|Laptop Stand|749,1
ORD-20261001-4598,2026-10-01 13:09:23,Jay,  Mukherjee ,"Mumbai, Maharashtra",Electronics|Smart Watch|2499,1
ORD-20261001-4088,01/10/2026 20:56,Mansi,patel,"hyderabad, telangana",Sports|Skipping Rope|199,4
ORD-20261001-4510,01/10/2026 18:06,Sara,kumar,"BENGALURU, KARNATAKA",Fashion|Leather Wallet|499,1
ORD-20261001-1570,01/10/2026 06:56,kavya,Ghosh,"MUMBAI, MAHARASHTRA",Electronics|Wireless Earbuds|1299, 3 
ORD-20261001-3622,2026-10-01 15:08:31,Megha,  Sharma ,"Vadodara, Gujarat",Home And Kitchen|Wall Clock|649,1
ORD-20261001-1270,01/10/2026 12:40,Anika,Kapoor,"SURAT, GUJARAT",Home And Kitchen|Storage Box|299,-2
ORD-20261001-1434,2026-10-01 21:32:01,Vikas,Iyer,"Mysuru, Karnataka",Electronics|Power Bank|899,1
ORD-20261001-2611,N/A,Kriti,  Thakkar ,"jaipur, rajasthan",Beauty|Hair Serum|549,2
ORD-20261001-0744,01/10/2026 19:43,Shreya,Pillai,"lucknow, uttar pradesh",Fashion|Denim Jeans|1199,1
ORD-20261001-0905,2026-10-01 12:35:30,Aryan,mukherjee,"Mumbai, Maharashtra",Beauty|Lipstick|399,3
ORD-20261001-3491,2026-10-01 21:14:36,Ritu,Patel,"Jaipur, Rajasthan",Fashion|Cotton Kurta|799,1
ORD-20261001-0427,01/10/2026 17:48,Palak,Das,"Pune, Maharashtra",Electronics|Laptop Stand|749,
ORD-20261001-1925,01-10-2026 11:28,Khushi,tiwari,"Delhi, Delhi",Fashion|Sunglasses|999,1
ORD-20261001-2144,01-10-2026 20:42,nidhi,solanki,"Kolkata, West Bengal",Electronics|Wireless Earbuds|1299,4
ORD-20261001-2648,01/10/2026 17:54,Nidhi,Trivedi,"Jaipur, Rajasthan",Fashion|Sunglasses|999,1
ORD-20261001-0705,01/10/2026 17:41,Karan,rathod,"mumbai, maharashtra",Home And Kitchen|Steel Water Bottle|399,2
ORD-20261001-1004,01-10-2026 22:19,Deepak,Bhatt,"Surat, Gujarat",Home And Kitchen|Non Stick Pan|1099,3
ORD-20261001-0045,01/10/2026 16:26,Dev,  Bansal ,"Kolkata, West Bengal",Electronics|Bluetooth Speaker|1799,
ORD-20261001-0564,2026-10-01 20:54:27,Shaurya,Shah,"Bengaluru, Karnataka",Electronics|Power Bank|899,3
ORD-20261001-1522,2026-10-01 23:07:21,sara,Desai,"jaipur, rajasthan",Home And Kitchen|Wall Clock|649,2
ORD-20261001-2847,01/10/2026 14:08,Arjun,Kalavadia,"Hyderabad, Telangana",Beauty|Face Wash|249,1
ORD-20261001-0261,01/10/2026 11:45,atharv,Kalavadia,"Nagpur, Maharashtra",Home And Kitchen|Bedsheet Set|1499,1
ORD-20261001-1602,01/10/2026 12:01,Aryan,Dubey,"Lucknow, Uttar Pradesh",Home And Kitchen|Steel Water Bottle|399,2
ORD-20261001-1516,01-10-2026 18:14,Diya,trivedi,"  Bengaluru, Karnataka ",Fashion|Running Shoes|2199, 1 
ORD-20261001-0557,01/10/2026 22:03,Mihir,Singh,"Ahmedabad, Gujarat",Beauty|Hair Serum|549,2.0
ORD-20261001-1676,01/10/2026 13:34,  Krishna ,  Chauhan ,"Chennai, Tamil Nadu",Home And Kitchen|Bedsheet Set|1499,1
ORD-20261001-4497,01/10/2026 11:53,Nidhi,Sinha,"BENGALURU, KARNATAKA",Home And Kitchen|Non Stick Pan|1099,1
ORD-20261001-3276,01-10-2026 11:26,manish,PATEL,"Mumbai, Maharashtra",Electronics|Laptop Stand|749,1
ORD-20261001-0506,01-10-2026 21:25,Atharv,Nair,"delhi, delhi",Fashion|Running Shoes|2199,1
ORD-20261001-2041,01/10/2026 11:34,ARYAN,Shah,"PUNE, MAHARASHTRA",Home And Kitchen|Storage Box|299,2
ORD-20261001-3733,01-10-2026 05:38,Shreya,Desai,,Beauty|Perfume|1299,3
ORD-20261001-3627,2026-10-01 09:43:36,  Rudra ,yadav,"Mumbai, Maharashtra",Electronics|Smart Watch|2499,2
ORD-20261001-2395,,RITU,Jain,"Jaipur, Rajasthan",Electronics|Wireless Earbuds|1299,1.0
ORD-20261001-1728,01/10/2026 04:25,Sara,Bansal,"  Mumbai, Maharashtra ",Fashion|Running Shoes|2199,1
ORD-20261001-2988,2026-10-01 00:19:18,KOMAL,MODI,"Ahmedabad, Gujarat",Sports|Dumbbell Set|1899, 1 
,2026-10-01 13:15:09,Riya,  Thakkar ,"Lucknow, Uttar Pradesh",Electronics|Bluetooth Speaker|1799,3
ORD-20261001-4019,01/10/2026 13:00,Komal,MALHOTRA,"mumbai, maharashtra",Electronics|Power Bank|899,2.0
ORD-20261001-1182,01-10-2026 18:52,Advik,reddy,"delhi, delhi",Home And Kitchen|Steel Water Bottle|399,1
ORD-20261001-4439,01/10/2026 16:15,Mihir,Sharma,"Hyderabad, Telangana",Home And Kitchen|Wall Clock|649,2.0
ORD-20261001-2790,01-10-2026 10:05,Suresh,Khanna,"DELHI, DELHI",Home And Kitchen|Steel Water Bottle|399,3
ORD-20261001-3724,01/10/2026 02:35,Tushar,,"Mumbai, Maharashtra",Sports|Yoga Mat|699,1
ORD-20261001-1260,01/10/2026 19:18,pooja,Modi,"pune, maharashtra",Fashion|Cotton Kurta|799,4
ORD-20261001-0317,01/10/2026 21:56,Myra,Mehta,"Bengaluru, Karnataka",Fashion|Leather Wallet|499,1
ORD-20261001-2598,01/10/2026 20:13,  Nikhil ,JAIN,"Chennai, Tamil Nadu",Fashion|Cotton Kurta|799,2
ORD-20261001-1727,01/10/2026 22:03,Shreya,  Dubey ,"mumbai, maharashtra",Electronics|Smart Watch|2499,1.0
ORD-20261001-2828,01-10-2026 22:43,Manish,patil,"Surat, Gujarat",Sports|Yoga Mat|699,3
ORD-20261001-1113,01/10/2026 12:21,Karan,  Chauhan ,"ahmedabad, gujarat",Beauty|Hair Serum|549,2
ORD-20261001-2976,01-10-2026 19:52,Kriti,Das,"Bengaluru, Karnataka",Home And Kitchen|Non Stick Pan|1099, 2 
ORD-20261001-3062,2026-10-01 12:15:40,Sneha,Trivedi,"Chennai, Tamil Nadu",Electronics|Laptop Stand|749,3
ORD-20261001-2933,01/10/2026 17:02,  Krishna ,RATHOD,"Chennai, Tamil Nadu",Sports|Cricket Bat|1599,3
ORD-20261001-1571,01/10/2026 12:16,,Srivastava,"  Chennai, Tamil Nadu ",Beauty|Sunscreen|449,1
ORD-20261001-2801,2026-10-01 08:26:10,Tanvi,Parmar,"Bengaluru, Karnataka",Sports|Dumbbell Set|1899,1
ORD-20261001-2739,2026-10-01 13:39:42,Harsh,Desai,"Vadodara, Gujarat",Sports|Dumbbell Set|1899,1
ORD-20261001-1341,01/10/2026 09:30,AANYA,Trivedi,"Delhi, Delhi",Electronics|Smart Watch|2499,6
ORD-20261001-3982,01/10/2026 12:35,Om,Thakkar,"Chennai, Tamil Nadu",Electronics|Bluetooth Speaker|1799,1
ORD-20261001-1392,31/02/2026 21:46,NIKHIL,verma,"Pune, Maharashtra",Beauty|Face Wash|249,
ORD-20261001-3950,2026-10-01 22:57:20,Bhavna,Chaudhary,"Hyderabad, Telangana",Fashion|Denim Jeans|1199,1
ORD-20261001-3740,31/02/2026 13:31,  Sai ,Bansal,"Bengaluru, Karnataka",Beauty|Hair Serum|549,3
ORD-20261001-2198,01/10/2026 17:19,  Roshni ,Pillai,"  Delhi, Delhi ",Fashion|Sunglasses|999,1.0
ORD-20261001-2979,2026-10-01 14:07:39,Isha,CHAUDHARY,"Vadodara, Gujarat",Electronics|Bluetooth Speaker|1799,2
ORD-20261001-3541,01/10/2026 10:10,Rajesh,Mishra,"Hyderabad, Telangana",Fashion|Sunglasses|999,3
ORD-20261001-4269,01/10/2026 06:18,Aarav,Shah,"chennai, tamil nadu",Fashion|Running Shoes|2199,three
ORD-20261001-1053,2026-10-01 21:06:36,rohan,VERMA,"AHMEDABAD, GUJARAT",Fashion|Denim Jeans|1199,1.0
ORD-20261001-4186,2026-10-01 19:45:18,Atharv,  Jain ,"Chennai, Tamil Nadu",Electronics|Laptop Stand|749,1
ORD-20261001-1499,01/10/2026 23:19,gaurav,Pillai,"HYDERABAD, TELANGANA",Electronics|Bluetooth Speaker|1799,2
ORD-20261001-2176,2026-10-01 13:33:25,Parth,  Kapoor ,"PUNE, MAHARASHTRA",Home And Kitchen|Non Stick Pan|1099,1
ORD-20261001-0262,2026-10-01 22:18:00,  Jay ,Bansal,"Jaipur, Rajasthan",Fashion|Running Shoes|2199,5
ORD-20261001-3642,01-10-2026 18:52,Navya,Bansal,"Mumbai, Maharashtra",Beauty|Face Wash|249,1
ORD-20261001-0458,01-10-2026 22:13,Diya,  Kapoor ,"chennai, tamil nadu",Sports|Dumbbell Set|1899,1
ORD-20261001-3787,01/10/2026 19:11,  Karan ,Parmar,"delhi, delhi",Beauty|Perfume|1299,1
ORD-20261001-2474,01/10/2026 20:41,Aditya,PANDYA,"Bengaluru, Karnataka",Sports|Yoga Mat|699,
ORD-20261001-0021,01/10/2026 09:26,Atharv,Trivedi,"Jaipur, Rajasthan",Electronics|Power Bank|899,1
ORD-20261001-3163,01/10/2026 23:42,Karan,Bose,"Delhi, Delhi",Fashion|Running Shoes|2199,4
ORD-20261001-3777,01/10/2026 10:03,Karan,Tiwari,"coimbatore, tamil nadu",Fashion|Leather Wallet|499,1
ORD-20261001-3528,01/10/2026 12:43,Kabir,Tiwari,"VADODARA, GUJARAT",Fashion|Cotton Kurta|799,1
ORD-20261001-2048,01/10/2026 12:53,Arjun,Kulkarni,"Nagpur, Maharashtra",Sports|Yoga Mat|699,3
ORD-20261001-4768,01/10/2026 22:38,megha,Mehta,"Mumbai, Maharashtra",Beauty|Lipstick|399,1
ORD-20261001-2197,01-10-2026 12:30,  Bhavna ,chaudhary,"Surat, Gujarat",,4
ORD-20261001-2466,01-10-2026 11:16,VIVAAN,Solanki,"KOLKATA, WEST BENGAL",Home And Kitchen|Steel Water Bottle|399,2
ORD-20261001-3187,01/10/2026 02:05,Aditi,Sharma,"Kolkata, West Bengal",Electronics|Smart Watch|2499,2
ORD-20261001-0791,01/10/2026 20:10,Simran,SOLANKI,"delhi, delhi",Fashion|Leather Wallet|499,1
ORD-20261001-2566,2026-10-01 21:27:20,Isha,Jain,"Chennai, Tamil Nadu",Fashion|Leather Wallet|499,1
ORD-20261001-0755,2026-10-01 22:12:49,Priya,KHANNA,"Mumbai, Maharashtra",Beauty|Face Wash|249,1
ORD-20261001-3454,2026-10-01 09:27:55,pooja,SHAH,"Chennai, Tamil Nadu",Beauty|Hair Serum|549,1
ORD-20261001-3893,01/10/2026 18:51,roshni,Kapoor,"HYDERABAD, TELANGANA",Home And Kitchen|Steel Water Bottle|399,1
ORD-20261001-0389,2026-10-01 19:36:54,Aanya,khanna,"  Surat, Gujarat ",Electronics|Power Bank|899,1
ORD-20261001-4331,01-10-2026 08:26,pranav,bose,"PUNE, MAHARASHTRA",Electronics|Laptop Stand|749,2
ORD-20261001-0993,01-10-2026 20:12,Tanvi,Kapoor,"Bengaluru, Karnataka",Beauty|Perfume|1299,3
ORD-20261001-2179,2026-10-01 21:23:00,Nisha,kumar,"PUNE, MAHARASHTRA",,2.0
ORD-20261001-3862,01/10/2026 19:41,Deepak,reddy,"Jaipur, Rajasthan",Electronics|Laptop Stand|749,2
ORD-20261001-3407,01/10/2026 15:39,Tanvi,  Modi ,"coimbatore, tamil nadu",Electronics|Power Bank|899,2
ORD-20261001-1645,2026-10-01 19:30:42,,desai,"Coimbatore, Tamil Nadu",Home And Kitchen|Storage Box|299,1
ORD-20261001-3967,01-10-2026 08:06,Nisha,Parmar,"Lucknow, Uttar Pradesh",Electronics|Power Bank|899,3
ORD-20261001-2033,2026-10-01 13:19:28,Kriti,Menon,"Vadodara, Gujarat",Beauty|Face Wash|249,1
ORD-20261001-4288,2026-10-01 20:29:15,Jay,pillai,N/A,Home And Kitchen|Bedsheet Set|1499,1
ORD-20261001-3588,01-10-2026 19:08,varun,rao,"bengaluru, karnataka",Fashion|Sunglasses|999,2
ORD-20261001-0853,2026-10-01 14:01:14,divya,Das,"Surat, Gujarat",Fashion|Denim Jeans|1199,1
ORD-20261001-2586,2026-10-01 21:21:01,Harsh,Pawar,"Jaipur, Rajasthan",Home And Kitchen|Steel Water Bottle|399,1
ORD-20261001-4844,2026-10-01 10:57:59,Jay,SHAH,"Jaipur, Rajasthan",Fashion|Denim Jeans|1199,1
ORD-20261001-1963,01/10/2026 07:37,divya,Yadav,"Lucknow, Uttar Pradesh",Sports|Dumbbell Set|1899,2
ORD-20261001-4424,2026-10-01 23:17:53,Vihaan,Gupta,"Bengaluru, Karnataka",Beauty|Perfume|1299,1
ORD-20261001-4516,01-10-2026 14:22,karan,Kulkarni,"delhi, delhi",Home And Kitchen|Non Stick Pan|1099, 1 
ORD-20261001-1377,01-10-2026 21:15,NAVYA,  Iyer ,"bengaluru, karnataka",Sports|Dumbbell Set|1899,2
ORD-20261001-3956,01/10/2026 11:16,Saanvi,Dubey,"Pune, Maharashtra",Fashion|Running Shoes|2199, 2 
ORD-20261001-2816,01/10/2026 11:10,PARTH,Patel,"ahmedabad, gujarat",Fashion|Leather Wallet|499,5
ORD-20261001-1855,01/10/2026 19:58,Reyansh,  Verma ,"MYSURU, KARNATAKA",Fashion|Denim Jeans|1199,1
,01/10/2026 22:42,Priya,SRIVASTAVA,"Chennai, Tamil Nadu",Electronics|Wireless Earbuds|1299,1
ORD-20261001-2032,01/10/2026 13:34,Arjun,Sharma,"chennai, tamil nadu",Fashion|Running Shoes|2199,2
ORD-20261001-3026,01/10/2026 17:26,VIHAAN,pawar,"Mumbai, Maharashtra",Electronics|Laptop Stand|749,4
ORD-20261001-0574,01/10/2026 13:24,PARTH,nair,"SURAT, GUJARAT",Beauty|Sunscreen|449,1
ORD-20261001-3406,01/10/2026 12:50,Arjun,Nair,"Bengaluru, Karnataka",Fashion|Denim Jeans|1199,1
ORD-20261001-3675,2026-10-01 07:15:45,Swati,Mishra,"CHENNAI, TAMIL NADU",Fashion|Sunglasses|999,2
ORD-20261001-3385,2026-10-01 10:58:05,Nisha,Pillai,"Surat, Gujarat",Electronics|Smart Watch|2499,1
ORD-20261001-4013,01-10-2026 15:37,  Ananya ,REDDY,"hyderabad, telangana",Electronics|Smart Watch|2499,1
ORD-20261001-1285,01/10/2026 14:50,Ishaan,Gupta,"mumbai, maharashtra",Electronics|Laptop Stand|749,1
ORD-20261001-1441,2026-10-01 17:25:52,Dhwani,rathod,"Mysuru, Karnataka",Beauty|Sunscreen|449,1.0
ORD-20261001-3772,01/10/2026 11:34,Gaurav,Arora,"nagpur, maharashtra",Electronics|Laptop Stand|749,1
ORD-20261001-3560,2026-10-01 18:18:50,Sneha,Pandya,"kolkata, west bengal",Electronics|Power Bank|899,1
ORD-20261001-1326,2026-10-01 11:46:07,Swati,ghosh,"bengaluru, karnataka",,1
ORD-20261001-2024,01/10/2026 17:07,Shaurya,Malhotra,"bengaluru, karnataka",Beauty|Sunscreen|449,2
ORD-20261001-4647,01/10/2026 19:48,Kriti,Chopra,"  Delhi, Delhi ",Electronics|Smart Watch|2499,2
ORD-20261001-1577,01/10/2026 13:51,Shreya,Pillai,"  Lucknow, Uttar Pradesh ",Fashion|Denim Jeans|1199,
ORD-20261001-0179,01/10/2026 22:58,nisha,Modi,"Ahmedabad, Gujarat",Electronics|Power Bank|899,1
ORD-20261001-3131,01-10-2026 16:36,Tushar,Kulkarni,"  Mysuru, Karnataka ",Electronics|Wireless Earbuds|1299,3
ORD-20261001-3682,01/10/2026 22:05,Krupa,Trivedi,"chennai, tamil nadu",Home And Kitchen|Wall Clock|649,1
ORD-20261001-4553,01/10/2026 15:53,Ayaan,menon,"Vadodara, Gujarat",Electronics|Wireless Earbuds|1299,-2
ORD-20261001-4640,2026-10-01 21:13:47,Hetal,Modi,"Delhi, Delhi",Fashion|Leather Wallet|499,5
ORD-20261001-2109,01-10-2026 12:44,Neel,Agarwal,"  Lucknow, Uttar Pradesh ",Fashion|Cotton Kurta|799,2
ORD-20261001-1489,01/10/2026 20:18,Aanya,SHARMA,"  Delhi, Delhi ",Electronics|Power Bank|899,1
ORD-20261001-1758,2026-10-01 13:26:04,aadhya,Das,"Delhi, Delhi",Fashion|Leather Wallet|499, 2 
ORD-20261001-4032,01/10/2026 22:39,Aditya,Trivedi,"jaipur, rajasthan",Fashion|Denim Jeans|1199,5
ORD-20261001-3693,01/10/2026 14:51,  Kavya ,Verma,"Vadodara, Gujarat",Fashion|Running Shoes|2199,2
ORD-20261001-2827,01/10/2026 09:18,Tushar,yadav,"Delhi, Delhi",Electronics|Power Bank|899,3
ORD-20261001-2869,01/10/2026 17:40,Anika,Shah,"  Pune, Maharashtra ",Sports|Skipping Rope|199,1
ORD-20261001-4482,2026-10-01 22:31:30,Payal,mukherjee,"Chennai, Tamil Nadu",Electronics|Laptop Stand|749,1
ORD-20261001-0081,2026-10-01 19:47:35,Nidhi,BANSAL,"pune, maharashtra",Electronics|Bluetooth Speaker|1799,5
ORD-20261001-0277,2026-10-01 15:31:59,Nikhil,Patil,"Vadodara, Gujarat",Fashion|Cotton Kurta|799,1
ORD-20261001-1840,01/10/2026 22:27,Kabir,Bansal,"chennai, tamil nadu",Beauty|Face Wash|249,1
ORD-20261001-0822,01/10/2026 20:22,Kabir,YADAV,"Lucknow, Uttar Pradesh",Home And Kitchen|Non Stick Pan|1099,1
ORD-20261001-3506,01/10/2026 01:09,Pranav,sharma,"Hyderabad, Telangana",Sports|Skipping Rope|199, 1 
ORD-20261001-4738,01/10/2026 20:30,Harsh,  Chauhan ,"Mysuru, Karnataka",Fashion|Cotton Kurta|799,5
ORD-20261001-4267,01/10/2026 05:33,Megha,,"pune, maharashtra",Electronics|Wireless Earbuds|1299,1
ORD-20261001-3149,01/10/2026 20:06,Harsh,Mishra,"hyderabad, telangana",Fashion|Leather Wallet|499,2
ORD-20261001-2557,01/10/2026 20:25,pari,joshi,"Pune, Maharashtra",Electronics|Bluetooth Speaker|1799,1
ORD-20261001-4463,01/10/2026 08:44,Nisha,Vyas,"Hyderabad, Telangana",Home And Kitchen|Storage Box|299,1
ORD-20261001-2735,01/10/2026 13:26,  Shaurya ,Sinha,N/A,Beauty|Sunscreen|449,2
ORD-20261001-3338,01/10/2026 11:21,Isha,Menon,"LUCKNOW, UTTAR PRADESH",Electronics|Laptop Stand|749, 1 
ORD-20261001-4483,01/10/2026 11:24,  Neel ,  Agarwal ,"CHENNAI, TAMIL NADU",Electronics|Bluetooth Speaker|1799,1
ORD-20261001-0729,01/10/2026 21:49,SIMRAN,vyas,"Chennai, Tamil Nadu",Sports|Dumbbell Set|1899,2
ORD-20261001-2858,2026-10-01 20:51:24,dev,Mukherjee,"Chennai, Tamil Nadu",Electronics|Laptop Stand|749,1
ORD-20261001-0712,2026-10-01 19:08:03,Atharv,Chaudhary,"nagpur, maharashtra",Electronics|Smart Watch|2499,1
ORD-20261001-3326,01/10/2026 12:05,Karan,Verma,"CHENNAI, TAMIL NADU",Home And Kitchen|Wall Clock|649,1
ORD-20261001-2543,01-10-2026 12:42,Priya,ghosh,"  Delhi, Delhi ",Sports|Skipping Rope|199,1
ORD-20261001-3130,01/10/2026 22:50,Rahul,kalavadia,"mumbai, maharashtra",Home And Kitchen|Wall Clock|649,1
ORD-20261001-3855,2026-10-01 14:04:00,Aarav,Bhatt,"HYDERABAD, TELANGANA",Home And Kitchen|Steel Water Bottle|399,
ORD-20261001-1467,01/10/2062 20:59,Priya,Mukherjee,"Pune, Maharashtra",Fashion|Running Shoes|2199,4
ORD-20261001-2295,2026-10-01 21:33:27,Bhavna,Malhotra,"Jaipur, Rajasthan",Electronics|Smart Watch|2499,1
ORD-20261001-1029,01/10/2026 19:45,VIHAAN,THAKKAR,"Jaipur, Rajasthan",Fashion|Leather Wallet|499, 1 
ORD-20261001-3678,01/10/2026 21:00,karan,das,"KOLKATA, WEST BENGAL",Electronics|Smart Watch|2499,1
ORD-20261001-0969,01/10/2026 20:17,Varun,Patil,"Mumbai, Maharashtra",Electronics|Wireless Earbuds|1299,-2
ORD-20261001-0569,01/10/2026 14:50,MANISH,Bhatt,"  Hyderabad, Telangana ",Beauty|Hair Serum|549,2
ORD-20261001-2499,01/10/2026 15:42,AADHYA,Jain,"MYSURU, KARNATAKA",Beauty|Lipstick|399,2
ORD-20261001-1817,01/10/2026 13:19,Arjun,Mehta,"Mumbai, Maharashtra",Beauty|Perfume|1299,1
ORD-20261001-4346,2026-10-01 15:57:37,Priya,Yadav,"COIMBATORE, TAMIL NADU",Fashion|Running Shoes|2199,1
ORD-20261001-2467,01/10/2026 20:06,  Kavya ,Solanki,"bengaluru, karnataka",Sports|Skipping Rope|199,5
ORD-20261001-0469,01-10-2026 16:22,Myra,Mehta,"Bengaluru, Karnataka",Beauty|Sunscreen|449,1
,2026-10-01 17:15:32,MANISH,  Verma ,"Chennai, Tamil Nadu",Beauty|Face Wash|249,2
ORD-20261001-2073,01/10/2026 12:06,Karan,Nair,"Nagpur, Maharashtra",Electronics|Laptop Stand|749,1
ORD-20261001-2279,01/10/2026 19:20,Om,Bansal,"Hyderabad, Telangana",Sports|Skipping Rope|199, 4 
ORD-20261001-2921,01/10/2026 14:08,  Payal ,Saxena,"  Bengaluru, Karnataka ",Sports|Dumbbell Set|1899,5
ORD-20261001-0764,01-10-2026 20:18,Nidhi,Chopra,"  Pune, Maharashtra ",Electronics|Power Bank|899,1
ORD-20261001-0207,01/10/2026 16:31,Vihaan,Pawar,"mumbai, maharashtra",Electronics|Smart Watch|2499,1
ORD-20261001-1398,01-10-2026 16:20,hetal,Vyas,"surat, gujarat",Electronics|Power Bank|899,2
ORD-20261001-3494,2026-10-01 20:31:52,Sai,saxena,"Ahmedabad, Gujarat",Fashion|Leather Wallet|499,1
ORD-20261001-1103,01/10/2026 09:17,  Simran ,Bose,"Pune, Maharashtra",Beauty|Lipstick|399,1
ORD-20261001-4650,,harsh,Dubey,"Surat, Gujarat",Fashion|Sunglasses|999,2
ORD-20261001-3456,2026-10-01 18:20:38,OM,THAKKAR,"Jaipur, Rajasthan",Electronics|Bluetooth Speaker|1799,1
ORD-20261001-1958,01/10/2026 12:01,Khushi,  Bhatt ,"Bengaluru, Karnataka",Fashion|Cotton Kurta|799,4
ORD-20261001-3477,01/10/2026 10:42,Bhavna,Desai,N/A,Sports|Football|799,1
ORD-20261001-0536,2026-10-01 16:32:35,Tanvi,Mishra,"Hyderabad, Telangana",Electronics|Smart Watch|2499,1
ORD-20261001-3714,,Aditi,Chaudhary,"Pune, Maharashtra",Fashion|Running Shoes|2199,2
ORD-20261001-1173,01/10/2026 08:37,sara,MISHRA,"Kolkata, West Bengal",Electronics|Power Bank|899,1.0
ORD-20261001-2445,01/10/2026 21:57,Pooja,Chopra,"mysuru, karnataka",Electronics|Smart Watch|2499,1
ORD-20261001-3214,2026-10-01 18:12:07,Varun,Thakkar,"Lucknow, Uttar Pradesh",Home And Kitchen|Steel Water Bottle|399,1
ORD-20261001-3378,01-10-2026 20:18,Neel,Mukherjee,"Pune, Maharashtra",Home And Kitchen|Storage Box|299,
ORD-20261001-1986,2026-10-01 21:43:04,Saanvi,Dubey,"Pune, Maharashtra",Electronics|Smart Watch|2499,1
ORD-20261001-4764,2026-10-01 10:46:12,Reyansh,desai,"Surat, Gujarat",Electronics|Bluetooth Speaker|1799,1
ORD-20261001-1529,2026-10-01 09:17:01,Palak,YADAV,"Pune, Maharashtra",Fashion|Denim Jeans|1199,2
ORD-20261001-2821,01-10-2026 21:44,Dev,Malhotra,"surat, gujarat",Home And Kitchen|Storage Box|299,2
ORD-20261001-3133,2026-10-01 10:13:01,Vikas,chaudhary,"Vadodara, Gujarat",Fashion|Denim Jeans|1199,2
ORD-20261001-3867,01-10-2026 18:10,SHAURYA,Vyas,"Kolkata, West Bengal",Home And Kitchen|Wall Clock|649,2
ORD-20261001-3578,2026-10-01 18:57:17,diya,kumar,"Pune, Maharashtra",Beauty|Face Wash|249,2
ORD-20261001-2880,01/10/2026 22:36,Sara,Bose,"Mumbai, Maharashtra",Fashion|Running Shoes|2199,2
ORD-20261001-0385,01-10-2026 21:03,  Shaurya ,Srivastava,"Chennai, Tamil Nadu",Home And Kitchen|Steel Water Bottle|399,1
ORD-20261001-3067,01-10-2026 14:27,null,,"Coimbatore, Tamil Nadu",Electronics|Wireless Earbuds|1299,2
ORD-20261001-1450,2026-10-01 16:17:09,ananya,Srivastava,"Ahmedabad, Gujarat",Fashion|Leather Wallet|499,three
ORD-20261001-1821,01/10/2026 12:36,  Vihaan ,Sinha,"  Hyderabad, Telangana ",Fashion|Denim Jeans|1199,1
ORD-20261001-2845,01/10/2026 15:45,aadhya,  Chaudhary ,"Ahmedabad, Gujarat",Electronics|Laptop Stand|749,4
ORD-20261001-4838,2026-10-01 14:03:10,Swati,Nair,"Pune, Maharashtra",Beauty|Hair Serum|549,1
ORD-20261001-4847,01/10/2026 19:59,parth,chaudhary,"ahmedabad, gujarat",Electronics|Power Bank|899,2
ORD-20261001-3549,2026-10-01 12:30:26,suresh,Chaudhary,,Electronics|Smart Watch|2499,1
ORD-20261001-2470,01-10-2026 16:53,DHRUV,Joshi,"bengaluru, karnataka",Sports|Football|799,2
ORD-20261001-1762,2026-10-01 10:55:17,Khushi,Nair,"Delhi, Delhi",Beauty|Face Wash|249,1.0
ORD-20261001-2330,2026-10-01 23:35:52,Nikhil,Vyas,"Pune, Maharashtra",Home And Kitchen|Wall Clock|649,1
ORD-20261001-4448,01/10/2026 21:25,Kriti,ARORA,"  Chennai, Tamil Nadu ",Home And Kitchen|Wall Clock|649,1
ORD-20261001-3775,01/10/2026 13:11,ANJALI,,"Delhi, Delhi",Home And Kitchen|Storage Box|299,1
ORD-20261001-4334,01/10/2026 12:35,Priya,srivastava,"chennai, tamil nadu",Fashion|Leather Wallet|499,2
ORD-20261001-1039,2026-10-01 19:47:42,Tanvi,Thakkar,"  Coimbatore, Tamil Nadu ",Electronics|Power Bank|899,1
ORD-20261001-3650,01/10/2026 22:15,Manish,Verma,"Chennai, Tamil Nadu",Electronics|Smart Watch|2499,1
ORD-20261001-2743,01/10/2026 21:21,Nisha,Pandya,"Hyderabad, Telangana",Fashion|Sunglasses|999,1
ORD-20261001-1787,01/10/2026 13:57,Navya,Pillai,"Bengaluru, Karnataka",Home And Kitchen|Steel Water Bottle|399,1
ORD-20261001-2817,2026-10-01 04:59:39,null,Solanki,"Jaipur, Rajasthan",Electronics|Wireless Earbuds|1299,4
ORD-20261001-1251,01/10/2026 21:04,Sai,Iyer,"  Delhi, Delhi ",Fashion|Running Shoes|2199,5
ORD-20261001-0783,2026-10-01 11:14:43,krupa,Joshi,"Mysuru, Karnataka",Fashion|Sunglasses|999,1
ORD-20261001-3971,2026-10-01 22:13:56,Tanvi,Menon,"Hyderabad, Telangana",Electronics|Power Bank|899,6
ORD-20261001-1263,01/10/2026 01:14,anika,Sinha,"NAGPUR, MAHARASHTRA",Home And Kitchen|Non Stick Pan|1099,1
ORD-20261001-4740,2026-10-01 10:23:42,SIMRAN,  Menon ,"hyderabad, telangana",Home And Kitchen|Wall Clock|649,3
ORD-20261001-0073,01-10-2026 19:07,MYRA,verma,"bengaluru, karnataka",Fashion|Cotton Kurta|799,1
ORD-20261001-4265,2026-10-01 21:47:54,,  Pillai ,"delhi, delhi",Fashion|Cotton Kurta|799,2
ORD-20261001-2202,01/10/2026 08:16,TANVI,PAWAR,"  Mumbai, Maharashtra ",Electronics|Bluetooth Speaker|1799,4
ORD-20261001-3463,01-10-2026 03:05,Rajesh,Chopra,"  Jaipur, Rajasthan ",Home And Kitchen|Storage Box|299,2
ORD-20261001-1060,2026-10-01 18:23:27,Aditi,Pawar,"nagpur, maharashtra",Fashion|Running Shoes|2199,1
ORD-20261001-0203,2026-10-01 20:58:24,KRITI,Rathod,"Chennai, Tamil Nadu",Beauty|Lipstick|399,4
ORD-20261001-2323,2026-10-01 12:40:23,Vikas,trivedi,"Mysuru, Karnataka",Beauty|Face Wash|249,3
ORD-20261001-0463,2026-10-01 12:08:14,Karan,kulkarni,"Jaipur, Rajasthan",Electronics|Laptop Stand|749,1
ORD-20261001-4410,2026-10-01 15:19:38,  Aryan ,CHAUDHARY,"AHMEDABAD, GUJARAT",Fashion|Cotton Kurta|799,3
ORD-20261001-1141,01/10/2026 18:20,Sara,,"  Surat, Gujarat ",Electronics|Smart Watch|2499,1
ORD-20261001-0460,01/10/2026 14:54,vihaan,jain,"Lucknow, Uttar Pradesh",Home And Kitchen|Non Stick Pan|1099,1
ORD-20261001-1235,01/10/2026 14:25,Jay,Parmar,"mumbai, maharashtra",Electronics|Laptop Stand|749,1
ORD-20261001-1825,01/10/2026 21:38,anjali,Chopra,"Kolkata, West Bengal",Sports|Cricket Bat|1599,2
ORD-20261001-0397,01/10/2026 08:34,Amit,,"  Mumbai, Maharashtra ",Home And Kitchen|Non Stick Pan|1099,2
ORD-20261001-1394,2026-10-01 18:02:40,jay,Patel,"Ahmedabad, Gujarat",Home And Kitchen|Steel Water Bottle|399,2
ORD-20261001-1369,2026-10-01 10:07:20,  Shreya ,Srivastava,"Hyderabad, Telangana",Beauty|Perfume|1299,1
ORD-20261001-1478,01-10-2026 13:17,MEGHA,,"Delhi, Delhi",Fashion|Cotton Kurta|799,3
ORD-20261001-1035,2026-10-01 08:39:52,Aadhya,agarwal,"hyderabad, telangana",Fashion|Running Shoes|2199,1
ORD-20261001-2368,2026-10-01 10:33:52,krishna,  Chopra ,"Chennai, Tamil Nadu",Electronics|Bluetooth Speaker|1799,1
ORD-20261001-3848,01/10/2026 11:21,Sneha,Dubey,"Nagpur, Maharashtra",Electronics|Smart Watch|2499,1
ORD-20261001-2837,01/10/2026 12:03,Megha,Kapoor,"pune, maharashtra",Fashion|Running Shoes|2199,4.0
ORD-20261001-2516,01/10/2026 09:48,Anika,Singh,"Kolkata, West Bengal",Fashion|Sunglasses|999,1
ORD-20261001-0995,01/10/2026 20:57,  Neel ,Singh,"Hyderabad, Telangana",Electronics|Wireless Earbuds|1299,1
ORD-20261001-4691,01-10-2026 10:46,Yash,Kulkarni,"Coimbatore, Tamil Nadu",Home And Kitchen|Storage Box|299,
ORD-20261001-3533,2026-10-01 11:31:14,vivaan,Arora,"mysuru, karnataka",Fashion|Sunglasses|999,2
ORD-20261001-4111,2026-10-01 20:52:14,,Kapoor,"delhi, delhi",Fashion|Denim Jeans|1199,1
ORD-20261001-2352,01/10/2026 02:28,  Pari ,Pawar,"Surat, Gujarat",Beauty|Sunscreen|449,1
ORD-20261001-1682,01/10/2026 19:35,Sara,Chauhan,"mumbai, maharashtra",Home And Kitchen|Storage Box|299,3
ORD-20261001-2008,01/10/2026 16:18,Karan,Sinha,"hyderabad, telangana",Home And Kitchen|Wall Clock|649,1
ORD-20261001-1899,01/10/2026 15:03,Kriti,Mukherjee,"Delhi, Delhi",Electronics|Power Bank|899,3
ORD-20261001-3331,01/10/2026 12:12,ritu,THAKKAR,"  Delhi, Delhi ",Beauty|Lipstick|399,3
ORD-20261001-4478,2026-10-01 20:46:51,Isha,Kapoor,"Kolkata, West Bengal",Fashion|Leather Wallet|499,1
ORD-20261001-3052,01/10/2026 12:24,Arjun,Bhatt,"Surat, Gujarat",Sports|Football|799,1.0
ORD-20261001-3288,01/10/2026 21:22,myra,kulkarni,"Coimbatore, Tamil Nadu",Beauty|Sunscreen|449,2
ORD-20261001-4162,2026-10-01 11:47:10,Parth,Agarwal,"vadodara, gujarat",Electronics|Bluetooth Speaker|1799,1
ORD-20261001-1306,01/10/2026 09:00,Vihaan,Jain,"Mysuru, Karnataka",Beauty|Face Wash|249,
ORD-20261001-0693,01/10/2062 16:49,Neha,  Srivastava ,"Mumbai, Maharashtra",Fashion|Leather Wallet|499,1
ORD-20261001-1599,01/10/2026 13:46,VIKAS,Pandya,"Ahmedabad, Gujarat",Home And Kitchen|Wall Clock|649,1
ORD-20261001-0696,01-10-2026 22:40,Myra,modi,"delhi, delhi",Fashion|Cotton Kurta|799,5
ORD-20261001-4374,01/10/2026 16:53,  Aryan ,Mehta,"Bengaluru, Karnataka",Home And Kitchen|Non Stick Pan|1099,1
ORD-20261001-3886,01/10/2026 13:14,NISHA,Gupta,"Bengaluru, Karnataka",Electronics|Power Bank|899,6.0
ORD-20261001-1476,01/10/2026 16:02,Atharv,pandya,"Hyderabad, Telangana",Home And Kitchen|Storage Box|299,3
ORD-20261001-1579,01-10-2026 13:11,divya,Kulkarni,"chennai, tamil nadu",Beauty|Perfume|1299,1
ORD-20261001-1747,2026-10-01 22:48:19,Nikhil,  Mishra ,"Mumbai, Maharashtra",Beauty|Lipstick|399, 2 
ORD-20261001-2907,01/10/2026 23:02,gaurav,Mehta,"Chennai, Tamil Nadu",Home And Kitchen|Wall Clock|649,4
ORD-20261001-4542,01/10/2026 16:27,  Shaurya ,  Kulkarni ,"Ahmedabad, Gujarat",Electronics|Laptop Stand|749,1
ORD-20261001-1357,01/10/2026 11:13,Palak,Arora,"delhi, delhi",Sports|Cricket Bat|1599,5
ORD-20261001-4438,2026-10-01 12:48:00,harsh,Singh,"Mumbai, Maharashtra",Home And Kitchen|Non Stick Pan|1099,3
ORD-20261001-3103,01/10/2026 16:28,Vihaan,Jain,"Surat, Gujarat",Fashion|Denim Jeans|1199,1
ORD-20261001-2526,01/10/2026 16:21,vivaan,Verma,"Delhi, Delhi",Fashion|Cotton Kurta|799,2
ORD-20261001-2320,01/10/2026 12:35,Krishna,Rao,"lucknow, uttar pradesh",Electronics|Bluetooth Speaker|1799,1
ORD-20261001-2626,01/10/2026 20:55,Parth,Sinha,"Mumbai, Maharashtra",Sports|Cricket Bat|1599,1
ORD-20261001-3760,01/10/2026 15:27,Sai,pandya,"  Lucknow, Uttar Pradesh ",Home And Kitchen|Wall Clock|649,-1
ORD-20261001-1597,2026-10-01 21:14:27,DIVYA,Saxena,"Delhi, Delhi",Sports|Dumbbell Set|1899,1
ORD-20261001-1553,2026-10-01 20:13:33,RIYA,  Modi ,"CHENNAI, TAMIL NADU",Beauty|Hair Serum|549,1
ORD-20261001-3361,01/10/2062 15:41,Sai,iyer,"mumbai, maharashtra",Fashion|Denim Jeans|1199,3
ORD-20261001-4692,01-10-2026 18:25,nidhi,Kulkarni,"surat, gujarat",Fashion|Leather Wallet|499,1
ORD-20261001-3442,01-10-2026 14:08,Mansi,PATIL,"PUNE, MAHARASHTRA",Electronics|Wireless Earbuds|1299,2
ORD-20261001-3427,01-10-2026 06:13,pooja,  Yadav ,"ahmedabad, gujarat",Electronics|Power Bank|899,4
ORD-20261001-0658,01/10/2026 16:20,Nisha,kapoor,"  Mumbai, Maharashtra ",Beauty|Sunscreen|449,1
ORD-20261001-0961,2026-10-01 20:09:48,  Nisha ,khanna,"Delhi, Delhi",Beauty|Hair Serum|549,1
ORD-20261001-1302,01/10/2026 18:54,karan,Verma,"Chennai, Tamil Nadu",Fashion|Denim Jeans|1199,2
ORD-20261001-1641,01/10/2026 19:10,null,Rathod,"delhi, delhi",Beauty|Sunscreen|449, 1 
ORD-20261001-2809,01/10/2026 16:52,PARI,Joshi,"pune, maharashtra",Home And Kitchen|Storage Box|299,4
ORD-20261001-3788,01/10/2026 10:32,Manish,Bansal,"Chennai, Tamil Nadu",Fashion|Cotton Kurta|799,1
ORD-20261001-0214,01-10-2026 13:29,Dhwani,Patel,"hyderabad, telangana",Fashion|Cotton Kurta|799,1
ORD-20261001-4832,01/10/2026 14:02,divya,IYER,"Delhi, Delhi",Fashion|Sunglasses|999,1
ORD-20261001-4771,01-10-2026 14:41,Payal,Ghosh,"Bengaluru, Karnataka",Beauty|Sunscreen|449,2
ORD-20261001-1140,01/10/2026 16:19,ARYAN,Khanna,"Vadodara, Gujarat",Sports|Football|799,-1
ORD-20261001-0507,31/02/2026 21:48,Rohan,singh,"Nagpur, Maharashtra",Electronics|Bluetooth Speaker|1799,1
ORD-20261001-4562,01/10/2026 15:37,RAHUL,Chauhan,"Pune, Maharashtra",Electronics|Smart Watch|2499,2
ORD-20261001-4354,01/10/2026 23:51,Vivaan,Pawar,"mysuru, karnataka",Fashion|Denim Jeans|1199,2
ORD-20261001-0407,01/10/2026 17:34,Kabir,Kumar,"Nagpur, Maharashtra",Home And Kitchen|Steel Water Bottle|399,1
ORD-20261001-4083,01/10/2026 13:59,riya,solanki,"Delhi, Delhi",Sports|Football|799,5
ORD-20261001-4052,2026-10-01 10:39:53,Hetal,Iyer,"  Chennai, Tamil Nadu ",Home And Kitchen|Non Stick Pan|1099,1
ORD-20261001-4603,2026-10-01 09:14:48,Ritu,VYAS,"Hyderabad, Telangana",Fashion|Sunglasses|999,1
ORD-20261001-1671,2026-10-01 16:06:51,ritu,vyas,"Hyderabad, Telangana",,2
ORD-20261001-0361,2026-10-01 18:37:02,shaurya,Nair,"  Pune, Maharashtra ",Home And Kitchen|Steel Water Bottle|399,1
ORD-20261001-1647,01/10/2026 14:00,Tanvi,Patil,"hyderabad, telangana",Electronics|Laptop Stand|749,2
ORD-20261001-0517,01/10/2026 14:08,,  Mehta ,"Coimbatore, Tamil Nadu",Electronics|Power Bank|899,1
ORD-20261001-4590,01-10-2026 19:36,Simran,Jain,"vadodara, gujarat",Fashion|Sunglasses|999, 1 
ORD-20261001-3620,N/A,Aditya,Pillai,"bengaluru, karnataka",Sports|Yoga Mat|699,1
ORD-20261001-4717,01/10/2026 19:14,NIKHIL,Pandya,"Delhi, Delhi",Home And Kitchen|Storage Box|299,2
ORD-20261001-1565,01-10-2026 10:41,aditi,Mukherjee,"Kolkata, West Bengal",Electronics|Smart Watch|2499,1
ORD-20261001-0169,2026-10-01 18:45:34,VIHAAN,MODI,"hyderabad, telangana",Home And Kitchen|Non Stick Pan|1099,1
ORD-20261001-4187,2026-10-01 02:01:07,Bhavna,  Khanna ,"Mumbai, Maharashtra",Fashion|Running Shoes|2199,4
ORD-20261001-1098,01/10/2026 12:53,Palak,Agarwal,"CHENNAI, TAMIL NADU",Beauty|Hair Serum|549,5
ORD-20261001-2757,01-10-2026 10:50,Rajesh,arora,"bengaluru, karnataka",Home And Kitchen|Steel Water Bottle|399,1
ORD-20261001-3938,,KRUPA,modi,"Chennai, Tamil Nadu",Home And Kitchen|Steel Water Bottle|399,6
ORD-20261001-0660,01-10-2026 21:36,Divya,BHATT,"AHMEDABAD, GUJARAT",Fashion|Running Shoes|2199,1
ORD-20261001-0347,2026-10-01 13:13:09,Nisha,parmar,"Delhi, Delhi",Home And Kitchen|Bedsheet Set|1499,1
ORD-20261001-3875,01/10/2026 14:17,  Kavya ,modi,"vadodara, gujarat",Sports|Football|799,2
ORD-20261001-0782,01-10-2026 20:09,,Kumar,"chennai, tamil nadu",Electronics|Bluetooth Speaker|1799,4
ORD-20261001-1415,01/10/2026 10:17,Pranav,rathod,"Ahmedabad, Gujarat",Electronics|Laptop Stand|749,2
ORD-20261001-4158,01/10/2026 11:42,AADHYA,Rathod,"Coimbatore, Tamil Nadu",Electronics|Power Bank|899,1
ORD-20261001-3342,01/10/2026 16:12,Navya,Desai,"Pune, Maharashtra",Fashion|Running Shoes|2199,1
ORD-20261001-1667,2026-10-01 21:43:59,  Tushar ,parmar,"chennai, tamil nadu",Electronics|Laptop Stand|749,1.0
ORD-20261001-4551,01/10/2026 00:50,Karan,Reddy,"PUNE, MAHARASHTRA",Home And Kitchen|Bedsheet Set|1499,2
ORD-20261001-2009,01/10/2026 07:18,Mihir,chaudhary,"  Kolkata, West Bengal ",Beauty|Face Wash|249,3
ORD-20261001-2378,01/10/2026 00:40,yash,desai,"delhi, delhi",Beauty|Face Wash|249,-2
ORD-20261001-4306,2026-10-01 08:42:32,simran,JOSHI,"BENGALURU, KARNATAKA",Home And Kitchen|Steel Water Bottle|399,3
ORD-20261001-2375,31/02/2026 14:59,aditya,Sharma,"Nagpur, Maharashtra",Beauty|Sunscreen|449,1
ORD-20261001-0247,2026-10-01 22:51:35,Rahul,Reddy,"Coimbatore, Tamil Nadu",Home And Kitchen|Non Stick Pan|1099,1
ORD-20261001-0050,01/10/2026 20:21,dhwani,Chaudhary,"Coimbatore, Tamil Nadu",Beauty|Hair Serum|549,1
ORD-20261001-2768,01/10/2026 10:00,Rahul,Pandya,"vadodara, gujarat",Home And Kitchen|Bedsheet Set|1499,4
ORD-20261001-0153,01/10/2026 05:28,Dhwani,MODI,"delhi, delhi",Sports|Yoga Mat|699,2
ORD-20261001-2545,01/10/2026 13:54,Khushi,Chauhan,"Bengaluru, Karnataka",Electronics|Laptop Stand|749,3
ORD-20261001-2836,2026-10-01 21:14:38,Nikhil,Nair,"Kolkata, West Bengal",Beauty|Lipstick|399,1
ORD-20261001-0614,2026-10-01 09:12:40,Aditya,Vyas,N/A,Beauty|Perfume|1299,2
ORD-20261001-4526,2026-10-01 17:40:11,Om,Arora,"Bengaluru, Karnataka",Electronics|Laptop Stand|749,2
ORD-20261001-0496,01/10/2026 19:59,Megha,  Trivedi ,"Ahmedabad, Gujarat",Home And Kitchen|Non Stick Pan|1099,2
ORD-20261001-4379,01-10-2026 21:19,Kabir,verma,,Home And Kitchen|Storage Box|299,4
ORD-20261001-4399,01/10/2026 21:41,Pooja,kapoor,"  Kolkata, West Bengal ",Beauty|Face Wash|249,4
ORD-20261001-1290,01-10-2026 17:57,Diya,pawar,"Chennai, Tamil Nadu",Sports|Dumbbell Set|1899,1
ORD-20261001-4254,01/10/2026 12:45,  Neha ,jain,"Delhi, Delhi",Electronics|Smart Watch|2499,1
ORD-20261001-0478,2026-10-01 14:06:21,AMIT,Mishra,"Ahmedabad, Gujarat",Electronics|Power Bank|899,1
ORD-20261001-2966,01/10/2026 20:03,rajesh,kalavadia,"chennai, tamil nadu",Electronics|Bluetooth Speaker|1799,3
ORD-20261001-0430,2026-10-01 12:57:07,Rajesh,  Yadav ,"  Mumbai, Maharashtra ",Sports|Dumbbell Set|1899,-1
ORD-20261001-0298,2026-10-01 21:41:16,Kabir,Menon,"Hyderabad, Telangana",Fashion|Leather Wallet|499,2
ORD-20261001-2625,01/10/2026 17:30,  Manish ,SAXENA,"Bengaluru, Karnataka",Fashion|Running Shoes|2199,2
ORD-20261001-1037,01/10/2026 19:50,Rohan,Pillai,"  Pune, Maharashtra ",Electronics|Wireless Earbuds|1299, 4 
ORD-20261001-1335,01/10/2026 14:14,  Shreya ,  Bhatt ,"Chennai, Tamil Nadu",Home And Kitchen|Wall Clock|649,1
ORD-20261001-4201,2026-10-01 22:56:28,Vivaan,desai,"Chennai, Tamil Nadu",Home And Kitchen|Storage Box|299,4
ORD-20261001-2731,01-10-2026 16:44,Ishaan,Verma,"Delhi, Delhi",Electronics|Bluetooth Speaker|1799,3
ORD-20261001-3917,2026-10-01 05:57:54,RAJESH,Bose,"SURAT, GUJARAT",Fashion|Denim Jeans|1199,1
ORD-20261001-2675,01/10/2026 07:13,NEHA,Khanna,"  Lucknow, Uttar Pradesh ",Home And Kitchen|Bedsheet Set|1499,3
ORD-20261001-4644,01/10/2026 10:33,Kriti,Vyas,"Mumbai, Maharashtra",Home And Kitchen|Steel Water Bottle|399,1
ORD-20261001-3359,2026-10-01 20:04:13,MEGHA,Agarwal,"CHENNAI, TAMIL NADU",Fashion|Running Shoes|2199,1
ORD-20261001-0921,01/10/2026 11:29,Anika,Desai,"JAIPUR, RAJASTHAN",Electronics|Wireless Earbuds|1299,2
ORD-20261001-0675,01/10/2026 13:38,PARTH,Das,"Jaipur, Rajasthan",Fashion|Cotton Kurta|799,2
ORD-20261001-0668,01-10-2026 22:32,Swati,Joshi,"Mysuru, Karnataka",Home And Kitchen|Wall Clock|649,2
ORD-20261001-0883,01/10/2026 11:56,kavya,ARORA,"Jaipur, Rajasthan",Beauty|Face Wash|249,2
ORD-20261001-1169,2026-10-01 20:08:20,Saanvi,Kalavadia,"chennai, tamil nadu",Electronics|Smart Watch|2499,1
ORD-20261001-3183,01-10-2026 23:55,Rajesh,SAXENA,"Ahmedabad, Gujarat",Sports|Yoga Mat|699,1
ORD-20261001-4683,01/10/2062 15:35,Rudra,Pillai,"Ahmedabad, Gujarat",Home And Kitchen|Bedsheet Set|1499,3.0
ORD-20261001-3116,2026-10-01 07:11:18,ananya,Kulkarni,"Vadodara, Gujarat",Electronics|Bluetooth Speaker|1799,3
ORD-20261001-4264,2026-10-01 15:11:53,Kavya,  Sharma ,"kolkata, west bengal",Beauty|Sunscreen|449,4
ORD-20261001-4390,2026-10-01 17:10:31,Khushi,tiwari,"Delhi, Delhi",Fashion|Denim Jeans|1199, 2 
ORD-20261001-1859,01/10/2026 21:57,Dhwani,Patel,"Pune, Maharashtra",Electronics|Bluetooth Speaker|1799,0
ORD-20261001-3759,2026-10-01 01:06:50,  Nisha ,Kulkarni,"Kolkata, West Bengal",Home And Kitchen|Bedsheet Set|1499,1
ORD-20261001-0913,01/10/2026 22:31,Nidhi,Agarwal,"  Ahmedabad, Gujarat ",Beauty|Sunscreen|449,1
ORD-20261001-3479,01/10/2026 08:56,Swati,sinha,"Mysuru, Karnataka",Fashion|Running Shoes|2199,2
ORD-20261001-2699,2026-10-01 06:08:06,Aditi,Mukherjee,"Jaipur, Rajasthan",Electronics|Smart Watch|2499,3
ORD-20261001-1930,2026-10-01 14:38:46,Om,Menon,"DELHI, DELHI",Electronics|Smart Watch|2499,2
ORD-20261001-4235,2026-10-01 22:14:10,RAHUL,Jain,"Mumbai, Maharashtra",Fashion|Running Shoes|2199,2.0
ORD-20261001-4393,2026-10-01 22:58:18,Sara,Saxena,"Kolkata, West Bengal",Electronics|Smart Watch|2499,1
ORD-20261001-4797,01-10-2026 16:14,Anika,KULKARNI,"Bengaluru, Karnataka",Electronics|Wireless Earbuds|1299,1
ORD-20261001-0992,01/10/2026 21:45,Parth,Pawar,"Bengaluru, Karnataka",Fashion|Denim Jeans|1199,1
ORD-20261001-0794,01-10-2026 12:49,Shaurya,Patel,"COIMBATORE, TAMIL NADU",Home And Kitchen|Steel Water Bottle|399,2
ORD-20261001-2465,2026-10-01 10:56:00,shreya,desai,"Bengaluru, Karnataka",Home And Kitchen|Storage Box|299,1
ORD-20261001-2762,2026-10-01 20:04:29,  Priya ,Desai,"  Kolkata, West Bengal ",Beauty|Perfume|1299,2
ORD-20261001-0523,01/10/2026 23:16,dhruv,KALAVADIA,"DELHI, DELHI",Electronics|Smart Watch|2499,2
ORD-20261001-0101,2026-10-01 13:30:09,  Kunal ,Sharma,"Mysuru, Karnataka",Fashion|Cotton Kurta|799,2
ORD-20261001-2437,01/10/2026 20:51,Diya,NAIR,"DELHI, DELHI",Electronics|Laptop Stand|749,3
ORD-20261001-1178,2026-10-01 01:44:57,NEEL,singh,"hyderabad, telangana",Sports|Skipping Rope|199,5
ORD-20261001-4375,2026-10-01 20:10:56,Atharv,Pandya,"Chennai, Tamil Nadu",Home And Kitchen|Non Stick Pan|1099,1
ORD-20261001-0830,01/10/2026 16:20,Payal,TRIVEDI,"Hyderabad, Telangana",Beauty|Sunscreen|449, 2 
ORD-20261001-0542,01/10/2026 10:18,tanvi,Mishra,"Hyderabad, Telangana",Fashion|Running Shoes|2199,5
ORD-20261001-0806,2026-10-01 18:29:42,isha,  Chaudhary ,"Ahmedabad, Gujarat",Sports|Skipping Rope|199,3
ORD-20261001-2854,2026-10-01 10:53:17,Atharv,Solanki,"  Delhi, Delhi ",Beauty|Perfume|1299,1
ORD-20261001-3319,2026-10-01 22:39:31,atharv,Verma,"mumbai, maharashtra",Beauty|Hair Serum|549,1
ORD-20261001-4073,01-10-2026 21:56,Rajesh,Desai,"  Lucknow, Uttar Pradesh ",Electronics|Smart Watch|2499,1
ORD-20261001-2941,2026-10-01 13:18:29,Simran,Sinha,"Bengaluru, Karnataka",,1
ORD-20261001-4144,01/10/2026 21:02,Aditya,Chauhan,"delhi, delhi",Electronics|Laptop Stand|749,1
ORD-20261001-2031,01/10/2026 03:04,mihir,nair,,Fashion|Running Shoes|2199,1
ORD-20261001-0126,2026-10-01 20:22:49,Tanvi,Khanna,"DELHI, DELHI",Electronics|Smart Watch|2499,2
ORD-20261001-4292,2026-10-01 15:01:20,Ananya,Vyas,"coimbatore, tamil nadu",Beauty|Perfume|1299,1
ORD-20261001-3250,01-10-2026 18:03,Dhruv,pillai,"Pune, Maharashtra",Beauty|Perfume|1299,1
ORD-20261001-1588,2026-10-01 10:25:40,ARJUN,Gupta,"Hyderabad, Telangana",Fashion|Running Shoes|2199,1
ORD-20261001-1734,01/10/2026 20:33,Navya,Khanna,"Pune, Maharashtra",Electronics|Bluetooth Speaker|1799,1
ORD-20261001-3603,2026-10-01 11:35:53,vihaan,  Thakkar ,"MUMBAI, MAHARASHTRA",Beauty|Lipstick|399,2
ORD-20261001-2998,01/10/2026 09:23,Aditya,Mishra,,Sports|Dumbbell Set|1899,1
ORD-20261001-2454,2026-10-01 14:19:45,pranav,Das,"Vadodara, Gujarat",Sports|Cricket Bat|1599,1
ORD-20261001-0590,01/10/2026 20:32,Komal,  Trivedi ,"Delhi, Delhi",Beauty|Lipstick|399,1
ORD-20261001-4335,01-10-2026 12:34,Riya,  Saxena ,"Lucknow, Uttar Pradesh",Beauty|Lipstick|399,1.0
ORD-20261001-2214,01-10-2026 03:39,Isha,Chopra,"Lucknow, Uttar Pradesh",Fashion|Sunglasses|999,1
ORD-20261001-0852,2026-10-01 13:27:19,Deepak,Pillai,"  Mumbai, Maharashtra ",Fashion|Denim Jeans|1199,5
ORD-20261001-2484,01/10/2026 23:40,payal,Ghosh,"BENGALURU, KARNATAKA",Sports|Football|799,2.0
ORD-20261001-1714,2026-10-01 05:54:30,Yash,das,"Mumbai, Maharashtra",Fashion|Cotton Kurta|799,1
ORD-20261001-0431,01/10/2026 18:46,  Neha ,Ghosh,"pune, maharashtra",Electronics|Smart Watch|2499,2
ORD-20261001-1187,01/10/2026 13:38,RITU,Mehta,"kolkata, west bengal",Fashion|Cotton Kurta|799,4
ORD-20261001-1550,2026-10-01 13:11:04,Ayaan,Bhatt,"Hyderabad, Telangana",Beauty|Sunscreen|449,2
ORD-20261001-1205,2026-10-01 11:38:28,Karan,Sinha,"Hyderabad, Telangana",Electronics|Power Bank|899,2.0
ORD-20261001-2803,2026-10-01 20:02:55,Sneha,Mukherjee,"Coimbatore, Tamil Nadu",Fashion|Sunglasses|999,0
ORD-20261001-3639,01/10/2026 22:23,  Tushar ,Shah,"Vadodara, Gujarat",Sports|Football|799,1
ORD-20261001-1508,01/10/2026 20:58,Karan,khanna,"PUNE, MAHARASHTRA",Fashion|Denim Jeans|1199,1
ORD-20261001-2229,01/10/2026 12:09,nidhi,Yadav,"DELHI, DELHI",Electronics|Wireless Earbuds|1299,2
ORD-20261001-4754,01/10/2026 20:28,navya,mukherjee,"Surat, Gujarat",Beauty|Hair Serum|549, 2 
ORD-20261001-2783,01-10-2026 03:32,ADITYA,Mishra,"Delhi, Delhi",Sports|Dumbbell Set|1899,1
ORD-20261001-1755,01/10/2026 14:36,Vivaan,pawar,"  Mysuru, Karnataka ",Fashion|Leather Wallet|499,1
ORD-20261001-0158,01/10/2026 21:46,NIKHIL,Bhatt,"jaipur, rajasthan",Electronics|Bluetooth Speaker|1799, 3 
ORD-20261001-2814,2026-10-01 19:01:00,  Myra ,Vyas,"  Bengaluru, Karnataka ",Beauty|Hair Serum|549,3
ORD-20261001-4090,01-10-2026 17:12,ANIKA,agarwal,"Mumbai, Maharashtra",Electronics|Power Bank|899,1
ORD-20261001-2636,2026-10-01 10:24:39,Janvi,  Mehta ,"MYSURU, KARNATAKA",Fashion|Denim Jeans|1199, 1 
ORD-20261001-1389,01/10/2026 20:08,vihaan,Jain,"MUMBAI, MAHARASHTRA",Fashion|Running Shoes|2199,2
ORD-20261001-1632,01-10-2026 15:18,Rudra,,"Delhi, Delhi",Electronics|Power Bank|899,1
ORD-20261001-4142,01/10/2026 22:27,HARSH,Sinha,"  Hyderabad, Telangana ",Home And Kitchen|Steel Water Bottle|399,2
ORD-20261001-4833,01/10/2062 20:16,Payal,  Saxena ,"Mysuru, Karnataka",Beauty|Perfume|1299,1
ORD-20261001-1537,2026-10-01 22:04:29,Nikhil,GUPTA,"Pune, Maharashtra",Home And Kitchen|Storage Box|299,1
ORD-20261001-1485,01/10/2026 20:38,Palak,Dubey,"Mumbai, Maharashtra",Fashion|Denim Jeans|1199,6.0
ORD-20261001-4224,2026-10-01 02:10:13,Navya,Jain,"AHMEDABAD, GUJARAT",Fashion|Running Shoes|2199,1
ORD-20261001-1683,2026-10-01 11:44:52,Varun,Solanki,"Bengaluru, Karnataka",Home And Kitchen|Steel Water Bottle|399,1
ORD-20261001-1147,2026-10-01 16:02:03,Roshni,chauhan,"Delhi, Delhi",Home And Kitchen|Steel Water Bottle|399,1
ORD-20261001-4505,2026-10-01 23:31:10,Amit,Tiwari,N/A,Fashion|Sunglasses|999,4
ORD-20261001-2094,01/10/2026 00:13,Janvi,gupta,"lucknow, uttar pradesh",Home And Kitchen|Steel Water Bottle|399,2
ORD-20261001-1789,2026-10-01 12:55:50,Shaurya,CHOPRA,"AHMEDABAD, GUJARAT",Home And Kitchen|Non Stick Pan|1099,2.0
ORD-20261001-4572,2026-10-01 13:33:25,vikas,Vyas,"Hyderabad, Telangana",Electronics|Power Bank|899,1
ORD-20261001-1885,01/10/2026 06:13,riya,  Patil ,"bengaluru, karnataka",Home And Kitchen|Wall Clock|649,1
ORD-20261001-0664,01/10/2026 19:03,Tanvi,mehta,"Hyderabad, Telangana",Electronics|Power Bank|899,2
ORD-20261001-4699,01/10/2026 13:56,  Saanvi ,dubey,"Pune, Maharashtra",Home And Kitchen|Non Stick Pan|1099,2.0
ORD-20261001-3259,2026-10-01 09:31:02,Janvi,saxena,"Vadodara, Gujarat",Home And Kitchen|Storage Box|299,1
ORD-20261001-1438,01/10/2026 17:44,  Megha ,Kalavadia,"Kolkata, West Bengal",Home And Kitchen|Steel Water Bottle|399,3
ORD-20261001-1769,01/10/2026 20:59,Nikhil,  Rathod ,"kolkata, west bengal",Electronics|Bluetooth Speaker|1799,2
ORD-20261001-0600,01/10/2026 23:58,Myra,das,"Kolkata, West Bengal",Fashion|Sunglasses|999,1
ORD-20261001-2717,01/10/2026 13:14,khushi,SOLANKI,"Nagpur, Maharashtra",Beauty|Lipstick|399,3
ORD-20261001-4763,01/10/2026 21:18,Pranav,Chaudhary,"Mumbai, Maharashtra",Beauty|Hair Serum|549,1
ORD-20261001-3310,01/10/2026 12:56,Shreya,PILLAI,"Lucknow, Uttar Pradesh",Fashion|Denim Jeans|1199,
ORD-20261001-2025,01/10/2026 16:51,myra,Chopra,"HYDERABAD, TELANGANA",,1
ORD-20261001-4284,2026-10-01 15:10:58,Saanvi,Joshi,"Bengaluru, Karnataka",Home And Kitchen|Bedsheet Set|1499,2
ORD-20261001-4472,01/10/2026 23:00,Megha,TRIVEDI,"Hyderabad, Telangana",Home And Kitchen|Bedsheet Set|1499,2
ORD-20261001-2429,01/10/2026 15:16,Pari,Kulkarni,"Jaipur, Rajasthan",Beauty|Face Wash|249,1
ORD-20261001-1847,2026-10-01 17:11:00,  Shreya ,  Srivastava ,"ahmedabad, gujarat",Fashion|Leather Wallet|499,3
ORD-20261001-0838,01/10/2026 08:06,Kavya,  Singh ,"Chennai, Tamil Nadu",Electronics|Smart Watch|2499,3
ORD-20261001-1010,01/10/2026 09:45,  Nidhi ,Jain,"Chennai, Tamil Nadu",Home And Kitchen|Wall Clock|649, 3 
ORD-20261001-1574,2026-10-01 19:18:00,  Janvi ,desai,"Vadodara, Gujarat",Electronics|Smart Watch|2499, 2 
ORD-20261001-1998,01/10/2026 09:32,Reyansh,das,"bengaluru, karnataka",Beauty|Sunscreen|449,1
ORD-20261001-4449,01/10/2026 23:27,janvi,Sharma,"AHMEDABAD, GUJARAT",Home And Kitchen|Storage Box|299,1
ORD-20261001-4332,01/10/2026 16:25,null,Trivedi,"Jaipur, Rajasthan",Sports|Yoga Mat|699,2
ORD-20261001-2058,2026-10-01 11:37:42,janvi,Reddy,"Bengaluru, Karnataka",Fashion|Sunglasses|999,4
ORD-20261001-2776,2026-10-01 17:09:29,Krupa,Parmar,"Pune, Maharashtra",Beauty|Sunscreen|449,1
ORD-20261001-4684,2026-10-01 20:05:20,aarav,Khanna,"  Bengaluru, Karnataka ",Electronics|Wireless Earbuds|1299,1
ORD-20261001-1325,01/10/2026 15:32,priya,Sharma,"Jaipur, Rajasthan",Fashion|Leather Wallet|499, 1 
ORD-20261001-3125,2026-10-01 22:43:35,ARJUN,nair,"Delhi, Delhi",Electronics|Power Bank|899,1
ORD-20261001-0627,01/10/2026 19:52,KABIR,TIWARI,"vadodara, gujarat",Beauty|Perfume|1299,4
ORD-20261001-0182,01/10/2026 06:42,Simran,trivedi,"Surat, Gujarat",Home And Kitchen|Wall Clock|649,1
ORD-20261001-0035,01/10/2026 18:33,Aarav,Srivastava,"Delhi, Delhi",Electronics|Power Bank|899,1
ORD-20261001-3751,01/10/2026 21:44,  Shaurya ,  Joshi ,"Kolkata, West Bengal",Electronics|Wireless Earbuds|1299,3
ORD-20261001-0747,01/10/2026 22:45,pari,Chopra,"Surat, Gujarat",Home And Kitchen|Bedsheet Set|1499,2
ORD-20261001-4532,2026-10-01 17:23:16,rohan,Yadav,"COIMBATORE, TAMIL NADU",Home And Kitchen|Steel Water Bottle|399,3
ORD-20261001-0140,,Nikhil,  Vyas ,"  Pune, Maharashtra ",Beauty|Hair Serum|549,1
ORD-20261001-2246,01/10/2026 00:21,Bhavna,Chaudhary,"Hyderabad, Telangana",,2
ORD-20261001-2022,01/10/2026 16:45,Gaurav,Bansal,"  Pune, Maharashtra ",Beauty|Face Wash|249,2.0
ORD-20261001-1250,2026-10-01 09:29:44,Nidhi,Trivedi,"hyderabad, telangana",Beauty|Lipstick|399,1
ORD-20261001-4022,2026-10-01 19:42:26,Suresh,Shah,"Lucknow, Uttar Pradesh",Home And Kitchen|Bedsheet Set|1499,1.0
ORD-20261001-1109,,  Dhruv ,Pawar,"delhi, delhi",Home And Kitchen|Bedsheet Set|1499,1
ORD-20261001-1524,01-10-2026 21:48,Sara,Rathod,"Mumbai, Maharashtra",Home And Kitchen|Wall Clock|649,6
ORD-20261001-4098,2026-10-01 10:37:39,  Anjali ,Bansal,"Jaipur, Rajasthan",Sports|Skipping Rope|199,1
ORD-20261001-4615,2026-10-01 18:58:41,Saanvi,BHATT,"  Pune, Maharashtra ",Fashion|Sunglasses|999,2
ORD-20261001-3626,01-10-2026 14:26,Krishna,Nair,"Hyderabad, Telangana",Sports|Dumbbell Set|1899,6
ORD-20261001-1051,01/10/2026 22:06,Atharv,Vyas,"nagpur, maharashtra",Home And Kitchen|Bedsheet Set|1499,4
ORD-20261001-2519,01-10-2026 12:57,  Megha ,  Srivastava ,"BENGALURU, KARNATAKA",Home And Kitchen|Storage Box|299,1
ORD-20261001-4716,2026-10-01 10:43:46,Janvi,gupta,"Lucknow, Uttar Pradesh",Beauty|Face Wash|249,2
ORD-20261001-2523,01-10-2026 14:44,Harsh,Patel,"coimbatore, tamil nadu",Electronics|Smart Watch|2499,2
ORD-20261001-4843,01/10/2026 20:46,Aryan,Verma,"  Ahmedabad, Gujarat ",Beauty|Face Wash|249,1
ORD-20261001-1492,01-10-2026 11:38,Palak,VERMA,"Lucknow, Uttar Pradesh",Electronics|Wireless Earbuds|1299,4
ORD-20261001-0218,2026-10-01 16:44:40,ROHAN,Dubey,"Mumbai, Maharashtra",Beauty|Hair Serum|549,2
ORD-20261001-1724,,Dhwani,Chauhan,"jaipur, rajasthan",Sports|Dumbbell Set|1899,
ORD-20261001-2019,2026-10-01 11:45:39,Nidhi,Singh,"  Mumbai, Maharashtra ",Fashion|Leather Wallet|499,1
ORD-20261001-3658,2026-10-01 12:36:03,Simran,Joshi,"hyderabad, telangana",Electronics|Power Bank|899,3
ORD-20261001-2910,01/10/2026 13:22,palak,Das,"Pune, Maharashtra",Home And Kitchen|Steel Water Bottle|399,1
ORD-20261001-0602,01/10/2026 11:24,saanvi,Jain,"Chennai, Tamil Nadu",Home And Kitchen|Steel Water Bottle|399,2
ORD-20261001-0559,01/10/2026 17:58,Dhruv,Rao,"  Nagpur, Maharashtra ",Fashion|Leather Wallet|499,1
ORD-20261001-4617,2026-10-01 22:28:18,Palak,SINGH,"SURAT, GUJARAT",Beauty|Hair Serum|549,2
ORD-20261001-1350,01/10/2026 10:45,Vihaan,Pawar,"Mumbai, Maharashtra",,3
ORD-20261001-3508,01/10/2026 20:21,Janvi,RAO,"coimbatore, tamil nadu",Electronics|Smart Watch|2499,2
ORD-20261001-4335,01-10-2026 12:34,Riya,  Saxena ,"Lucknow, Uttar Pradesh",Beauty|Lipstick|399,1.0
ORD-20261001-0083,01/10/2026 17:50,Vikas,Thakkar,"Ahmedabad, Gujarat",Fashion|Denim Jeans|1199,2.0
ORD-20261001-4700,01-10-2026 20:04,reyansh,Verma,"Ahmedabad, Gujarat",Fashion|Denim Jeans|1199,5
ORD-20261001-1364,01/10/2026 13:24,MYRA,Chopra,"Bengaluru, Karnataka",Home And Kitchen|Steel Water Bottle|399,1
ORD-20261001-1479,01-10-2026 11:48,saanvi,  Mishra ,"Delhi, Delhi",Electronics|Bluetooth Speaker|1799,1
ORD-20261001-4556,01-10-2026 16:50,Shaurya,Patel,"Delhi, Delhi",Fashion|Leather Wallet|499,1
ORD-20261001-3840,01/10/2026 09:52,Tanvi,Mukherjee,"Surat, Gujarat",Home And Kitchen|Wall Clock|649,2
ORD-20261001-0707,2026-10-01 13:32:49,Shaurya,Kumar,"chennai, tamil nadu",Electronics|Wireless Earbuds|1299, 4 
ORD-20261001-1675,01-10-2026 14:34,ANJALI,Das,"  Vadodara, Gujarat ",Home And Kitchen|Wall Clock|649,5
ORD-20261001-3929,2026-10-01 21:05:48,megha,thakkar,"Mumbai, Maharashtra",Beauty|Sunscreen|449,4
ORD-20261001-1743,01/10/2026 08:36,Atharv,trivedi,"jaipur, rajasthan",Beauty|Sunscreen|449,2
ORD-20261001-2550,2026-10-01 12:46:14,Shreya,Gupta,"DELHI, DELHI",Fashion|Denim Jeans|1199,1
ORD-20261001-2480,01/10/2026 21:56,Anika,,"Nagpur, Maharashtra",Electronics|Smart Watch|2499,5
ORD-20261001-2040,01/10/2026 20:36,Navya,KALAVADIA,"kolkata, west bengal",Sports|Dumbbell Set|1899,5
ORD-20261001-0441,01/10/2026 09:38,Vivaan,MODI,"vadodara, gujarat",Electronics|Power Bank|899,2
ORD-20261001-4638,2026-10-01 20:50:58,ANANYA,  Kulkarni ,"vadodara, gujarat",Electronics|Wireless Earbuds|1299,1
ORD-20261001-3537,2026-10-01 21:06:53,Varun,Tiwari,"MYSURU, KARNATAKA",Beauty|Hair Serum|549,2
ORD-20261001-3256,01/10/2026 09:05,Ishaan,Mishra,"Kolkata, West Bengal",Sports|Yoga Mat|699,1
ORD-20261001-0373,2026-10-01 11:22:49,Aadhya,REDDY,"mumbai, maharashtra",Fashion|Running Shoes|2199,2
ORD-20261001-2108,2026-10-01 06:11:03,Tanvi,PATIL,"Mumbai, Maharashtra",Sports|Skipping Rope|199,4
ORD-20261001-0399,01/10/2026 22:08,Kabir,srivastava,"Bengaluru, Karnataka",Sports|Football|799,1
ORD-20261001-3476,01/10/2026 14:24,reyansh,Das,"Mumbai, Maharashtra",Electronics|Wireless Earbuds|1299,4
ORD-20261001-4592,2026-10-01 16:32:24,nikhil,Vyas,"Pune, Maharashtra",Electronics|Smart Watch|2499,3
ORD-20261001-1820,01/10/2026 22:19,Aanya,Mehta,"vadodara, gujarat",Home And Kitchen|Non Stick Pan|1099,2
ORD-20261001-2583,01/10/2026 20:51,Aanya,Agarwal,"Bengaluru, Karnataka",Fashion|Running Shoes|2199, 5 
ORD-20261001-2581,01-10-2026 20:15,  Diya ,Mukherjee,"  Hyderabad, Telangana ",Fashion|Leather Wallet|499,2
ORD-20261001-1914,01/10/2026 17:16,kabir,Mukherjee,,Electronics|Wireless Earbuds|1299,1
ORD-20261001-2667,2026-10-01 11:46:39,Aanya,Saxena,"Surat, Gujarat",Fashion|Cotton Kurta|799,1
ORD-20261001-1538,01-10-2026 06:14,,bose,"bengaluru, karnataka",Electronics|Bluetooth Speaker|1799,1
ORD-20261001-0504,2026-10-01 17:20:11,Harsh,Joshi,"Hyderabad, Telangana",Beauty|Lipstick|399,1
ORD-20261001-1851,01/10/2026 10:39,NIDHI,Kulkarni,"Surat, Gujarat",Home And Kitchen|Storage Box|299,3
ORD-20261001-1299,2026-10-01 21:58:35,Aryan,Gupta,"Mumbai, Maharashtra",Fashion|Leather Wallet|499, 3 
ORD-20261001-2823,01/10/2026 22:09,  Ishaan ,Jain,"Mumbai, Maharashtra",Sports|Football|799,2.0
ORD-20261001-1228,2026-10-01 13:20:05,Jay,pawar,"chennai, tamil nadu",Beauty|Face Wash|249,1
ORD-20261001-3686,01/10/2026 04:55,aarav,  Chaudhary ,"Pune, Maharashtra",Electronics|Laptop Stand|749,1
ORD-20261001-0500,01/10/2026 18:01,gaurav,reddy,"Hyderabad, Telangana",Electronics|Laptop Stand|749,1
ORD-20261001-3816,2026-10-01 08:25:14,aanya,menon,"Jaipur, Rajasthan",Beauty|Lipstick|399,2
ORD-20261001-2358,2026-10-01 10:43:06,Rudra,Chauhan,"mumbai, maharashtra",Fashion|Sunglasses|999,1
ORD-20261001-4072,01/10/2026 13:05,Kavya,,"pune, maharashtra",Electronics|Bluetooth Speaker|1799,1
ORD-20261001-0436,01/10/2026 19:42,Ritu,  Verma ,"Pune, Maharashtra",Beauty|Face Wash|249,3
ORD-20261001-1666,01/10/2026 15:41,  Sai ,Kumar,"kolkata, west bengal",Beauty|Lipstick|399,2
ORD-20261001-2638,01-10-2026 17:03,nidhi,Kulkarni,"SURAT, GUJARAT",Home And Kitchen|Storage Box|299,2
ORD-20261001-1603,2026-10-01 11:38:23,aanya,Bansal,"bengaluru, karnataka",Fashion|Denim Jeans|1199,2
ORD-20261001-0028,01/10/2026 15:58,Neel,Mishra,"Coimbatore, Tamil Nadu",Electronics|Laptop Stand|749,1
ORD-20261001-3229,2026-10-01 13:48:09,Tanvi,jain,"Vadodara, Gujarat",Electronics|Bluetooth Speaker|1799,4
ORD-20261001-1790,01-10-2026 21:34,Anjali,vyas,"Chennai, Tamil Nadu",Electronics|Smart Watch|2499,3
ORD-20261001-3014,2026-10-01 10:22:26,anjali,Rathod,"mumbai, maharashtra",Sports|Dumbbell Set|1899,1
ORD-20261001-3375,01/10/2026 20:50,reyansh,Iyer,"Bengaluru, Karnataka",Fashion|Leather Wallet|499, 1 
ORD-20261001-2043,01/10/2026 20:17,Aarav,  Modi ,"BENGALURU, KARNATAKA",Home And Kitchen|Non Stick Pan|1099,1
ORD-20261001-3689,01/10/2026 16:18,roshni,Mishra,"Hyderabad, Telangana",Sports|Skipping Rope|199,1
ORD-20261001-4723,01/10/2026 07:50,  Arjun ,pillai,"Chennai, Tamil Nadu",Beauty|Face Wash|249,3
ORD-20261001-1321,2026-10-01 05:16:21,Amit,dubey,"Bengaluru, Karnataka",Sports|Skipping Rope|199,1
ORD-20261001-3460,2026-10-01 13:04:27,Tanvi,jain,"VADODARA, GUJARAT",Home And Kitchen|Wall Clock|649,1
ORD-20261001-0213,2026-10-01 19:44:33,Kunal,Mishra,"DELHI, DELHI",Electronics|Laptop Stand|749,0
ORD-20261001-4742,01/10/2026 22:46,Tanvi,Desai,"Bengaluru, Karnataka",Electronics|Power Bank|899,1.0
ORD-20261001-0970,2026-10-01 15:36:22,Khushi,Jain,"DELHI, DELHI",Fashion|Leather Wallet|499,2
ORD-20261001-4670,01/10/2026 22:23,Hetal,patil,"Kolkata, West Bengal",Electronics|Smart Watch|2499,
ORD-20261001-4274,01/10/2026 20:01,Arjun,Joshi,"Ahmedabad, Gujarat",Home And Kitchen|Steel Water Bottle|399,1
ORD-20261001-0030,01/10/2026 15:35,Harsh,Saxena,"Ahmedabad, Gujarat",Fashion|Cotton Kurta|799,2
ORD-20261001-2144,01-10-2026 20:42,nidhi,solanki,"Kolkata, West Bengal",Electronics|Wireless Earbuds|1299,4
ORD-20261001-0756,2026-10-01 01:19:23,HARSH,Mehta,"Mumbai, Maharashtra",Beauty|Face Wash|249,3
ORD-20261001-2788,2026-10-01 00:53:26,Harsh,Ghosh,"Surat, Gujarat",Electronics|Smart Watch|2499,2
ORD-20261001-2490,01/10/2026 23:17,dhruv,parmar,"delhi, delhi",Electronics|Laptop Stand|749, 1 
ORD-20261001-1404,2026-10-01 21:14:01,manish,Dubey,"Mumbai, Maharashtra",Beauty|Sunscreen|449,2
ORD-20261001-0457,2026-10-01 21:14:46,MEGHA,KHANNA,"Coimbatore, Tamil Nadu",Sports|Football|799,1.0
ORD-20261001-2136,01/10/2026 10:56,,Pawar,"MUMBAI, MAHARASHTRA",Electronics|Power Bank|899,1
,01/10/2026 13:13,Amit,Reddy,"  Delhi, Delhi ",Electronics|Wireless Earbuds|1299,4.0
ORD-20261001-3583,2026-10-01 14:36:26,Rajesh,SOLANKI,"  Delhi, Delhi ",Home And Kitchen|Wall Clock|649,1
ORD-20261001-0287,01-10-2026 11:33,Aarav,Kapoor,"Surat, Gujarat",Beauty|Perfume|1299,2
ORD-20261001-3492,01/10/2026 21:39,Priya,Bhatt,"Hyderabad, Telangana",Electronics|Wireless Earbuds|1299,1
ORD-20261001-3107,01-10-2026 23:46,Komal,  Srivastava ,"Hyderabad, Telangana",Home And Kitchen|Bedsheet Set|1499,3
ORD-20261001-2336,2026-10-01 09:17:01,  Nidhi ,Kulkarni,N/A,Home And Kitchen|Steel Water Bottle|399,3
ORD-20261001-0509,2026-10-01 12:45:29,navya,Bansal,"mumbai, maharashtra",Beauty|Lipstick|399,2
ORD-20261001-1405,01/10/2026 11:03,Manish,khanna,"Surat, Gujarat",Home And Kitchen|Bedsheet Set|1499,2
ORD-20261001-4581,01/10/2026 13:02,Navya,Mehta,"chennai, tamil nadu",Fashion|Running Shoes|2199,2
ORD-20261001-0580,2026-10-01 23:31:57,hetal,kumar,"Kolkata, West Bengal",Fashion|Cotton Kurta|799,2
ORD-20261001-3343,01/10/2026 07:07,Dhruv,Parmar,"lucknow, uttar pradesh",Fashion|Cotton Kurta|799,
ORD-20261001-1774,2026-10-01 14:40:26,Aditi,Saxena,"Mumbai, Maharashtra",Electronics|Wireless Earbuds|1299,1.0
ORD-20261001-1445,01-10-2026 21:40,Arjun,Joshi,"Chennai, Tamil Nadu",Home And Kitchen|Non Stick Pan|1099,3
ORD-20261001-4560,01/10/2026 01:28,Vikas,ghosh,"Pune, Maharashtra",Fashion|Denim Jeans|1199,3
ORD-20261001-4095,2026-10-01 12:42:39,AYAAN,Agarwal,"Surat, Gujarat",Electronics|Smart Watch|2499,1
ORD-20261001-0929,01/10/2026 20:02,  Vivaan ,  Mehta ,"Bengaluru, Karnataka",Electronics|Laptop Stand|749,2
ORD-20261001-0634,2026-10-01 12:03:24,bhavna,chopra,"Bengaluru, Karnataka",Electronics|Wireless Earbuds|1299,-5
ORD-20261001-1488,2026-10-01 16:10:17,Anika,Bhatt,"COIMBATORE, TAMIL NADU",Home And Kitchen|Non Stick Pan|1099,2
ORD-20261001-2318,01-10-2026 22:14,  Mansi ,sharma,"Lucknow, Uttar Pradesh",Home And Kitchen|Non Stick Pan|1099,1
ORD-20261001-1712,01/10/2026 20:13,Advik,Jain,"AHMEDABAD, GUJARAT",Electronics|Power Bank|899,2
ORD-20261001-4133,01/10/2026 09:30,sara,Kumar,"Kolkata, West Bengal",Electronics|Laptop Stand|749,2
ORD-20261001-3937,2026-10-01 12:21:20,Advik,sinha,"jaipur, rajasthan",Beauty|Lipstick|399,2
ORD-20261001-1591,2026-10-01 21:54:48,  Neha ,tiwari,"Pune, Maharashtra",Electronics|Laptop Stand|749,1
ORD-20261001-2093,01/10/2026 20:10,Priya,Chauhan,"  Kolkata, West Bengal ",Sports|Dumbbell Set|1899,5
ORD-20261001-2475,2026-10-01 14:05:36,Mansi,Patel,"Hyderabad, Telangana",Sports|Yoga Mat|699,2
ORD-20261001-1719,01/10/2026 15:39,Aarav,Chaudhary,"Pune, Maharashtra",Home And Kitchen|Wall Clock|649,5
ORD-20261001-4359,01-10-2026 18:50,Ananya,Arora,"Bengaluru, Karnataka",Fashion|Running Shoes|2199,4
ORD-20261001-3845,2026-10-01 21:24:08,VARUN,BANSAL,"Mumbai, Maharashtra",Beauty|Face Wash|249,1
ORD-20261001-2223,01/10/2026 12:31,Arjun,Solanki,"  Hyderabad, Telangana ",Sports|Dumbbell Set|1899,5
ORD-20261001-4506,01-10-2026 07:49,Ishaan,Thakkar,"mysuru, karnataka",Sports|Yoga Mat|699,2
ORD-20261001-1207,01/10/2026 19:19,Nisha,Chaudhary,"Chennai, Tamil Nadu",Beauty|Lipstick|399,2
ORD-20261001-1862,01/10/2026 12:55,Vikas,Patil,"vadodara, gujarat",Fashion|Denim Jeans|1199,2
ORD-20261001-2525,01/10/2026 16:49,Anjali,chauhan,"BENGALURU, KARNATAKA",Fashion|Sunglasses|999,3
ORD-20261001-0442,2026-10-01 17:46:27,Bhavna,Malhotra,"Chennai, Tamil Nadu",Sports|Yoga Mat|699,1.0
ORD-20261001-1278,01-10-2026 17:47,rohan,YADAV,"Coimbatore, Tamil Nadu",Electronics|Smart Watch|2499,1
ORD-20261001-2418,2026-10-01 07:21:43,Shaurya,Singh,"Chennai, Tamil Nadu",Sports|Skipping Rope|199,1
ORD-20261001-1493,01-10-2026 20:40,,Bansal,"nagpur, maharashtra",Beauty|Sunscreen|449,1
ORD-20261001-1440,01-10-2026 14:41,Krishna,Menon,,Electronics|Wireless Earbuds|1299, 1 
ORD-20261001-2479,2026-10-01 22:39:55,Ishaan,joshi,"Ahmedabad, Gujarat",Fashion|Cotton Kurta|799,1
ORD-20261001-3668,01-10-2026 21:57,Aadhya,Joshi,"Vadodara, Gujarat",Electronics|Bluetooth Speaker|1799,2
ORD-20261001-1900,01-10-2026 17:28,Harsh,Bose,"  Nagpur, Maharashtra ",Sports|Football|799,2
ORD-20261001-1399,2026-10-01 21:36:24,Bhavna,DUBEY,"Hyderabad, Telangana",Electronics|Smart Watch|2499,1
ORD-20261001-3635,01/10/2026 19:08,,agarwal,"Hyderabad, Telangana",Electronics|Bluetooth Speaker|1799,-1
ORD-20261001-0139,2026-10-01 19:53:16,Divya,  Pawar ,"  Kolkata, West Bengal ",Sports|Yoga Mat|699,4
ORD-20261001-1487,2026-10-01 19:47:14,Payal,Agarwal,"Chennai, Tamil Nadu",Beauty|Face Wash|249,3
ORD-20261001-1779,01/10/2026 11:26,Amit,Menon,"BENGALURU, KARNATAKA",Beauty|Face Wash|249,1.0
ORD-20261001-4773,2026-10-01 10:31:31,Navya,Mehta,"Bengaluru, Karnataka",Electronics|Laptop Stand|749,1
ORD-20261001-1729,01/10/2026 19:56,mihir,ARORA,"Vadodara, Gujarat",Home And Kitchen|Wall Clock|649,2
ORD-20261001-4730,01-10-2026 15:01,Rahul,MISHRA,"Delhi, Delhi",Fashion|Leather Wallet|499,1
ORD-20261001-2961,01/10/2062 21:58,Deepak,singh,"delhi, delhi",Electronics|Power Bank|899,1
ORD-20261001-1124,2026-10-01 20:27:50,  Nidhi ,Kulkarni,"  Surat, Gujarat ",Sports|Dumbbell Set|1899,1
ORD-20261001-2701,2026-10-01 21:38:16,Mihir,Dubey,"Pune, Maharashtra",Home And Kitchen|Steel Water Bottle|399,1.0
ORD-20261001-0333,2026-10-01 18:11:36,ANANYA,Thakkar,"jaipur, rajasthan",Home And Kitchen|Storage Box|299,3
ORD-20261001-1716,01/10/2026 18:43,Aadhya,Kumar,"Lucknow, Uttar Pradesh",Beauty|Perfume|1299,4
ORD-20261001-3651,2026-10-01 12:58:35,Hetal,Nair,"  Jaipur, Rajasthan ",Electronics|Smart Watch|2499,5
ORD-20261001-4658,01/10/2026 12:32,Atharv,,"surat, gujarat",Electronics|Smart Watch|2499, 2 
ORD-20261001-1056,01/10/2026 11:46,Divya,Solanki,"MUMBAI, MAHARASHTRA",Fashion|Leather Wallet|499,1
ORD-20261001-2542,01/10/2026 15:13,  Aryan ,Agarwal,"nagpur, maharashtra",Fashion|Denim Jeans|1199,1
ORD-20261001-0248,01/10/2026 14:13,POOJA,,,Home And Kitchen|Bedsheet Set|1499,1
ORD-20261001-1654,01-10-2026 08:38,PRANAV,Nair,"Mumbai, Maharashtra",Electronics|Power Bank|899,2
ORD-20261001-3059,01/10/2026 11:56,Rajesh,Saxena,"delhi, delhi",Beauty|Sunscreen|449,1
ORD-20261001-3453,01-10-2026 13:35,atharv,Vyas,"  Nagpur, Maharashtra ",Beauty|Perfume|1299,4
ORD-20261001-4618,2026-10-01 12:47:32,Krupa,Sharma,"Vadodara, Gujarat",Fashion|Leather Wallet|499,2
ORD-20261001-1134,2026-10-01 07:51:58,MYRA,Kumar,"Vadodara, Gujarat",Fashion|Leather Wallet|499,4
ORD-20261001-3236,2026-10-01 08:48:04,Karan,Chauhan,"Ahmedabad, Gujarat",Beauty|Sunscreen|449,2
ORD-20261001-3706,01-10-2026 19:16,Bhavna,Thakkar,"hyderabad, telangana",Electronics|Bluetooth Speaker|1799,2
ORD-20261001-1267,2026-10-01 14:23:33,Om,tiwari,"Mumbai, Maharashtra",Home And Kitchen|Bedsheet Set|1499,1
ORD-20261001-3398,01/10/2026 13:23,Shreya,BOSE,"Ahmedabad, Gujarat",Home And Kitchen|Steel Water Bottle|399,2
ORD-20261001-1754,01/10/2026 19:15,Advik,Trivedi,"Surat, Gujarat",Sports|Skipping Rope|199,1
ORD-20261001-0906,01/10/2026 15:43,janvi,solanki,"  Chennai, Tamil Nadu ",Electronics|Smart Watch|2499,2
ORD-20261001-0870,01-10-2026 07:44,Dhruv,Ghosh,"Delhi, Delhi",Home And Kitchen|Steel Water Bottle|399,1
ORD-20261001-3695,2026-10-01 13:21:59,komal,  Das ,"Bengaluru, Karnataka",Home And Kitchen|Non Stick Pan|1099,4
ORD-20261001-1045,01/10/2026 17:58,Vihaan,Jain,"mysuru, karnataka",Electronics|Laptop Stand|749,2
ORD-20261001-0820,2026-10-01 12:31:30,Atharv,Jain,"Mumbai, Maharashtra",Home And Kitchen|Storage Box|299, 4 
ORD-20261001-1803,2026-10-01 17:14:09,priya,Bhatt,"Hyderabad, Telangana",Beauty|Lipstick|399,1
ORD-20261001-0240,2026-10-01 21:05:01,Neel,Trivedi,"Chennai, Tamil Nadu",Home And Kitchen|Storage Box|299,1
ORD-20261001-2456,2026-10-01 23:59:45,Neel,Joshi,"  Mumbai, Maharashtra ",Fashion|Denim Jeans|1199,1
ORD-20261001-4125,01/10/2026 13:46,Tanvi,Trivedi,,Beauty|Perfume|1299,1
ORD-20261001-2957,2026-10-01 11:57:14,Yash,  Modi ,"Chennai, Tamil Nadu",Home And Kitchen|Steel Water Bottle|399,2
ORD-20261001-4628,01/10/2062 12:30,Pooja,solanki,"Mumbai, Maharashtra",Electronics|Smart Watch|2499,2
ORD-20261001-3613,2026-10-01 18:34:12,  Gaurav ,Rathod,"Hyderabad, Telangana",Home And Kitchen|Steel Water Bottle|399,3
ORD-20261001-2915,01-10-2026 16:23,arjun,Pillai,"Chennai, Tamil Nadu",Home And Kitchen|Bedsheet Set|1499,1
ORD-20261001-2436,2026-10-01 02:32:31,Neha,Joshi,"Hyderabad, Telangana",Electronics|Wireless Earbuds|1299,3
ORD-20261001-2488,01/10/2026 22:17,Manish,Srivastava,"Mumbai, Maharashtra",Electronics|Smart Watch|2499,1
ORD-20261001-1534,2026-10-01 15:02:10,Parth,singh,"delhi, delhi",Sports|Cricket Bat|1599,3
ORD-20261001-1916,01/10/2026 12:42,Jay,REDDY,"Kolkata, West Bengal",Home And Kitchen|Steel Water Bottle|399,2
ORD-20261001-3690,01-10-2026 15:32,Saanvi,Mehta,"Chennai, Tamil Nadu",Electronics|Smart Watch|2499,5
ORD-20261001-2736,01/10/2026 18:00,null,Bose,"Vadodara, Gujarat",Beauty|Lipstick|399,2
ORD-20261001-0307,01/10/2062 14:17,Manish,Bhatt,"Kolkata, West Bengal",Electronics|Bluetooth Speaker|1799,1
ORD-20261001-2432,01/10/2026 22:08,DEV,Menon,"Delhi, Delhi",Electronics|Wireless Earbuds|1299,1
ORD-20261001-1748,01/10/2026 11:11,BHAVNA,Yadav,"DELHI, DELHI",Fashion|Sunglasses|999,1
ORD-20261001-2118,2026-10-01 18:19:42,Vivaan,Sinha,"Surat, Gujarat",Beauty|Perfume|1299,1
ORD-20261001-2615,01-10-2026 12:12,khushi,Kumar,"Bengaluru, Karnataka",Home And Kitchen|Non Stick Pan|1099,2
ORD-20261001-0348,01/10/2026 11:43,  Pooja ,Kalavadia,"Nagpur, Maharashtra",Sports|Skipping Rope|199,1
ORD-20261001-1132,2026-10-01 19:05:42,AANYA,Chaudhary,"Delhi, Delhi",Home And Kitchen|Wall Clock|649,2
ORD-20261001-4105,01/10/2026 21:28,Advik,  Chauhan ,"hyderabad, telangana",Home And Kitchen|Wall Clock|649,5
ORD-20261001-2890,2026-10-01 14:11:26,Deepak,Singh,"delhi, delhi",Sports|Dumbbell Set|1899,-1
ORD-20261001-4362,01/10/2026 13:59,Isha,Jain,"Mumbai, Maharashtra",Home And Kitchen|Bedsheet Set|1499,2
ORD-20261001-4445,01/10/2026 21:33,Rudra,,"Delhi, Delhi",Home And Kitchen|Wall Clock|649,5
ORD-20261001-2908,01/10/2026 14:25,  Diya ,Jain,"hyderabad, telangana",Home And Kitchen|Steel Water Bottle|399,1
ORD-20261001-0145,2026-10-01 08:34:49,advik,Bhatt,"  Lucknow, Uttar Pradesh ",Home And Kitchen|Wall Clock|649,0
ORD-20261001-3943,01/10/2026 21:27,Rahul,Vyas,"Mumbai, Maharashtra",Fashion|Running Shoes|2199,1
ORD-20261001-0966,01/10/2026 20:12,Shreya,  Arora ,"Lucknow, Uttar Pradesh",Electronics|Bluetooth Speaker|1799,5
ORD-20261001-1567,01/10/2026 22:49,Rahul,saxena,"lucknow, uttar pradesh",Sports|Skipping Rope|199,1
ORD-20261001-0851,01/10/2026 17:59,Karan,Das,"kolkata, west bengal",Sports|Football|799,2
ORD-20261001-0566,2026-10-01 21:31:48,rohan,Tiwari,"Lucknow, Uttar Pradesh",Home And Kitchen|Wall Clock|649,3
ORD-20261001-2173,01-10-2026 02:13,  Anika ,Sinha,"Nagpur, Maharashtra",Sports|Football|799,3
ORD-20261001-0749,2026-10-01 20:18:46,isha,Thakkar,"  Mumbai, Maharashtra ",Beauty|Sunscreen|449,1
ORD-20261001-2263,01/10/2026 13:40,Ananya,Mehta,"Delhi, Delhi",Electronics|Wireless Earbuds|1299,2.0
ORD-20261001-0471,01/10/2026 19:32,OM,Bansal,"  Bengaluru, Karnataka ",Home And Kitchen|Steel Water Bottle|399,1
ORD-20261001-2049,01/10/2026 21:40,SNEHA,Saxena,"Surat, Gujarat",Home And Kitchen|Steel Water Bottle|399,4
ORD-20261001-0144,01/10/2026 18:21,Yash,Thakkar,"Mumbai, Maharashtra",Sports|Football|799,2
ORD-20261001-1462,01/10/2026 17:14,Nisha,chopra,"pune, maharashtra",Electronics|Smart Watch|2499,1
ORD-20261001-3335,2026-10-01 00:40:40,Reyansh,Singh,"Kolkata, West Bengal",Sports|Skipping Rope|199,1
ORD-20261001-2522,01-10-2026 16:05,Diya,Patil,"Pune, Maharashtra",Fashion|Denim Jeans|1199,5
ORD-20261001-4799,01/10/2026 21:15,AMIT,Malhotra,"Vadodara, Gujarat",Sports|Cricket Bat|1599,2
ORD-20261001-1749,2026-10-01 16:26:19,Rohan,patil,"  Hyderabad, Telangana ",Sports|Dumbbell Set|1899,4
ORD-20261001-2192,01/10/2026 13:33,Sai,sinha,"ahmedabad, gujarat",Electronics|Bluetooth Speaker|1799,2.0
ORD-20261001-2860,01/10/2026 21:27,khushi,Solanki,"Chennai, Tamil Nadu",Home And Kitchen|Non Stick Pan|1099,1
ORD-20261001-1007,01/10/2026 23:30,dhwani,Mehta,"bengaluru, karnataka",Fashion|Denim Jeans|1199,1
ORD-20261001-0117,01/10/2026 12:49,Vivaan,Modi,"Vadodara, Gujarat",Sports|Football|799, 4 
ORD-20261001-2901,2026-10-01 19:53:15,  Dhruv ,Solanki,"Ahmedabad, Gujarat",Electronics|Smart Watch|2499,2
ORD-20261001-4531,01/10/2026 19:49,  Mansi ,Das,"Delhi, Delhi",Home And Kitchen|Steel Water Bottle|399,2
ORD-20261001-4756,01/10/2026 15:25,pooja,Kalavadia,"hyderabad, telangana",Electronics|Laptop Stand|749,1
ORD-20261001-4519,N/A,Sneha,Pillai,"Hyderabad, Telangana",Beauty|Sunscreen|449,1
ORD-20261001-2113,01/10/2026 11:23,Tushar,Tiwari,"chennai, tamil nadu",Home And Kitchen|Bedsheet Set|1499,3
ORD-20261001-4259,01/10/2026 10:25,Simran,ghosh,"Nagpur, Maharashtra",Sports|Football|799,1
ORD-20261001-3865,01/10/2026 23:18,,rathod,"Mumbai, Maharashtra",Home And Kitchen|Storage Box|299,1
ORD-20261001-1412,2026-10-01 18:03:21,Simran,reddy,"Surat, Gujarat",Fashion|Leather Wallet|499, 2 
ORD-20261001-2131,01/10/2026 18:13,reyansh,Kumar,"SURAT, GUJARAT",Beauty|Face Wash|249,1
ORD-20261001-4127,2026-10-01 20:16:44,shreya,Mukherjee,"  Ahmedabad, Gujarat ",Beauty|Perfume|1299,2
ORD-20261001-1496,01/10/2026 14:18,  Aarav ,Srivastava,"Mumbai, Maharashtra",Home And Kitchen|Storage Box|299,1
ORD-20261001-1615,2026-10-01 21:58:27,Isha,ghosh,"Bengaluru, Karnataka",Fashion|Cotton Kurta|799,1
ORD-20261001-3219,01/10/2026 08:34,Amit,Sharma,"hyderabad, telangana",Fashion|Sunglasses|999,5
ORD-20261001-0297,2026-10-01 15:30:36,Swati,Chauhan,"hyderabad, telangana",Electronics|Smart Watch|2499,3
ORD-20261001-1421,01-10-2026 19:42,Jay,Saxena,"Mumbai, Maharashtra",Electronics|Smart Watch|2499,1
ORD-20261001-1097,01/10/2026 15:53,Kabir,Pandya,"Chennai, Tamil Nadu",Fashion|Running Shoes|2199,2
ORD-20261001-3779,01/10/2026 12:19,suresh,Bose,"Bengaluru, Karnataka",Home And Kitchen|Storage Box|299,3.0
ORD-20261001-2080,01/10/2026 09:58,Atharv,Pawar,"Kolkata, West Bengal",Fashion|Denim Jeans|1199,2
ORD-20261001-3739,01/10/2026 23:20,,RATHOD,"Jaipur, Rajasthan",Sports|Football|799,1
ORD-20261001-1241,01-10-2026 19:18,Navya,Tiwari,"  Pune, Maharashtra ",Fashion|Running Shoes|2199,5
ORD-20261001-4584,01/10/2026 14:19,Simran,Dubey,"NAGPUR, MAHARASHTRA",Home And Kitchen|Steel Water Bottle|399,2
ORD-20261001-3551,2026-10-01 17:05:03,Karan,  Nair ,"Bengaluru, Karnataka",Beauty|Hair Serum|549,-3
ORD-20261001-4619,01-10-2026 13:01,Dhruv,Agarwal,"bengaluru, karnataka",Electronics|Smart Watch|2499,1
ORD-20261001-0730,2026-10-01 13:49:28,karan,Solanki,"Ahmedabad, Gujarat",Home And Kitchen|Bedsheet Set|1499,2
ORD-20261001-0592,2026-10-01 07:44:12,Dev,Solanki,"Bengaluru, Karnataka",Sports|Dumbbell Set|1899,1
ORD-20261001-0703,01/10/2026 09:21,  Aanya ,patil,"Mumbai, Maharashtra",Fashion|Running Shoes|2199,1
ORD-20261001-2871,2026-10-01 16:41:07,JAY,Das,"Surat, Gujarat",Electronics|Power Bank|899,3
ORD-20261001-0821,01/10/2026 03:14,Vivaan,Solanki,"lucknow, uttar pradesh",Electronics|Smart Watch|2499,3
ORD-20261001-1616,2026-10-01 09:08:35,Ritu,agarwal,"  Nagpur, Maharashtra ",Fashion|Leather Wallet|499,3
ORD-20261001-2242,01/10/2026 22:34,Sneha,dubey,"Nagpur, Maharashtra",Beauty|Sunscreen|449, 1 
ORD-20261001-0986,01/10/2026 13:30,  Varun ,Bhatt,"Mysuru, Karnataka",Electronics|Power Bank|899,1
ORD-20261001-4401,2026-10-01 00:36:38,Mihir,MALHOTRA,"Vadodara, Gujarat",Fashion|Running Shoes|2199,2
ORD-20261001-0172,01/10/2026 19:13,Aarav,Bose,"DELHI, DELHI",Electronics|Laptop Stand|749,1
ORD-20261001-4222,01/10/2026 15:06,Aanya,  Parmar ,"Ahmedabad, Gujarat",Beauty|Face Wash|249,1
ORD-20261001-2584,01/10/2026 11:15,Kavya,Chauhan,"Mumbai, Maharashtra",Beauty|Perfume|1299,1
ORD-20261001-0229,01/10/2026 20:51,NEEL,Srivastava,"mumbai, maharashtra",Fashion|Leather Wallet|499,2
ORD-20261001-3343,01/10/2026 07:07,Dhruv,Parmar,"lucknow, uttar pradesh",Fashion|Cotton Kurta|799,
ORD-20261001-2482,01/10/2026 18:36,Neha,Mukherjee,"Mysuru, Karnataka",Home And Kitchen|Storage Box|299,1
ORD-20261001-2272,01/10/2026 18:00,Amit,pillai,"Mumbai, Maharashtra",Sports|Dumbbell Set|1899,3
ORD-20261001-4308,01/10/2026 07:00,nidhi,Kulkarni,"  Surat, Gujarat ",Sports|Yoga Mat|699,1
ORD-20261001-4508,01/10/2026 19:04,Khushi,Bhatt,"Bengaluru, Karnataka",Home And Kitchen|Steel Water Bottle|399,0
ORD-20261001-4273,2026-10-01 12:22:17,aryan,  Pandya ,"Mumbai, Maharashtra",Home And Kitchen|Steel Water Bottle|399,1
ORD-20261001-3200,01/10/2026 20:46,GAURAV,Vyas,"delhi, delhi",Electronics|Power Bank|899,2
ORD-20261001-4394,2026-10-01 11:26:53,Jay,  Pillai ,"Bengaluru, Karnataka",Fashion|Leather Wallet|499,
ORD-20261001-4431,01/10/2026 11:30,Simran,Desai,"surat, gujarat",Fashion|Running Shoes|2199,3
ORD-20261001-3054,01/10/2026 17:11,Kunal,  Tiwari ,"Jaipur, Rajasthan",Electronics|Wireless Earbuds|1299,4.0
ORD-20261001-0824,2026-10-01 20:08:34,null,DAS,"chennai, tamil nadu",Sports|Skipping Rope|199,2
ORD-20261001-3556,2026-10-01 19:50:51,Rajesh,  Kalavadia ,"Pune, Maharashtra",Home And Kitchen|Wall Clock|649,4
ORD-20261001-0491,2026-10-01 21:16:30,Kriti,srivastava,"hyderabad, telangana",Fashion|Cotton Kurta|799,1
ORD-20261001-0745,01-10-2026 06:08,MYRA,Pawar,"SURAT, GUJARAT",Fashion|Running Shoes|2199,3
ORD-20261001-4190,2026-10-01 12:07:54,  Ritu ,MEHTA,"Kolkata, West Bengal",Sports|Football|799,3
ORD-20261001-3718,01/10/2026 12:07,priya,Yadav,"mumbai, maharashtra",Electronics|Laptop Stand|749,1
ORD-20261001-3645,01-10-2026 09:48,Palak,Bose,"Ahmedabad, Gujarat",Fashion|Sunglasses|999,1
ORD-20261001-1907,01-10-2026 19:37,nikhil,bhatt,"Jaipur, Rajasthan",Fashion|Cotton Kurta|799,1
ORD-20261001-0494,01/10/2026 16:59,megha,Sharma,"Hyderabad, Telangana",Home And Kitchen|Non Stick Pan|1099,4
ORD-20261001-2106,01/10/2026 12:08,Anjali,khanna,"Surat, Gujarat",Beauty|Face Wash|249,1
ORD-20261001-1792,01/10/2026 19:28,harsh,Kumar,"  Kolkata, West Bengal ",Electronics|Smart Watch|2499, 2 
ORD-20261001-4282,01-10-2026 20:12,Nisha,Kalavadia,"Surat, Gujarat",Beauty|Hair Serum|549,3
ORD-20261001-3159,2026-10-01 15:41:45,deepak,  Singh ,"Delhi, Delhi",Fashion|Running Shoes|2199,1
ORD-20261001-2199,2026-10-01 23:33:02,HARSH,iyer,"Mysuru, Karnataka",Sports|Dumbbell Set|1899,1
ORD-20261001-0867,2026-10-01 21:02:51,payal,joshi,"chennai, tamil nadu",Home And Kitchen|Wall Clock|649,1.0
ORD-20261001-0002,2026-10-01 16:52:46,Khushi,  Pandya ,"Hyderabad, Telangana",Fashion|Denim Jeans|1199,1
ORD-20261001-4055,01-10-2026 10:14,Bhavna,trivedi,"Mysuru, Karnataka",Home And Kitchen|Steel Water Bottle|399,2
ORD-20261001-4389,01/10/2026 21:30,Hetal,  Jain ,"Ahmedabad, Gujarat",Fashion|Sunglasses|999,4
ORD-20261001-4268,2026-10-01 18:58:37,Varun,Shah,"Delhi, Delhi",Home And Kitchen|Wall Clock|649,1
ORD-20261001-1061,01/10/2026 09:36,rudra,Yadav,"Bengaluru, Karnataka",Beauty|Perfume|1299, 1 
ORD-20261001-4128,01-10-2026 08:58,komal,  Pillai ,"chennai, tamil nadu",Electronics|Power Bank|899,1
ORD-20261001-2602,01/10/2026 23:03,BHAVNA,Arora,"coimbatore, tamil nadu",,2.0
ORD-20261001-3830,01/10/2026 11:17,Bhavna,malhotra,"Jaipur, Rajasthan",Beauty|Lipstick|399,1
ORD-20261001-1989,01-10-2026 19:25,Priya,srivastava,"Chennai, Tamil Nadu",Home And Kitchen|Wall Clock|649,1
ORD-20261001-1542,2026-10-01 15:53:20,Roshni,Sharma,"nagpur, maharashtra",Sports|Football|799,3
ORD-20261001-0868,2026-10-01 18:45:27,Vihaan,jain,"mumbai, maharashtra",Electronics|Smart Watch|2499,one
ORD-20261001-0362,01/10/2026 20:53,sneha,singh,"chennai, tamil nadu",Electronics|Power Bank|899,1
ORD-20261001-4550,2026-10-01 22:20:04,Shaurya,kapoor,"Vadodara, Gujarat",Beauty|Hair Serum|549,1
ORD-20261001-1451,2026-10-01 08:03:29,YASH,Chauhan,"hyderabad, telangana",Beauty|Lipstick|399,1
ORD-20261001-3332,01/10/2026 15:39,Om,Saxena,"Hyderabad, Telangana",Electronics|Smart Watch|2499,1
ORD-20261001-4208,01/10/2026 22:24,  Pari ,JAIN,"Mumbai, Maharashtra",Sports|Cricket Bat|1599,3
ORD-20261001-1255,01-10-2026 16:15,Ananya,CHAUDHARY,"Hyderabad, Telangana",Electronics|Smart Watch|2499,2
ORD-20261001-1196,2026-10-01 08:51:48,VIVAAN,Agarwal,"Mumbai, Maharashtra",Electronics|Bluetooth Speaker|1799, 4 
ORD-20261001-2393,01-10-2026 18:50,Reyansh,Rathod,"  Mysuru, Karnataka ",Electronics|Laptop Stand|749,2
ORD-20261001-3081,01-10-2026 18:07,Vivaan,kulkarni,"Hyderabad, Telangana",Home And Kitchen|Steel Water Bottle|399,3
ORD-20261001-2975,01/10/2026 07:40,  Tanvi ,Kalavadia,"Mumbai, Maharashtra",Home And Kitchen|Steel Water Bottle|399,2
ORD-20261001-2556,01/10/2026 11:10,Rohan,Gupta,"Mumbai, Maharashtra",Electronics|Wireless Earbuds|1299,3
ORD-20261001-4053,2026-10-01 12:13:01,Ananya,Desai,"Bengaluru, Karnataka",Electronics|Wireless Earbuds|1299,2
ORD-20261001-3933,2026-10-01 14:30:01,kabir,Bose,"Hyderabad, Telangana",Electronics|Wireless Earbuds|1299,1
ORD-20261001-3158,01/10/2026 16:03,ARYAN,Kulkarni,"Kolkata, West Bengal",Home And Kitchen|Wall Clock|649,2
ORD-20261001-3643,01/10/2026 12:45,varun,Tiwari,"Mumbai, Maharashtra",Fashion|Leather Wallet|499,1.0
ORD-20261001-4317,01-10-2026 18:21,Vivaan,Joshi,"  Ahmedabad, Gujarat ",Electronics|Power Bank|899, 3 
ORD-20261001-1316,01/10/2026 21:08,Varun,Parmar,"Mysuru, Karnataka",Sports|Dumbbell Set|1899,3
ORD-20261001-3804,01-10-2026 13:23,Sai,Arora,"CHENNAI, TAMIL NADU",Beauty|Perfume|1299,1
ORD-20261001-3194,01/10/2026 19:55,Aryan,Bhatt,"nagpur, maharashtra",Fashion|Running Shoes|2199,1
ORD-20261001-3593,2026-10-01 15:03:58,Ananya,Thakkar,"Jaipur, Rajasthan",Fashion|Leather Wallet|499,1
ORD-20261001-3700,01/10/2026 20:54,  Aanya ,Pawar,"bengaluru, karnataka",Electronics|Power Bank|899,2
ORD-20261001-1068,2026-10-01 22:23:38,Vikas,Modi,"  Kolkata, West Bengal ",Fashion|Sunglasses|999,2
ORD-20261001-2883,01/10/2026 19:52,Rahul,MALHOTRA,"jaipur, rajasthan",Home And Kitchen|Storage Box|299,1.0
ORD-20261001-2448,01/10/2026 08:59,Jay,Verma,"CHENNAI, TAMIL NADU",Electronics|Wireless Earbuds|1299,2
ORD-20261001-2797,2026-10-01 21:41:03,kunal,sharma,"Mysuru, Karnataka",Beauty|Sunscreen|449,1
ORD-20261001-0715,01-10-2026 14:19,Om,khanna,"Delhi, Delhi",Home And Kitchen|Non Stick Pan|1099,2
ORD-20261001-3646,01/10/2026 14:00,anjali,parmar,"Kolkata, West Bengal",Beauty|Lipstick|399,1
ORD-20261001-2090,01/10/2026 16:35,  Parth ,Rathod,"  Chennai, Tamil Nadu ",Fashion|Running Shoes|2199,2
ORD-20261001-1505,01-10-2026 18:53,Shaurya,dubey,"  Surat, Gujarat ",Electronics|Bluetooth Speaker|1799,4
ORD-20261001-0495,01/10/2026 06:20,Mihir,verma,"Pune, Maharashtra",Home And Kitchen|Wall Clock|649,1
ORD-20261001-3424,01/10/2026 13:37,Tushar,tiwari,"Chennai, Tamil Nadu",Beauty|Hair Serum|549,2
ORD-20261001-3037,01/10/2026 06:31,PALAK,Patel,"Bengaluru, Karnataka",Fashion|Denim Jeans|1199,4
ORD-20261001-2459,01-10-2026 17:33,neel,Malhotra,"Mumbai, Maharashtra",Home And Kitchen|Non Stick Pan|1099,2
ORD-20261001-1945,01/10/2026 21:51,manish,IYER,"Kolkata, West Bengal",Home And Kitchen|Non Stick Pan|1099,1
ORD-20261001-0001,01/10/2026 08:08,Nidhi,  Verma ,"VADODARA, GUJARAT",Home And Kitchen|Steel Water Bottle|399,3
ORD-20261001-0290,2026-10-01 21:00:15,Payal,Bhatt,"Pune, Maharashtra",Beauty|Face Wash|249,2
ORD-20261001-1256,2026-10-01 13:44:51,manish,Mishra,"Hyderabad, Telangana",Beauty|Lipstick|399,1
ORD-20261001-4473,01-10-2026 22:43,Swati,Solanki,"pune, maharashtra",Electronics|Smart Watch|2499,1
ORD-20261001-3737,01/10/2026 13:37,Aarav,Mehta,"hyderabad, telangana",Beauty|Hair Serum|549,6
ORD-20261001-1238,01/10/2026 21:30,  Ananya ,Trivedi,"hyderabad, telangana",Electronics|Power Bank|899,2
ORD-20261001-2162,2026-10-01 21:33:57,  Ananya ,Thakkar,"jaipur, rajasthan",Sports|Yoga Mat|699,1
ORD-20261001-3897,2026-10-01 18:53:56,Navya,Menon,"Chennai, Tamil Nadu",Electronics|Wireless Earbuds|1299,1
ORD-20261001-0861,01-10-2026 03:00,Isha,Jain,"Mumbai, Maharashtra",Sports|Dumbbell Set|1899, 4 
ORD-20261001-3770,01/10/2026 19:09,Advik,  Yadav ,"surat, gujarat",Sports|Yoga Mat|699,2
ORD-20261001-2534,2026-10-01 06:08:53,Nidhi,KULKARNI,"SURAT, GUJARAT",Beauty|Face Wash|249,2
ORD-20261001-4217,01/10/2026 06:19,  Dev ,Menon,"Pune, Maharashtra",Fashion|Cotton Kurta|799,2
ORD-20261001-1974,01/10/2026 19:29,ARJUN,Verma,"Pune, Maharashtra",Electronics|Bluetooth Speaker|1799,1
ORD-20261001-3988,2026-10-01 07:26:56,Simran,Sharma,"  Jaipur, Rajasthan ",Electronics|Smart Watch|2499,5
ORD-20261001-1915,01/10/2026 13:37,pranav,kumar,"  Delhi, Delhi ",Home And Kitchen|Wall Clock|649,1
ORD-20261001-2930,01/10/2026 13:37,Manish,Singh,"Surat, Gujarat",Sports|Football|799,3
ORD-20261001-0676,2026-10-01 21:55:19,Rajesh,Mishra,"Jaipur, Rajasthan",Home And Kitchen|Wall Clock|649,2
ORD-20261001-4333,01-10-2026 21:54,Deepak,kapoor,"Pune, Maharashtra",Electronics|Smart Watch|2499,2
ORD-20261001-0829,01/10/2026 17:31,Parth,Bansal,"Nagpur, Maharashtra",Sports|Skipping Rope|199,3
ORD-20261001-4175,,Nisha,Modi,"Ahmedabad, Gujarat",Home And Kitchen|Bedsheet Set|1499,2
ORD-20261001-1307,01-10-2026 09:14,Nidhi,Kulkarni,"  Surat, Gujarat ",Electronics|Power Bank|899,4
ORD-20261001-0513,01/10/2026 10:06,Janvi,Joshi,"Jaipur, Rajasthan",Beauty|Face Wash|249,1
ORD-20261001-1305,2026-10-01 14:55:08,Pranav,desai,"Mumbai, Maharashtra",Beauty|Face Wash|249,6
ORD-20261001-0817,01/10/2026 17:24,Aarav,patil,"Mumbai, Maharashtra",Sports|Dumbbell Set|1899,1
ORD-20261001-2331,01/10/2026 16:50,Nisha,THAKKAR,"Bengaluru, Karnataka",,1
ORD-20261001-4338,01/10/2026 11:52,Nikhil,  Iyer ,"Kolkata, West Bengal",Home And Kitchen|Wall Clock|649,2
ORD-20261001-2965,2026-10-01 20:35:54,Atharv,Malhotra,"vadodara, gujarat",Fashion|Sunglasses|999,2
ORD-20261001-0784,2026-10-01 10:39:35,Khushi,Tiwari,"lucknow, uttar pradesh",Fashion|Cotton Kurta|799,1
ORD-20261001-3713,01/10/2026 11:08,Karan,chaudhary,"bengaluru, karnataka",Beauty|Face Wash|249,2
ORD-20261001-4457,01/10/2026 17:26,Simran,Das,"mysuru, karnataka",Home And Kitchen|Non Stick Pan|1099,1
ORD-20261001-4364,01/10/2026 21:05,Tushar,TIWARI,"chennai, tamil nadu",Sports|Dumbbell Set|1899,6
ORD-20261001-0023,01-10-2026 12:26,Kabir,Shah,"Lucknow, Uttar Pradesh",Beauty|Sunscreen|449,1
ORD-20261001-4460,01/10/2026 21:05,harsh,Thakkar,"Delhi, Delhi",Electronics|Bluetooth Speaker|1799,1
ORD-20261001-4102,2026-10-01 09:06:03,janvi,sharma,"Lucknow, Uttar Pradesh",Fashion|Denim Jeans|1199,1
ORD-20261001-2916,2026-10-01 22:11:25,Saanvi,JOSHI,"BENGALURU, KARNATAKA",Beauty|Hair Serum|549,1
ORD-20261001-2724,2026-10-01 07:47:47,Aditi,kapoor,"chennai, tamil nadu",Beauty|Hair Serum|549,2.0
ORD-20261001-0702,01-10-2026 16:27,tushar,  Patel ,"jaipur, rajasthan",Electronics|Laptop Stand|749,1
ORD-20261001-1324,01-10-2026 22:02,Parth,Trivedi,"Delhi, Delhi",Beauty|Perfume|1299,2
ORD-20261001-3659,01/10/2026 22:39,advik,Dubey,"Jaipur, Rajasthan",Electronics|Power Bank|899,1
ORD-20261001-2410,01-10-2026 22:52,Rudra,Bansal,"Kolkata, West Bengal",Fashion|Denim Jeans|1199,1
ORD-20261001-1382,01/10/2026 18:10,Reyansh,Verma,"  Surat, Gujarat ",Fashion|Leather Wallet|499,1.0
ORD-20261001-3025,01/10/2026 21:58,Divya,Patil,"  Mumbai, Maharashtra ",Electronics|Bluetooth Speaker|1799,2
ORD-20261001-0018,2026-10-01 20:29:20,Aryan,  Arora ,"mumbai, maharashtra",Electronics|Power Bank|899,1
ORD-20261001-1939,2026-10-01 20:06:03,Anika,chauhan,"Lucknow, Uttar Pradesh",Electronics|Bluetooth Speaker|1799,2
ORD-20261001-0528,01/10/2026 11:53,Anjali,Rao,"AHMEDABAD, GUJARAT",Sports|Skipping Rope|199,5
ORD-20261001-3641,01/10/2026 11:36,Harsh,Saxena,"Ahmedabad, Gujarat",Fashion|Leather Wallet|499,1
ORD-20261001-0975,01-10-2026 16:03,Dhwani,Bansal,"Delhi, Delhi",Sports|Yoga Mat|699,1
ORD-20261001-3400,2026-10-01 14:21:57,Pooja,RAO,"lucknow, uttar pradesh",Fashion|Sunglasses|999,5.0
,2026-10-01 12:16:39,Neel,Trivedi,"  Chennai, Tamil Nadu ",Beauty|Hair Serum|549,1
ORD-20261001-2207,2026-10-01 20:48:39,Kriti,Agarwal,"Pune, Maharashtra",Home And Kitchen|Steel Water Bottle|399,3
ORD-20261001-4329,2026-10-01 12:37:45,Harsh,  Kapoor ,"Chennai, Tamil Nadu",Sports|Cricket Bat|1599,5
ORD-20261001-4546,01/10/2026 14:43,mihir,Kapoor,"Kolkata, West Bengal",Electronics|Power Bank|899,3
ORD-20261001-1170,01-10-2026 17:13,Anjali,desai,"coimbatore, tamil nadu",Beauty|Perfume|1299,1
ORD-20261001-1079,01/10/2026 13:02,Ritu,bansal,"Delhi, Delhi",Electronics|Laptop Stand|749,1
ORD-20261001-3423,01/10/2026 14:14,  Deepak ,Iyer,"chennai, tamil nadu",Sports|Skipping Rope|199,1
ORD-20261001-1139,2026-10-01 13:28:45,NAVYA,SINHA,"  Delhi, Delhi ",Home And Kitchen|Steel Water Bottle|399, 1 
ORD-20261001-2254,01/10/2026 21:24,Kabir,Vyas,"Hyderabad, Telangana",Electronics|Laptop Stand|749,2
ORD-20261001-4826,01/10/2026 11:56,rudra,trivedi,"HYDERABAD, TELANGANA",Electronics|Laptop Stand|749,4
ORD-20261001-2982,01-10-2026 14:54,Aditya,Pillai,"Mumbai, Maharashtra",Beauty|Perfume|1299,
ORD-20261001-3428,01/10/2026 21:57,Mihir,Bansal,"  Surat, Gujarat ",Home And Kitchen|Steel Water Bottle|399,1
ORD-20261001-0316,01/10/2026 07:19,  Amit ,THAKKAR,"hyderabad, telangana",Fashion|Sunglasses|999,5
ORD-20261001-2745,01/10/2026 13:58,NEHA,vyas,"Vadodara, Gujarat",Sports|Yoga Mat|699,
ORD-20261001-2605,01/10/2026 23:30,Nidhi,Mukherjee,"Hyderabad, Telangana",Fashion|Running Shoes|2199,1
ORD-20261001-1733,01/10/2026 13:40,Priya,Sinha,"Nagpur, Maharashtra",Fashion|Denim Jeans|1199,5
ORD-20261001-0946,30/02/2026 17:30,Bhavna,Desai,"surat, gujarat",Beauty|Perfume|1299, 1 
ORD-20261001-4703,01/10/2026 17:42,Bhavna,Sinha,"Jaipur, Rajasthan",Sports|Skipping Rope|199,3.0
ORD-20261001-4366,2026-10-01 21:40:20,Anjali,Sinha,"  Mumbai, Maharashtra ",Fashion|Running Shoes|2199,2
ORD-20261001-0981,2026-10-01 11:12:23,Advik,Chauhan,"  Nagpur, Maharashtra ",Electronics|Laptop Stand|749,2
ORD-20261001-2398,01/10/2026 20:45,reyansh,Desai,"SURAT, GUJARAT",Fashion|Denim Jeans|1199,1
ORD-20261001-4286,01/10/2026 18:30,PRIYA,Gupta,"Bengaluru, Karnataka",Sports|Skipping Rope|199,2
ORD-20261001-3459,01/10/2026 13:56,Suresh,Patil,"Nagpur, Maharashtra",Beauty|Lipstick|399,2
ORD-20261001-2133,01/10/2026 22:20,Dhwani,MUKHERJEE,"Mysuru, Karnataka",Beauty|Sunscreen|449,1
ORD-20261001-3501,2026-10-01 13:53:15,Mansi,Modi,"Mumbai, Maharashtra",Sports|Dumbbell Set|1899,1
ORD-20261001-2651,01-10-2026 08:05,Ayaan,Rao,"Ahmedabad, Gujarat",Electronics|Smart Watch|2499,2
ORD-20261001-4678,2026-10-01 12:16:21,Sneha,Kumar,"Mysuru, Karnataka",Home And Kitchen|Bedsheet Set|1499,1
ORD-20261001-0059,01-10-2026 23:22,anjali,PATEL,"Delhi, Delhi",Beauty|Perfume|1299,2.0
ORD-20261001-1148,2026-10-01 20:07:42,swati,Iyer,"Mumbai, Maharashtra",Beauty|Perfume|1299,1
ORD-20261001-1502,01/10/2026 22:57,vivaan,Kalavadia,"Kolkata, West Bengal",Home And Kitchen|Storage Box|299,1
ORD-20261001-0678,01-10-2026 19:23,Nidhi,Kulkarni,"  Delhi, Delhi ",Electronics|Wireless Earbuds|1299,1
ORD-20261001-0832,2026-10-01 01:11:08,om,  Menon ,"Vadodara, Gujarat",Fashion|Leather Wallet|499,4
ORD-20261001-0505,01-10-2026 20:13,  Aditya ,Verma,"Ahmedabad, Gujarat",,1
ORD-20261001-4757,01/10/2026 13:58,null,menon,"hyderabad, telangana",Sports|Dumbbell Set|1899,2
ORD-20261001-2989,01/10/2026 15:43,SNEHA,Kapoor,"chennai, tamil nadu",Sports|Yoga Mat|699,5
ORD-20261001-0197,01-10-2026 07:34,KAVYA,thakkar,"Chennai, Tamil Nadu",Electronics|Smart Watch|2499,1
ORD-20261001-4759,2026-10-01 09:08:16,Megha,Solanki,"Delhi, Delhi",Electronics|Laptop Stand|749,1
ORD-20261001-0131,01/10/2026 07:39,,Thakkar,"lucknow, uttar pradesh",Beauty|Lipstick|399,1
ORD-20261001-3941,01-10-2026 19:23,OM,Verma,"Lucknow, Uttar Pradesh",Electronics|Smart Watch|2499,2
ORD-20261001-1091,01/10/2026 19:47,suresh,malhotra,"Lucknow, Uttar Pradesh",Home And Kitchen|Steel Water Bottle|399,1
ORD-20261001-2755,2026-10-01 19:05:57,vikas,Mukherjee,"Delhi, Delhi",Home And Kitchen|Steel Water Bottle|399,2
ORD-20261001-2308,01/10/2026 21:11,Pranav,RATHOD,"ahmedabad, gujarat",Beauty|Face Wash|249,2
ORD-20261001-2209,01/10/2026 14:45,Neha,mishra,"kolkata, west bengal",Electronics|Smart Watch|2499,1
ORD-20261001-3870,2026-10-01 15:39:43,Swati,  Malhotra ,"Pune, Maharashtra",Fashion|Cotton Kurta|799,6
ORD-20261001-1576,01/10/2026 23:24,vivaan,Agarwal,"hyderabad, telangana",Fashion|Sunglasses|999,1
ORD-20261001-1836,2026-10-01 22:50:01,  Shaurya ,JOSHI,"Bengaluru, Karnataka",Home And Kitchen|Non Stick Pan|1099,1
ORD-20261001-0194,2026-10-01 08:52:20,Tushar,KHANNA,"mumbai, maharashtra",Beauty|Perfume|1299,2
ORD-20261001-3188,30/02/2026 13:18,MANISH,Agarwal,"Mysuru, Karnataka",Home And Kitchen|Bedsheet Set|1499,1
ORD-20261001-1181,2026-10-01 20:32:01,Nikhil,Modi,"Surat, Gujarat",Beauty|Face Wash|249,1
ORD-20261001-2074,01/10/2026 15:11,Simran,thakkar,"Kolkata, West Bengal",Fashion|Leather Wallet|499,3
ORD-20261001-3048,2026-10-01 22:23:45,  Rohan ,Chopra,"  Lucknow, Uttar Pradesh ",Sports|Football|799,2
ORD-20261001-2753,2026-10-01 18:08:45,payal,Srivastava,"Mumbai, Maharashtra",Electronics|Wireless Earbuds|1299,3
ORD-20261001-1759,01/10/2026 16:21,  Shreya ,Patil,"mysuru, karnataka",Electronics|Power Bank|899,2
ORD-20261001-0669,2026-10-01 21:14:33,Dhwani,  Kalavadia ,"Bengaluru, Karnataka",Electronics|Laptop Stand|749,1
,2026-10-01 22:59:07,Neel,Das,"Kolkata, West Bengal",Sports|Yoga Mat|699,1.0
ORD-20261001-3781,01-10-2026 22:27,Aarav,bhatt,"HYDERABAD, TELANGANA",Home And Kitchen|Wall Clock|649,1
ORD-20261001-3797,01/10/2026 11:55,aryan,Bhatt,"NAGPUR, MAHARASHTRA",Electronics|Smart Watch|2499,
ORD-20261001-2278,01/10/2026 17:02,Pranav,Chauhan,"Delhi, Delhi",Sports|Dumbbell Set|1899,2
ORD-20261001-3887,31/02/2026 17:03,Diya,kapoor,"Kolkata, West Bengal",Sports|Cricket Bat|1599,3
ORD-20261001-1638,01/10/2026 22:54,khushi,bhatt,"Bengaluru, Karnataka",Home And Kitchen|Bedsheet Set|1499,1
ORD-20261001-3269,,Rajesh,Verma,"Kolkata, West Bengal",Electronics|Power Bank|899,3
ORD-20261001-0391,2026-10-01 18:56:21,Jay,Vyas,"Ahmedabad, Gujarat",Sports|Yoga Mat|699,5
ORD-20261001-4655,2026-10-01 08:26:56,Payal,Reddy,,Fashion|Sunglasses|999,1
ORD-20261001-2461,01/10/2026 15:55,Aryan,Pillai,"Mumbai, Maharashtra",Beauty|Face Wash|249,3
ORD-20261001-4842,01/10/2026 23:46,Aadhya,Bansal,"Coimbatore, Tamil Nadu",Electronics|Smart Watch|2499,4
ORD-20261001-0032,01/10/2026 09:39,  Kriti ,Vyas,"Pune, Maharashtra",Sports|Yoga Mat|699,1
ORD-20261001-0674,2026-10-01 14:14:18,Vivaan,Desai,"Chennai, Tamil Nadu",,3
ORD-20261001-2196,01-10-2026 18:07,  Navya ,khanna,"Mumbai, Maharashtra",Fashion|Cotton Kurta|799,1
ORD-20261001-1313,2026-10-01 12:58:23,simran,  Mishra ,"chennai, tamil nadu",Electronics|Smart Watch|2499, 2 
ORD-20261001-0152,01/10/2026 06:53,Kavya,KALAVADIA,"Mumbai, Maharashtra",Fashion|Leather Wallet|499,-1
ORD-20261001-0010,01/10/2026 19:01,Nikhil,sinha,"jaipur, rajasthan",Sports|Football|799,4
ORD-20261001-0521,2026-10-01 22:57:52,sara,Pillai,"Hyderabad, Telangana",Electronics|Smart Watch|2499,1
ORD-20261001-4010,2026-10-01 05:29:03,Sneha,chaudhary,"delhi, delhi",Beauty|Lipstick|399,1
ORD-20261001-4272,2026-10-01 11:51:22,Karan,TRIVEDI,"Mumbai, Maharashtra",Fashion|Running Shoes|2199,1
ORD-20261001-4511,2026-10-01 16:10:59,divya,Sinha,"Chennai, Tamil Nadu",Electronics|Smart Watch|2499,1
ORD-20261001-3053,01/10/2026 12:36,anika,Dubey,"  Lucknow, Uttar Pradesh ",,1.0
ORD-20261001-2036,01/10/2026 17:00,Anika,chaudhary,"  Chennai, Tamil Nadu ",Sports|Cricket Bat|1599,3.0
ORD-20261001-3312,01/10/2026 21:34,simran,  Mehta ,"Lucknow, Uttar Pradesh",Electronics|Smart Watch|2499,2
ORD-20261001-0285,2026-10-01 12:30:32,  Aarav ,Arora,"bengaluru, karnataka",Electronics|Smart Watch|2499,1
ORD-20261001-2748,01/10/2026 21:18,  Kavya ,Bose,"Bengaluru, Karnataka",Home And Kitchen|Wall Clock|649,2
ORD-20261001-0354,01/10/2026 21:07,  Tanvi ,Tiwari,"Hyderabad, Telangana",Electronics|Wireless Earbuds|1299,1
ORD-20261001-4380,01/10/2026 18:38,sara,Solanki,"Mysuru, Karnataka",Fashion|Leather Wallet|499,1
ORD-20261001-1127,01/10/2026 11:57,Dhruv,Chaudhary,"  Hyderabad, Telangana ",Fashion|Leather Wallet|499,2
ORD-20261001-1926,01/10/2026 18:01,Aanya,Kapoor,"Coimbatore, Tamil Nadu",Fashion|Sunglasses|999,1
ORD-20261001-3222,01/10/2062 18:24,Aarav,Modi,"Surat, Gujarat",Electronics|Wireless Earbuds|1299,1
ORD-20261001-0567,01-10-2026 10:36,rahul,  Dubey ,"Jaipur, Rajasthan",Sports|Football|799,1
ORD-20261001-3580,2026-10-01 10:20:25,Nisha,Patel,"Jaipur, Rajasthan",Electronics|Laptop Stand|749,-2
ORD-20261001-3564,01/10/2026 15:10,  Riya ,MENON,"CHENNAI, TAMIL NADU",Electronics|Wireless Earbuds|1299,2
ORD-20261001-1432,2026-10-01 19:11:43,KABIR,Mukherjee,"Delhi, Delhi",Electronics|Smart Watch|2499,4
ORD-20261001-2750,01/10/2026 18:22,nikhil,  Bhatt ,"Coimbatore, Tamil Nadu",Electronics|Wireless Earbuds|1299,1
ORD-20261001-4221,01-10-2026 23:20,dhruv,Bhatt,"chennai, tamil nadu",Beauty|Lipstick|399,3
ORD-20261001-1713,2026-10-01 12:00:29,Dhwani,Vyas,"Delhi, Delhi",Fashion|Sunglasses|999,1
ORD-20261001-2194,01/10/2026 03:39,Diya,SHARMA,"HYDERABAD, TELANGANA",Beauty|Face Wash|249,1
ORD-20261001-4236,01/10/2026 09:53,Myra,Bansal,"Chennai, Tamil Nadu",Sports|Football|799,1
ORD-20261001-4745,01/10/2026 15:10,Pooja,DUBEY,"mumbai, maharashtra",Home And Kitchen|Storage Box|299,1
ORD-20261001-1214,01-10-2026 17:33,aryan,mukherjee,"Mumbai, Maharashtra",Beauty|Perfume|1299,1
ORD-20261001-0418,2026-10-01 08:26:22,vikas,patil,"Vadodara, Gujarat",Home And Kitchen|Steel Water Bottle|399,3
ORD-20261001-0994,2026-10-01 20:25:20,,Kulkarni,"Pune, Maharashtra",Fashion|Running Shoes|2199,1
ORD-20261001-4062,01/10/2026 19:27,rajesh,  Pandya ,"KOLKATA, WEST BENGAL",Beauty|Perfume|1299, 1 
ORD-20261001-4528,2026-10-01 21:01:05,Aadhya,Kalavadia,"Lucknow, Uttar Pradesh",,2
ORD-20261001-4398,01/10/2026 05:02,Ayaan,pillai,"Mumbai, Maharashtra",Fashion|Running Shoes|2199,2
ORD-20261001-0657,01/10/2026 15:46,  Arjun ,  Bhatt ,"  Surat, Gujarat ",Fashion|Running Shoes|2199,1
ORD-20261001-3216,01-10-2026 21:02,Rajesh,verma,"kolkata, west bengal",Fashion|Running Shoes|2199,1
ORD-20261001-1137,2026-10-01 22:07:57,SHREYA,Pillai,"hyderabad, telangana",Beauty|Perfume|1299,1
ORD-20261001-3778,2026-10-01 18:35:51,Krupa,Kulkarni,,Electronics|Smart Watch|2499,1
ORD-20261001-4608,01-10-2026 13:19,Dev,  Kumar ,"  Bengaluru, Karnataka ",Sports|Yoga Mat|699,4
ORD-20261001-4817,01/10/2026 23:27,Tanvi,Sinha,"Mumbai, Maharashtra",Fashion|Leather Wallet|499,1
ORD-20261001-0633,2026-10-01 10:08:20,kunal,Tiwari,"Delhi, Delhi",Beauty|Hair Serum|549,2
ORD-20261001-0622,01/10/2026 06:36,Riya,Patil,"bengaluru, karnataka",Home And Kitchen|Storage Box|299,3
ORD-20261001-1393,01/10/2062 13:39,Nidhi,Singh,"Pune, Maharashtra",Fashion|Leather Wallet|499,3
ORD-20261001-1059,01-10-2026 11:53,Khushi,Gupta,"COIMBATORE, TAMIL NADU",Home And Kitchen|Steel Water Bottle|399,1
ORD-20261001-2898,01-10-2026 05:23,  Janvi ,Arora,"Mumbai, Maharashtra",Home And Kitchen|Wall Clock|649,3
ORD-20261001-3935,01/10/2026 14:15,ishaan,jain,"Mumbai, Maharashtra",Home And Kitchen|Bedsheet Set|1499,1
ORD-20261001-0802,01/10/2026 08:45,Shreya,Tiwari,"Chennai, Tamil Nadu",Home And Kitchen|Storage Box|299,4
ORD-20261001-2265,2026-10-01 12:14:28,Ananya,chaudhary,"  Hyderabad, Telangana ",Beauty|Face Wash|249,2
ORD-20261001-1627,01/10/2026 16:48,neha,  Joshi ,"Mumbai, Maharashtra",Electronics|Bluetooth Speaker|1799,2
ORD-20261001-3542,2026-10-01 04:54:20,Suresh,Malhotra,"chennai, tamil nadu",Electronics|Wireless Earbuds|1299,
ORD-20261001-4148,2026-10-01 19:43:26,Kunal,Reddy,"Mumbai, Maharashtra",Fashion|Sunglasses|999,1
ORD-20261001-3134,01/10/2026 19:42,Suresh,Sharma,"hyderabad, telangana",Electronics|Wireless Earbuds|1299,1
ORD-20261001-4468,01/10/2026 22:41,Kriti,PAWAR,"Pune, Maharashtra",Fashion|Denim Jeans|1199,1
ORD-20261001-2004,2026-10-01 17:54:20,Karan,Pawar,"Delhi, Delhi",Sports|Yoga Mat|699,1
ORD-20261001-1664,2026-10-01 15:34:39,Tanvi,Sinha,"Mysuru, Karnataka",Home And Kitchen|Wall Clock|649,1
ORD-20261001-1880,2026-10-01 20:06:42,kriti,  Joshi ,"delhi, delhi",Fashion|Denim Jeans|1199,3
ORD-20261001-0645,01/10/2026 20:25,shreya,CHOPRA,"Ahmedabad, Gujarat",Beauty|Hair Serum|549,3
ORD-20261001-1573,01/10/2026 12:58,vikas,  Patil ,"Vadodara, Gujarat",Electronics|Power Bank|899,6
ORD-20261001-3547,01/10/2026 09:34,Divya,  Agarwal ,"bengaluru, karnataka",Beauty|Hair Serum|549,1
ORD-20261001-0503,01/10/2026 11:19,Sara,pandya,"Ahmedabad, Gujarat",Fashion|Leather Wallet|499,1
ORD-20261001-1269,01/10/2026 22:43,Rudra,Verma,"HYDERABAD, TELANGANA",Beauty|Lipstick|399,3
ORD-20261001-4776,01-10-2026 18:13,payal,sinha,"hyderabad, telangana",Fashion|Cotton Kurta|799,
ORD-20261001-4452,01-10-2026 19:10,Divya,tiwari,"Delhi, Delhi",Home And Kitchen|Bedsheet Set|1499,3
ORD-20261001-0501,2026-10-01 22:25:21,PALAK,Das,"delhi, delhi",Sports|Skipping Rope|199,1
ORD-20261001-0038,01/10/2026 14:51,Megha,TRIVEDI,"Ahmedabad, Gujarat",Sports|Skipping Rope|199,
ORD-20261001-3207,01/10/2026 14:49,Komal,pandya,"Mumbai, Maharashtra",Fashion|Sunglasses|999,1
ORD-20261001-2678,01/10/2026 13:02,om,Rao,"Coimbatore, Tamil Nadu",Fashion|Leather Wallet|499,1
ORD-20261001-0296,01/10/2026 08:42,krupa,Parmar,"Pune, Maharashtra",Home And Kitchen|Steel Water Bottle|399,1
ORD-20261001-2796,01/10/2026 12:27,Kriti,  Srivastava ,"  Mumbai, Maharashtra ",Sports|Yoga Mat|699,3
ORD-20261001-2280,01-10-2026 15:21,Simran,Rao,"Pune, Maharashtra",Electronics|Smart Watch|2499,1
ORD-20261001-1520,2026-10-01 19:06:08,aryan,arora,"Mumbai, Maharashtra",Home And Kitchen|Steel Water Bottle|399,1
ORD-20261001-2693,2026-10-01 16:53:49,Sai,pawar,"hyderabad, telangana",Electronics|Laptop Stand|749,
ORD-20261001-0241,01-10-2026 17:50,Sai,Parmar,"bengaluru, karnataka",Fashion|Leather Wallet|499,2
ORD-20261001-3363,01-10-2026 12:28,PAYAL,Solanki,"HYDERABAD, TELANGANA",Electronics|Bluetooth Speaker|1799, 3 
ORD-20261001-2380,01-10-2026 22:57,harsh,Dubey,"  Kolkata, West Bengal ",Sports|Yoga Mat|699,1
ORD-20261001-1217,01/10/2026 20:50,Kunal,trivedi,"Bengaluru, Karnataka",Fashion|Leather Wallet|499, 1 
ORD-20261001-4553,01/10/2026 15:53,Ayaan,menon,"Vadodara, Gujarat",Electronics|Wireless Earbuds|1299,-2
ORD-20261001-0150,01/10/2026 12:08,Nidhi,Bansal,"Lucknow, Uttar Pradesh",Home And Kitchen|Steel Water Bottle|399,1
ORD-20261001-4351,01/10/2026 21:18,Krishna,Gupta,,Sports|Dumbbell Set|1899,1
ORD-20261001-2914,01/10/2026 12:26,Kavya,pawar,"Delhi, Delhi",Beauty|Face Wash|249,1
ORD-20261001-1226,2026-10-01 15:36:45,sneha,Sinha,"  Mumbai, Maharashtra ",Home And Kitchen|Storage Box|299,3
ORD-20261001-3336,01/10/2026 21:26,dhwani,Kapoor,"HYDERABAD, TELANGANA",Home And Kitchen|Non Stick Pan|1099,3
ORD-20261001-1541,01/10/2026 22:17,Anika,kulkarni,"  Chennai, Tamil Nadu ",Beauty|Hair Serum|549,2.0
ORD-20261001-0249,2026-10-01 16:55:11,Varun,sinha,"Ahmedabad, Gujarat",Electronics|Laptop Stand|749,2
ORD-20261001-2259,01/10/2026 18:56,  Divya ,  Menon ,"pune, maharashtra",Electronics|Smart Watch|2499,1
ORD-20261001-4690,01-10-2026 13:59,Megha,JAIN,"Jaipur, Rajasthan",Home And Kitchen|Steel Water Bottle|399,1
ORD-20261001-2377,01/10/2026 22:26,Karan,TRIVEDI,"Mumbai, Maharashtra",Electronics|Power Bank|899,2
ORD-20261001-4589,01-10-2026 17:03,Dhwani,Desai,"Bengaluru, Karnataka",Beauty|Lipstick|399,2
ORD-20261001-0466,01/10/2026 21:15,Pari,MODI,"vadodara, gujarat",Fashion|Cotton Kurta|799,5
ORD-20261001-0075,2026-10-01 08:04:17,Dev,VERMA,,Electronics|Wireless Earbuds|1299,1
ORD-20261001-4344,2026-10-01 02:46:58,Harsh,Desai,"Surat, Gujarat",Beauty|Hair Serum|549,1
ORD-20261001-0828,01/10/2026 14:33,divya,Joshi,"Bengaluru, Karnataka",Home And Kitchen|Wall Clock|649,1
ORD-20261001-1112,01/10/2026 16:17,Krishna,Mehta,"KOLKATA, WEST BENGAL",Home And Kitchen|Bedsheet Set|1499,3
ORD-20261001-1249,2026-10-01 11:04:11,  Roshni ,Chauhan,"chennai, tamil nadu",Home And Kitchen|Non Stick Pan|1099,2
ORD-20261001-4204,01/10/2026 13:39,Shaurya,mehta,"Mumbai, Maharashtra",Fashion|Cotton Kurta|799,1
ORD-20261001-2264,01/10/2026 17:57,Ishaan,Rao,"Mumbai, Maharashtra",Fashion|Leather Wallet|499,1
ORD-20261001-2044,01/10/2026 17:49,Aryan,Kumar,"coimbatore, tamil nadu",Sports|Cricket Bat|1599,2
ORD-20261001-1402,2026-10-01 15:50:10,Swati,  Yadav ,,Home And Kitchen|Bedsheet Set|1499,1
ORD-20261001-0438,01/10/2026 10:07,Neha,Nair,"  Ahmedabad, Gujarat ",Fashion|Sunglasses|999,1
ORD-20261001-2778,01/10/2026 22:46,neha,VYAS,"Vadodara, Gujarat",Sports|Football|799,1
ORD-20261001-2672,2026-10-01 22:08:11,Gaurav,Patil,"Mumbai, Maharashtra",Sports|Yoga Mat|699,2
ORD-20261001-1375,2026-10-01 13:49:26,Priya,THAKKAR,"Kolkata, West Bengal",Electronics|Laptop Stand|749,4
ORD-20261001-3614,01/10/2026 22:58,  Palak ,das,"pune, maharashtra",Electronics|Power Bank|899,1
ORD-20261001-1742,01/10/2026 02:41,Kriti,Dubey,"Bengaluru, Karnataka",Fashion|Cotton Kurta|799, 2 
ORD-20261001-2420,2026-10-01 22:19:22,Rahul,iyer,"pune, maharashtra",Fashion|Sunglasses|999,2
ORD-20261001-1639,01/10/2026 11:29,  Yash ,GHOSH,"jaipur, rajasthan",Electronics|Wireless Earbuds|1299,4
ORD-20261001-0046,01/10/2026 21:14,Palak,Jain,"surat, gujarat",Electronics|Laptop Stand|749,1
ORD-20261001-4080,01/10/2026 06:00,  Nidhi ,Yadav,"Coimbatore, Tamil Nadu",Electronics|Power Bank|899,1
ORD-20261001-0508,01/10/2026 20:15,  Vikas ,Chaudhary,"Surat, Gujarat",Home And Kitchen|Storage Box|299,4
ORD-20261001-0272,,Aditya,Agarwal,"surat, gujarat",Sports|Football|799,4
ORD-20261001-2347,2026-10-01 20:10:58,Swati,  Yadav ,"  Jaipur, Rajasthan ",Electronics|Bluetooth Speaker|1799,2
ORD-20261001-0406,01-10-2026 12:27,Dhwani,Mehta,"Mumbai, Maharashtra",Home And Kitchen|Wall Clock|649,4
ORD-20261001-3524,2026-10-01 20:33:55,komal,Rao,"  Lucknow, Uttar Pradesh ",Fashion|Cotton Kurta|799,2
ORD-20261001-4247,01/10/2026 12:23,Tanvi,Tiwari,"Delhi, Delhi",Electronics|Laptop Stand|749,4
ORD-20261001-1995,01/10/2026 20:51,RITU,Kapoor,"Chennai, Tamil Nadu",Home And Kitchen|Steel Water Bottle|399,4
ORD-20261001-4490,01/10/2026 11:31,  Kriti ,Patel,"Mumbai, Maharashtra",Home And Kitchen|Non Stick Pan|1099,1.0
ORD-20261001-4179,2026-10-01 19:51:03,shreya,sinha,"ahmedabad, gujarat",Electronics|Power Bank|899,1
ORD-20261001-2687,2026-10-01 17:28:40,  Dhruv ,  Das ,"DELHI, DELHI",Home And Kitchen|Storage Box|299,1
ORD-20261001-0163,01-10-2026 17:10,Dhwani,Chaudhary,"mumbai, maharashtra",Electronics|Laptop Stand|749,1
ORD-20261001-0544,2026-10-01 17:40:40,Krupa,GHOSH,"Surat, Gujarat",Home And Kitchen|Wall Clock|649,1
ORD-20261001-4580,01/10/2026 15:10,ADITI,nair,"Hyderabad, Telangana",Home And Kitchen|Bedsheet Set|1499,1
ORD-20261001-3238,01/10/2026 13:51,Navya,Das,"  Lucknow, Uttar Pradesh ",Fashion|Cotton Kurta|799,2
ORD-20261001-0417,01/10/2026 22:20,ANIKA,SHAH,"pune, maharashtra",Home And Kitchen|Non Stick Pan|1099,1.0
ORD-20261001-2506,01/10/2026 20:09,Karan,Das,"KOLKATA, WEST BENGAL",Electronics|Power Bank|899,3
,2026-10-01 19:08:55,harsh,shah,"Bengaluru, Karnataka",Sports|Cricket Bat|1599,1
ORD-20261001-2647,2026-10-01 19:18:54,Saanvi,,"bengaluru, karnataka",Electronics|Laptop Stand|749,1
ORD-20261001-2382,2026-10-01 19:15:01,aarav,Solanki,"Pune, Maharashtra",Electronics|Laptop Stand|749,3
ORD-20261001-1345,2026-10-01 18:30:39,Pari,Kalavadia,"Mumbai, Maharashtra",Fashion|Leather Wallet|499,2
ORD-20261001-3525,01/10/2026 18:01,Om,Kapoor,"Surat, Gujarat",Electronics|Laptop Stand|749,1.0
ORD-20261001-4347,2026-10-01 12:29:00,HARSH,Reddy,"  Hyderabad, Telangana ",Home And Kitchen|Steel Water Bottle|399,1
ORD-20261001-2620,01/10/2026 18:20,  Simran ,Menon,"DELHI, DELHI",Electronics|Laptop Stand|749,2
ORD-20261001-1834,2026-10-01 21:24:42,Rudra,Pawar,"SURAT, GUJARAT",Fashion|Leather Wallet|499,1
ORD-20261001-3773,01/10/2026 22:19,roshni,Bhatt,"  Delhi, Delhi ",Sports|Yoga Mat|699,6
ORD-20261001-0695,2026-10-01 14:13:47,Pooja,Verma,"Pune, Maharashtra",Electronics|Power Bank|899,3
ORD-20261001-1704,01/10/2026 21:29,KHUSHI,Gupta,"Coimbatore, Tamil Nadu",Electronics|Wireless Earbuds|1299,1
ORD-20261001-0263,01/10/2026 07:04,Neel,sinha,"ahmedabad, gujarat",Electronics|Bluetooth Speaker|1799,2
ORD-20261001-2117,01/10/2026 12:18,Simran,Tiwari,"Chennai, Tamil Nadu",Sports|Skipping Rope|199,1
ORD-20261001-2807,01/10/2026 07:46,Krishna,Agarwal,"Coimbatore, Tamil Nadu",Fashion|Running Shoes|2199,5
ORD-20261001-0894,01/10/2026 21:20,Janvi,Kalavadia,"Jaipur, Rajasthan",,2
ORD-20261001-0142,2026-10-01 23:15:38,Anjali,Parmar,"vadodara, gujarat",,1
ORD-20261001-3367,2026-10-01 11:49:01,Neel,Kumar,"PUNE, MAHARASHTRA",Beauty|Lipstick|399,2
ORD-20261001-2396,01-10-2026 15:00,vihaan,thakkar,"Mumbai, Maharashtra",Fashion|Sunglasses|999,3
ORD-20261001-2409,01/10/2026 11:01,  Aarav ,GUPTA,"Mumbai, Maharashtra",Home And Kitchen|Wall Clock|649, 1 
ORD-20261001-0578,01/10/2026 13:32,amit,  Mishra ,"mumbai, maharashtra",Fashion|Sunglasses|999,1
ORD-20261001-3475,01/10/2026 09:10,Komal,Rathod,"  Pune, Maharashtra ",Home And Kitchen|Storage Box|299,2
ORD-20261001-1848,01-10-2026 19:09,Nisha,Nair,"Bengaluru, Karnataka",Fashion|Denim Jeans|1199,1
ORD-20261001-3413,01/10/2026 22:26,Kriti,  Desai ,"Kolkata, West Bengal",Electronics|Wireless Earbuds|1299,4
ORD-20261001-1442,01/10/2026 19:32,DIYA,Trivedi,"bengaluru, karnataka",Fashion|Denim Jeans|1199,2
ORD-20261001-0911,2026-10-01 21:28:51,Bhavna,Tiwari,"hyderabad, telangana",Fashion|Leather Wallet|499,1
ORD-20261001-3680,01/10/2026 21:55,  Krupa ,Parmar,"pune, maharashtra",Beauty|Face Wash|249,2
ORD-20261001-0949,2026-10-01 11:51:27,Rajesh,Gupta,"DELHI, DELHI",Fashion|Sunglasses|999,2
ORD-20261001-1546,01/10/2026 15:55,Atharv,Malhotra,"vadodara, gujarat",Electronics|Power Bank|899,1
ORD-20261001-4765,01/10/2026 14:03,shreya,Bhatt,"  Ahmedabad, Gujarat ",Electronics|Smart Watch|2499,1
ORD-20261001-2302,2026-10-01 18:35:51,Reyansh,Parmar,"DELHI, DELHI",Electronics|Laptop Stand|749,1
ORD-20261001-3340,01-10-2026 21:42,Shreya,Solanki,"chennai, tamil nadu",Electronics|Smart Watch|2499,1.0
ORD-20261001-0762,2026-10-01 15:56:36,nisha,Gupta,"delhi, delhi",Beauty|Face Wash|249,1
ORD-20261001-4027,2026-10-01 13:12:00,Rudra,SINHA,"Chennai, Tamil Nadu",Fashion|Sunglasses|999,1.0
ORD-20261001-4197,01-10-2026 19:43,Atharv,chaudhary,"  Nagpur, Maharashtra ",Home And Kitchen|Storage Box|299,4
ORD-20261001-0595,2026-10-01 11:47:08,Pooja,MUKHERJEE,"Pune, Maharashtra",Fashion|Leather Wallet|499,3
ORD-20261001-3644,01/10/2026 11:47,SAANVI,Desai,"Bengaluru, Karnataka",Fashion|Running Shoes|2199,3.0
ORD-20261001-0785,2026-10-01 16:48:49,Om,Kapoor,"Mumbai, Maharashtra",Fashion|Cotton Kurta|799,1
ORD-20261001-1199,2026-10-01 19:46:20,Swati,Agarwal,"Lucknow, Uttar Pradesh",Fashion|Leather Wallet|499,1
ORD-20261001-4447,01/10/2026 10:53,Reyansh,pawar,"mumbai, maharashtra",Electronics|Power Bank|899,2
ORD-20261001-2540,01/10/2026 14:47,yash,Pandya,"Ahmedabad, Gujarat",Fashion|Running Shoes|2199,1
ORD-20261001-4121,01-10-2026 21:04,janvi,gupta,"Lucknow, Uttar Pradesh",Electronics|Smart Watch|2499,2
ORD-20261001-2000,01-10-2026 16:55,  Tanvi ,Das,"surat, gujarat",Sports|Cricket Bat|1599, 5 
ORD-20261001-2533,2026-10-01 08:56:12,Divya,kulkarni,"hyderabad, telangana",Home And Kitchen|Bedsheet Set|1499,1
ORD-20261001-0568,01/10/2026 18:53,dhwani,JOSHI,"nagpur, maharashtra",Sports|Yoga Mat|699,2
ORD-20261001-4012,01/10/2026 20:45,Swati,Trivedi,"delhi, delhi",Beauty|Hair Serum|549,2
ORD-20261001-0448,01/10/2026 11:38,Palak,  Dubey ,"Mumbai, Maharashtra",Home And Kitchen|Steel Water Bottle|399,1.0
ORD-20261001-0996,01/10/2026 10:24,Shreya,Sharma,"  Hyderabad, Telangana ",Home And Kitchen|Bedsheet Set|1499,1
ORD-20261001-2063,2026-10-01 09:45:07,Roshni,Iyer,"Bengaluru, Karnataka",Sports|Cricket Bat|1599, 1 
ORD-20261001-4585,01/10/2026 22:18,Vikas,  Shah ,"Chennai, Tamil Nadu",Home And Kitchen|Bedsheet Set|1499,2
ORD-20261001-3368,01-10-2026 10:18,Vivaan,Pawar,"BENGALURU, KARNATAKA",Beauty|Face Wash|249,1
ORD-20261001-1361,01/10/2026 18:38,  Reyansh ,Khanna,"mumbai, maharashtra",Electronics|Smart Watch|2499,2
ORD-20261001-2546,2026-10-01 10:10:36,Jay,Mishra,"Coimbatore, Tamil Nadu",Beauty|Face Wash|249,1
ORD-20261001-2076,2026-10-01 18:16:42,Krishna,Bose,"Mumbai, Maharashtra",Fashion|Denim Jeans|1199,2
ORD-20261001-2129,2026-10-01 14:07:06,shreya,Trivedi,"Jaipur, Rajasthan",Fashion|Sunglasses|999,1
ORD-20261001-3562,2026-10-01 10:03:56,Nikhil,khanna,"Jaipur, Rajasthan",Home And Kitchen|Bedsheet Set|1499,1
ORD-20261001-4469,01/10/2026 20:37,VIHAAN,  Mishra ,"ahmedabad, gujarat",Beauty|Hair Serum|549,4
ORD-20261001-1954,01/10/2026 20:41,  Vikas ,patil,"Mumbai, Maharashtra",Home And Kitchen|Non Stick Pan|1099,1
ORD-20261001-2051,01-10-2026 14:03,  Riya ,PATEL,"AHMEDABAD, GUJARAT",Electronics|Laptop Stand|749,2
ORD-20261001-0382,01/10/2026 15:50,aanya,trivedi,"DELHI, DELHI",Fashion|Running Shoes|2199,2
ORD-20261001-0456,2026-10-01 22:33:05,Navya,mukherjee,"Pune, Maharashtra",Electronics|Bluetooth Speaker|1799,1
ORD-20261001-4798,01/10/2026 06:38,om,  Solanki ,"Mumbai, Maharashtra",Home And Kitchen|Non Stick Pan|1099,2
ORD-20261001-2164,2026-10-01 18:01:12,Diya,Reddy,"pune, maharashtra",Electronics|Wireless Earbuds|1299,1
ORD-20261001-4837,2026-10-01 18:40:36,Anjali,Pawar,"MYSURU, KARNATAKA",Electronics|Smart Watch|2499,-1
ORD-20261001-0336,01/10/2026 19:58,Ritu,Vyas,"delhi, delhi",Beauty|Face Wash|249, 1 
ORD-20261001-0335,01/10/2026 11:50,Advik,trivedi,"Hyderabad, Telangana",Electronics|Smart Watch|2499,1
ORD-20261001-4518,01/10/2026 13:18,amit,kapoor,"Surat, Gujarat",Fashion|Sunglasses|999,3
ORD-20261001-4109,2026-10-01 17:02:02,priya,Sinha,"Nagpur, Maharashtra",Beauty|Lipstick|399,1
ORD-20261001-1370,01/10/2026 21:43,Hetal,Pandya,"  Bengaluru, Karnataka ",Beauty|Lipstick|399,1
ORD-20261001-0947,01/10/2026 13:48,  Anika ,Sinha,"nagpur, maharashtra",Electronics|Smart Watch|2499,2
ORD-20261001-3414,01/10/2026 13:49,Neel,Sinha,"ahmedabad, gujarat",Fashion|Cotton Kurta|799,1
ORD-20261001-0866,01/10/2026 07:22,Kabir,kulkarni,"chennai, tamil nadu",Electronics|Smart Watch|2499,2.0
ORD-20261001-3097,2026-10-01 11:16:37,Roshni,singh,"Ahmedabad, Gujarat",Home And Kitchen|Wall Clock|649,1
ORD-20261001-0497,2026-10-01 02:47:41,Isha,Solanki,"CHENNAI, TAMIL NADU",Fashion|Leather Wallet|499, 2 
ORD-20261001-1161,2026-10-01 13:28:31,Tushar,SINGH,"Pune, Maharashtra",Sports|Dumbbell Set|1899,4
ORD-20261001-0865,2026-10-01 16:51:55,Manish,  Khanna ,"  Chennai, Tamil Nadu ",Fashion|Running Shoes|2199,1
ORD-20261001-1946,01/10/2026 12:29,,Menon,"Vadodara, Gujarat",Beauty|Lipstick|399,2
ORD-20261001-4166,2026-10-01 08:58:03,Pranav,DAS,"Bengaluru, Karnataka",Fashion|Sunglasses|999,2
ORD-20261001-1532,01/10/2026 21:08,null,Menon,"vadodara, gujarat",Beauty|Hair Serum|549,
ORD-20261001-0958,01-10-2026 11:31,Bhavna,Chaudhary,"hyderabad, telangana",Fashion|Cotton Kurta|799,1
ORD-20261001-3579,01/10/2026 14:55,Suresh,Shah,"  Nagpur, Maharashtra ",Fashion|Running Shoes|2199,2
ORD-20261001-0070,01-10-2026 22:46,nikhil,Solanki,"MYSURU, KARNATAKA",Electronics|Power Bank|899,3
ORD-20261001-0875,01/10/2026 13:11,JAY,Vyas,"coimbatore, tamil nadu",Home And Kitchen|Storage Box|299, 4 
ORD-20261001-0483,01/10/2026 13:15,  Tanvi ,  Solanki ,"MUMBAI, MAHARASHTRA",Electronics|Wireless Earbuds|1299,3
ORD-20261001-1369,2026-10-01 10:07:20,  Shreya ,Srivastava,"Hyderabad, Telangana",Beauty|Perfume|1299,1
ORD-20261001-0079,01-10-2026 18:38,tushar,Bhatt,"ahmedabad, gujarat",Home And Kitchen|Storage Box|299,3
ORD-20261001-2027,01/10/2026 20:29,arjun,Bansal,"Nagpur, Maharashtra",Sports|Football|799,1
ORD-20261001-1950,01/10/2026 09:32,Karan,SOLANKI,"bengaluru, karnataka",Fashion|Cotton Kurta|799,6
ORD-20261001-2688,01/10/2026 21:53,  Swati ,shah,"Ahmedabad, Gujarat",Fashion|Denim Jeans|1199,4
ORD-20261001-4530,01/10/2026 14:36,  Gaurav ,Joshi,"delhi, delhi",Fashion|Running Shoes|2199,2
ORD-20261001-1351,2026-10-01 08:53:05,Navya,Shah,"  Pune, Maharashtra ",Sports|Yoga Mat|699,2
ORD-20261001-1518,2026-10-01 12:23:14,  Priya ,Parmar,"Delhi, Delhi",Electronics|Power Bank|899,3
ORD-20261001-2547,01/10/2026 11:02,Bhavna,  Bose ,"Vadodara, Gujarat",Fashion|Leather Wallet|499,1
ORD-20261001-0774,2026-10-01 22:38:38,Vihaan,Rathod,"Jaipur, Rajasthan",Fashion|Cotton Kurta|799,3
ORD-20261001-4177,01/10/2026 18:43,mansi,Bose,"kolkata, west bengal",Beauty|Lipstick|399,3
ORD-20261001-1202,01/10/2026 16:11,roshni,gupta,"Delhi, Delhi",Fashion|Leather Wallet|499,1
ORD-20261001-1610,2026-10-01 21:18:26,varun,thakkar,"Chennai, Tamil Nadu",Beauty|Sunscreen|449, 2 
ORD-20261001-1837,01/10/2026 20:23,Megha,Chaudhary,"Kolkata, West Bengal",Sports|Yoga Mat|699,3
ORD-20261001-3762,2026-10-01 11:31:39,Krupa,PATEL,"Bengaluru, Karnataka",Home And Kitchen|Steel Water Bottle|399,1
ORD-20261001-3415,2026-10-01 13:15:29,Aryan,Pillai,"Mumbai, Maharashtra",Fashion|Cotton Kurta|799,1
ORD-20261001-4369,01/10/2026 22:32,Parth,sharma,"MUMBAI, MAHARASHTRA",Beauty|Sunscreen|449,2
ORD-20261001-0769,2026-10-01 22:16:22,Swati,Kumar,"hyderabad, telangana",Beauty|Lipstick|399,3
ORD-20261001-0827,01/10/2026 17:36,  Harsh ,kumar,,Beauty|Sunscreen|449,1
ORD-20261001-4813,2026-10-01 21:19:46,Pooja,CHAUDHARY,,Beauty|Perfume|1299,3
ORD-20261001-0593,2026-10-01 12:59:43,  Payal ,tiwari,"Surat, Gujarat",Sports|Football|799,1
ORD-20261001-4605,01/10/2026 15:19,Gaurav,  Iyer ,"Mumbai, Maharashtra",Fashion|Sunglasses|999,2
ORD-20261001-3418,01-10-2026 14:26,Sara,Bansal,"mumbai, maharashtra",Home And Kitchen|Bedsheet Set|1499,5
ORD-20261001-4693,01/10/2026 14:24,Dhwani,nair,"Mumbai, Maharashtra",Beauty|Face Wash|249,1.0
ORD-20261001-0815,01/10/2026 15:46,Suresh,  Iyer ,"Bengaluru, Karnataka",Sports|Dumbbell Set|1899,2
ORD-20261001-4550,2026-10-01 22:20:04,Shaurya,kapoor,"Vadodara, Gujarat",Beauty|Hair Serum|549,1
ORD-20261001-1100,01-10-2026 20:43,myra,Desai,"Bengaluru, Karnataka",Fashion|Cotton Kurta|799, 4 
ORD-20261001-2146,01/10/2026 21:13,Isha,Kulkarni,"MUMBAI, MAHARASHTRA",Electronics|Power Bank|899,2
ORD-20261001-4486,01/10/2026 17:12,null,malhotra,"Kolkata, West Bengal",Fashion|Cotton Kurta|799,3
ORD-20261001-1594,01/10/2026 21:53,payal,verma,"Lucknow, Uttar Pradesh",Fashion|Running Shoes|2199,5
ORD-20261001-2305,2026-10-01 15:53:01,PARI,Rathod,"mumbai, maharashtra",Fashion|Denim Jeans|1199,2
ORD-20261001-1110,01-10-2026 10:12,Anika,Desai,"Bengaluru, Karnataka",Sports|Yoga Mat|699,2
ORD-20261001-0411,01/10/2026 09:05,Ayaan,Reddy,"Delhi, Delhi",Fashion|Leather Wallet|499,4
ORD-20261001-4287,2026-10-01 22:06:12,  Payal ,kulkarni,"bengaluru, karnataka",Fashion|Running Shoes|2199,1
ORD-20261001-3243,01-10-2026 13:55,Aditi,  Trivedi ,"Kolkata, West Bengal",Fashion|Sunglasses|999,1
ORD-20261001-4441,01/10/2026 17:21,Sai,Vyas,"Vadodara, Gujarat",Electronics|Smart Watch|2499,1
ORD-20261001-1961,2026-10-01 14:46:18,VIVAAN,Desai,"  Chennai, Tamil Nadu ",Beauty|Hair Serum|549,1
ORD-20261001-0713,2026-10-01 13:54:19,Divya,Verma,"  Bengaluru, Karnataka ",Fashion|Sunglasses|999,1
ORD-20261001-2430,2026-10-01 14:22:18,riya,SOLANKI,"  Delhi, Delhi ",Fashion|Sunglasses|999,3
ORD-20261001-0923,2026-10-01 21:25:34,advik,Trivedi,"Hyderabad, Telangana",Home And Kitchen|Wall Clock|649,1
ORD-20261001-0790,01-10-2026 12:38,Anjali,Joshi,N/A,Electronics|Bluetooth Speaker|1799,2
ORD-20261001-1733,01/10/2026 13:40,Priya,Sinha,"Nagpur, Maharashtra",Fashion|Denim Jeans|1199,5
ORD-20261001-2513,01/10/2026 12:13,Ayaan,KALAVADIA,"lucknow, uttar pradesh",Fashion|Leather Wallet|499,2
ORD-20261001-0776,2026-10-01 14:49:54,ARJUN,arora,"  Jaipur, Rajasthan ",Fashion|Running Shoes|2199, 1 
ORD-20261001-0349,01/10/2026 13:00,HARSH,Thakkar,"mumbai, maharashtra",Home And Kitchen|Steel Water Bottle|399,5
ORD-20261001-3486,01-10-2026 22:53,HARSH,Kumar,"Chennai, Tamil Nadu",Beauty|Perfume|1299,1
ORD-20261001-2673,2026-10-01 13:13:21,Karan,DAS,"Kolkata, West Bengal",Home And Kitchen|Non Stick Pan|1099,1
ORD-20261001-4231,2026-10-01 15:54:48,Deepak,Solanki,"MUMBAI, MAHARASHTRA",Beauty|Face Wash|249,5
ORD-20261001-0426,2026-10-01 14:19:42,  Neha ,Mukherjee,,Home And Kitchen|Wall Clock|649,4
ORD-20261001-3417,2026-10-01 17:13:19,AYAAN,Reddy,"surat, gujarat",Fashion|Cotton Kurta|799,1
ORD-20261001-0887,01/10/2026 20:14,Sara,Srivastava,"Nagpur, Maharashtra",Home And Kitchen|Non Stick Pan|1099,1
ORD-20261001-0233,01/10/2026 14:57,Divya,Kulkarni,"CHENNAI, TAMIL NADU",Beauty|Lipstick|399,5
ORD-20261001-4453,01/10/2026 17:42,anjali,  Parmar ,"Vadodara, Gujarat",Sports|Skipping Rope|199,
ORD-20261001-4295,01/10/2026 19:28,DIYA,VERMA,"Ahmedabad, Gujarat",Electronics|Bluetooth Speaker|1799,1
ORD-20261001-0585,01/10/2026 16:47,aanya,pillai,"MYSURU, KARNATAKA",Electronics|Smart Watch|2499,1
ORD-20261001-3117,2026-10-01 16:42:26,Nidhi,Modi,"SURAT, GUJARAT",Fashion|Sunglasses|999,6
ORD-20261001-0254,01/10/2026 21:20,Kavya,Bhatt,"DELHI, DELHI",Home And Kitchen|Non Stick Pan|1099,2
ORD-20261001-2646,01/10/2026 13:30,Roshni,Modi,"PUNE, MAHARASHTRA",Beauty|Face Wash|249,1
ORD-20261001-4167,01/10/2026 20:16,,PATEL,"Lucknow, Uttar Pradesh",Fashion|Leather Wallet|499,1
ORD-20261001-0683,01/10/2026 21:07,aarav,  Dubey ,"mysuru, karnataka",Electronics|Laptop Stand|749,3
ORD-20261001-2247,2026-10-01 22:26:21,priya,Mukherjee,"Chennai, Tamil Nadu",Beauty|Sunscreen|449,2
ORD-20261001-4363,01/10/2026 17:05,  Varun ,  Chopra ,"nagpur, maharashtra",Electronics|Wireless Earbuds|1299,1
ORD-20261001-4376,01-10-2026 07:44,Komal,chauhan,"Delhi, Delhi",Fashion|Running Shoes|2199,1
ORD-20261001-3861,01-10-2026 12:39,Rudra,Yadav,N/A,Home And Kitchen|Non Stick Pan|1099,2
ORD-20261001-3239,01-10-2026 23:23,  Kunal ,pillai,"Surat, Gujarat",Fashion|Sunglasses|999,1
ORD-20261001-1457,01/10/2026 22:10,arjun,SOLANKI,"Hyderabad, Telangana",Electronics|Bluetooth Speaker|1799,1
ORD-20261001-3278,2026-10-01 12:30:16,Tanvi,Patil,"Hyderabad, Telangana",Home And Kitchen|Wall Clock|649,1
ORD-20261001-3328,01/10/2026 10:53,Vivaan,Kapoor,"Pune, Maharashtra",Electronics|Bluetooth Speaker|1799,4.0
ORD-20261001-3572,2026-10-01 21:06:12,Rahul,mukherjee,"CHENNAI, TAMIL NADU",Beauty|Perfume|1299,1
ORD-20261001-0403,01/10/2026 18:42,Varun,kumar,"Hyderabad, Telangana",Beauty|Perfume|1299,3
ORD-20261001-0795,01-10-2026 20:05,Harsh,chaudhary,"Bengaluru, Karnataka",Beauty|Sunscreen|449,2
ORD-20261001-0017,2026-10-01 18:34:15,Krupa,Saxena,"coimbatore, tamil nadu",Electronics|Laptop Stand|749,
ORD-20261001-2370,2026-10-01 18:14:19,Ananya,  Verma ,"delhi, delhi",Sports|Yoga Mat|699,2
ORD-20261001-3674,01/10/2026 08:32,  Deepak ,Khanna,"delhi, delhi",Fashion|Running Shoes|2199,1
ORD-20261001-2917,2026-10-01 20:49:30,SURESH,reddy,"Hyderabad, Telangana",Fashion|Running Shoes|2199,1
ORD-20261001-4801,01/10/2026 11:22,MIHIR,Shah,"Chennai, Tamil Nadu",Electronics|Power Bank|899,5
ORD-20261001-1379,01/10/2026 15:43,Simran,Joshi,"JAIPUR, RAJASTHAN",Fashion|Denim Jeans|1199,1.0
ORD-20261001-0252,01-10-2026 15:36,ishaan,,"HYDERABAD, TELANGANA",Sports|Yoga Mat|699,1.0
ORD-20261001-0797,01/10/2026 12:27,Kavya,Sinha,"ahmedabad, gujarat",Beauty|Face Wash|249,1
ORD-20261001-3205,2026-10-01 11:34:22,Bhavna,Parmar,"Delhi, Delhi",Home And Kitchen|Storage Box|299,6
ORD-20261001-2992,2026-10-01 06:13:56,Palak,sinha,"  Pune, Maharashtra ",Electronics|Power Bank|899,
ORD-20261001-3357,01/10/2026 19:57,Komal,yadav,"Mysuru, Karnataka",Home And Kitchen|Bedsheet Set|1499,1
ORD-20261001-0810,2026-10-01 20:57:57,Amit,Iyer,,Home And Kitchen|Storage Box|299,2
ORD-20261001-1635,01-10-2026 12:32,Neha,Mukherjee,"Delhi, Delhi",Sports|Skipping Rope|199,1
ORD-20261001-0196,01/10/2026 18:01,Nidhi,Arora,"Delhi, Delhi",Fashion|Denim Jeans|1199,-1
ORD-20261001-0300,01/10/2026 17:44,VARUN,Pawar,"Pune, Maharashtra",Home And Kitchen|Bedsheet Set|1499,1
ORD-20261001-4710,01/10/2026 15:36,Advik,  Desai ,"Delhi, Delhi",Fashion|Sunglasses|999,1
ORD-20261001-2977,01/10/2026 12:09,Tanvi,Menon,"Lucknow, Uttar Pradesh",Home And Kitchen|Wall Clock|649,2
ORD-20261001-1122,2026-10-01 22:08:20,Vivaan,Kalavadia,"Vadodara, Gujarat",Electronics|Wireless Earbuds|1299,4.0
ORD-20261001-2875,01/10/2026 13:28,Riya,THAKKAR,"  Bengaluru, Karnataka ",Beauty|Hair Serum|549,2.0
ORD-20261001-2282,2026-10-01 19:34:18,  Deepak ,Patil,"Bengaluru, Karnataka",Fashion|Denim Jeans|1199,2
ORD-20261001-4281,01/10/2026 17:05,RUDRA,Parmar,"Jaipur, Rajasthan",Electronics|Power Bank|899,1
ORD-20261001-4198,01/10/2026 17:09,Dhruv,  Agarwal ,"  Bengaluru, Karnataka ",Home And Kitchen|Bedsheet Set|1499,3
ORD-20261001-3826,2026-10-01 18:55:51,neel,Agarwal,"Delhi, Delhi",Home And Kitchen|Bedsheet Set|1499,3
ORD-20261001-2354,01/10/2026 10:52,Saanvi,chaudhary,"Bengaluru, Karnataka",Beauty|Sunscreen|449,4
ORD-20261001-2563,01-10-2026 15:44,DHRUV,SHARMA,"  Hyderabad, Telangana ",Electronics|Laptop Stand|749,6
ORD-20261001-3217,01-10-2026 06:49,harsh,Kapoor,"  Pune, Maharashtra ",Fashion|Leather Wallet|499,1
ORD-20261001-2189,01-10-2026 20:34,  Dev ,IYER,"Chennai, Tamil Nadu",Electronics|Bluetooth Speaker|1799,2
ORD-20261001-3649,2026-10-01 21:16:11,Dhruv,  Dubey ,"Nagpur, Maharashtra",Beauty|Perfume|1299,2
ORD-20261001-2103,2026-10-01 13:56:49,mansi,Gupta,"kolkata, west bengal",Home And Kitchen|Bedsheet Set|1499,1
ORD-20261001-2942,01-10-2026 19:39,Roshni,Iyer,"Bengaluru, Karnataka",Beauty|Face Wash|249,3
ORD-20261001-3396,2026-10-01 17:37:14,Parth,  Nair ,"Pune, Maharashtra",Home And Kitchen|Non Stick Pan|1099,3
ORD-20261001-2163,2026-10-01 11:25:52,  Riya ,  Verma ,"Ahmedabad, Gujarat",Beauty|Hair Serum|549,3
ORD-20261001-3831,01/10/2026 14:45,Anika,Bhatt,"  Mysuru, Karnataka ",Sports|Dumbbell Set|1899,1
ORD-20261001-1274,01/10/2026 07:18,Neha,Verma,"Bengaluru, Karnataka",Electronics|Bluetooth Speaker|1799,1
ORD-20261001-4775,01/10/2026 08:20,hetal,Chauhan,"MYSURU, KARNATAKA",Fashion|Leather Wallet|499,1
ORD-20261001-4535,N/A,Parth,Kalavadia,"  Mumbai, Maharashtra ",Electronics|Smart Watch|2499,1
ORD-20261001-4207,2026-10-01 17:08:18,ayaan,Mishra,"Lucknow, Uttar Pradesh",Sports|Cricket Bat|1599,4
ORD-20261001-3056,01/10/2026 18:15,Dev,Chauhan,"hyderabad, telangana",Fashion|Leather Wallet|499,2
ORD-20261001-4464,01-10-2026 18:49,vivaan,Tiwari,"Ahmedabad, Gujarat",Fashion|Sunglasses|999, 1 
ORD-20261001-4166,2026-10-01 08:58:03,Pranav,DAS,"Bengaluru, Karnataka",Fashion|Sunglasses|999,2
ORD-20261001-4039,01/10/2026 19:49,Shreya,patil,"Coimbatore, Tamil Nadu",Electronics|Bluetooth Speaker|1799,1
ORD-20261001-4213,2026-10-01 21:09:29,JAY,yadav,"Kolkata, West Bengal",Home And Kitchen|Non Stick Pan|1099,2
ORD-20261001-2268,01/10/2026 20:33,vikas,CHAUHAN,"chennai, tamil nadu",Beauty|Lipstick|399,1
ORD-20261001-1064,01/10/2026 07:10,Gaurav,agarwal,"Hyderabad, Telangana",Beauty|Sunscreen|449,1
ORD-20261001-4766,01-10-2026 15:38,Priya,  Bansal ,"Coimbatore, Tamil Nadu",Beauty|Sunscreen|449,5
ORD-20261001-2715,2026-10-01 05:09:09,dhruv,BANSAL,"Vadodara, Gujarat",Sports|Dumbbell Set|1899,2
ORD-20261001-3496,2026-10-01 20:06:27,Ayaan,REDDY,"delhi, delhi",Home And Kitchen|Wall Clock|649,1
ORD-20261001-2289,2026-10-01 11:31:58,Palak,Modi,"Chennai, Tamil Nadu",Beauty|Sunscreen|449,1
ORD-20261001-3253,01/10/2026 11:39,nidhi,Yadav,"Coimbatore, Tamil Nadu",Electronics|Smart Watch|2499,4
ORD-20261001-3003,01/10/2026 10:13,Sara,chauhan,"Mumbai, Maharashtra",Sports|Yoga Mat|699, 1 
ORD-20261001-3732,2026-10-01 18:44:25,Shaurya,SINHA,"Hyderabad, Telangana",Sports|Yoga Mat|699,1
ORD-20261001-1301,2026-10-01 12:29:39,Kabir,RATHOD,"  Pune, Maharashtra ",Beauty|Face Wash|249,2
ORD-20261001-2574,01-10-2026 21:35,  Reyansh ,  Singh ,"Bengaluru, Karnataka",Fashion|Denim Jeans|1199,1
ORD-20261001-3078,01/10/2026 20:49,  Pranav ,nair,"Jaipur, Rajasthan",Fashion|Denim Jeans|1199,1
ORD-20261001-3484,01/10/2026 15:52,Aditi,patel,"mumbai, maharashtra",Electronics|Bluetooth Speaker|1799,4
ORD-20261001-2578,2026-10-01 15:17:44,Shaurya,Patel,"Jaipur, Rajasthan",Fashion|Running Shoes|2199,1
ORD-20261001-3251,2026-10-01 17:02:02,Bhavna,Trivedi,"Pune, Maharashtra",Fashion|Running Shoes|2199,5
ORD-20261001-3666,01/10/2026 12:20,Priya,Khanna,"Lucknow, Uttar Pradesh",Home And Kitchen|Non Stick Pan|1099,2
ORD-20261001-3932,01/10/2062 21:26,,,"PUNE, MAHARASHTRA",Electronics|Wireless Earbuds|1299,5
ORD-20261001-2010,01/10/2026 13:56,deepak,patil,"Bengaluru, Karnataka",Beauty|Sunscreen|449,1
ORD-20261001-2713,01-10-2026 20:46,Mihir,Das,"mumbai, maharashtra",Fashion|Sunglasses|999,5
ORD-20261001-0242,01-10-2026 14:22,Shreya,Bansal,"Delhi, Delhi",Electronics|Bluetooth Speaker|1799,1
ORD-20261001-4386,01/10/2026 11:11,DEV,Kumar,"Jaipur, Rajasthan",Electronics|Laptop Stand|749,1
ORD-20261001-3691,01-10-2026 08:07,kriti,Malhotra,"HYDERABAD, TELANGANA",Home And Kitchen|Bedsheet Set|1499,1
ORD-20261001-0560,2026-10-01 18:09:28,  Krishna ,Pillai,"Pune, Maharashtra",Home And Kitchen|Non Stick Pan|1099,1
ORD-20261001-0445,01/10/2026 22:55,Shaurya,desai,"Bengaluru, Karnataka",Electronics|Smart Watch|2499,2
ORD-20261001-2061,01-10-2026 15:37,Pooja,Saxena,"Delhi, Delhi",Beauty|Lipstick|399,2
ORD-20261001-4800,2026-10-01 22:35:09,Shreya,nair,"Bengaluru, Karnataka",Electronics|Laptop Stand|749,1
ORD-20261001-4277,01/10/2026 17:58,Riya,jain,"VADODARA, GUJARAT",Home And Kitchen|Bedsheet Set|1499,4
ORD-20261001-2520,01/10/2026 16:21,Atharv,  Patil ,"Delhi, Delhi",Fashion|Denim Jeans|1199,1
ORD-20261001-0398,2026-10-01 21:51:13,nisha,mehta,"BENGALURU, KARNATAKA",Fashion|Cotton Kurta|799,1
ORD-20261001-3892,01/10/2026 18:31,simran,Joshi,"Bengaluru, Karnataka",Home And Kitchen|Bedsheet Set|1499,3
ORD-20261001-2747,01-10-2026 11:31,Anjali,Mishra,"COIMBATORE, TAMIL NADU",Home And Kitchen|Non Stick Pan|1099,2
ORD-20261001-2763,2026-10-01 14:54:59,Sai,SHARMA,"  Delhi, Delhi ",Electronics|Wireless Earbuds|1299,1
ORD-20261001-4260,2026-10-01 18:38:48,  Dhruv ,Mehta,"Hyderabad, Telangana",Electronics|Power Bank|899,3
ORD-20261001-3254,01/10/2062 16:15,Kunal,Malhotra,"coimbatore, tamil nadu",Fashion|Denim Jeans|1199,1
ORD-20261001-2208,2026-10-01 06:20:20,Vikas,mishra,"Ahmedabad, Gujarat",Electronics|Bluetooth Speaker|1799,1.0
ORD-20261001-0099,2026-10-01 17:31:08,  Anika ,sinha,,Electronics|Bluetooth Speaker|1799,1
ORD-20261001-3744,01/10/2026 15:22,vikas,Iyer,"Mysuru, Karnataka",Fashion|Leather Wallet|499,1
ORD-20261001-3526,01-10-2026 23:54,Karan,Sinha,"hyderabad, telangana",Electronics|Bluetooth Speaker|1799,4
ORD-20261001-4680,01/10/2026 13:48,JANVI,chaudhary,"Kolkata, West Bengal",Electronics|Smart Watch|2499,2
ORD-20261001-0728,01/10/2026 13:28,Divya,SRIVASTAVA,"BENGALURU, KARNATAKA",Home And Kitchen|Non Stick Pan|1099,4
ORD-20261001-0365,01/10/2026 06:12,Krishna,Kapoor,"Bengaluru, Karnataka",Sports|Dumbbell Set|1899,1
ORD-20261001-1142,01/10/2026 22:09,Roshni,  Iyer ,"  Bengaluru, Karnataka ",Sports|Yoga Mat|699,1
ORD-20261001-0215,01-10-2026 21:39,  Rahul ,khanna,"Mysuru, Karnataka",Home And Kitchen|Steel Water Bottle|399,2
ORD-20261001-1626,01/10/2026 09:09,arjun,Sharma,"Chennai, Tamil Nadu",Beauty|Perfume|1299,1
ORD-20261001-4746,01/10/2026 16:35,shaurya,BHATT,"Chennai, Tamil Nadu",Electronics|Laptop Stand|749,2.0
ORD-20261001-2062,2026-10-01 20:51:01,Vikas,THAKKAR,,Beauty|Sunscreen|449,6
ORD-20261001-4061,01/10/2026 10:14,Saanvi,Chauhan,"Delhi, Delhi",Home And Kitchen|Bedsheet Set|1499,1
ORD-20261001-3871,2026-10-01 12:44:14,Divya,Parmar,"Mumbai, Maharashtra",Electronics|Laptop Stand|749,1
ORD-20261001-1212,2026-10-01 22:31:19,  Dev ,Shah,"bengaluru, karnataka",Electronics|Laptop Stand|749,6.0
ORD-20261001-2969,31/02/2026 13:10,Krupa,Yadav,"AHMEDABAD, GUJARAT",Home And Kitchen|Steel Water Bottle|399,1
ORD-20261001-2357,01/10/2026 12:35,Payal,Menon,,Fashion|Cotton Kurta|799,1
ORD-20261001-0635,01/10/2026 11:30,Swati,Shah,"DELHI, DELHI",Home And Kitchen|Bedsheet Set|1499,2
ORD-20261001-3879,2026-10-01 22:34:33,Reyansh,MEHTA,"Bengaluru, Karnataka",Sports|Yoga Mat|699,3
ORD-20261001-3322,N/A,Pranav,chauhan,"Vadodara, Gujarat",Fashion|Denim Jeans|1199,2
ORD-20261001-1386,01/10/2026 20:12,RIYA,Patil,"Bengaluru, Karnataka",,1
ORD-20261001-4065,01/10/2026 07:21,hetal,Sinha,"Kolkata, West Bengal",Fashion|Running Shoes|2199,3
ORD-20261001-3532,01/10/2026 20:47,neha,PILLAI,"ahmedabad, gujarat",,1
ORD-20261001-3632,01/10/2026 13:32,Advik,Trivedi,"Hyderabad, Telangana",Home And Kitchen|Non Stick Pan|1099,4
ORD-20261001-0766,2026-10-01 09:31:45,,Mukherjee,"Bengaluru, Karnataka",Beauty|Hair Serum|549,1
ORD-20261001-4767,01/10/2026 15:10,  Payal ,Yadav,"Ahmedabad, Gujarat",Electronics|Bluetooth Speaker|1799,6
ORD-20261001-0644,01/10/2026 20:46,Sara,shah,"Delhi, Delhi",Fashion|Leather Wallet|499,1
ORD-20261001-0148,01-10-2026 22:02,Manish,khanna,"Chennai, Tamil Nadu",Home And Kitchen|Non Stick Pan|1099,1
ORD-20261001-0473,01/10/2026 17:04,ayaan,menon,"hyderabad, telangana",Electronics|Smart Watch|2499,1
ORD-20261001-0171,2026-10-01 14:57:55,  Om ,  Mishra ,"Chennai, Tamil Nadu",Beauty|Face Wash|249,1
ORD-20261001-3720,2026-10-01 21:48:14,Khushi,  Bhatt ,"Bengaluru, Karnataka",Electronics|Smart Watch|2499,-1
ORD-20261001-0720,2026-10-01 09:48:48,null,Verma,"Mysuru, Karnataka",Electronics|Power Bank|899, 1 
ORD-20261001-3377,01-10-2026 14:57,Krupa,Sharma,"Vadodara, Gujarat",Beauty|Face Wash|249,3
ORD-20261001-3896,01/10/2026 12:01,isha,Mishra,"Lucknow, Uttar Pradesh",Home And Kitchen|Non Stick Pan|1099,1
ORD-20261001-3244,01/10/2026 20:28,Bhavna,PARMAR,"Chennai, Tamil Nadu",Fashion|Sunglasses|999,1
ORD-20261001-0736,01/10/2026 08:45,ISHA,,"Mumbai, Maharashtra",Beauty|Perfume|1299,1
ORD-20261001-1500,01/10/2026 02:46,Shreya,Tiwari,"CHENNAI, TAMIL NADU",Home And Kitchen|Wall Clock|649,3
ORD-20261001-0268,01/10/2026 22:12,neel,PARMAR,"ahmedabad, gujarat",Electronics|Smart Watch|2499,3
ORD-20261001-3287,,Nikhil,Gupta,"pune, maharashtra",Electronics|Power Bank|899,1
ORD-20261001-3522,2026-10-01 20:38:30,Nikhil,Bhatt,"JAIPUR, RAJASTHAN",Electronics|Power Bank|899,1
ORD-20261001-2664,2026-10-01 13:00:16,ishaan,JAIN,"Mumbai, Maharashtra",Electronics|Power Bank|899,3
ORD-20261001-1627,01/10/2026 16:48,neha,  Joshi ,"Mumbai, Maharashtra",Electronics|Bluetooth Speaker|1799,2
ORD-20261001-3863,2026-10-01 19:35:23,Palak,Kapoor,"Hyderabad, Telangana",Electronics|Wireless Earbuds|1299,0
ORD-20261001-2297,01/10/2026 09:56,Krishna,Saxena,"Bengaluru, Karnataka",Home And Kitchen|Steel Water Bottle|399,2
ORD-20261001-3552,2026-10-01 23:12:53,Amit,Bose,"Pune, Maharashtra",Home And Kitchen|Wall Clock|649,2
ORD-20261001-4403,2026-10-01 16:31:13,  Shaurya ,Kulkarni,"Bengaluru, Karnataka",Fashion|Running Shoes|2199,1
ORD-20261001-2083,01-10-2026 21:00,TANVI,Das,"Surat, Gujarat",Home And Kitchen|Wall Clock|649,1
ORD-20261001-3931,2026-10-01 23:24:08,Dev,  Parmar ,"chennai, tamil nadu",Fashion|Leather Wallet|499,2
ORD-20261001-1800,01-10-2026 22:24,Vivaan,Saxena,"Mumbai, Maharashtra",Fashion|Sunglasses|999,1
ORD-20261001-3850,2026-10-01 19:50:19,Palak,Das,"PUNE, MAHARASHTRA",Beauty|Face Wash|249,3
ORD-20261001-2468,01/10/2026 13:23,Nikhil,pillai,"Hyderabad, Telangana",Beauty|Face Wash|249,3
ORD-20261001-4675,2026-10-01 16:00:16,TANVI,Jain,"VADODARA, GUJARAT",Home And Kitchen|Storage Box|299,1
ORD-20261001-4726,2026-10-01 19:05:03,Sai,arora,"Hyderabad, Telangana",Home And Kitchen|Steel Water Bottle|399,1
ORD-20261001-3703,01/10/2026 21:39,Dhruv,Kapoor,"Lucknow, Uttar Pradesh",Fashion|Leather Wallet|499,1
ORD-20261001-2334,01/10/2026 14:03,Rahul,GHOSH,"  Hyderabad, Telangana ",Electronics|Power Bank|899,2.0
ORD-20261001-2554,01/10/2026 08:55,Harsh,Khanna,"Mumbai, Maharashtra",Sports|Football|799,2
ORD-20261001-1027,01/10/2026 20:31,Neel,Rathod,"mysuru, karnataka",Sports|Dumbbell Set|1899,
ORD-20261001-0020,2026-10-01 15:27:01,Anjali,Kapoor,"delhi, delhi",Fashion|Running Shoes|2199,3
ORD-20261001-2060,01/10/2026 22:19,om,chauhan,"  Pune, Maharashtra ",Beauty|Face Wash|249,2.0
ORD-20261001-3274,2026-10-01 00:38:26,Karan,Kumar,"coimbatore, tamil nadu",Electronics|Bluetooth Speaker|1799,1
ORD-20261001-1005,2026-10-01 10:57:34,suresh,BHATT,"hyderabad, telangana",Fashion|Denim Jeans|1199,1
ORD-20261001-0141,2026-10-01 14:05:28,megha,patil,"Bengaluru, Karnataka",Beauty|Perfume|1299,1
ORD-20261001-4444,01/10/2026 15:39,Ritu,Vyas,"Hyderabad, Telangana",Fashion|Leather Wallet|499,2
ORD-20261001-2644,01/10/2026 13:36,tanvi,Parmar,"Bengaluru, Karnataka",Beauty|Hair Serum|549,1
ORD-20261001-3008,2026-10-01 18:19:31,neha,Pillai,"bengaluru, karnataka",Home And Kitchen|Non Stick Pan|1099,4
ORD-20261001-3802,2026-10-01 12:20:54,nisha,khanna,"delhi, delhi",Electronics|Bluetooth Speaker|1799,2
ORD-20261001-3112,2026-10-01 10:23:14,Pari,kulkarni,"Jaipur, Rajasthan",Home And Kitchen|Wall Clock|649,1
ORD-20261001-4031,2026-10-01 20:46:05,Pranav,  Mishra ,"chennai, tamil nadu",Home And Kitchen|Wall Clock|649,2
ORD-20261001-1967,01-10-2026 11:35,Gaurav,  Pawar ,"Hyderabad, Telangana",Beauty|Hair Serum|549,2
ORD-20261001-1932,01/10/2026 19:57,Neel,Iyer,"Mysuru, Karnataka",Beauty|Hair Serum|549,2
ORD-20261001-4554,01/10/2026 18:11,  Aditya ,Tiwari,"Jaipur, Rajasthan",Fashion|Leather Wallet|499, 1 
ORD-20261001-2123,2026-10-01 15:16:30,Ananya,pawar,"jaipur, rajasthan",Fashion|Sunglasses|999,2
ORD-20261001-1944,2026-10-01 22:29:39,Ishaan,chaudhary,"Ahmedabad, Gujarat",Fashion|Leather Wallet|499,1
ORD-20261001-3784,01/10/2026 18:44,Tanvi,ARORA,"Delhi, Delhi",Electronics|Smart Watch|2499,4
ORD-20261001-3903,2026-10-01 07:12:52,Krupa,Modi,"  Hyderabad, Telangana ",Home And Kitchen|Steel Water Bottle|399,3
ORD-20261001-3034,01/10/2026 17:28,Advik,Kulkarni,"chennai, tamil nadu",Electronics|Wireless Earbuds|1299,3.0
ORD-20261001-2121,01/10/2026 07:08,Aanya,TRIVEDI,"Delhi, Delhi",Sports|Yoga Mat|699,2
ORD-20261001-2125,2026-10-01 05:26:58,Sneha,joshi,"DELHI, DELHI",Sports|Football|799,1
ORD-20261001-3597,01/10/2026 23:12,null,chopra,"Jaipur, Rajasthan",Electronics|Bluetooth Speaker|1799,3
ORD-20261001-2539,2026-10-01 19:37:02,parth,Menon,"surat, gujarat",Beauty|Sunscreen|449,1
ORD-20261001-3899,01/10/2026 14:19,Shreya,Vyas,"hyderabad, telangana",Fashion|Sunglasses|999,4
ORD-20261001-3441,01/10/2026 19:38,Sneha,REDDY,"MUMBAI, MAHARASHTRA",Home And Kitchen|Steel Water Bottle|399,1
ORD-20261001-0405,01/10/2026 17:38,Shreya,pillai,"vadodara, gujarat",Beauty|Perfume|1299,1
ORD-20261001-2742,2026-10-01 20:29:03,Payal,ARORA,"Bengaluru, Karnataka",Electronics|Bluetooth Speaker|1799,1
ORD-20261001-2927,2026-10-01 15:15:17,SHAURYA,Nair,"  Mumbai, Maharashtra ",Fashion|Cotton Kurta|799,1.0
ORD-20261001-2945,01-10-2026 14:41,Ishaan,  Gupta ,"Hyderabad, Telangana",Beauty|Face Wash|249,1
ORD-20261001-2301,01/10/2026 19:57,  Om ,Mishra,"bengaluru, karnataka",Home And Kitchen|Bedsheet Set|1499,1
ORD-20261001-2954,,  Karan ,  Bose ,"Hyderabad, Telangana",Fashion|Cotton Kurta|799,3
ORD-20261001-0265,2026-10-01 08:18:31,Priya,  Mukherjee ,"Mumbai, Maharashtra",Beauty|Face Wash|249,
ORD-20261001-0401,2026-10-01 16:57:21,,TRIVEDI,"Jaipur, Rajasthan",Electronics|Bluetooth Speaker|1799,1
ORD-20261001-2154,01/10/2026 07:48,Komal,REDDY,"Delhi, Delhi",Electronics|Wireless Earbuds|1299,2
ORD-20261001-1072,2026-10-01 12:32:10,Krupa,gupta,"Lucknow, Uttar Pradesh",Beauty|Face Wash|249,1
ORD-20261001-4456,01/10/2026 11:19,anjali,SAXENA,"  Mumbai, Maharashtra ",Beauty|Lipstick|399,2
ORD-20261001-2909,01/10/2026 22:33,Varun,  Bose ,"Ahmedabad, Gujarat",Home And Kitchen|Bedsheet Set|1499,2
ORD-20261001-4567,01/10/2026 21:37,Parth,joshi,"surat, gujarat",Electronics|Wireless Earbuds|1299,1
ORD-20261001-2443,01/10/2026 14:27,  Varun ,sinha,"  Mumbai, Maharashtra ",Electronics|Smart Watch|2499,3
ORD-20261001-0959,2026-10-01 01:18:08,Roshni,Verma,"Bengaluru, Karnataka",Home And Kitchen|Storage Box|299,1
ORD-20261001-1953,2026-10-01 12:03:50,atharv,Joshi,"Vadodara, Gujarat",Home And Kitchen|Bedsheet Set|1499,0
ORD-20261001-4021,01/10/2026 23:25,  Sneha ,mukherjee,"  Coimbatore, Tamil Nadu ",Electronics|Bluetooth Speaker|1799, 1 
ORD-20261001-0435,01-10-2026 15:43,Dev,VYAS,"Mumbai, Maharashtra",Fashion|Sunglasses|999,6
ORD-20261001-4182,01-10-2026 16:25,Om,Bhatt,"Pune, Maharashtra",Sports|Dumbbell Set|1899,2
ORD-20261001-3590,01/10/2026 18:08,Neha,VYAS,"KOLKATA, WEST BENGAL",Sports|Skipping Rope|199,1
ORD-20261001-0341,01/10/2026 17:00,Aarav,Pillai,,Sports|Yoga Mat|699,1
ORD-20261001-0392,01/10/2026 17:32,Bhavna,Kalavadia,"Bengaluru, Karnataka",Sports|Dumbbell Set|1899,2
ORD-20261001-0331,2026-10-01 15:46:42,Hetal,CHAUDHARY,"Mumbai, Maharashtra",Beauty|Face Wash|249,6
ORD-20261001-4131,2026-10-01 19:16:12,Harsh,Singh,"jaipur, rajasthan",Home And Kitchen|Non Stick Pan|1099,3
ORD-20261001-4505,2026-10-01 23:31:10,Amit,Tiwari,N/A,Fashion|Sunglasses|999,4
ORD-20261001-2652,2026-10-01 11:08:42,Advik,Gupta,"Mysuru, Karnataka",Beauty|Lipstick|399,1
ORD-20261001-3607,2026-10-01 16:54:25,Pari,arora,"lucknow, uttar pradesh",Beauty|Sunscreen|449,1
ORD-20261001-0232,2026-10-01 13:36:13,vihaan,Arora,"Pune, Maharashtra",Fashion|Denim Jeans|1199,2
ORD-20261001-2472,2026-10-01 14:14:09,Tushar,Yadav,"lucknow, uttar pradesh",Fashion|Sunglasses|999,1
ORD-20261001-2320,01/10/2026 12:35,Krishna,Rao,"lucknow, uttar pradesh",Electronics|Bluetooth Speaker|1799,1
ORD-20261001-0334,01/10/2026 21:55,Rohan,Nair,,Sports|Yoga Mat|699,3
ORD-20261001-3970,01/10/2026 12:28,Aditya,  Pillai ,"Mumbai, Maharashtra",Beauty|Sunscreen|449,3
ORD-20261001-0826,01/10/2026 17:16,Aanya,Chaudhary,"Delhi, Delhi",Electronics|Bluetooth Speaker|1799,1
ORD-20261001-3212,,Myra,,"Ahmedabad, Gujarat",Beauty|Lipstick|399,3
ORD-20261001-3928,01/10/2026 14:26,shreya,  Trivedi ,"mumbai, maharashtra",Electronics|Bluetooth Speaker|1799,2
ORD-20261001-2843,2026-10-01 20:29:25,null,RATHOD,"Nagpur, Maharashtra",Electronics|Bluetooth Speaker|1799,
ORD-20261001-0371,2026-10-01 08:38:17,dhruv,Trivedi,"Delhi, Delhi",Fashion|Denim Jeans|1199,2
ORD-20261001-3517,01-10-2026 02:35,Komal,  Bhatt ,"Surat, Gujarat",Fashion|Leather Wallet|499,1
ORD-20261001-3346,01/10/2026 17:04,vivaan,Jain,"Ahmedabad, Gujarat",Electronics|Smart Watch|2499,1
ORD-20261001-3721,01/10/2026 20:59,Gaurav,Reddy,"bengaluru, karnataka",Sports|Football|799,5
ORD-20261001-2663,2026-10-01 18:56:47,Deepak,singh,"Delhi, Delhi",Fashion|Cotton Kurta|799,2
ORD-20261001-4070,2026-10-01 22:11:47,Ayaan,Jain,"delhi, delhi",Beauty|Sunscreen|449,1
ORD-20261001-3044,01/10/2026 13:53,varun,Dubey,"hyderabad, telangana",Beauty|Lipstick|399,6
ORD-20261001-3768,01/10/2026 21:24,,Vyas,"coimbatore, tamil nadu",Fashion|Leather Wallet|499,1
ORD-20261001-2313,01/10/2026 21:46,TANVI,Kapoor,"Mumbai, Maharashtra",Electronics|Wireless Earbuds|1299,1
ORD-20261001-3629,01/10/2026 13:34,khushi,Agarwal,"Surat, Gujarat",Fashion|Leather Wallet|499,1
ORD-20261001-4153,01/10/2026 15:02,Harsh,  Kumar ,"Chennai, Tamil Nadu",Beauty|Perfume|1299,2
ORD-20261001-3905,01-10-2026 21:41,Suresh,Yadav,"  Ahmedabad, Gujarat ",Fashion|Cotton Kurta|799,1
ORD-20261001-3818,01-10-2026 16:26,Sara,Parmar,"MUMBAI, MAHARASHTRA",Fashion|Denim Jeans|1199,one
ORD-20261001-4492,01/10/2026 14:35,Pari,Reddy,"Chennai, Tamil Nadu",Sports|Cricket Bat|1599,2
ORD-20261001-2084,01/10/2026 22:10,Kabir,Patel,"Kolkata, West Bengal",,2
ORD-20261001-1271,2026-10-01 18:58:49,manish,Gupta,"Bengaluru, Karnataka",Fashion|Leather Wallet|499,1
ORD-20261001-1951,01/10/2026 06:44,Nikhil,gupta,"Pune, Maharashtra",Beauty|Perfume|1299,3
ORD-20261001-2426,2026-10-01 17:06:48,Atharv,Yadav,"hyderabad, telangana",Home And Kitchen|Bedsheet Set|1499, 1 
ORD-20261001-1980,01-10-2026 15:58,Janvi,Saxena,"Vadodara, Gujarat",Beauty|Perfume|1299,4
ORD-20261001-2205,01/10/2026 20:32,Tanvi,Pillai,"coimbatore, tamil nadu",Sports|Football|799,3
ORD-20261001-4060,01/10/2026 22:36,  Anjali ,kapoor,"delhi, delhi",Electronics|Bluetooth Speaker|1799,1
ORD-20261001-4066,01/10/2026 15:40,Arjun,kapoor,"mumbai, maharashtra",Sports|Skipping Rope|199,6
ORD-20261001-2709,01/10/2026 17:39,Yash,Nair,"Mumbai, Maharashtra",Sports|Football|799,2
ORD-20261001-2086,2026-10-01 08:13:47,anika,gupta,"Mumbai, Maharashtra",Beauty|Perfume|1299,1
ORD-20261001-3502,01/10/2026 21:01,KABIR,modi,"Jaipur, Rajasthan",Electronics|Laptop Stand|749,2
ORD-20261001-1243,01/10/2026 07:40,nidhi,Nair,"Vadodara, Gujarat",Fashion|Denim Jeans|1199,3
ORD-20261001-1753,01-10-2026 20:19,Diya,Trivedi,"KOLKATA, WEST BENGAL",Beauty|Perfume|1299,1
ORD-20261001-3881,01/10/2026 15:33,ARYAN,pandya,"Mumbai, Maharashtra",Beauty|Lipstick|399,1
ORD-20261001-1838,2026-10-01 13:00:21,YASH,,"Ahmedabad, Gujarat",Fashion|Cotton Kurta|799,1
ORD-20261001-0910,01/10/2026 19:18,Deepak,Solanki,"Mumbai, Maharashtra",Home And Kitchen|Wall Clock|649,3
ORD-20261001-1846,2026-10-01 16:42:56,Payal,  Menon ,"Pune, Maharashtra",Home And Kitchen|Storage Box|299,1
ORD-20261001-2335,01/10/2026 17:40,Saanvi,Kumar,"Kolkata, West Bengal",Electronics|Laptop Stand|749,5.0
ORD-20261001-4462,01/10/2026 19:26,KABIR,Trivedi,"Bengaluru, Karnataka",Home And Kitchen|Storage Box|299,1
ORD-20261001-1452,2026-10-01 16:42:09,Simran,Rao,"  Kolkata, West Bengal ",Beauty|Sunscreen|449,1.0
ORD-20261001-3260,2026-10-01 05:57:11,aditya,verma,"chennai, tamil nadu",Beauty|Face Wash|249,1.0
ORD-20261001-0180,01/10/2026 18:55,Roshni,DAS,"  Kolkata, West Bengal ",Fashion|Cotton Kurta|799,6.0
ORD-20261001-1310,01/10/2026 14:51,Rudra,Rao,"Surat, Gujarat",Electronics|Wireless Earbuds|1299,3
ORD-20261001-0322,01-10-2026 18:14,KRUPA,Reddy,"hyderabad, telangana",Home And Kitchen|Bedsheet Set|1499,3
ORD-20261001-4135,2026-10-01 18:44:26,Dhruv,Ghosh,"Delhi, Delhi",Beauty|Sunscreen|449,2
ORD-20261001-2441,2026-10-01 12:09:48,  Saanvi ,Jain,"mumbai, maharashtra",Electronics|Power Bank|899,1
ORD-20261001-0935,01/10/2026 21:33,RAJESH,Saxena,"  Ahmedabad, Gujarat ",Electronics|Laptop Stand|749,4
ORD-20261001-1845,2026-10-01 00:11:50,Navya,Reddy,"Kolkata, West Bengal",Beauty|Face Wash|249,1
ORD-20261001-2842,2026-10-01 19:45:32,Mihir,rao,"Bengaluru, Karnataka",Beauty|Face Wash|249,-1
ORD-20261001-3520,01/10/2026 13:42,rajesh,,"Nagpur, Maharashtra",Home And Kitchen|Non Stick Pan|1099,1
ORD-20261001-2754,2026-10-01 11:15:21,Anjali,Agarwal,"Hyderabad, Telangana",Electronics|Bluetooth Speaker|1799,1
ORD-20261001-4762,2026-10-01 17:01:51,Vivaan,Verma,"Mumbai, Maharashtra",Electronics|Laptop Stand|749,2
ORD-20261001-4139,2026-10-01 15:57:33,shreya,ghosh,"Pune, Maharashtra",Home And Kitchen|Non Stick Pan|1099,1
ORD-20261001-2477,31/02/2026 10:54,Palak,agarwal,"Chennai, Tamil Nadu",Beauty|Lipstick|399,1
ORD-20261001-0719,01/10/2026 15:59,Shaurya,Kumar,"Mysuru, Karnataka",Electronics|Bluetooth Speaker|1799,3
ORD-20261001-3162,01/10/2026 16:39,ishaan,mishra,"Hyderabad, Telangana",Electronics|Smart Watch|2499,1
ORD-20261001-4668,01-10-2026 12:41,Kriti,Sharma,"mumbai, maharashtra",Beauty|Sunscreen|449,1
ORD-20261001-3616,2026-10-01 19:20:51,Vikas,srivastava,"Jaipur, Rajasthan",Home And Kitchen|Bedsheet Set|1499,3
ORD-20261001-1655,2026-10-01 22:08:18,Ritu,Bose,"hyderabad, telangana",Fashion|Denim Jeans|1199,2.0
ORD-20261001-3638,01/10/2026 12:35,HETAL,kumar,"Mumbai, Maharashtra",Home And Kitchen|Steel Water Bottle|399,4
ORD-20261001-2960,2026-10-01 21:29:03,  Krupa ,Das,"Chennai, Tamil Nadu",Beauty|Sunscreen|449, 2 
ORD-20261001-0444,01/10/2026 07:23,Kabir,Verma,"mumbai, maharashtra",Sports|Dumbbell Set|1899,1
ORD-20261001-1474,2026-10-01 18:28:22,karan,  Chopra ,"Pune, Maharashtra",Electronics|Laptop Stand|749,2
ORD-20261001-0434,01/10/2026 21:45,ARJUN,Sharma,"Chennai, Tamil Nadu",Fashion|Cotton Kurta|799,
ORD-20261001-1330,01-10-2026 12:21,Aanya,modi,"bengaluru, karnataka",Home And Kitchen|Steel Water Bottle|399,1
ORD-20261001-2818,01/10/2026 08:00,Aadhya,TIWARI,"Ahmedabad, Gujarat",Electronics|Wireless Earbuds|1299,5
ORD-20261001-4023,01/10/2026 10:49,NEHA,Yadav,"Bengaluru, Karnataka",Electronics|Power Bank|899,1
ORD-20261001-4727,2026-10-01 07:55:06,Manish,sinha,"hyderabad, telangana",Beauty|Sunscreen|449,1
ORD-20261001-4451,01-10-2026 13:06,sneha,Patil,"Vadodara, Gujarat",Electronics|Laptop Stand|749,2
ORD-20261001-0470,2026-10-01 16:05:31,Mansi,VERMA,"Surat, Gujarat",Sports|Football|799,4
ORD-20261001-0978,01-10-2026 13:38,Kriti,Modi,"Mumbai, Maharashtra",Home And Kitchen|Steel Water Bottle|399,1
ORD-20261001-1144,01/10/2026 16:40,Divya,  Tiwari ,"Pune, Maharashtra",Fashion|Running Shoes|2199,1
ORD-20261001-3665,01/10/2026 11:14,Krupa,KHANNA,"Delhi, Delhi",Electronics|Laptop Stand|749,2
ORD-20261001-4777,01/10/2026 12:06,Palak,Agarwal,"Chennai, Tamil Nadu",Beauty|Perfume|1299,3
ORD-20261001-1111,2026-10-01 23:14:15,Manish,  Bhatt ,"kolkata, west bengal",Beauty|Face Wash|249,2
ORD-20261001-0449,01/10/2026 13:13,Amit,das,"pune, maharashtra",Beauty|Face Wash|249,1
ORD-20261001-4613,01/10/2026 10:25,Harsh,Mehta,"Pune, Maharashtra",Electronics|Bluetooth Speaker|1799,3
ORD-20261001-2188,01-10-2026 11:16,Saanvi,KULKARNI,"Delhi, Delhi",Home And Kitchen|Bedsheet Set|1499,1
ORD-20261001-2413,01/10/2026 23:14,Kabir,mishra,N/A,Electronics|Laptop Stand|749,2
ORD-20261001-1689,2026-10-01 22:20:55,Karan,Rao,"Mumbai, Maharashtra",Sports|Skipping Rope|199, 1 
ORD-20261001-3080,01-10-2026 15:31,Diya,Iyer,"surat, gujarat",Electronics|Laptop Stand|749,2
ORD-20261001-2740,01/10/2026 15:30,,  Patil ,"mumbai, maharashtra",Home And Kitchen|Non Stick Pan|1099,1
ORD-20261001-3957,01/10/2026 10:02,aryan,,"mumbai, maharashtra",Sports|Dumbbell Set|1899,1
ORD-20261001-0078,01-10-2026 20:28,  Neel ,Agarwal,"lucknow, uttar pradesh",Sports|Dumbbell Set|1899,1
ORD-20261001-2411,01/10/2026 16:07,Navya,Saxena,"Kolkata, West Bengal",Sports|Football|799,1
ORD-20261001-1554,01/10/2026 10:11,anjali,Bose,"Mumbai, Maharashtra",Fashion|Cotton Kurta|799,5
ORD-20261001-3084,01/10/2026 22:51,Payal,Kapoor,"Mysuru, Karnataka",Beauty|Sunscreen|449,2
ORD-20261001-0718,01/10/2026 10:27,swati,Singh,"chennai, tamil nadu",Beauty|Lipstick|399,3
ORD-20261001-3329,2026-10-01 19:29:20,  Rudra ,Pillai,"Ahmedabad, Gujarat",Electronics|Smart Watch|2499,
ORD-20261001-3952,01/10/2026 13:32,Vikas,Singh,"AHMEDABAD, GUJARAT",Sports|Football|799,1
ORD-20261001-3444,01/10/2026 19:54,Yash,MODI,"Bengaluru, Karnataka",Beauty|Lipstick|399,1
ORD-20261001-1592,2026-10-01 19:08:53,Riya,Bansal,"Bengaluru, Karnataka",Electronics|Bluetooth Speaker|1799,1
ORD-20261001-4240,2026-10-01 21:22:31,krupa,rathod,"Surat, Gujarat",Fashion|Denim Jeans|1199,1
ORD-20261001-1732,2026-10-01 11:18:13,Pari,Verma,"Mumbai, Maharashtra",Home And Kitchen|Storage Box|299,0
ORD-20261001-1171,01/10/2026 13:49,Payal,JAIN,"Surat, Gujarat",Beauty|Hair Serum|549,2
ORD-20261001-3284,01/10/2026 10:22,  Kavya ,Patil,"Chennai, Tamil Nadu",Home And Kitchen|Non Stick Pan|1099,2
ORD-20261001-3122,2026-10-01 18:36:25,PARTH,Yadav,"Delhi, Delhi",Fashion|Cotton Kurta|799,1
ORD-20261001-2306,2026-10-01 19:23:47,Nidhi,Kapoor,"HYDERABAD, TELANGANA",Electronics|Bluetooth Speaker|1799,2
ORD-20261001-4591,01-10-2026 18:49,  Neel ,SINGH,"  Chennai, Tamil Nadu ",Fashion|Running Shoes|2199,3
ORD-20261001-2903,2026-10-01 16:05:23,MEGHA,KUMAR,"Ahmedabad, Gujarat",Home And Kitchen|Non Stick Pan|1099,2
ORD-20261001-1878,01/10/2026 11:17,sara,Yadav,"Bengaluru, Karnataka",Electronics|Wireless Earbuds|1299,1
ORD-20261001-1601,01/10/2026 14:52,Rohan,dubey,"  Ahmedabad, Gujarat ",Sports|Skipping Rope|199,2
ORD-20261001-1918,2026-10-01 23:59:56,Jay,Kapoor,"  Delhi, Delhi ",Electronics|Smart Watch|2499,2
ORD-20261001-2353,2026-10-01 04:32:13,Dhwani,Mukherjee,"Mysuru, Karnataka",Fashion|Running Shoes|2199,
ORD-20261001-1935,01/10/2026 18:19,Reyansh,IYER,"Bengaluru, Karnataka",Home And Kitchen|Bedsheet Set|1499,5
ORD-20261001-2400,2026-10-01 19:53:20,Harsh,mishra,"Hyderabad, Telangana",Electronics|Power Bank|899, 1 
ORD-20261001-0165,2026-10-01 22:56:01,Vihaan,das,"Ahmedabad, Gujarat",Beauty|Hair Serum|549,1
ORD-20261001-0293,01/10/2025 13:38,sara,  Saxena ,"Coimbatore, Tamil Nadu",Beauty|Lipstick|399,2
ORD-20261001-4780,2026-10-01 20:08:39,  Kriti ,  Srivastava ,"Mumbai, Maharashtra",Electronics|Wireless Earbuds|1299,1
ORD-20261001-0717,2026-10-01 23:24:48,  Kriti ,Parmar,"Pune, Maharashtra",Electronics|Bluetooth Speaker|1799,1
ORD-20261001-4183,01/10/2026 14:47,PARTH,thakkar,"Ahmedabad, Gujarat",Electronics|Power Bank|899,2
ORD-20261001-4529,01/10/2026 20:38,Bhavna,Parmar,"Chennai, Tamil Nadu",Sports|Dumbbell Set|1899,1
ORD-20261001-4152,2026-10-01 07:32:14,swati,Singh,"Kolkata, West Bengal",Fashion|Cotton Kurta|799,1
ORD-20261001-1395,2026-10-01 22:57:56,Rajesh,  Chaudhary ,,Electronics|Power Bank|899,3
ORD-20261001-3099,01/10/2026 11:04,  Manish ,malhotra,"Chennai, Tamil Nadu",Beauty|Face Wash|249,2
ORD-20261001-3832,2026-10-01 11:50:58,Nisha,Verma,"Surat, Gujarat",Electronics|Laptop Stand|749,5
ORD-20261001-3738,01-10-2026 17:06,navya,Thakkar,"HYDERABAD, TELANGANA",Home And Kitchen|Bedsheet Set|1499,1
ORD-20261001-2795,01/10/2026 20:57,Vivaan,  Malhotra ,"Ahmedabad, Gujarat",Electronics|Wireless Earbuds|1299,1
ORD-20261001-2728,01/10/2026 11:46,harsh,  Bansal ,"Chennai, Tamil Nadu",Fashion|Running Shoes|2199,6
ORD-20261001-4006,2026-10-01 16:50:37,  Myra ,Joshi,"Surat, Gujarat",Fashion|Running Shoes|2199,2
ORD-20261001-1190,2026-10-01 14:38:28,DIVYA,patel,"Delhi, Delhi",Electronics|Smart Watch|2499,1
ORD-20261001-1971,01/10/2026 17:24,Yash,pawar,"CHENNAI, TAMIL NADU",Fashion|Sunglasses|999,1
ORD-20261001-4551,01/10/2026 00:50,Karan,Reddy,"PUNE, MAHARASHTRA",Home And Kitchen|Bedsheet Set|1499,2
ORD-20261001-2794,01-10-2026 15:07,Mansi,verma,"lucknow, uttar pradesh",Beauty|Face Wash|249,4
ORD-20261001-3488,2026-10-01 21:50:04,NEHA,pillai,"Vadodara, Gujarat",Fashion|Running Shoes|2199,2
ORD-20261001-1186,01/10/2026 08:16,  Advik ,Verma,"BENGALURU, KARNATAKA",Electronics|Smart Watch|2499,2
ORD-20261001-3300,01-10-2026 11:54,Parth,Modi,"Pune, Maharashtra",Beauty|Perfume|1299,5
ORD-20261001-4216,2026-10-01 11:12:42,Sneha,,"  Hyderabad, Telangana ",Fashion|Sunglasses|999,2
ORD-20261001-0347,2026-10-01 13:13:09,Nisha,parmar,"Delhi, Delhi",Home And Kitchen|Bedsheet Set|1499,1
ORD-20261001-3753,01/10/2026 09:28,ROHAN,Jain,"Mysuru, Karnataka",Electronics|Wireless Earbuds|1299,2
ORD-20261001-1220,2026-10-01 07:48:55,Sara,reddy,"  Pune, Maharashtra ",Sports|Yoga Mat|699,2
ORD-20261001-1047,2026-10-01 13:11:57,Hetal,Thakkar,"Nagpur, Maharashtra",Sports|Football|799,3
ORD-20261001-3181,01/10/2026 08:41,reyansh,Ghosh,"Mumbai, Maharashtra",Beauty|Perfume|1299,1
ORD-20261001-1920,01/10/2026 15:54,Kunal,NAIR,"Delhi, Delhi",Home And Kitchen|Bedsheet Set|1499,5
ORD-20261001-2569,01/10/2026 16:02,Advik,Chauhan,"Nagpur, Maharashtra",Electronics|Laptop Stand|749,1
ORD-20261001-4839,01/10/2026 14:14,kabir,Shah,"jaipur, rajasthan",Home And Kitchen|Non Stick Pan|1099,1
ORD-20261001-2874,01/10/2026 13:13,swati,kumar,"ahmedabad, gujarat",Sports|Yoga Mat|699,2.0
ORD-20261001-0358,01-10-2026 11:16,Parth,Vyas,"ahmedabad, gujarat",Fashion|Running Shoes|2199,1
ORD-20261001-2585,2026-10-01 19:04:43,Deepak,patil,"Bengaluru, Karnataka",Home And Kitchen|Bedsheet Set|1499,1
ORD-20261001-0640,01/10/2026 15:33,Neha,Saxena,"Hyderabad, Telangana",Home And Kitchen|Wall Clock|649,5
ORD-20261001-1215,01-10-2026 15:58,Vivaan,REDDY,"Surat, Gujarat",Fashion|Denim Jeans|1199,1
ORD-20261001-2483,2026-10-01 11:40:55,Krupa,desai,"Mumbai, Maharashtra",Beauty|Hair Serum|549,5
ORD-20261001-3987,2026-10-01 19:40:17,Navya,Mukherjee,"Pune, Maharashtra",Sports|Cricket Bat|1599,1
ORD-20261001-0102,2026-10-01 20:55:32,Bhavna,Pawar,"hyderabad, telangana",Beauty|Lipstick|399,1
ORD-20261001-3612,2026-10-01 17:04:50,Aryan,Trivedi,"vadodara, gujarat",Electronics|Power Bank|899,1
ORD-20261001-1763,01/10/2026 11:37,Deepak,Trivedi,"Pune, Maharashtra",Home And Kitchen|Steel Water Bottle|399,2
ORD-20261001-4126,01/10/2026 11:59,neha,Pillai,"Mumbai, Maharashtra",Beauty|Hair Serum|549,3
ORD-20261001-0789,01/10/2026 20:23,Krishna,Rathod,"bengaluru, karnataka",Sports|Cricket Bat|1599,2
ORD-20261001-3874,01/10/2026 18:26,myra,Srivastava,"  Hyderabad, Telangana ",Electronics|Bluetooth Speaker|1799,1
ORD-20261001-4322,2026-10-01 08:27:09,Rajesh,MODI,"pune, maharashtra",Fashion|Running Shoes|2199,1
ORD-20261001-0880,01/10/2026 18:38,Gaurav,Menon,"Ahmedabad, Gujarat",Fashion|Leather Wallet|499,1.0
ORD-20261001-2238,01/10/2026 18:55,  Shreya ,  Dubey ,"Ahmedabad, Gujarat",Home And Kitchen|Steel Water Bottle|399,6
ORD-20261001-1231,01/10/2026 10:45,diya,Verma,"SURAT, GUJARAT",Fashion|Running Shoes|2199,2
ORD-20261001-0727,01/10/2026 17:26,shaurya,Yadav,"Mumbai, Maharashtra",Fashion|Running Shoes|2199,3
ORD-20261001-2653,2026-10-01 22:52:29,Vihaan,PAWAR,"Mumbai, Maharashtra",Fashion|Sunglasses|999,1
ORD-20261001-1649,01/10/2026 11:07,TUSHAR,  Thakkar ,"ahmedabad, gujarat",Electronics|Bluetooth Speaker|1799,2
ORD-20261001-3767,01/10/2026 22:57,  Kunal ,Vyas,"MUMBAI, MAHARASHTRA",Home And Kitchen|Storage Box|299, 3 
ORD-20261001-1782,01/10/2026 20:20,MIHIR,DAS,"chennai, tamil nadu",Electronics|Power Bank|899,2
ORD-20261001-2012,01/10/2026 20:15,  Aditi ,pawar,"MUMBAI, MAHARASHTRA",Home And Kitchen|Bedsheet Set|1499,1
ORD-20261001-0655,2026-10-01 19:02:48,  Yash ,shah,"  Kolkata, West Bengal ",Home And Kitchen|Non Stick Pan|1099,1
ORD-20261001-2504,01/10/2026 11:44,Rajesh,Trivedi,"  Lucknow, Uttar Pradesh ",Electronics|Smart Watch|2499,1
ORD-20261001-1530,01/10/2026 16:57,Kunal,Joshi,"Delhi, Delhi",Home And Kitchen|Steel Water Bottle|399,1
ORD-20261001-3821,01/10/2026 12:00,saanvi,Chopra,"Bengaluru, Karnataka",Beauty|Sunscreen|449,4
ORD-20261001-2677,01/10/2026 17:22,null,TIWARI,"Coimbatore, Tamil Nadu",Beauty|Sunscreen|449,1
ORD-20261001-2469,01/10/2026 10:20,Swati,menon,"Pune, Maharashtra",Fashion|Running Shoes|2199, 1 
ORD-20261001-0351,01/10/2026 19:31,Mihir,Sharma,"Ahmedabad, Gujarat",Home And Kitchen|Wall Clock|649,1
ORD-20261001-3337,01/10/2026 19:14,vihaan,Saxena,"Kolkata, West Bengal",Electronics|Smart Watch|2499,2
ORD-20261001-3426,01/10/2026 10:29,pranav,modi,"Bengaluru, Karnataka",Fashion|Sunglasses|999,1
ORD-20261001-3661,01/10/2026 22:40,suresh,dubey,"delhi, delhi",Electronics|Laptop Stand|749,2.0
ORD-20261001-2612,01/10/2026 17:17,Megha,Kalavadia,"CHENNAI, TAMIL NADU",Electronics|Laptop Stand|749,1
ORD-20261001-4809,01/10/2026 20:39,Palak,Chopra,,Fashion|Sunglasses|999,2
ORD-20261001-3563,2026-10-01 15:52:31,manish,Nair,"Hyderabad, Telangana",Sports|Football|799,1
ORD-20261001-3880,01-10-2026 13:17,Pranav,pawar,"Mumbai, Maharashtra",Home And Kitchen|Wall Clock|649, 1 
ORD-20261001-3324,01-10-2026 13:43,Anika,Khanna,"Chennai, Tamil Nadu",Fashion|Sunglasses|999,-2
ORD-20261001-4305,2026-10-01 16:13:19,Payal,,"Delhi, Delhi",Electronics|Power Bank|899,3
ORD-20261001-3458,2026-10-01 08:46:57,vikas,Yadav,"Bengaluru, Karnataka",Electronics|Laptop Stand|749,2
ORD-20261001-4113,2026-10-01 20:08:55,tanvi,Chauhan,"BENGALURU, KARNATAKA",Home And Kitchen|Non Stick Pan|1099,2.0
ORD-20261001-1163,01/10/2026 19:58,Myra,BHATT,"Coimbatore, Tamil Nadu",Electronics|Bluetooth Speaker|1799,1
ORD-20261001-0301,01-10-2026 14:06,Hetal,Kapoor,"Chennai, Tamil Nadu",Home And Kitchen|Storage Box|299,2
ORD-20261001-3757,01/10/2026 11:35,Om,Khanna,"Delhi, Delhi",Beauty|Perfume|1299,1.0
ORD-20261001-0529,01/10/2026 19:09,Vikas,kalavadia,"PUNE, MAHARASHTRA",Sports|Yoga Mat|699,2
ORD-20261001-1701,01/10/2026 10:58,,DUBEY,"  Pune, Maharashtra ",Electronics|Power Bank|899,1
ORD-20261001-2819,2026-10-01 13:55:32,  Payal ,Modi,"Delhi, Delhi",Fashion|Running Shoes|2199,1
ORD-20261001-1034,2026-10-01 11:43:49,Harsh,Shah,"Nagpur, Maharashtra",Fashion|Denim Jeans|1199,5
ORD-20261001-0618,01-10-2026 22:06,Shaurya,agarwal,"Mumbai, Maharashtra",Beauty|Lipstick|399,2
ORD-20261001-0429,01/10/2026 16:11,  Rohan ,Srivastava,"Bengaluru, Karnataka",Beauty|Face Wash|249,3
ORD-20261001-0481,01-10-2026 06:23,sara,Modi,"Lucknow, Uttar Pradesh",Beauty|Perfume|1299,1
ORD-20261001-1908,01-10-2026 09:30,null,Pawar,"Chennai, Tamil Nadu",Beauty|Hair Serum|549,
ORD-20261001-2160,01/10/2026 20:00,Dhruv,Verma,"Chennai, Tamil Nadu",Beauty|Lipstick|399,1
ORD-20261001-1177,2026-10-01 08:36:01,Rudra,Rao,,Electronics|Bluetooth Speaker|1799,2
ORD-20261001-2671,01/10/2025 22:30,advik,kulkarni,"  Chennai, Tamil Nadu ",Beauty|Perfume|1299,4
ORD-20261001-0082,01/10/2026 13:36,Krupa,GUPTA,"Lucknow, Uttar Pradesh",Electronics|Bluetooth Speaker|1799,1
ORD-20261001-3007,2026-10-01 16:01:46,  Isha ,Bhatt,"Surat, Gujarat",Fashion|Sunglasses|999,2
ORD-20261001-2337,2026-10-01 06:49:32,Aditi,  Desai ,"Bengaluru, Karnataka",Beauty|Sunscreen|449,1.0
ORD-20261001-2991,01-10-2026 15:09,Kriti,Chauhan,"Bengaluru, Karnataka",Beauty|Sunscreen|449,0
ORD-20261001-1318,2026-10-01 22:27:15,JAY,  Jain ,"  Ahmedabad, Gujarat ",Electronics|Wireless Earbuds|1299,2
ORD-20261001-0555,2026-10-01 12:18:52,Bhavna,Kapoor,"Jaipur, Rajasthan",Fashion|Leather Wallet|499,2
ORD-20261001-0546,01-10-2026 19:48,  Harsh ,,"chennai, tamil nadu",Home And Kitchen|Non Stick Pan|1099,1
ORD-20261001-4276,01-10-2026 12:36,Kriti,Parmar,"AHMEDABAD, GUJARAT",Beauty|Lipstick|399,2
ORD-20261001-0233,01/10/2026 14:57,Divya,Kulkarni,"CHENNAI, TAMIL NADU",Beauty|Lipstick|399,5
ORD-20261001-0065,01-10-2026 19:08,  Myra ,Pillai,"Coimbatore, Tamil Nadu",Sports|Cricket Bat|1599,3
ORD-20261001-3190,2026-10-01 14:08:03,  Ananya ,Dubey,"Bengaluru, Karnataka",Electronics|Smart Watch|2499,1.0
ORD-20261001-0841,01/10/2026 17:38,  Vikas ,Kumar,"BENGALURU, KARNATAKA",Fashion|Denim Jeans|1199,1
ORD-20261001-3704,01/10/2026 21:25,Yash,mukherjee,"chennai, tamil nadu",Beauty|Perfume|1299,1
ORD-20261001-2419,2026-10-01 18:20:08,DIVYA,Kumar,"Bengaluru, Karnataka",Electronics|Power Bank|899,1
ORD-20261001-2727,01-10-2026 10:11,priya,,"ahmedabad, gujarat",Fashion|Running Shoes|2199,2
ORD-20261001-4829,01/10/2026 13:44,Anjali,bansal,"bengaluru, karnataka",Fashion|Leather Wallet|499,1.0
ORD-20261001-0221,01-10-2026 19:33,KHUSHI,khanna,"coimbatore, tamil nadu",Home And Kitchen|Bedsheet Set|1499, 2 
ORD-20261001-0846,01-10-2026 22:37,  Divya ,  Chaudhary ,"Chennai, Tamil Nadu",Beauty|Lipstick|399,2
,2026-10-01 13:44:40,Dhwani,Kulkarni,"Kolkata, West Bengal",Electronics|Bluetooth Speaker|1799,2
ORD-20261001-4540,01/10/2026 09:11,  Diya ,Solanki,"Kolkata, West Bengal",Beauty|Face Wash|249,
ORD-20261001-2617,01/10/2026 19:40,  Aarav ,Malhotra,"BENGALURU, KARNATAKA",Fashion|Denim Jeans|1199,4.0
ORD-20261001-2440,2026-10-01 13:48:37,Aditya,Srivastava,"Ahmedabad, Gujarat",Fashion|Sunglasses|999,1
ORD-20261001-2097,2026-10-01 14:02:40,shaurya,  Tiwari ,"coimbatore, tamil nadu",Electronics|Power Bank|899,1
ORD-20261001-1528,01-10-2026 21:31,Kavya,  Rathod ,"Surat, Gujarat",Sports|Yoga Mat|699,1
ORD-20261001-1081,01/10/2026 21:04,  Priya ,Yadav,"Mumbai, Maharashtra",Sports|Yoga Mat|699,2.0
ORD-20261001-2622,01-10-2026 19:40,Karan,Chauhan,"Ahmedabad, Gujarat",Electronics|Laptop Stand|749,
ORD-20261001-4117,01/10/2026 18:11,simran,Chauhan,"pune, maharashtra",Electronics|Wireless Earbuds|1299,4
ORD-20261001-1180,01-10-2026 13:03,Amit,,"Pune, Maharashtra",Beauty|Face Wash|249,2
ORD-20261001-2085,2026-10-01 23:36:22,Sai,mehta,"Bengaluru, Karnataka",Sports|Yoga Mat|699,2
ORD-20261001-4679,2026-10-01 08:08:30,Kriti,Solanki,"mumbai, maharashtra",Electronics|Smart Watch|2499,1
ORD-20261001-1977,01-10-2026 19:32,parth,Srivastava,"NAGPUR, MAHARASHTRA",Home And Kitchen|Steel Water Bottle|399,1
ORD-20261001-1352,01/10/2026 23:35,Anika,bhatt,"mysuru, karnataka",Fashion|Running Shoes|2199,2
ORD-20261001-0835,01-10-2026 19:49,Sai,  Rao ,"chennai, tamil nadu",Home And Kitchen|Storage Box|299,0
ORD-20261001-3307,2026-10-01 13:02:21,Tanvi,Parmar,"Jaipur, Rajasthan",Electronics|Wireless Earbuds|1299, 2 
ORD-20261001-3431,01/10/2026 22:14,Neel,ARORA,"Hyderabad, Telangana",Home And Kitchen|Bedsheet Set|1499,1
ORD-20261001-3485,2026-10-01 19:36:30,manish,Kumar,"mumbai, maharashtra",Beauty|Lipstick|399,2
ORD-20261001-1463,01-10-2026 18:56,  Nisha ,,"ahmedabad, gujarat",Fashion|Leather Wallet|499,2
ORD-20261001-1699,2026-10-01 22:07:09,Yash,bose,"Hyderabad, Telangana",Electronics|Laptop Stand|749,1
ORD-20261001-0687,N/A,ananya,Saxena,"Delhi, Delhi",Home And Kitchen|Storage Box|299,3
ORD-20261001-4501,01/10/2026 15:33,dhwani,Nair,"Chennai, Tamil Nadu",Electronics|Wireless Earbuds|1299,2
ORD-20261001-1668,2026-10-01 13:27:15,Vihaan,Rathod,"Mysuru, Karnataka",Electronics|Wireless Earbuds|1299,3
ORD-20261001-1756,2026-10-01 19:31:05,DEV,Ghosh,"Delhi, Delhi",Beauty|Face Wash|249,1
ORD-20261001-2832,01-10-2026 07:42,yash,Shah,"Hyderabad, Telangana",Electronics|Bluetooth Speaker|1799,4
ORD-20261001-4708,01/10/2026 18:31,karan,Pandya,N/A,Beauty|Perfume|1299, 4 
ORD-20261001-1829,01/10/2026 08:54,Kriti,saxena,,Sports|Yoga Mat|699,1
ORD-20261001-0215,01-10-2026 21:39,  Rahul ,khanna,"Mysuru, Karnataka",Home And Kitchen|Steel Water Bottle|399,2
ORD-20261001-2492,2026-10-01 16:53:32,Nisha,Kalavadia,"Delhi, Delhi",Fashion|Denim Jeans|1199,2
ORD-20261001-0960,01/10/2026 11:15,Rahul,Bhatt,"Mysuru, Karnataka",Sports|Football|799,3
ORD-20261001-1491,01-10-2026 16:51,deepak,khanna,"Nagpur, Maharashtra",Beauty|Lipstick|399, 1 
ORD-20261001-0176,01/10/2026 20:13,Aryan,chauhan,"  Hyderabad, Telangana ",Electronics|Laptop Stand|749,3
ORD-20261001-3047,2026-10-01 23:20:15,RIYA,saxena,"Lucknow, Uttar Pradesh",Electronics|Power Bank|899,1
ORD-20261001-0620,01/10/2026 18:58,Sneha,Pillai,"  Nagpur, Maharashtra ",Sports|Skipping Rope|199,2
ORD-20261001-0742,01/10/2026 08:12,Aryan,Agarwal,"  Delhi, Delhi ",Fashion|Running Shoes|2199,2
ORD-20261001-3730,01-10-2026 10:01,  Hetal ,Jain,"hyderabad, telangana",Home And Kitchen|Storage Box|299,2
ORD-20261001-0067,2026-10-01 13:54:32,Aadhya,nair,"Lucknow, Uttar Pradesh",Fashion|Leather Wallet|499,1
ORD-20261001-1705,01-10-2026 10:09,  Krupa ,Parmar,"Surat, Gujarat",Home And Kitchen|Storage Box|299,2
ORD-20261001-3710,01-10-2026 20:35,Varun,Pandya,"  Bengaluru, Karnataka ",Home And Kitchen|Bedsheet Set|1499,1
ORD-20261001-1818,01/10/2026 06:55,null,desai,"Hyderabad, Telangana",Home And Kitchen|Bedsheet Set|1499,2
ORD-20261001-4227,2026-10-01 20:02:26,khushi,shah,"Hyderabad, Telangana",Home And Kitchen|Bedsheet Set|1499,1
ORD-20261001-0757,01/10/2026 11:52,  Vihaan ,Patil,"Kolkata, West Bengal",Electronics|Power Bank|899,6
ORD-20261001-4159,2026-10-01 22:05:10,Bhavna,kapoor,"Delhi, Delhi",Electronics|Smart Watch|2499,2
ORD-20261001-1367,01-10-2026 21:54,  Aryan ,Bose,"  Jaipur, Rajasthan ",Electronics|Wireless Earbuds|1299,2
ORD-20261001-4101,01-10-2026 23:15,dhwani,Bhatt,"Vadodara, Gujarat",Electronics|Laptop Stand|749,1.0
ORD-20261001-3575,01-10-2026 11:38,Aanya,Iyer,"  Jaipur, Rajasthan ",Electronics|Laptop Stand|749,1
ORD-20261001-2222,2026-10-01 02:21:33,AARAV,Kalavadia,"Hyderabad, Telangana",Beauty|Sunscreen|449,2
ORD-20261001-2310,01/10/2025 21:07,Simran,Iyer,"hyderabad, telangana",Home And Kitchen|Non Stick Pan|1099,2
ORD-20261001-2122,01/10/2026 16:53,Yash,Vyas,"MUMBAI, MAHARASHTRA",Beauty|Hair Serum|549,1
ORD-20261001-4367,01/10/2026 14:06,riya,Patil,"Bengaluru, Karnataka",Electronics|Wireless Earbuds|1299,1
ORD-20261001-0539,2026-10-01 10:19:25,harsh,Mukherjee,"vadodara, gujarat",Beauty|Sunscreen|449,1
ORD-20261001-4067,2026-10-01 13:57:42,Krishna,Ghosh,"CHENNAI, TAMIL NADU",Fashion|Sunglasses|999,2
ORD-20261001-3127,01/10/2026 10:46,Aadhya,Saxena,"Ahmedabad, Gujarat",Home And Kitchen|Wall Clock|649, 1 
ORD-20261001-1741,01-10-2026 23:20,Advik,Trivedi,"HYDERABAD, TELANGANA",Electronics|Power Bank|899,1
ORD-20261001-3800,01/10/2026 14:11,karan,kulkarni,"Jaipur, Rajasthan",Home And Kitchen|Bedsheet Set|1499,1
ORD-20261001-0907,01/10/2026 19:34,Parth,Pawar,N/A,Electronics|Power Bank|899,1
ORD-20261001-3662,2026-10-01 23:48:47,payal,Kapoor,"  Mysuru, Karnataka ",Fashion|Sunglasses|999,3
ORD-20261001-3384,01/10/2026 18:33,Tushar,singh,"Bengaluru, Karnataka",Electronics|Smart Watch|2499,1
ORD-20261001-3963,01/10/2026 18:03,rahul,khanna,"Surat, Gujarat",Fashion|Leather Wallet|499,1
ORD-20261001-4408,01/10/2026 09:07,Saanvi,kumar,"hyderabad, telangana",Fashion|Running Shoes|2199,-1
ORD-20261001-2421,01/10/2026 21:20,  Rahul ,Mishra,"Ahmedabad, Gujarat",Fashion|Sunglasses|999,2
ORD-20261001-4778,01/10/2026 18:53,rajesh,bose,"Surat, Gujarat",Electronics|Power Bank|899,
ORD-20261001-3747,2026-10-01 19:05:12,  Aditi ,Joshi,"Delhi, Delhi",Beauty|Sunscreen|449,2
ORD-20261001-4205,01/10/2026 14:47,Khushi,Mehta,"Hyderabad, Telangana",Electronics|Bluetooth Speaker|1799,1
ORD-20261001-0558,2026-10-01 18:10:39,,  Gupta ,"DELHI, DELHI",Electronics|Laptop Stand|749,1
ORD-20261001-1960,01/10/2026 10:58,Ayaan,Mishra,"Lucknow, Uttar Pradesh",Sports|Football|799,3
ORD-20261001-3432,01/10/2026 19:46,Om,Desai,"Ahmedabad, Gujarat",Electronics|Wireless Earbuds|1299,1
ORD-20261001-0323,2026-10-01 10:40:49,Kunal,Iyer,"Jaipur, Rajasthan",Home And Kitchen|Bedsheet Set|1499,1
ORD-20261001-4310,2026-10-01 18:29:38,Parth,Agarwal,"Vadodara, Gujarat",Beauty|Sunscreen|449,1
ORD-20261001-0531,2026-10-01 21:40:36,nikhil,nair,"Hyderabad, Telangana",Fashion|Cotton Kurta|799,4
ORD-20261001-3087,01/10/2026 09:01,nidhi,modi,"Surat, Gujarat",Fashion|Sunglasses|999,1
ORD-20261001-2165,2026-10-01 20:34:30,Aditya,Srivastava,"ahmedabad, gujarat",,3
ORD-20261001-3959,30/02/2026 11:35,Nisha,  Thakkar ,"  Mumbai, Maharashtra ",Home And Kitchen|Storage Box|299,3
ORD-20261001-2460,01-10-2026 21:18,Karan,verma,"Chennai, Tamil Nadu",Home And Kitchen|Wall Clock|649,5
ORD-20261001-0983,2026-10-01 02:32:37,simran,saxena,"Nagpur, Maharashtra",Beauty|Perfume|1299,2
ORD-20261001-2316,2026-10-01 03:49:10,Nisha,  Pawar ,"bengaluru, karnataka",Sports|Cricket Bat|1599,1
ORD-20261001-4783,01/10/2026 20:01,rudra,Das,"Pune, Maharashtra",Electronics|Power Bank|899,1
ORD-20261001-4779,01/10/2026 12:03,Divya,solanki,"Ahmedabad, Gujarat",Fashion|Sunglasses|999,2
ORD-20261001-3727,2026-10-01 21:56:44,Krupa,KAPOOR,"mumbai, maharashtra",Fashion|Denim Jeans|1199,2
ORD-20261001-0984,2026-10-01 19:56:57,HARSH,bose,"Jaipur, Rajasthan",Electronics|Bluetooth Speaker|1799, 3 
ORD-20261001-3241,01/10/2026 21:35,ishaan,Patel,"Hyderabad, Telangana",Sports|Yoga Mat|699,2.0
ORD-20261001-4365,01/10/2026 11:31,  Sneha ,Pandya,"Nagpur, Maharashtra",Electronics|Wireless Earbuds|1299,3
ORD-20261001-1099,01/10/2026 09:27,Roshni,Singh,"  Ahmedabad, Gujarat ",Home And Kitchen|Steel Water Bottle|399,1
ORD-20261001-4758,2026-10-01 17:55:04,Tushar,Rao,"Bengaluru, Karnataka",Beauty|Lipstick|399,2
ORD-20261001-2946,2026-10-01 19:13:36,Neel,  Trivedi ,"Chennai, Tamil Nadu",Beauty|Perfume|1299,1
ORD-20261001-2422,2026-10-01 09:41:55,Mihir,arora,"  Kolkata, West Bengal ",Electronics|Laptop Stand|749,2
ORD-20261001-4164,01/10/2026 13:01,tanvi,Singh,"  Mumbai, Maharashtra ",Sports|Skipping Rope|199,-2
ORD-20261001-1340,01/10/2026 12:07,navya,MODI,"coimbatore, tamil nadu",Fashion|Running Shoes|2199,3
ORD-20261001-1006,01/10/2026 12:27,Rudra,Agarwal,"Vadodara, Gujarat",Fashion|Denim Jeans|1199,2
ORD-20261001-0271,01/10/2026 21:46,  Sara ,Solanki,"Chennai, Tamil Nadu",,1
ORD-20261001-4078,2026-10-01 21:46:04,Neha,bansal,"Kolkata, West Bengal",Electronics|Power Bank|899,1
ORD-20261001-0123,01/10/2026 18:50,SAANVI,REDDY,"Mumbai, Maharashtra",Electronics|Laptop Stand|749, 1 
ORD-20261001-4244,01/10/2026 23:52,anjali,Patel,"delhi, delhi",Fashion|Leather Wallet|499,1
ORD-20261001-3010,01/10/2026 21:38,Karan,Verma,"Mumbai, Maharashtra",Sports|Football|799,1
ORD-20261001-0071,01/10/2026 13:20,Janvi,Kalavadia,"Surat, Gujarat",Beauty|Perfume|1299,1
ORD-20261001-1104,01/10/2026 22:59,  Divya ,Chopra,"Pune, Maharashtra",Home And Kitchen|Storage Box|299,2
ORD-20261001-2046,01/10/2026 22:27,Vikas,SINHA,"Pune, Maharashtra",Fashion|Sunglasses|999,1
ORD-20261001-0847,01-10-2026 17:05,  Vihaan ,JAIN,"Pune, Maharashtra",Electronics|Power Bank|899, 1 
ORD-20261001-1659,01/10/2026 12:47,KUNAL,  Arora ,"Delhi, Delhi",Home And Kitchen|Steel Water Bottle|399,2
ORD-20261001-2397,01/10/2026 14:38,nidhi,Patel,"Bengaluru, Karnataka",Home And Kitchen|Steel Water Bottle|399,1
ORD-20261001-2720,01/10/2026 18:59,  Tushar ,Malhotra,"Delhi, Delhi",Fashion|Denim Jeans|1199,3
ORD-20261001-4339,2026-10-01 19:02:29,aanya,Iyer,"Jaipur, Rajasthan",Sports|Dumbbell Set|1899,2
ORD-20261001-0208,01/10/2026 12:51,  Shaurya ,Reddy,"  Nagpur, Maharashtra ",Fashion|Denim Jeans|1199,one
ORD-20261001-4300,01/10/2026 12:41,Khushi,Solanki,"Bengaluru, Karnataka",Beauty|Hair Serum|549,4
ORD-20261001-3911,2026-10-01 11:45:12,,Modi,"Lucknow, Uttar Pradesh",Home And Kitchen|Wall Clock|649,2
ORD-20261001-1799,2026-10-01 20:14:39,Aditya,Shah,"vadodara, gujarat",,1
ORD-20261001-2607,2026-10-01 20:09:34,reyansh,mukherjee,"DELHI, DELHI",Beauty|Face Wash|249,2
ORD-20261001-1472,01/10/2026 20:06,Tushar,KHANNA,"Ahmedabad, Gujarat",Home And Kitchen|Bedsheet Set|1499,1
ORD-20261001-3271,01/10/2026 20:58,Varun,Kapoor,"Delhi, Delhi",Fashion|Cotton Kurta|799,1
ORD-20261001-3702,01/10/2026 21:03,TANVI,Bose,"  Mumbai, Maharashtra ",Electronics|Laptop Stand|749,
ORD-20261001-1826,01/10/2026 23:41,Deepak,  Patil ,"Bengaluru, Karnataka",Fashion|Leather Wallet|499,2
ORD-20261001-2541,01/10/2026 15:23,Kriti,Mukherjee,"Bengaluru, Karnataka",Beauty|Face Wash|249,2
ORD-20261001-0156,01/10/2026 13:48,pooja,Sinha,"Mumbai, Maharashtra",Home And Kitchen|Bedsheet Set|1499,3
ORD-20261001-2050,01/10/2026 03:53,Arjun,Bansal,"nagpur, maharashtra",Fashion|Denim Jeans|1199,1
ORD-20261001-1376,01/10/2026 17:53,Ayaan,PANDYA,"  Mysuru, Karnataka ",Home And Kitchen|Storage Box|299,1
ORD-20261001-0494,01/10/2026 16:59,megha,Sharma,"Hyderabad, Telangana",Home And Kitchen|Non Stick Pan|1099,4
ORD-20261001-1162,01/10/2026 14:57,Ayaan,Mishra,"lucknow, uttar pradesh",Beauty|Perfume|1299,1
ORD-20261001-0080,01/10/2026 21:33,Ishaan,Pawar,"chennai, tamil nadu",Beauty|Lipstick|399,1
ORD-20261001-1156,2026-10-01 12:53:54,  Neha ,SHARMA,"bengaluru, karnataka",Sports|Dumbbell Set|1899,3
ORD-20261001-4674,01/10/2026 15:45,manish,chaudhary,"Hyderabad, Telangana",Fashion|Denim Jeans|1199, 4 
ORD-20261001-1809,2026-10-01 10:26:20,Ananya,modi,"lucknow, uttar pradesh",Beauty|Perfume|1299,
ORD-20261001-4014,2026-10-01 14:59:21,Dev,Trivedi,"Vadodara, Gujarat",Electronics|Smart Watch|2499, 1 
ORD-20261001-4840,01/10/2026 17:49,Neha,Ghosh,"Mumbai, Maharashtra",Electronics|Laptop Stand|749,1
ORD-20261001-3997,2026-10-01 08:16:38,Tushar,Yadav,"Lucknow, Uttar Pradesh",Home And Kitchen|Non Stick Pan|1099,2
ORD-20261001-0637,2026-10-01 03:51:51,Komal,,"Chennai, Tamil Nadu",Electronics|Power Bank|899,3
ORD-20261001-2696,01/10/2026 19:37,Dhruv,,"Delhi, Delhi",Electronics|Laptop Stand|749,3
ORD-20261001-0498,2026-10-01 15:40:33,Riya,Nair,"vadodara, gujarat",Electronics|Smart Watch|2499,2
ORD-20261001-0525,01/10/2026 09:13,Ritu,Menon,"delhi, delhi",Fashion|Denim Jeans|1199,1
ORD-20261001-3411,01/10/2026 22:35,  Megha ,kalavadia,"Kolkata, West Bengal",Electronics|Smart Watch|2499,2
ORD-20261001-4011,2026-10-01 16:55:12,MANISH,Das,"Kolkata, West Bengal",Beauty|Sunscreen|449,1
ORD-20261001-3498,01/10/2026 23:28,Myra,SAXENA,"Jaipur, Rajasthan",Sports|Football|799,1
ORD-20261001-0250,01/10/2026 21:10,Simran,Trivedi,"Mumbai, Maharashtra",Fashion|Running Shoes|2199,1
ORD-20261001-4200,2026-10-01 19:39:18,Aryan,pillai,"MUMBAI, MAHARASHTRA",Beauty|Face Wash|249,1
ORD-20261001-0839,,myra,Malhotra,"mumbai, maharashtra",Fashion|Denim Jeans|1199,1
ORD-20261001-2553,2026-10-01 19:00:32,harsh,Khanna,"mumbai, maharashtra",Home And Kitchen|Bedsheet Set|1499,
ORD-20261001-3507,01/10/2026 11:54,Komal,Kulkarni,"Surat, Gujarat",Sports|Cricket Bat|1599,3
ORD-20261001-2248,01/10/2026 22:58,Neha,gupta,"Jaipur, Rajasthan",Beauty|Sunscreen|449,1
ORD-20261001-3742,01/10/2025 21:47,neel,Sinha,"ahmedabad, gujarat",Sports|Skipping Rope|199, 1 
ORD-20261001-4512,01/10/2026 14:51,Aanya,MENON,,Electronics|Smart Watch|2499,2
ORD-20261001-2137,01/10/2026 22:59,Sneha,joshi,"CHENNAI, TAMIL NADU",Home And Kitchen|Steel Water Bottle|399,1
ORD-20261001-2576,2026-10-01 13:38:29,Krupa,Bhatt,"Delhi, Delhi",Home And Kitchen|Non Stick Pan|1099, 5 
ORD-20261001-4096,01/10/2026 21:42,Sneha,bansal,"Mysuru, Karnataka",Electronics|Bluetooth Speaker|1799,2
ORD-20261001-3712,2026-10-01 11:38:10,Anjali,Bhatt,"Delhi, Delhi",Sports|Cricket Bat|1599,6
ORD-20261001-2104,01/10/2026 11:32,ANJALI,Mehta,"Hyderabad, Telangana",Fashion|Sunglasses|999,2
ORD-20261001-3327,2026-10-01 11:45:07,Anika,Sinha,"Nagpur, Maharashtra",Sports|Cricket Bat|1599,1
ORD-20261001-1090,01-10-2026 20:58,  Vivaan ,Menon,"Jaipur, Rajasthan",Fashion|Running Shoes|2199,1
ORD-20261001-0091,01-10-2026 16:27,isha,Mishra,"Lucknow, Uttar Pradesh",Home And Kitchen|Non Stick Pan|1099,3
ORD-20261001-1419,01/10/2026 10:55,Megha,  Mehta ,"  Kolkata, West Bengal ",Fashion|Cotton Kurta|799,1
ORD-20261001-3750,01/10/2026 12:40,MEGHA,Tiwari,"Surat, Gujarat",Sports|Cricket Bat|1599,3
ORD-20261001-4750,2026-10-01 10:11:17,Krishna,  Chauhan ,"  Chennai, Tamil Nadu ",Electronics|Wireless Earbuds|1299,1.0
ORD-20261001-2271,01/10/2026 13:19,Aarav,MODI,"Bengaluru, Karnataka",Electronics|Smart Watch|2499,1
ORD-20261001-0353,01/10/2026 08:47,om,Bansal,"Pune, Maharashtra",Home And Kitchen|Bedsheet Set|1499,3
ORD-20261001-0759,01/10/2026 18:43,Rajesh,Reddy,"Hyderabad, Telangana",Beauty|Hair Serum|549,3
ORD-20261001-3451,2026-10-01 14:13:21,Parth,agarwal,"VADODARA, GUJARAT",Home And Kitchen|Wall Clock|649,1
ORD-20261001-2089,2026-10-01 19:59:52,  Kriti ,joshi,"lucknow, uttar pradesh",Fashion|Sunglasses|999,5
ORD-20261001-0813,2026-10-01 20:38:50,divya,  Shah ,"Mumbai, Maharashtra",Electronics|Bluetooth Speaker|1799,1
ORD-20261001-3092,2026-10-01 10:17:34,Yash,nair,"  Mumbai, Maharashtra ",Home And Kitchen|Non Stick Pan|1099, 2 
ORD-20261001-2655,01/10/2026 21:00,Ananya,THAKKAR,"Ahmedabad, Gujarat",Electronics|Wireless Earbuds|1299,1
ORD-20261001-2321,01/10/2026 20:03,Megha,KALAVADIA,"Kolkata, West Bengal",Beauty|Hair Serum|549, 1 
ORD-20261001-2662,2026-10-01 16:43:39,Dhwani,Dubey,"lucknow, uttar pradesh",Home And Kitchen|Non Stick Pan|1099,2
ORD-20261001-1304,2026-10-01 20:23:28,Myra,Bhatt,"Surat, Gujarat",Beauty|Sunscreen|449,1
ORD-20261001-3282,01/10/2026 16:57,nisha,kalavadia,"  Hyderabad, Telangana ",Electronics|Bluetooth Speaker|1799,2
ORD-20261001-0700,2026-10-01 13:53:29,pari,Solanki,"Delhi, Delhi",Sports|Dumbbell Set|1899,1
ORD-20261001-1768,01/10/2026 17:20,PARI,Verma,"  Chennai, Tamil Nadu ",Beauty|Face Wash|249,4
ORD-20261001-1781,01-10-2026 22:23,ADITYA,dubey,"ahmedabad, gujarat",Electronics|Wireless Earbuds|1299,1
ORD-20261001-1833,2026-10-01 20:01:52,vikas,Malhotra,"Delhi, Delhi",Sports|Cricket Bat|1599,2
ORD-20261001-2679,01/10/2026 19:43,Vikas,patil,"Vadodara, Gujarat",Beauty|Hair Serum|549,2
ORD-20261001-0604,2026-10-01 20:11:42,Simran,Chopra,"  Chennai, Tamil Nadu ",Sports|Yoga Mat|699,3
ORD-20261001-1981,2026-10-01 18:04:12,POOJA,SOLANKI,"  Chennai, Tamil Nadu ",Electronics|Bluetooth Speaker|1799,2
ORD-20261001-3948,01/10/2026 06:50,Tanvi,Nair,"Hyderabad, Telangana",Fashion|Sunglasses|999,1
ORD-20261001-4212,2026-10-01 21:20:08,shaurya,Tiwari,"Coimbatore, Tamil Nadu",Beauty|Lipstick|399, 1 
ORD-20261001-2065,2026-10-01 19:09:19,Navya,  Srivastava ,"Pune, Maharashtra",Electronics|Smart Watch|2499,1
ORD-20261001-3242,01/10/2026 12:38,PRIYA,Modi,"Surat, Gujarat",Electronics|Wireless Earbuds|1299,1
ORD-20261001-3321,01/10/2026 15:33,Ritu,Tiwari,"DELHI, DELHI",Beauty|Hair Serum|549,1
ORD-20261001-1656,01-10-2026 22:19,Atharv,Modi,"Bengaluru, Karnataka",Fashion|Cotton Kurta|799,1
ORD-20261001-2623,01/10/2026 18:49,Manish,Shah,"  Pune, Maharashtra ",Fashion|Leather Wallet|499,1
ORD-20261001-3421,2026-10-01 20:03:16,VIHAAN,ARORA,"  Ahmedabad, Gujarat ",Electronics|Power Bank|899,-1
ORD-20261001-1390,2026-10-01 21:28:42,SAANVI,MISHRA,"delhi, delhi",Electronics|Smart Watch|2499,1
ORD-20261001-3812,2026-10-01 09:02:14,  Dhruv ,Parmar,"Delhi, Delhi",Sports|Dumbbell Set|1899,3
ORD-20261001-3275,01-10-2026 12:40,Manish,Modi,"Delhi, Delhi",Electronics|Smart Watch|2499,1
ORD-20261001-0862,2026-10-01 15:28:28,Ritu,Saxena,"Kolkata, West Bengal",Sports|Cricket Bat|1599, 1 
ORD-20261001-1767,01-10-2026 18:38,Mihir,Khanna,"  Kolkata, West Bengal ",Electronics|Smart Watch|2499,-1
ORD-20261001-3412,01/10/2026 16:42,null,PATIL,"bengaluru, karnataka",Beauty|Hair Serum|549,2
ORD-20261001-2680,01/10/2026 16:59,Yash,Solanki,"Surat, Gujarat",Electronics|Power Bank|899,2
,01/10/2026 20:53,Vihaan,Sinha,"Mumbai, Maharashtra",Sports|Skipping Rope|199,2
ORD-20261001-3369,01/10/2026 12:41,hetal,Chauhan,"Vadodara, Gujarat",Electronics|Bluetooth Speaker|1799,1
ORD-20261001-3538,2026-10-01 13:56:50,vikas,saxena,"Bengaluru, Karnataka",Beauty|Perfume|1299,2
ORD-20261001-0446,01-10-2026 18:01,  Suresh ,joshi,"delhi, delhi",Home And Kitchen|Bedsheet Set|1499,2
ORD-20261001-3479,01/10/2026 08:56,Swati,sinha,"Mysuru, Karnataka",Fashion|Running Shoes|2199,2
ORD-20261001-1125,2026-10-01 20:46:21,PRANAV,KUMAR,"Delhi, Delhi",Sports|Yoga Mat|699,1
ORD-20261001-3198,2026-10-01 17:07:18,ananya,Das,"Jaipur, Rajasthan",Home And Kitchen|Bedsheet Set|1499,2
ORD-20261001-4112,01/10/2026 22:56,Pranav,Trivedi,"mumbai, maharashtra",Beauty|Perfume|1299,3
ORD-20261001-2230,2026-10-01 17:50:27,Rahul,Srivastava,"pune, maharashtra",Home And Kitchen|Wall Clock|649,6
ORD-20261001-3166,01-10-2026 14:57,Palak,Tiwari,,Fashion|Cotton Kurta|799,1
ORD-20261001-0492,01/10/2026 11:15,Vivaan,Dubey,"  Lucknow, Uttar Pradesh ",Electronics|Power Bank|899,1.0
ORD-20261001-0606,2026-10-01 12:49:27,Dhwani,Verma,"Ahmedabad, Gujarat",Electronics|Wireless Earbuds|1299,1
ORD-20261001-4077,2026-10-01 10:42:55,Rudra,PILLAI,"Ahmedabad, Gujarat",Home And Kitchen|Bedsheet Set|1499,4
ORD-20261001-2006,01/10/2026 23:16,Jay,PAWAR,"Chennai, Tamil Nadu",Electronics|Power Bank|899,3.0
ORD-20261001-4122,01/10/2026 19:13,Vihaan,Rao,N/A,Home And Kitchen|Storage Box|299, 1 
ORD-20261001-2785,01-10-2026 14:10,Om,Verma,"Hyderabad, Telangana",Electronics|Smart Watch|2499,1
ORD-20261001-1261,01/10/2026 15:04,komal,Yadav,"Ahmedabad, Gujarat",Sports|Yoga Mat|699,1
ORD-20261001-1050,2026-10-01 19:03:21,Sneha,SINHA,"MUMBAI, MAHARASHTRA",Fashion|Sunglasses|999,2
ORD-20261001-1272,01/10/2026 12:11,  Riya ,Srivastava,"HYDERABAD, TELANGANA",Electronics|Power Bank|899,5
ORD-20261001-4233,01/10/2026 14:55,ISHAAN,Rathod,"Jaipur, Rajasthan",Fashion|Running Shoes|2199,-3
ORD-20261001-3921,01-10-2026 13:24,,Nair,"Mumbai, Maharashtra",Fashion|Cotton Kurta|799,1
,2026-10-01 20:48:15,  Yash ,Patil,"Hyderabad, Telangana",Sports|Cricket Bat|1599,2
ORD-20261001-0122,01/10/2026 14:19,Karan,chauhan,"Ahmedabad, Gujarat",Sports|Dumbbell Set|1899,6
ORD-20261001-3574,01/10/2026 17:13,Nikhil,Patil,"vadodara, gujarat",Home And Kitchen|Bedsheet Set|1499,1
ORD-20261001-0235,01/10/2026 14:33,Navya,Shah,"Mumbai, Maharashtra",Beauty|Face Wash|249,1
ORD-20261001-4387,2026-10-01 16:07:27,Pooja,Ghosh,"surat, gujarat",Fashion|Sunglasses|999,2
ORD-20261001-2771,01/10/2026 13:21,,Sharma,"Vadodara, Gujarat",Beauty|Lipstick|399,1
ORD-20261001-2635,01/10/2026 11:46,Komal,Trivedi,"Surat, Gujarat",Fashion|Denim Jeans|1199,4
ORD-20261001-3272,01/10/2026 19:38,Parth,Singh,"Delhi, Delhi",Home And Kitchen|Bedsheet Set|1499,1
ORD-20261001-3429,01-10-2026 18:19,Gaurav,sinha,"Delhi, Delhi",Beauty|Face Wash|249,1
ORD-20261001-1043,2026-10-01 08:59:33,simran,Trivedi,"Ahmedabad, Gujarat",Home And Kitchen|Bedsheet Set|1499,2
ORD-20261001-2912,01/10/2026 19:00,aarav,Bhatt,"hyderabad, telangana",Electronics|Wireless Earbuds|1299,2
ORD-20261001-1336,01/10/2026 12:45,Bhavna,Yadav,"Kolkata, West Bengal",Fashion|Cotton Kurta|799,
ORD-20261001-1121,01-10-2026 18:59,RIYA,  Gupta ,"Chennai, Tamil Nadu",Home And Kitchen|Storage Box|299,1
ORD-20261001-0731,2026-10-01 08:50:27,Sneha,sinha,"Mumbai, Maharashtra",Electronics|Smart Watch|2499,2
ORD-20261001-1633,2026-10-01 16:44:29,Aanya,trivedi,"Bengaluru, Karnataka",Fashion|Cotton Kurta|799,1
ORD-20261001-0051,01/10/2026 20:37,advik,Thakkar,"JAIPUR, RAJASTHAN",Home And Kitchen|Wall Clock|649,1
ORD-20261001-4303,01/10/2026 04:47,Krupa,gupta,"  Lucknow, Uttar Pradesh ",Sports|Skipping Rope|199,2.0
ORD-20261001-3947,2026-10-01 08:52:22,Janvi,Khanna,"MYSURU, KARNATAKA",Home And Kitchen|Storage Box|299,2
ORD-20261001-0854,01/10/2026 18:50,tanvi,Mehta,"Mysuru, Karnataka",Beauty|Lipstick|399,1
ORD-20261001-2159,01-10-2026 20:10,Ritu,Vyas,"Hyderabad, Telangana",Beauty|Lipstick|399,4
ORD-20261001-3065,01/10/2026 06:22,  Sneha ,Trivedi,"Chennai, Tamil Nadu",Beauty|Face Wash|249,4
ORD-20261001-2630,01/10/2026 18:01,Myra,Desai,"Bengaluru, Karnataka",Electronics|Smart Watch|2499,-2
ORD-20261001-2219,01/10/2026 23:39,Vihaan,Dubey,"Bengaluru, Karnataka",Beauty|Sunscreen|449, 1 
ORD-20261001-1480,01-10-2026 22:52,Payal,Shah,"Nagpur, Maharashtra",Home And Kitchen|Steel Water Bottle|399,1
ORD-20261001-2660,01/10/2026 21:44,Reyansh,patel,"SURAT, GUJARAT",Fashion|Sunglasses|999,1
ORD-20261001-3000,2026-10-01 16:12:23,Ayaan,reddy,"surat, gujarat",Electronics|Laptop Stand|749,2
ORD-20261001-4170,01/10/2026 09:07,Sai,Bhatt,"Bengaluru, Karnataka",Beauty|Face Wash|249,2
ORD-20261001-4552,01/10/2026 16:11,reyansh,Iyer,"Bengaluru, Karnataka",Fashion|Sunglasses|999,1
ORD-20261001-3391,01/10/2026 19:20,vihaan,BHATT,"PUNE, MAHARASHTRA",Fashion|Sunglasses|999,2
ORD-20261001-2307,01/10/2026 12:36,Kavya,Pillai,,Beauty|Perfume|1299, 1 
ORD-20261001-1347,2026-10-01 20:57:21,anjali,sinha,"  Mumbai, Maharashtra ",Electronics|Power Bank|899,3
ORD-20261001-2255,01/10/2026 14:54,  Pooja ,Singh,"Jaipur, Rajasthan",Beauty|Hair Serum|549,1
ORD-20261001-4384,2026-10-01 09:10:49,Tushar,shah,"Ahmedabad, Gujarat",Beauty|Face Wash|249,1
ORD-20261001-3634,01-10-2026 03:19,Sara,Kulkarni,"  Chennai, Tamil Nadu ",Electronics|Bluetooth Speaker|1799,2
ORD-20261001-1455,01-10-2026 22:35,  Navya ,mukherjee,"Pune, Maharashtra",Electronics|Power Bank|899,1
ORD-20261001-1882,01/10/2026 15:40,Divya,parmar,"Surat, Gujarat",Beauty|Lipstick|399,4
ORD-20261001-2963,2026-10-01 08:48:52,Om,Tiwari,"  Pune, Maharashtra ",Beauty|Hair Serum|549,2
ORD-20261001-4352,30/02/2026 23:41,SAI,Bansal,"Pune, Maharashtra",Electronics|Bluetooth Speaker|1799,2
ORD-20261001-1327,01/10/2026 21:26,reyansh,Desai,"Bengaluru, Karnataka",Electronics|Wireless Earbuds|1299,2
ORD-20261001-3996,01/10/2026 19:24,Ishaan,MISHRA,"Hyderabad, Telangana",Sports|Yoga Mat|699,1
ORD-20261001-0211,2026-10-01 18:14:25,jay,Vyas,,Beauty|Face Wash|249,2
ORD-20261001-1312,2026-10-01 09:41:32,Roshni,mehta,"Hyderabad, Telangana",Home And Kitchen|Bedsheet Set|1499,1
ORD-20261001-2510,2026-10-01 15:25:38,kabir,pandya,"  Mumbai, Maharashtra ",Home And Kitchen|Steel Water Bottle|399,1
ORD-20261001-0930,01/10/2026 22:49,Atharv,Solanki,"Bengaluru, Karnataka",Home And Kitchen|Steel Water Bottle|399,1
ORD-20261001-4711,01/10/2026 17:49,Komal,Kumar,"  Chennai, Tamil Nadu ",Home And Kitchen|Steel Water Bottle|399,5
ORD-20261001-1881,01-10-2026 13:35,Anjali,Iyer,"Hyderabad, Telangana",Beauty|Hair Serum|549,1
ORD-20261001-3509,01/10/2026 03:34,Krupa,kapoor,"Kolkata, West Bengal",Home And Kitchen|Storage Box|299,3
ORD-20261001-3005,2026-10-01 19:58:07,Tushar,bhatt,"pune, maharashtra",Fashion|Sunglasses|999,2
ORD-20261001-3077,01/10/2026 13:56,Ishaan,kapoor,N/A,Fashion|Leather Wallet|499,2.0
ORD-20261001-0889,01/10/2026 13:54,Neha,Vyas,"Vadodara, Gujarat",Sports|Cricket Bat|1599,4
ORD-20261001-3766,2026-10-01 06:11:39,Nikhil,Sinha,"hyderabad, telangana",Electronics|Bluetooth Speaker|1799,1
ORD-20261001-2524,2026-10-01 12:22:03,neel,Joshi,"Ahmedabad, Gujarat",Electronics|Smart Watch|2499,4
ORD-20261001-2447,01/10/2026 08:20,rajesh,Menon,"pune, maharashtra",Electronics|Power Bank|899,1
ORD-20261001-1775,01/10/2026 17:18,Mihir,Yadav,"LUCKNOW, UTTAR PRADESH",Home And Kitchen|Wall Clock|649,1
ORD-20261001-1468,2026-10-01 15:48:03,Suresh,Saxena,"bengaluru, karnataka",Fashion|Denim Jeans|1199,6
ORD-20261001-0673,01/10/2026 21:49,pari,Pawar,"mumbai, maharashtra",Home And Kitchen|Storage Box|299,1
ORD-20261001-2079,01/10/2026 19:05,Dhwani,Pawar,"Bengaluru, Karnataka",Home And Kitchen|Wall Clock|649,
ORD-20261001-1965,01-10-2026 17:42,Anjali,Desai,"Pune, Maharashtra",Beauty|Lipstick|399,1
ORD-20261001-3203,01/10/2026 13:07,Nikhil,Tiwari,"Coimbatore, Tamil Nadu",Beauty|Perfume|1299,1
ORD-20261001-1082,01/10/2026 20:41,sara,kumar,"kolkata, west bengal",Fashion|Running Shoes|2199,1
ORD-20261001-4262,01-10-2026 12:48,Simran,Joshi,"Bengaluru, Karnataka",Home And Kitchen|Steel Water Bottle|399, 1 
ORD-20261001-2333,2026-10-01 11:35:40,KARAN,KALAVADIA,"AHMEDABAD, GUJARAT",Home And Kitchen|Non Stick Pan|1099, 1 
ORD-20261001-3109,2026-10-01 20:25:44,Ayaan,  Mishra ,"Mumbai, Maharashtra",Fashion|Sunglasses|999,2
ORD-20261001-0216,01/10/2026 14:14,Arjun,  Malhotra ,"bengaluru, karnataka",Sports|Football|799,1
ORD-20261001-4561,2026-10-01 09:32:49,  Kunal ,Bansal,"Hyderabad, Telangana",Sports|Dumbbell Set|1899,2
ORD-20261001-3356,01/10/2026 19:52,DIVYA,Modi,"Bengaluru, Karnataka",Home And Kitchen|Steel Water Bottle|399, 1 
ORD-20261001-1095,2026-10-01 17:01:26,Dhwani,Kalavadia,"Hyderabad, Telangana",Beauty|Perfume|1299,1
ORD-20261001-3551,2026-10-01 17:05:03,Karan,  Nair ,"Bengaluru, Karnataka",Beauty|Hair Serum|549,-3
ORD-20261001-0068,01/10/2026 12:53,Arjun,Kalavadia,"Bengaluru, Karnataka",Fashion|Denim Jeans|1199,1
ORD-20261001-3464,01-10-2026 13:58,Payal,Ghosh,"bengaluru, karnataka",Electronics|Smart Watch|2499,1.0
ORD-20261001-2445,01/10/2026 21:57,Pooja,Chopra,"mysuru, karnataka",Electronics|Smart Watch|2499,1
ORD-20261001-0013,01-10-2026 16:00,reyansh,Chauhan,"Chennai, Tamil Nadu",Fashion|Running Shoes|2199,5
ORD-20261001-2855,01/10/2026 09:17,Amit,Iyer,"Delhi, Delhi",Fashion|Sunglasses|999,1
ORD-20261001-2287,01/10/2026 13:46,Pari,  Yadav ,"  Mumbai, Maharashtra ",Sports|Football|799,3
ORD-20261001-3663,01/10/2026 07:52,Tanvi,chopra,"Coimbatore, Tamil Nadu",Beauty|Lipstick|399,2
ORD-20261001-0927,01-10-2026 18:19,Tushar,  Verma ,,Home And Kitchen|Non Stick Pan|1099,2
ORD-20261001-0253,01-10-2026 18:18,sai,sharma,"Delhi, Delhi",Electronics|Wireless Earbuds|1299,1
ORD-20261001-3851,01/10/2026 21:59,Vihaan,Rathod,"Mumbai, Maharashtra",Electronics|Power Bank|899,3
ORD-20261001-4323,01-10-2026 17:30,vikas,Chopra,"Chennai, Tamil Nadu",Electronics|Smart Watch|2499,2
ORD-20261001-3208,01/10/2026 18:51,Pari,,"Bengaluru, Karnataka",Fashion|Denim Jeans|1199,-1
ORD-20261001-1549,01-10-2026 17:53,SNEHA,,,Fashion|Running Shoes|2199,3
,01/10/2026 07:43,PARTH,Singh,"Delhi, Delhi",Fashion|Leather Wallet|499,4
ORD-20261001-3145,01/10/2026 12:15,Shaurya,mehta,"Surat, Gujarat",Fashion|Running Shoes|2199,1
ORD-20261001-1204,2026-10-01 04:26:45,Manish,saxena,"Pune, Maharashtra",Home And Kitchen|Steel Water Bottle|399,2
ORD-20261001-4174,01-10-2026 21:58,  Shaurya ,Vyas,"KOLKATA, WEST BENGAL",Beauty|Lipstick|399,1
ORD-20261001-2589,01-10-2026 18:44,manish,,"Delhi, Delhi",Sports|Yoga Mat|699,1
ORD-20261001-1166,01/10/2026 11:32,rohan,,"hyderabad, telangana",Electronics|Smart Watch|2499,1
ORD-20261001-1895,01/10/2026 20:49,neha,MISHRA,"Kolkata, West Bengal",Home And Kitchen|Storage Box|299,1
ORD-20261001-2155,2026-10-01 13:56:13,Aadhya,das,"Delhi, Delhi",Electronics|Bluetooth Speaker|1799,2
ORD-20261001-1582,01/10/2026 20:08,swati,Vyas,"Pune, Maharashtra",Sports|Skipping Rope|199,1
ORD-20261001-3660,01-10-2026 06:17,Ayaan,Menon,"Hyderabad, Telangana",Home And Kitchen|Wall Clock|649,1
ORD-20261001-0164,01/10/2026 23:03,Reyansh,Chauhan,"Hyderabad, Telangana",Beauty|Lipstick|399,1
ORD-20261001-0375,2026-10-01 08:05:45,Jay,Tiwari,"Jaipur, Rajasthan",Beauty|Sunscreen|449,4
ORD-20261001-1176,01-10-2026 02:32,Komal,Sharma,"Hyderabad, Telangana",Electronics|Bluetooth Speaker|1799,2
ORD-20261001-4417,01/10/2026 19:02,Navya,Malhotra,"hyderabad, telangana",Fashion|Leather Wallet|499,
ORD-20261001-4407,01/10/2026 19:58,riya,yadav,"Hyderabad, Telangana",Home And Kitchen|Steel Water Bottle|399,2
ORD-20261001-4446,2026-10-01 20:05:36,swati,Joshi,"Bengaluru, Karnataka",Sports|Dumbbell Set|1899,1
ORD-20261001-3734,01/10/2026 16:45,ADITYA,Srivastava,"AHMEDABAD, GUJARAT",Electronics|Wireless Earbuds|1299,1
ORD-20261001-2502,01/10/2026 22:23,Suresh,,"Kolkata, West Bengal",Electronics|Smart Watch|2499,1
ORD-20261001-1331,2026-10-01 19:00:28,Navya,Srivastava,"Bengaluru, Karnataka",Home And Kitchen|Non Stick Pan|1099,4
ORD-20261001-1715,2026-10-01 20:29:22,Om,Pawar,"Pune, Maharashtra",Electronics|Laptop Stand|749,3
ORD-20261001-3176,2026-10-01 16:52:07,myra,Reddy,"  Mumbai, Maharashtra ",Fashion|Cotton Kurta|799,3.0
ORD-20261001-2253,01/10/2026 10:56,Dev,jain,"mumbai, maharashtra",Beauty|Lipstick|399,2
ORD-20261001-4149,2026-10-01 11:04:28,Nidhi,chopra,"  Pune, Maharashtra ",Fashion|Cotton Kurta|799,3
ORD-20261001-1057,01/10/2026 11:10,pooja,Solanki,"surat, gujarat",Home And Kitchen|Bedsheet Set|1499,2
ORD-20261001-0742,01/10/2026 08:12,Aryan,Agarwal,"  Delhi, Delhi ",Fashion|Running Shoes|2199,2
ORD-20261001-3888,2026-10-01 22:09:06,Pooja,  Sinha ,"Delhi, Delhi",Sports|Yoga Mat|699,1
ORD-20261001-3353,01/10/2026 12:21,Riya,Agarwal,"delhi, delhi",Beauty|Sunscreen|449,2
ORD-20261001-0899,2026-10-01 22:35:37,mihir,Sharma,"Lucknow, Uttar Pradesh",Fashion|Denim Jeans|1199, 1 
ORD-20261001-3636,2026-10-01 23:33:43,myra,sharma,"Vadodara, Gujarat",Home And Kitchen|Bedsheet Set|1499,1
ORD-20261001-3258,2026-10-01 17:36:10,Manish,Pillai,"Ahmedabad, Gujarat",Home And Kitchen|Wall Clock|649,1
ORD-20261001-0937,01/10/2026 13:55,Dhwani,Nair,"Surat, Gujarat",Beauty|Hair Serum|549,1
ORD-20261001-2799,2026-10-01 13:37:20,myra,Mehta,"Bengaluru, Karnataka",Fashion|Leather Wallet|499,1
ORD-20261001-2494,2026-10-01 20:21:00,Shreya,Kalavadia,"surat, gujarat",Fashion|Leather Wallet|499,1.0
ORD-20261001-3789,01/10/2026 02:22,Tanvi,khanna,"surat, gujarat",Home And Kitchen|Wall Clock|649,2.0
ORD-20261001-3045,01/10/2026 17:47,sai,Menon,"delhi, delhi",Home And Kitchen|Storage Box|299,1
ORD-20261001-0103,01/10/2026 13:40,  Harsh ,Ghosh,"  Surat, Gujarat ",Sports|Dumbbell Set|1899,1
ORD-20261001-2101,01/10/2026 14:28,Ritu,  Thakkar ,"BENGALURU, KARNATAKA",Electronics|Wireless Earbuds|1299,2
ORD-20261001-1548,01/10/2026 20:26,Aarav,Chaudhary,"Mysuru, Karnataka",Electronics|Wireless Earbuds|1299,1
ORD-20261001-2937,01/10/2026 06:14,  Navya ,KULKARNI,"Mumbai, Maharashtra",Home And Kitchen|Steel Water Bottle|399,1
ORD-20261001-4610,01/10/2026 20:29,Riya,Bhatt,"hyderabad, telangana",Fashion|Sunglasses|999,2
ORD-20261001-0387,01/10/2026 19:22,Kavya,Yadav,"delhi, delhi",Sports|Cricket Bat|1599,4
ORD-20261001-1952,2026-10-01 20:05:13,Mihir,Yadav,"Ahmedabad, Gujarat",Fashion|Leather Wallet|499,3
ORD-20261001-4493,2026-10-01 12:04:59,Rudra,Modi,"Surat, Gujarat",Beauty|Sunscreen|449,1
ORD-20261001-1433,01/10/2026 09:50,Kriti,Agarwal,"Pune, Maharashtra",Home And Kitchen|Storage Box|299,2
ORD-20261001-1169,2026-10-01 20:08:20,Saanvi,Kalavadia,"chennai, tamil nadu",Electronics|Smart Watch|2499,1
ORD-20261001-2361,2026-10-01 12:46:52,Jay,das,"SURAT, GUJARAT",Electronics|Power Bank|899,1
ORD-20261001-4795,2026-10-01 13:56:05,Ayaan,saxena,"Hyderabad, Telangana",Fashion|Leather Wallet|499,6
ORD-20261001-0224,2026-10-01 13:22:15,Varun,Ghosh,"Hyderabad, Telangana",Electronics|Laptop Stand|749,1.0
ORD-20261001-0289,01/10/2026 20:50,AADHYA,Agarwal,"Kolkata, West Bengal",Beauty|Face Wash|249,2
ORD-20261001-2404,01/10/2026 15:02,Dhruv,Reddy,"HYDERABAD, TELANGANA",Home And Kitchen|Storage Box|299,3
ORD-20261001-2342,01/10/2026 11:08,  Vivaan ,Joshi,"JAIPUR, RAJASTHAN",Beauty|Face Wash|249,2
ORD-20261001-4069,01/10/2026 23:26,Saanvi,Rathod,"jaipur, rajasthan",Beauty|Hair Serum|549,1
ORD-20261001-1740,01/10/2026 19:22,  Shaurya ,arora,"Delhi, Delhi",Fashion|Cotton Kurta|799,5
ORD-20261001-2412,01/10/2026 07:40,Rahul,yadav,"Mumbai, Maharashtra",Home And Kitchen|Bedsheet Set|1499,3
ORD-20261001-1276,01-10-2026 15:02,Ayaan,Chauhan,"Mumbai, Maharashtra",Electronics|Laptop Stand|749,1
ORD-20261001-4099,2026-10-01 14:58:59,nidhi,Yadav,"  Coimbatore, Tamil Nadu ",Home And Kitchen|Storage Box|299,6
ORD-20261001-0015,2026-10-01 13:13:23,Kavya,tiwari,"DELHI, DELHI",Electronics|Wireless Earbuds|1299,5
ORD-20261001-4732,01-10-2026 07:31,Kriti,Malhotra,"  Hyderabad, Telangana ",Fashion|Running Shoes|2199,1
ORD-20261001-0137,2026-10-01 12:27:43,Pari,Parmar,"PUNE, MAHARASHTRA",Home And Kitchen|Bedsheet Set|1499,2
ORD-20261001-1604,01/10/2026 15:09,AANYA,  Desai ,"Mumbai, Maharashtra",Home And Kitchen|Non Stick Pan|1099,4.0
ORD-20261001-0798,01/10/2026 14:47,Aditi,Modi,"Hyderabad, Telangana",Beauty|Face Wash|249,2
ORD-20261001-0936,2026-10-01 21:46:03,amit,thakkar,"  Vadodara, Gujarat ",Beauty|Face Wash|249,1
ORD-20261001-0641,2026-10-01 14:02:48,megha,Gupta,"Delhi, Delhi",Electronics|Power Bank|899,1
ORD-20261001-1536,01/10/2026 20:47,harsh,vyas,"CHENNAI, TAMIL NADU",Home And Kitchen|Non Stick Pan|1099,1
ORD-20261001-1083,01-10-2026 01:40,Neel,Srivastava,"Coimbatore, Tamil Nadu",Beauty|Sunscreen|449,1
ORD-20261001-1872,01/10/2026 01:56,Vihaan,  Rathod ,"mumbai, maharashtra",Home And Kitchen|Steel Water Bottle|399,4
ORD-20261001-3066,2026-10-01 00:59:59,Roshni,Kalavadia,"Bengaluru, Karnataka",Sports|Yoga Mat|699,1
ORD-20261001-4097,01/10/2026 18:39,hetal,saxena,"MUMBAI, MAHARASHTRA",Fashion|Cotton Kurta|799,2
ORD-20261001-4433,01-10-2026 21:17,  Anjali ,Parmar,"Kolkata, West Bengal",Beauty|Face Wash|249,1
ORD-20261001-2435,2026-10-01 18:59:02,om,Trivedi,"Surat, Gujarat",Fashion|Leather Wallet|499,3
ORD-20261001-3082,2026-10-01 22:15:25,Deepak,Verma,"mumbai, maharashtra",Home And Kitchen|Non Stick Pan|1099,5
ORD-20261001-0915,01-10-2026 12:00,Nidhi,Parmar,"Pune, Maharashtra",Beauty|Face Wash|249,1
ORD-20261001-2218,01/10/2026 08:22,Aditi,Gupta,"Ahmedabad, Gujarat",, 1 
ORD-20261001-3483,01/10/2026 21:10,Rohan,singh,"VADODARA, GUJARAT",Home And Kitchen|Storage Box|299,1
ORD-20261001-2902,01/10/2026 02:30,Rahul,  Iyer ,"Mysuru, Karnataka",Electronics|Smart Watch|2499,2
ORD-20261001-4687,01/10/2026 03:15,Nisha,Sinha,"Ahmedabad, Gujarat",Sports|Skipping Rope|199,1
ORD-20261001-1717,01/10/2026 10:23,Kunal,Chauhan,"chennai, tamil nadu",Fashion|Denim Jeans|1199,1
ORD-20261001-1062,01/10/2026 10:02,parth,Dubey,"VADODARA, GUJARAT",Sports|Football|799,2
ORD-20261001-0786,01/10/2026 20:46,simran,Malhotra,"surat, gujarat",Home And Kitchen|Wall Clock|649,5
ORD-20261001-1296,01/10/2026 21:28,  Dhruv ,Rathod,"Bengaluru, Karnataka",Home And Kitchen|Non Stick Pan|1099, 1 
ORD-20261001-2905,,Roshni,Singh,"Ahmedabad, Gujarat",Home And Kitchen|Storage Box|299,1
ORD-20261001-4057,2026-10-01 15:55:56,Komal,Desai,"Surat, Gujarat",Beauty|Perfume|1299,3
ORD-20261001-4841,2026-10-01 17:31:53,Krishna,bhatt,"mumbai, maharashtra",Electronics|Power Bank|899,5
ORD-20261001-4558,2026-10-01 11:37:35,RAJESH,bose,"SURAT, GUJARAT",Fashion|Cotton Kurta|799,3
ORD-20261001-4180,01/10/2026 18:25,Rajesh,Vyas,"bengaluru, karnataka",Electronics|Smart Watch|2499,1
ORD-20261001-0043,2026-10-01 20:49:38,Rahul,Pandya,"Vadodara, Gujarat",Sports|Skipping Rope|199,1
ORD-20261001-0842,01/10/2026 21:53,Jay,IYER,"Pune, Maharashtra",Electronics|Power Bank|899,1
ORD-20261001-2642,2026-10-01 10:52:34,parth,  Singh ,"delhi, delhi",Electronics|Smart Watch|2499,1
ORD-20261001-2951,01/10/2026 13:22,Vihaan,MEHTA,"Pune, Maharashtra",Electronics|Smart Watch|2499,1
ORD-20261001-2391,01/10/2026 22:08,Palak,AGARWAL,"  Chennai, Tamil Nadu ",Beauty|Face Wash|249,3
ORD-20261001-3397,01/10/2026 14:40,  Nisha ,Kumar,"  Kolkata, West Bengal ",Home And Kitchen|Wall Clock|649,1
ORD-20261001-2002,01/10/2026 21:46,  Khushi ,Das,"CHENNAI, TAMIL NADU",Electronics|Wireless Earbuds|1299,3
ORD-20261001-1587,01/10/2026 20:44,  Shaurya ,Ghosh,"Hyderabad, Telangana",Electronics|Laptop Stand|749,
ORD-20261001-0168,01/10/2026 12:50,Palak,Jain,"ahmedabad, gujarat",Fashion|Cotton Kurta|799,5
ORD-20261001-4789,01/10/2026 06:58,Nidhi,Kalavadia,"hyderabad, telangana",Electronics|Wireless Earbuds|1299,1
ORD-20261001-0077,01/10/2026 19:17,Gaurav,Iyer,"  Mumbai, Maharashtra ",Fashion|Running Shoes|2199,1
ORD-20261001-1643,01/10/2026 04:21,Kriti,Sharma,"chennai, tamil nadu",Home And Kitchen|Storage Box|299,0
ORD-20261001-2674,01/10/2026 03:55,Tanvi,  Yadav ,"delhi, delhi",Fashion|Cotton Kurta|799,2.0
ORD-20261001-3199,01-10-2026 21:35,Navya,Sinha,"Delhi, Delhi",Electronics|Bluetooth Speaker|1799,1
ORD-20261001-2167,2026-10-01 08:48:29,Ananya,Das,"KOLKATA, WEST BENGAL",Electronics|Smart Watch|2499,2
ORD-20261001-3953,01/10/2026 13:36,Krishna,chopra,"  Surat, Gujarat ",Beauty|Lipstick|399,1
ORD-20261001-0823,01/10/2026 18:54,Isha,bhatt,"lucknow, uttar pradesh",Home And Kitchen|Wall Clock|649,1
ORD-20261001-3523,2026-10-01 16:32:01,NIDHI,Kulkarni,"  Surat, Gujarat ",Sports|Dumbbell Set|1899,5
ORD-20261001-4514,2026-10-01 10:29:08,POOJA,Ghosh,"Surat, Gujarat",Beauty|Perfume|1299,5
ORD-20261001-0129,01/10/2026 21:47,  Sara ,Saxena,"Nagpur, Maharashtra",Fashion|Running Shoes|2199,-1
ORD-20261001-0011,01/10/2026 20:37,Riya,saxena,"lucknow, uttar pradesh",Fashion|Denim Jeans|1199,3
ORD-20261001-0239,2026-10-01 11:52:00,Simran,,"AHMEDABAD, GUJARAT",Electronics|Power Bank|899,2
ORD-20261001-3177,01/10/2026 13:28,Hetal,  Rathod ,"mumbai, maharashtra",Sports|Dumbbell Set|1899,1
ORD-20261001-4657,01/10/2026 03:26,Neha,JAIN,"SURAT, GUJARAT",Home And Kitchen|Bedsheet Set|1499,1
ORD-20261001-1661,01/10/2026 19:22,  Aadhya ,Menon,"  Bengaluru, Karnataka ",Beauty|Sunscreen|449,2
ORD-20261001-1884,01/10/2026 18:15,Nikhil,menon,"  Bengaluru, Karnataka ",Beauty|Hair Serum|549,1
ORD-20261001-3544,01-10-2026 23:06,  Bhavna ,kalavadia,"Bengaluru, Karnataka",Fashion|Sunglasses|999,6
ORD-20261001-4042,01/10/2026 18:54,Deepak,bhatt,"Surat, Gujarat",Sports|Yoga Mat|699,5
ORD-20261001-0987,,atharv,Bhatt,"chennai, tamil nadu",Home And Kitchen|Storage Box|299,6
ORD-20261001-4151,01/10/2026 09:25,Vivaan,jain,"Kolkata, West Bengal",Home And Kitchen|Steel Water Bottle|399,1
ORD-20261001-2789,01/10/2026 23:36,Rajesh,Nair,"Bengaluru, Karnataka",Beauty|Hair Serum|549,3.0
ORD-20261001-2863,,Rahul,Parmar,"Jaipur, Rajasthan",Fashion|Leather Wallet|499,1.0
ORD-20261001-4731,01/10/2062 18:29,Priya,Bhatt,"Hyderabad, Telangana",Sports|Yoga Mat|699,3
ORD-20261001-1736,01/10/2026 10:14,Mihir,srivastava,"Jaipur, Rajasthan",Fashion|Sunglasses|999,1
ORD-20261001-0999,01/10/2026 20:05,Atharv,Mukherjee,"Surat, Gujarat",Fashion|Leather Wallet|499,2
ORD-20261001-3841,01/10/2026 20:30,navya,KHANNA,"PUNE, MAHARASHTRA",Sports|Dumbbell Set|1899,1
ORD-20261001-3032,2026-10-01 16:10:23,bhavna,Joshi,"delhi, delhi",Sports|Dumbbell Set|1899,5
ORD-20261001-3633,01/10/2026 11:29,ADITYA,vyas,"PUNE, MAHARASHTRA",Electronics|Bluetooth Speaker|1799, 1 
ORD-20261001-2389,01/10/2026 19:53,MANISH,nair,"hyderabad, telangana",Fashion|Cotton Kurta|799,1
ORD-20261001-4147,2026-10-01 14:51:05,  Suresh ,dubey,"Mysuru, Karnataka",Electronics|Power Bank|899,2
ORD-20261001-3041,01/10/2026 13:35,Payal,Patil,"coimbatore, tamil nadu",Electronics|Laptop Stand|749,5
ORD-20261001-2355,01/10/2026 13:28,Roshni,sinha,"Ahmedabad, Gujarat",Beauty|Perfume|1299, 2 
ORD-20261001-2698,01/10/2026 09:30,Simran,MENON,"DELHI, DELHI",Beauty|Face Wash|249,six
ORD-20261001-2694,01/10/2026 22:27,yash,Ghosh,"Kolkata, West Bengal",Fashion|Running Shoes|2199,5
ORD-20261001-4045,01/10/2026 17:29,SHREYA,Desai,"BENGALURU, KARNATAKA",Electronics|Smart Watch|2499,2
ORD-20261001-2455,01-10-2026 10:08,Riya,Saxena,"Lucknow, Uttar Pradesh",Fashion|Cotton Kurta|799,3
ORD-20261001-0533,01-10-2026 15:54,Krupa,Gupta,"Delhi, Delhi",Fashion|Denim Jeans|1199, 1 
ORD-20261001-4578,2026-10-01 12:15:09,Simran,mukherjee,"Delhi, Delhi",Sports|Football|799,5
ORD-20261001-1236,01/10/2026 21:50,  Advik ,Pillai,"Surat, Gujarat",Electronics|Power Bank|899,2
ORD-20261001-0181,01/10/2026 17:03,Sara,Desai,"Nagpur, Maharashtra",Home And Kitchen|Non Stick Pan|1099, 1 
ORD-20261001-0276,01-10-2026 22:18,Yash,Malhotra,"Pune, Maharashtra",Beauty|Perfume|1299,1.0
ORD-20261001-2703,01-10-2026 16:02,  Priya ,bhatt,"  Hyderabad, Telangana ",Electronics|Wireless Earbuds|1299,1
ORD-20261001-0723,01/10/2026 21:28,riya,modi,"  Ahmedabad, Gujarat ",Fashion|Leather Wallet|499,1
ORD-20261001-1726,01/10/2026 20:53,aditya,  Chauhan ,N/A,Beauty|Hair Serum|549,1
ORD-20261001-3139,01/10/2026 20:27,Vivaan,Pawar,"Mysuru, Karnataka",Electronics|Bluetooth Speaker|1799,2
ORD-20261001-2613,2026-10-01 21:37:25,Rohan,Bose,"Pune, Maharashtra",Electronics|Power Bank|899,1
ORD-20261001-1253,2026-10-01 21:17:05,  Nisha ,Khanna,"delhi, delhi",Beauty|Perfume|1299,1
ORD-20261001-4719,01/10/2026 10:06,Aarav,SOLANKI,"Delhi, Delhi",Fashion|Sunglasses|999,1
ORD-20261001-0006,01/10/2026 20:42,Simran,Verma,"Mumbai, Maharashtra",Electronics|Bluetooth Speaker|1799,1
ORD-20261001-2855,01/10/2026 09:17,Amit,Iyer,"Delhi, Delhi",Fashion|Sunglasses|999,1
ORD-20261001-3031,01/10/2026 15:43,komal,Arora,"bengaluru, karnataka",Electronics|Bluetooth Speaker|1799,3
ORD-20261001-4772,2026-10-01 22:12:13,  Tanvi ,Kumar,"  Lucknow, Uttar Pradesh ",Beauty|Lipstick|399,1
ORD-20261001-0725,01/10/2026 16:52,,Desai,"pune, maharashtra",Sports|Dumbbell Set|1899,2
ORD-20261001-3904,01/10/2026 19:41,TANVI,Dubey,,Electronics|Laptop Stand|749,1
ORD-20261001-1517,2026-10-01 12:46:14,deepak,Ghosh,"Ahmedabad, Gujarat",Sports|Dumbbell Set|1899,-2
ORD-20261001-1128,2026-10-01 17:44:03,Rohan,mishra,"  Mumbai, Maharashtra ",Beauty|Perfume|1299, 1 
ORD-20261001-3908,2026-10-01 10:16:01,Vikas,  Modi ,"Delhi, Delhi",Electronics|Laptop Stand|749,2
ORD-20261001-2641,01/10/2026 17:45,Jay,khanna,"pune, maharashtra",Fashion|Denim Jeans|1199,-3
ORD-20261001-0951,01/10/2026 17:05,Simran,Joshi,"Bengaluru, Karnataka",Electronics|Wireless Earbuds|1299,1.0
ORD-20261001-2781,2026-10-01 18:11:09,Hetal,Thakkar,"  Nagpur, Maharashtra ",Fashion|Running Shoes|2199,1
ORD-20261001-3470,2026-10-01 18:13:16,Neel,Pawar,"Hyderabad, Telangana",Fashion|Cotton Kurta|799,1
ORD-20261001-4018,01-10-2026 17:44,Saanvi,,"Surat, Gujarat",Electronics|Bluetooth Speaker|1799,
ORD-20261001-4403,2026-10-01 16:31:13,  Shaurya ,Kulkarni,"Bengaluru, Karnataka",Fashion|Running Shoes|2199,1
ORD-20261001-0066,31/02/2026 14:50,payal,Pawar,"  Chennai, Tamil Nadu ",Electronics|Power Bank|899,1
ORD-20261001-0244,01/10/2026 14:48,Nidhi,  Trivedi ,"Bengaluru, Karnataka",Home And Kitchen|Bedsheet Set|1499,1
ORD-20261001-1322,2026-10-01 13:08:07,  Yash ,Solanki,"Surat, Gujarat",Sports|Yoga Mat|699,1
ORD-20261001-4794,2026-10-01 11:33:58,Vihaan,Gupta,"Mumbai, Maharashtra",Home And Kitchen|Steel Water Bottle|399,2
ORD-20261001-1200,2026-10-01 20:27:53,  Krupa ,  Chaudhary ,"Mumbai, Maharashtra",Electronics|Wireless Earbuds|1299,1
ORD-20261001-1563,01/10/2026 10:16,Khushi,solanki,"  Chennai, Tamil Nadu ",Sports|Yoga Mat|699,1
ORD-20261001-1609,01-10-2026 12:38,advik,Chopra,"Pune, Maharashtra",Sports|Cricket Bat|1599,2
ORD-20261001-3657,01/10/2026 22:05,krupa,Parmar,"Pune, Maharashtra",Fashion|Running Shoes|2199,3
ORD-20261001-2403,01/10/2026 19:07,NEEL,Kapoor,"Pune, Maharashtra",Home And Kitchen|Wall Clock|649,1
ORD-20261001-1464,2026-10-01 07:11:20,  Dhruv ,Desai,"mumbai, maharashtra",Beauty|Sunscreen|449,3
ORD-20261001-0468,01/10/2026 19:30,Kavya,kapoor,"Mumbai, Maharashtra",Fashion|Denim Jeans|1199,3
ORD-20261001-1149,01/10/2026 19:49,Mihir,Agarwal,"pune, maharashtra",Fashion|Sunglasses|999,2
ORD-20261001-1042,2026-10-01 17:56:50,RITU,Malhotra,"mumbai, maharashtra",Fashion|Denim Jeans|1199,3
ORD-20261001-4156,2026-10-01 17:01:48,AMIT,Pandya,"Mumbai, Maharashtra",Electronics|Laptop Stand|749,1
ORD-20261001-2317,01/10/2026 19:57,Nidhi,chauhan,"Hyderabad, Telangana",Fashion|Leather Wallet|499,1
ORD-20261001-2824,01/10/2026 07:23,manish,Mishra,"Jaipur, Rajasthan",,one
ORD-20261001-4803,01/10/2026 20:48,mansi,Kulkarni,"Delhi, Delhi",Electronics|Power Bank|899,1
ORD-20261001-4621,01/10/2026 11:28,Kunal,bansal,"Hyderabad, Telangana",Home And Kitchen|Storage Box|299,1
ORD-20261001-4747,2026-10-01 18:55:59,kabir,  Bhatt ,"Mumbai, Maharashtra",Beauty|Face Wash|249, 2 
ORD-20261001-1942,01/10/2026 12:57,roshni,Parmar,"  Hyderabad, Telangana ",Fashion|Denim Jeans|1199,2
ORD-20261001-1955,01/10/2026 15:19,Saanvi,Desai,"Pune, Maharashtra",Sports|Yoga Mat|699,3
ORD-20261001-2980,01/10/2026 16:28,Yash,RAO,"Jaipur, Rajasthan",Home And Kitchen|Bedsheet Set|1499,2
ORD-20261001-1197,01/10/2026 22:54,nisha,Verma,"surat, gujarat",Home And Kitchen|Steel Water Bottle|399,1
ORD-20261001-1308,2026-10-01 14:33:51,Ayaan,iyer,"delhi, delhi",Beauty|Hair Serum|549,1
ORD-20261001-1129,01/10/2026 14:33,  Pari ,Chaudhary,"Lucknow, Uttar Pradesh",Fashion|Cotton Kurta|799,1
ORD-20261001-3120,01/10/2026 20:52,Om,THAKKAR,"Nagpur, Maharashtra",Fashion|Leather Wallet|499,4
ORD-20261001-2943,2026-10-01 21:01:47,Nidhi,Arora,"  Mumbai, Maharashtra ",Electronics|Power Bank|899,2
ORD-20261001-0143,2026-10-01 17:19:36,Simran,Iyer,"Bengaluru, Karnataka",Sports|Dumbbell Set|1899,1
ORD-20261001-3304,2026-10-01 07:15:11,Nisha,joshi,"Hyderabad, Telangana",Electronics|Laptop Stand|749,1
ORD-20261001-4795,2026-10-01 13:56:05,Ayaan,saxena,"Hyderabad, Telangana",Fashion|Leather Wallet|499,6
ORD-20261001-1794,01/10/2026 21:03,Dhwani,Kapoor,"Chennai, Tamil Nadu",,2
ORD-20261001-4569,2026-10-01 16:07:35,Sara,Patil,"Mumbai, Maharashtra",Sports|Football|799,4
ORD-20261001-3916,2026-10-01 14:54:50,AYAAN,jain,"Delhi, Delhi",,1
ORD-20261001-1985,01/10/2026 19:43,  Mansi ,Das,"Delhi, Delhi",Sports|Dumbbell Set|1899,1
ORD-20261001-4171,01/10/2026 18:18,dhruv,Rao,"Chennai, Tamil Nadu",Fashion|Leather Wallet|499,1
ORD-20261001-1669,2026-10-01 23:52:40,jay,tiwari,"  Pune, Maharashtra ",Electronics|Bluetooth Speaker|1799,3
ORD-20261001-2392,01-10-2026 07:17,Swati,Kalavadia,"hyderabad, telangana",Fashion|Leather Wallet|499,1
ORD-20261001-4206,01/10/2026 15:50,Dhruv,Pandya,"Coimbatore, Tamil Nadu",Sports|Dumbbell Set|1899,5
ORD-20261001-2932,01/10/2026 14:27,Karan,Kulkarni,"  Delhi, Delhi ",Fashion|Leather Wallet|499,1
ORD-20261001-2244,01/10/2026 18:40,Kavya,Thakkar,"Delhi, Delhi",Sports|Cricket Bat|1599,1
ORD-20261001-3884,01/10/2026 20:29,Kriti,Ghosh,"Vadodara, Gujarat",Electronics|Laptop Stand|749,1
ORD-20261001-1423,2026-10-01 10:06:58,Sara,Reddy,"pune, maharashtra",Electronics|Bluetooth Speaker|1799,4
ORD-20261001-1793,01-10-2026 14:17,Aadhya,Das,"Delhi, Delhi",Electronics|Wireless Earbuds|1299,1
ORD-20261001-1233,01/10/2026 17:25,Roshni,singh,"ahmedabad, gujarat",Beauty|Lipstick|399,6
ORD-20261001-3383,01/10/2026 14:55,Diya,Verma,"surat, gujarat",Electronics|Power Bank|899,2
ORD-20261001-1397,01/10/2026 19:08,Ritu,Yadav,"HYDERABAD, TELANGANA",Home And Kitchen|Non Stick Pan|1099,1
ORD-20261001-0716,01-10-2026 12:53,Rahul,Trivedi,"  Kolkata, West Bengal ",Fashion|Cotton Kurta|799,2
ORD-20261001-4116,2026-10-01 23:05:45,Dhwani,mishra,"MUMBAI, MAHARASHTRA",Fashion|Running Shoes|2199,1
ORD-20261001-2269,01/10/2026 21:06,  Vikas ,,"delhi, delhi",Sports|Skipping Rope|199,1
ORD-20261001-0772,01/10/2026 13:49,Vihaan,Pawar,"Mumbai, Maharashtra",Sports|Yoga Mat|699,1.0
ORD-20261001-0138,01-10-2026 13:09,,saxena,"Delhi, Delhi",Fashion|Sunglasses|999,2
ORD-20261001-1584,01/10/2026 20:04,Janvi,Desai,"  Bengaluru, Karnataka ",Electronics|Bluetooth Speaker|1799,2
ORD-20261001-2517,01/10/2026 20:58,Bhavna,PARMAR,"Bengaluru, Karnataka",Home And Kitchen|Non Stick Pan|1099,
ORD-20261001-2201,01/10/2026 10:59,Komal,  Reddy ,"Mumbai, Maharashtra",Home And Kitchen|Wall Clock|649,2
ORD-20261001-4743,01/10/2026 19:08,Vihaan,MEHTA,"  Delhi, Delhi ",Beauty|Sunscreen|449, 1 
ORD-20261001-0012,01/10/2026 18:13,Rohan,Yadav,"Coimbatore, Tamil Nadu",Electronics|Bluetooth Speaker|1799,1
ORD-20261001-1273,01/10/2026 13:53,Aarav,Kumar,"Hyderabad, Telangana",Fashion|Sunglasses|999,5
ORD-20261001-4025,01/10/2026 23:33,Neha,Vyas,"Surat, Gujarat",Home And Kitchen|Steel Water Bottle|399,1
ORD-20261001-0656,01/10/2026 19:17,Vikas,iyer,"Mumbai, Maharashtra",Electronics|Bluetooth Speaker|1799,4
ORD-20261001-4091,01/10/2026 20:37,  Nisha ,Modi,N/A,Sports|Football|799,1
ORD-20261001-1348,01/10/2026 12:00,PARTH,  Patil ,"Kolkata, West Bengal",Electronics|Power Bank|899,1
ORD-20261001-1284,01/10/2026 23:48,amit,Nair,"Delhi, Delhi",Electronics|Laptop Stand|749,1
ORD-20261001-1159,2026-10-01 00:17:09,Yash,Patil,"hyderabad, telangana",Fashion|Cotton Kurta|799,2
ORD-20261001-4043,01/10/2026 12:41,JAY,Menon,"MYSURU, KARNATAKA",Home And Kitchen|Bedsheet Set|1499,
ORD-20261001-1353,2026-10-01 20:08:45,TUSHAR,BOSE,"Mumbai, Maharashtra",Sports|Dumbbell Set|1899,5
ORD-20261001-3717,01/10/2026 18:04,  Aryan ,kulkarni,"Kolkata, West Bengal",Electronics|Wireless Earbuds|1299, 2 
ORD-20261001-3147,01-10-2026 22:56,Karan,,"hyderabad, telangana",Electronics|Smart Watch|2499,1
ORD-20261001-1408,01-10-2026 08:38,Rudra,Desai,"mumbai, maharashtra",Sports|Football|799,1
ORD-20261001-2560,01/10/2026 13:11,Mihir,  Rathod ,,Fashion|Running Shoes|2199,1
ORD-20261001-1521,01/10/2026 09:26,pooja,solanki,"SURAT, GUJARAT",Beauty|Face Wash|249,2
ORD-20261001-4600,01/10/2026 12:53,Deepak,Parmar,"  Jaipur, Rajasthan ",Electronics|Wireless Earbuds|1299,1
ORD-20261001-1658,01/10/2026 20:45,komal,Kapoor,"Bengaluru, Karnataka",Electronics|Bluetooth Speaker|1799,1
ORD-20261001-4044,2026-10-01 21:34:19,  Ayaan ,,"Mumbai, Maharashtra",Beauty|Lipstick|399,1
ORD-20261001-3536,2026-10-01 22:54:13,ishaan,,"Delhi, Delhi",Home And Kitchen|Wall Clock|649,1
ORD-20261001-3852,01/10/2026 17:02,Om,Joshi,"Bengaluru, Karnataka",Fashion|Running Shoes|2199,1
ORD-20261001-1922,2026-10-01 21:32:26,Aarav,Rao,"Kolkata, West Bengal",Fashion|Sunglasses|999,3
ORD-20261001-1657,01/10/2026 14:12,advik,Mehta,"Vadodara, Gujarat",Sports|Cricket Bat|1599,2
ORD-20261001-4413,01/10/2026 20:26,Vivaan,Modi,"VADODARA, GUJARAT",Electronics|Wireless Earbuds|1299,2
ORD-20261001-2603,01-10-2026 21:56,GAURAV,Verma,"Bengaluru, Karnataka",Home And Kitchen|Bedsheet Set|1499, 4 
ORD-20261001-1388,2026-10-01 14:23:34,diya,pawar,"hyderabad, telangana",Beauty|Lipstick|399,1
ORD-20261001-3118,2026-10-01 12:45:46,Mansi,Kapoor,"COIMBATORE, TAMIL NADU",Home And Kitchen|Wall Clock|649, 1 
ORD-20261001-0026,2026-10-01 21:04:45,VIVAAN,Agarwal,"pune, maharashtra",Electronics|Power Bank|899,2
ORD-20261001-2666,01/10/2026 22:06,JAY,reddy,"Lucknow, Uttar Pradesh",Beauty|Lipstick|399,1
ORD-20261001-2974,,Rajesh,VYAS,"Bengaluru, Karnataka",Fashion|Denim Jeans|1199,2
ORD-20261001-3011,01/10/2026 05:15,Karan,Sinha,"hyderabad, telangana",Beauty|Hair Serum|549,3
ORD-20261001-4106,2026-10-01 11:00:45,PARI,Modi,"Delhi, Delhi",Electronics|Smart Watch|2499,4
ORD-20261001-0314,2026-10-01 22:44:40,ANIKA,Arora,"  Jaipur, Rajasthan ",Electronics|Laptop Stand|749,4
ORD-20261001-4707,01-10-2026 12:44,riya,Saxena,"LUCKNOW, UTTAR PRADESH",Home And Kitchen|Non Stick Pan|1099,one
ORD-20261001-0934,01/10/2026 20:57,  Aditya ,Khanna,"Mumbai, Maharashtra",Beauty|Hair Serum|549,1
ORD-20261001-3802,2026-10-01 12:20:54,nisha,khanna,"delhi, delhi",Electronics|Bluetooth Speaker|1799,2
ORD-20261001-0085,2026-10-01 12:58:08,Jay,kapoor,"DELHI, DELHI",Beauty|Hair Serum|549,1
ORD-20261001-2277,01/10/2026 09:19,dhwani,Tiwari,"pune, maharashtra",Home And Kitchen|Non Stick Pan|1099,1
ORD-20261001-0149,2026-10-01 11:56:44,Karan,JAIN,"Bengaluru, Karnataka",Beauty|Hair Serum|549, 2 
ORD-20261001-0464,2026-10-01 22:03:15,Reyansh,  Modi ,"BENGALURU, KARNATAKA",Electronics|Power Bank|899,1
ORD-20261001-0780,01/10/2026 22:11,Neha,,"vadodara, gujarat",Sports|Yoga Mat|699,2
ORD-20261001-3022,2026-10-01 21:38:32,neel,PANDYA,"Bengaluru, Karnataka",Home And Kitchen|Wall Clock|649, 6 
ORD-20261001-0282,01/10/2026 21:08,myra,Shah,"  Surat, Gujarat ",Beauty|Sunscreen|449,2
ORD-20261001-3182,01/10/2026 21:19,Tanvi,Bose,"vadodara, gujarat",Sports|Cricket Bat|1599,1
ORD-20261001-3755,01-10-2026 05:08,Atharv,Solanki,"PUNE, MAHARASHTRA",Electronics|Bluetooth Speaker|1799,1
ORD-20261001-1544,2026-10-01 21:37:39,vihaan,THAKKAR,"BENGALURU, KARNATAKA",Electronics|Bluetooth Speaker|1799,2
ORD-20261001-2973,01-10-2026 19:02,KRITI,Thakkar,"Jaipur, Rajasthan",Beauty|Perfume|1299,1
ORD-20261001-2616,2026-10-01 09:47:18,,kumar,"Kolkata, West Bengal",Sports|Dumbbell Set|1899, 5 
ORD-20261001-2388,01-10-2026 20:33,  Hetal ,bose,"mumbai, maharashtra",Electronics|Wireless Earbuds|1299,3
ORD-20261001-2590,30/02/2026 15:42,aarav,Kulkarni,"Chennai, Tamil Nadu",Fashion|Leather Wallet|499,1
ORD-20261001-2203,01/10/2026 14:50,Priya,Srivastava,"chennai, tamil nadu",Fashion|Denim Jeans|1199,4
ORD-20261001-4850,01-10-2026 21:44,  Saanvi ,dubey,"Pune, Maharashtra",Beauty|Hair Serum|549,2.0
ORD-20261001-1282,01/10/2026 21:09,Riya,Gupta,"Chennai, Tamil Nadu",Electronics|Wireless Earbuds|1299, 1 
ORD-20261001-2340,01/10/2026 20:16,Ritu,  Srivastava ,"Hyderabad, Telangana",Beauty|Hair Serum|549,2
ORD-20261001-4849,01/10/2026 20:04,gaurav,iyer,"MUMBAI, MAHARASHTRA",Electronics|Power Bank|899,1
ORD-20261001-3073,01-10-2026 14:19,Deepak,Nair,"Delhi, Delhi",Beauty|Face Wash|249,2
ORD-20261001-3195,01/10/2026 01:15,Isha,Nair,"Ahmedabad, Gujarat",Beauty|Hair Serum|549, 1 
ORD-20261001-4137,01/10/2026 20:34,Mihir,mehta,"HYDERABAD, TELANGANA",Electronics|Smart Watch|2499,-3
ORD-20261001-3554,01/10/2062 19:48,Isha,Chaudhary,"Vadodara, Gujarat",Sports|Dumbbell Set|1899,1
ORD-20261001-1723,01/10/2026 12:58,Nikhil,Bhatt,"Coimbatore, Tamil Nadu",Sports|Skipping Rope|199,4
ORD-20261001-2294,01/10/2026 15:57,deepak,Nair,"Delhi, Delhi",Sports|Skipping Rope|199, 4 
ORD-20261001-0404,2026-10-01 22:17:01,kunal,Kumar,"  Chennai, Tamil Nadu ",Fashion|Leather Wallet|499,5
ORD-20261001-4313,2026-10-01 11:45:58,Aadhya,Tiwari,"jaipur, rajasthan",Fashion|Cotton Kurta|799,3.0
ORD-20261001-2955,01-10-2026 05:33,Hetal,Rathod,"MUMBAI, MAHARASHTRA",Home And Kitchen|Non Stick Pan|1099,1
ORD-20261001-2804,2026-10-01 23:26:48,Kabir,  Vyas ,"Ahmedabad, Gujarat",Electronics|Wireless Earbuds|1299,-2
ORD-20261001-3132,01-10-2026 16:24,Karan,Sinha,"hyderabad, telangana",Beauty|Sunscreen|449,1
ORD-20261001-0685,01-10-2026 18:09,Aadhya,Reddy,"BENGALURU, KARNATAKA",Electronics|Smart Watch|2499,4
ORD-20261001-0886,01/10/2026 20:46,Nisha,Das,"  Jaipur, Rajasthan ",Sports|Cricket Bat|1599,3
ORD-20261001-2716,01/10/2026 15:20,,Chauhan,"ahmedabad, gujarat",Electronics|Power Bank|899,1
ORD-20261001-4786,01/10/2026 16:17,Krupa,Bose,"pune, maharashtra",Electronics|Smart Watch|2499,3
ORD-20261001-3115,2026-10-01 16:52:36,Kriti,REDDY,"mumbai, maharashtra",Sports|Dumbbell Set|1899,1
ORD-20261001-0855,01/10/2026 21:57,Kriti,Srivastava,"  Mumbai, Maharashtra ",Home And Kitchen|Storage Box|299,1
ORD-20261001-0472,01/10/2026 13:20,Dhwani,RAO,"Mumbai, Maharashtra",Electronics|Power Bank|899, 1 
ORD-20261001-1688,01/10/2026 15:44,Sara,Pandya,"Coimbatore, Tamil Nadu",Electronics|Laptop Stand|749,
ORD-20261001-4396,01/10/2026 11:19,vihaan,Vyas,"Coimbatore, Tamil Nadu",Electronics|Bluetooth Speaker|1799,4.0
ORD-20261001-2887,2026-10-01 10:52:35,Ritu,  Malhotra ,"DELHI, DELHI",Beauty|Sunscreen|449,1
ORD-20261001-1101,01/10/2026 04:35,SIMRAN,CHOPRA,"chennai, tamil nadu",Electronics|Power Bank|899,1
ORD-20261001-0432,01-10-2026 19:25,karan,jain,"BENGALURU, KARNATAKA",Fashion|Denim Jeans|1199,1
ORD-20261001-2105,01/10/2026 04:25,Kunal,Vyas,"Mumbai, Maharashtra",Electronics|Wireless Earbuds|1299,2.0
ORD-20261001-0844,01/10/2026 08:29,ishaan,bose,"  Mumbai, Maharashtra ",Home And Kitchen|Steel Water Bottle|399,3
ORD-20261001-0161,01/10/2026 17:23,Kabir,  Nair ,"Chennai, Tamil Nadu",Electronics|Bluetooth Speaker|1799,1
ORD-20261001-2899,2026-10-01 16:06:42,SARA,Malhotra,"Mysuru, Karnataka",Electronics|Wireless Earbuds|1299,3
ORD-20261001-0897,2026-10-01 13:20:48,  Mihir ,Patel,"Vadodara, Gujarat",Fashion|Leather Wallet|499,4
ORD-20261001-3372,01/10/2026 18:10,Ananya,Nair,"  Ahmedabad, Gujarat ",Electronics|Smart Watch|2499,3
ORD-20261001-1339,01-10-2026 17:16,  Tushar ,Tiwari,"CHENNAI, TAMIL NADU",Fashion|Sunglasses|999,2
ORD-20261001-3545,2026-10-01 20:04:50,Rajesh,ghosh,"HYDERABAD, TELANGANA",Home And Kitchen|Steel Water Bottle|399,1
ORD-20261001-0895,2026-10-01 20:56:20,Parth,Saxena,"Jaipur, Rajasthan",Fashion|Sunglasses|999,1
ORD-20261001-2054,01/10/2026 10:35,Isha,SHAH,"mumbai, maharashtra",Electronics|Bluetooth Speaker|1799,2
ORD-20261001-2978,2026-10-01 07:02:41,Karan,Modi,"Jaipur, Rajasthan",Beauty|Lipstick|399,2
ORD-20261001-3197,01-10-2026 16:06,Arjun,,"bengaluru, karnataka",Beauty|Lipstick|399,2
ORD-20261001-4523,2026-10-01 14:47:48,Dev,Reddy,"Coimbatore, Tamil Nadu",Sports|Cricket Bat|1599,1
ORD-20261001-2495,2026-10-01 23:56:56,Riya,PATIL,"Bengaluru, Karnataka",Home And Kitchen|Bedsheet Set|1499,2
ORD-20261001-3960,2026-10-01 22:38:14,MEGHA,Rao,"Ahmedabad, Gujarat",Sports|Yoga Mat|699,1
ORD-20261001-4092,01/10/2026 20:37,,MALHOTRA,"kolkata, west bengal",Fashion|Leather Wallet|499,3
ORD-20261001-4539,01/10/2026 12:58,Anjali,Thakkar,"mumbai, maharashtra",Sports|Football|799,2
ORD-20261001-0607,01/10/2026 13:50,Mansi,  Solanki ,"mumbai, maharashtra",Sports|Skipping Rope|199,1
ORD-20261001-0039,01/10/2026 20:34,  Isha ,Menon,"hyderabad, telangana",Beauty|Hair Serum|549,1
ORD-20261001-2180,2026-10-01 21:10:14,isha,Patil,"hyderabad, telangana",Fashion|Cotton Kurta|799,2
ORD-20261001-2864,2026-10-01 20:38:40,Rudra,parmar,"Hyderabad, Telangana",Electronics|Bluetooth Speaker|1799,1
ORD-20261001-3873,01-10-2026 16:15,Jay,mukherjee,"  Mumbai, Maharashtra ",Home And Kitchen|Storage Box|299,3
ORD-20261001-4086,01/10/2026 10:18,Aanya,MENON,"Chennai, Tamil Nadu",Electronics|Laptop Stand|749,3
ORD-20261001-3042,2026-10-01 17:57:32,Anika,Malhotra,"Bengaluru, Karnataka",Fashion|Running Shoes|2199,1
ORD-20261001-1973,01/10/2026 23:30,Manish,TIWARI,"Mumbai, Maharashtra",Fashion|Sunglasses|999,3
ORD-20261001-4286,01/10/2026 18:30,PRIYA,Gupta,"Bengaluru, Karnataka",Sports|Skipping Rope|199,2
ORD-20261001-0329,01/10/2026 23:57,Nidhi,Tiwari,"Bengaluru, Karnataka",Home And Kitchen|Bedsheet Set|1499,1
ORD-20261001-0671,01/10/2026 21:04,Vihaan,Solanki,"Bengaluru, Karnataka",Home And Kitchen|Bedsheet Set|1499,1
ORD-20261001-2134,01/10/2026 10:03,Kabir,Reddy,"mumbai, maharashtra",Electronics|Smart Watch|2499,2
ORD-20261001-2138,2026-10-01 08:49:24,Sneha,Dubey,"NAGPUR, MAHARASHTRA",Home And Kitchen|Steel Water Bottle|399,2
ORD-20261001-2544,01/10/2026 12:52,Komal,REDDY,"Delhi, Delhi",,4
ORD-20261001-4143,2026-10-01 09:58:18,Harsh,DUBEY,"Hyderabad, Telangana",Beauty|Sunscreen|449,1
ORD-20261001-1240,2026-10-01 16:44:42,Dev,Vyas,"Vadodara, Gujarat",Home And Kitchen|Storage Box|299, 5 
ORD-20261001-3722,2026-10-01 08:39:14,  Neha ,Bansal,"  Kolkata, West Bengal ",Electronics|Wireless Earbuds|1299,1
ORD-20261001-3050,01/10/2026 16:16,vivaan,Kalavadia,"KOLKATA, WEST BENGAL",,4
ORD-20261001-3966,2026-10-01 00:19:52,null,Thakkar,"Nagpur, Maharashtra",Home And Kitchen|Bedsheet Set|1499,3
ORD-20261001-1515,01/10/2026 16:34,Kriti,Saxena,"Jaipur, Rajasthan",Fashion|Cotton Kurta|799,2
ORD-20261001-3029,01/10/2026 10:36,suresh,Mehta,"Hyderabad, Telangana",Fashion|Denim Jeans|1199,2
ORD-20261001-1937,01/10/2026 18:29,Hetal,Solanki,"PUNE, MAHARASHTRA",Fashion|Cotton Kurta|799,2
ORD-20261001-3924,01/10/2026 18:31,Gaurav,Yadav,"Hyderabad, Telangana",Electronics|Bluetooth Speaker|1799,2
ORD-20261001-1779,01/10/2026 11:26,Amit,Menon,"BENGALURU, KARNATAKA",Beauty|Face Wash|249,1.0
ORD-20261001-1302,01/10/2026 18:54,karan,Verma,"Chennai, Tamil Nadu",Fashion|Denim Jeans|1199,2
ORD-20261001-1230,01/10/2026 23:59,Reyansh,VYAS,"  Jaipur, Rajasthan ",Electronics|Laptop Stand|749,3.0
ORD-20261001-1703,01/10/2026 15:10,Gaurav,  Chauhan ,"Kolkata, West Bengal",Fashion|Sunglasses|999,1
ORD-20261001-0332,01/10/2026 22:07,Vivaan,sinha,"Pune, Maharashtra",Electronics|Wireless Earbuds|1299,1
ORD-20261001-1000,2026-10-01 22:19:37,Navya,singh,"Chennai, Tamil Nadu",Fashion|Leather Wallet|499,4
ORD-20261001-2808,01-10-2026 22:17,Om,Malhotra,"Ahmedabad, Gujarat",Home And Kitchen|Steel Water Bottle|399,1
ORD-20261001-2231,01/10/2026 20:17,Advik,Chauhan,"Mumbai, Maharashtra",Home And Kitchen|Bedsheet Set|1499, 1 
ORD-20261001-3108,01/10/2026 03:21,Amit,gupta,"  Ahmedabad, Gujarat ",Electronics|Power Bank|899,1
ORD-20261001-1766,01-10-2026 17:04,Isha,vyas,"Jaipur, Rajasthan",Electronics|Power Bank|899,4.0
ORD-20261001-1994,01/10/2026 23:29,Mihir,Kalavadia,"Delhi, Delhi",Electronics|Bluetooth Speaker|1799,1
ORD-20261001-0615,01/10/2026 23:27,Jay,Kulkarni,"hyderabad, telangana",Sports|Yoga Mat|699,1
ORD-20261001-1867,01/10/2026 17:47,  Shaurya ,Joshi,"Bengaluru, Karnataka",Home And Kitchen|Bedsheet Set|1499,1
ORD-20261001-4391,01-10-2026 10:29,deepak,Modi,"Vadodara, Gujarat",Electronics|Wireless Earbuds|1299,2
ORD-20261001-4343,01/10/2026 13:56,khushi,thakkar,"surat, gujarat",,2
ORD-20261001-1938,2026-10-01 11:26:38,sai,PANDYA,"chennai, tamil nadu",Beauty|Sunscreen|449, 1 
ORD-20261001-1583,2026-10-01 21:35:54,Shreya,khanna,"mumbai, maharashtra",Fashion|Cotton Kurta|799,1
ORD-20261001-4196,01/10/2026 10:09,tanvi,Sinha,"Hyderabad, Telangana",Fashion|Running Shoes|2199,2
ORD-20261001-2700,01/10/2026 17:56,krishna,sharma,"Mysuru, Karnataka",Electronics|Bluetooth Speaker|1799,4
ORD-20261001-2224,01/10/2026 15:03,Kriti,Pillai,"Pune, Maharashtra",Electronics|Bluetooth Speaker|1799,1
ORD-20261001-4830,01/10/2026 20:25,Janvi,Menon,"Delhi, Delhi",Home And Kitchen|Bedsheet Set|1499,1
ORD-20261001-4459,01/10/2026 18:50,Swati,  Solanki ,"Pune, Maharashtra",Fashion|Running Shoes|2199,1
ORD-20261001-1232,2026-10-01 10:55:30,Shreya,Mehta,"Kolkata, West Bengal",Beauty|Sunscreen|449,2
ORD-20261001-3347,2026-10-01 20:40:08,Jay,Tiwari,"  Pune, Maharashtra ",Electronics|Smart Watch|2499,6
ORD-20261001-2751,01/10/2026 18:15,MYRA,patel,"chennai, tamil nadu",Beauty|Hair Serum|549,2.0
ORD-20261001-2631,2026-10-01 12:01:33,Gaurav,Bhatt,"Hyderabad, Telangana",Fashion|Sunglasses|999,3
ORD-20261001-0312,2026-10-01 07:16:11,HETAL,sharma,"Hyderabad, Telangana",Fashion|Running Shoes|2199,2.0
ORD-20261001-4718,01/10/2026 20:27,VIHAAN,Menon,"DELHI, DELHI",Electronics|Bluetooth Speaker|1799,2
ORD-20261001-4606,01/10/2062 19:23,sara,Dubey,"  Hyderabad, Telangana ",Fashion|Cotton Kurta|799,2
ORD-20261001-2072,2026-10-01 14:51:42,Deepak,bhatt,"Surat, Gujarat",Home And Kitchen|Storage Box|299,
ORD-20261001-1743,01/10/2026 08:36,Atharv,trivedi,"jaipur, rajasthan",Beauty|Sunscreen|449,2
ORD-20261001-1693,01/10/2026 16:34,varun,Trivedi,"Hyderabad, Telangana",Electronics|Bluetooth Speaker|1799,1
ORD-20261001-2838,2026-10-01 20:40:58,Janvi,Chaudhary,"  Hyderabad, Telangana ",Electronics|Wireless Earbuds|1299,1
ORD-20261001-0167,2026-10-01 14:35:48,Vivaan,pawar,"Mysuru, Karnataka",Electronics|Bluetooth Speaker|1799,1
ORD-20261001-0920,01/10/2026 17:35,Pari,Mehta,"Delhi, Delhi",Fashion|Denim Jeans|1199,1
ORD-20261001-1674,01/10/2026 09:09,Myra,  Trivedi ,"  Chennai, Tamil Nadu ",Fashion|Leather Wallet|499,
ORD-20261001-3653,01/10/2026 16:15,Palak,Singh,"Surat, Gujarat",Home And Kitchen|Steel Water Bottle|399,5
ORD-20261001-4228,01/10/2026 06:03,MIHIR,Mukherjee,"Pune, Maharashtra",Fashion|Running Shoes|2199,2
ORD-20261001-0689,2026-10-01 15:12:24,dhruv,,"BENGALURU, KARNATAKA",Home And Kitchen|Storage Box|299,2
ORD-20261001-2889,2026-10-01 11:39:28,krupa,Kapoor,"Delhi, Delhi",Beauty|Sunscreen|449,1
ORD-20261001-1048,01/10/2026 16:35,deepak,NAIR,"Vadodara, Gujarat",Electronics|Smart Watch|2499,3
ORD-20261001-1883,2026-10-01 13:21:50,Gaurav,Kumar,"Mysuru, Karnataka",Fashion|Leather Wallet|499,5
ORD-20261001-1314,01/10/2026 09:10,Krupa,PILLAI,"hyderabad, telangana",Electronics|Power Bank|899,1
ORD-20261001-4445,01/10/2026 21:33,Rudra,,"Delhi, Delhi",Home And Kitchen|Wall Clock|649,5
ORD-20261001-2470,01-10-2026 16:53,DHRUV,Joshi,"bengaluru, karnataka",Sports|Football|799,2
ORD-20261001-4695,01-10-2026 22:51,Vihaan,Rathod,"Mumbai, Maharashtra",Fashion|Running Shoes|2199,1
ORD-20261001-1585,01/10/2026 23:49,Karan,malhotra,"vadodara, gujarat",Beauty|Sunscreen|449,4
ORD-20261001-0155,01/10/2026 19:11,Krupa,Chauhan,"Kolkata, West Bengal",Electronics|Laptop Stand|749,1
ORD-20261001-0735,2026-10-01 10:50:28,Diya,  Chopra ,"Delhi, Delhi",Home And Kitchen|Storage Box|299,2
ORD-20261001-0598,01-10-2026 19:53,palak,  Das ,"Pune, Maharashtra",Electronics|Wireless Earbuds|1299,1
ORD-20261001-2708,2026-10-01 18:37:50,Nidhi,  Patel ,"Chennai, Tamil Nadu",Electronics|Bluetooth Speaker|1799, 1 
ORD-20261001-0452,01/10/2026 14:14,varun,YADAV,"Surat, Gujarat",Electronics|Smart Watch|2499,one
ORD-20261001-4781,2026-10-01 19:27:34,Aadhya,MENON,"bengaluru, karnataka",Sports|Dumbbell Set|1899,1.0
ORD-20261001-4636,2026-10-01 17:00:45,Khushi,  Pandya ,"HYDERABAD, TELANGANA",Fashion|Leather Wallet|499,2
ORD-20261001-2848,2026-10-01 14:18:58,Khushi,Bansal,"  Hyderabad, Telangana ",Beauty|Perfume|1299,3
ORD-20261001-3223,01/10/2026 11:05,Deepak,Nair,"Delhi, Delhi",Fashion|Leather Wallet|499,1
ORD-20261001-3962,2026-10-01 07:01:56,Payal,Sharma,"chennai, tamil nadu",Sports|Yoga Mat|699,5
,2026-10-01 20:13:03,Neha,SRIVASTAVA,"Pune, Maharashtra",Fashion|Running Shoes|2199,3.0
ORD-20261001-1484,01/10/2026 13:33,krishna,chauhan,"  Pune, Maharashtra ",Beauty|Hair Serum|549,1
ORD-20261001-3792,01-10-2026 20:34,KABIR,Ghosh,"Vadodara, Gujarat",Sports|Cricket Bat|1599,2
ORD-20261001-2021,01-10-2026 12:42,Tanvi,KHANNA,"Bengaluru, Karnataka",Fashion|Sunglasses|999,1
ORD-20261001-0253,01-10-2026 18:18,sai,sharma,"Delhi, Delhi",Electronics|Wireless Earbuds|1299,1
ORD-20261001-0433,01/10/2026 20:29,Isha,PATEL,"CHENNAI, TAMIL NADU",Home And Kitchen|Bedsheet Set|1499,1
ORD-20261001-1628,01/10/2026 18:20,megha,arora,"Delhi, Delhi",Home And Kitchen|Steel Water Bottle|399,4
ORD-20261001-3655,2026-10-01 15:18:02,Tanvi,  Jain ,"VADODARA, GUJARAT",Electronics|Smart Watch|2499,3
ORD-20261001-4199,2026-10-01 20:04:05,pooja,Bansal,"Kolkata, West Bengal",Beauty|Face Wash|249,3
ORD-20261001-0515,01/10/2026 12:50,Karan,gupta,"BENGALURU, KARNATAKA",Home And Kitchen|Non Stick Pan|1099,1
ORD-20261001-2986,2026-10-01 09:15:10,Jay,Pawar,"Chennai, Tamil Nadu",Sports|Dumbbell Set|1899,2
ORD-20261001-1780,01/10/2026 16:17,Parth,Thakkar,"Vadodara, Gujarat",Sports|Cricket Bat|1599,4
ORD-20261001-1968,01/10/2026 22:44,tanvi,  Saxena ,"Delhi, Delhi",Fashion|Cotton Kurta|799,2
ORD-20261001-0856,2026-10-01 03:15:29,Shreya,Trivedi,"Jaipur, Rajasthan",Electronics|Power Bank|899,1
ORD-20261001-1137,2026-10-01 22:07:57,SHREYA,Pillai,"hyderabad, telangana",Beauty|Perfume|1299,1
ORD-20261001-2402,01/10/2026 21:24,yash,Kulkarni,"Kolkata, West Bengal",Fashion|Sunglasses|999,2
ORD-20261001-4524,2026-10-01 21:17:30,  Hetal ,  Arora ,"Nagpur, Maharashtra",Sports|Football|799, 2 
ORD-20261001-1414,01/10/2026 15:53,Dhruv,Patil,"Chennai, Tamil Nadu",Electronics|Smart Watch|2499,2
ORD-20261001-2718,2026-10-01 20:38:06,payal,Tiwari,"Hyderabad, Telangana",Home And Kitchen|Bedsheet Set|1499,1
ORD-20261001-1216,01/10/2026 11:44,PARTH,Pawar,"Bengaluru, Karnataka",,2.0
ORD-20261001-4623,2026-10-01 08:02:26,Kunal,joshi,"Ahmedabad, Gujarat",Beauty|Hair Serum|549,2
ORD-20261001-3849,01/10/2026 11:25,  Sara ,shah,"mumbai, maharashtra",Home And Kitchen|Non Stick Pan|1099,four
ORD-20261001-4536,01/10/2026 16:26,aditya,JAIN,"Hyderabad, Telangana",Electronics|Bluetooth Speaker|1799,2.0
ORD-20261001-1618,01/10/2026 15:49,  Kabir ,Rao,"Surat, Gujarat",Electronics|Power Bank|899,5
ORD-20261001-3822,,ANANYA,Chaudhary,"Surat, Gujarat",Electronics|Power Bank|899,6.0
ORD-20261001-1559,2026-10-01 08:21:07,POOJA,tiwari,"pune, maharashtra",Beauty|Lipstick|399,5
ORD-20261001-2195,01-10-2026 14:07,swati,Joshi,"Delhi, Delhi",Home And Kitchen|Steel Water Bottle|399,1
ORD-20261001-2390,01/10/2026 20:23,Khushi,malhotra,"KOLKATA, WEST BENGAL",,1
ORD-20261001-1539,2026-10-01 11:09:59,Rudra,PARMAR,"Hyderabad, Telangana",Electronics|Power Bank|899,3
ORD-20261001-0342,01-10-2026 12:29,Ananya,saxena,"Ahmedabad, Gujarat",Beauty|Hair Serum|549,1
ORD-20261001-3997,2026-10-01 08:16:38,Tushar,Yadav,"Lucknow, Uttar Pradesh",Home And Kitchen|Non Stick Pan|1099,2
ORD-20261001-0246,01/10/2026 10:58,Anjali,JAIN,"  Chennai, Tamil Nadu ",Electronics|Laptop Stand|749,1
ORD-20261001-0925,2026-10-01 11:40:15,PRIYA,Bansal,"Mumbai, Maharashtra",Sports|Yoga Mat|699, 1 
ORD-20261001-3639,01/10/2026 22:23,  Tushar ,Shah,"Vadodara, Gujarat",Sports|Football|799,1
ORD-20261001-3433,01/10/2026 21:32,  Neha ,  Solanki ,"  Delhi, Delhi ",Beauty|Lipstick|399,1
ORD-20261001-4488,01/10/2026 19:27,Reyansh,  Pawar ,"Mumbai, Maharashtra",Electronics|Smart Watch|2499,2
ORD-20261001-0836,01-10-2026 12:52,Megha,Vyas,"Chennai, Tamil Nadu",Fashion|Cotton Kurta|799,1
ORD-20261001-0345,01/10/2026 11:57,parth,patil,"coimbatore, tamil nadu",Home And Kitchen|Wall Clock|649,2
ORD-20261001-4604,2026-10-01 22:55:40,Sara,kumar,"Kolkata, West Bengal",Beauty|Hair Serum|549,1
ORD-20261001-3857,01-10-2026 09:20,Manish,verma,"Chennai, Tamil Nadu",Beauty|Hair Serum|549,
ORD-20261001-4491,2026-10-01 22:54:34,Rudra,chaudhary,"pune, maharashtra",Beauty|Sunscreen|449,2
ORD-20261001-0486,2026-10-01 18:27:27,Anjali,Patil,"Mumbai, Maharashtra",Home And Kitchen|Non Stick Pan|1099,3
ORD-20261001-2405,2026-10-01 20:58:37,Rajesh,Saxena,"Bengaluru, Karnataka",Sports|Skipping Rope|199,4
ORD-20261001-2087,2026-10-01 19:48:08,  Nisha ,Parmar,"Vadodara, Gujarat",Sports|Dumbbell Set|1899,2
ORD-20261001-4243,01/10/2026 09:02,Sara,Modi,"Delhi, Delhi",Home And Kitchen|Storage Box|299,2.0
ORD-20261001-0663,01-10-2026 13:40,,khanna,"  Mumbai, Maharashtra ",Home And Kitchen|Wall Clock|649,2
ORD-20261001-1477,2026-10-01 15:39:33,Mansi,Desai,"MUMBAI, MAHARASHTRA",Home And Kitchen|Steel Water Bottle|399,1
ORD-20261001-4117,01/10/2026 18:11,simran,Chauhan,"pune, maharashtra",Electronics|Wireless Earbuds|1299,4
ORD-20261001-3837,01/10/2026 19:39,Hetal,Bhatt,"Hyderabad, Telangana",Sports|Yoga Mat|699,1
ORD-20261001-0014,01/10/2026 20:51,Tushar,Tiwari,"CHENNAI, TAMIL NADU",Home And Kitchen|Non Stick Pan|1099,6
ORD-20261001-4382,2026-10-01 11:14:00,Pranav,Das,"  Bengaluru, Karnataka ",Beauty|Hair Serum|549,2
ORD-20261001-3919,01/10/2026 07:33,Tanvi,Sharma,"Surat, Gujarat",Electronics|Bluetooth Speaker|1799,2
ORD-20261001-3692,01/10/2026 07:21,MYRA,Rao,"Ahmedabad, Gujarat",Electronics|Power Bank|899,2
ORD-20261001-1824,01/10/2026 18:01,Payal,Kalavadia,"pune, maharashtra",Home And Kitchen|Steel Water Bottle|399,1.0
ORD-20261001-0225,01/10/2026 12:31,aanya,modi,"  Bengaluru, Karnataka ",Home And Kitchen|Bedsheet Set|1499,1
ORD-20261001-1224,2026-10-01 21:50:29,Rajesh,Ghosh,"Pune, Maharashtra",Fashion|Sunglasses|999,1
ORD-20261001-0807,01/10/2026 11:38,Sara,Saxena,"Kolkata, West Bengal",,1
ORD-20261001-3920,2026-10-01 10:02:55,Vikas,Parmar,"hyderabad, telangana",Fashion|Sunglasses|999,1
ORD-20261001-4246,2026-10-01 15:49:56,Sai,nair,"Chennai, Tamil Nadu",Home And Kitchen|Steel Water Bottle|399,1
ORD-20261001-4511,2026-10-01 16:10:59,divya,Sinha,"Chennai, Tamil Nadu",Electronics|Smart Watch|2499,1
ORD-20261001-2211,2026-10-01 21:18:25,ananya,YADAV,"mumbai, maharashtra",Beauty|Face Wash|249,1
ORD-20261001-4846,2026-10-01 10:22:44,Riya,PATIL,"bengaluru, karnataka",Beauty|Lipstick|399,2
ORD-20261001-3972,2026-10-01 20:22:04,ayaan,Joshi,"Kolkata, West Bengal",Beauty|Sunscreen|449,2
ORD-20261001-1264,2026-10-01 16:06:53,Ritu,Das,"bengaluru, karnataka",Electronics|Power Bank|899,4
ORD-20261001-3810,01/10/2026 15:30,Karan,Bhatt,"bengaluru, karnataka",Electronics|Wireless Earbuds|1299,1
ORD-20261001-2226,01/10/2026 14:01,Bhavna,Shah,"Bengaluru, Karnataka",Electronics|Wireless Earbuds|1299,1
ORD-20261001-4661,2026-10-01 05:34:46,anika,Parmar,"lucknow, uttar pradesh",Home And Kitchen|Wall Clock|649, 2 
ORD-20261001-0625,01/10/2026 07:01,null,Mehta,"Bengaluru, Karnataka",Electronics|Power Bank|899,2
ORD-20261001-2852,01/10/2026 14:17,,Modi,"Pune, Maharashtra",Electronics|Smart Watch|2499,5
ORD-20261001-4568,01-10-2026 02:51,Palak,kumar,"Bengaluru, Karnataka",Electronics|Laptop Stand|749,2
ORD-20261001-3060,01/10/2026 20:12,tushar,Modi,"Coimbatore, Tamil Nadu",Home And Kitchen|Storage Box|299,1
ORD-20261001-2020,01-10-2026 13:01,nisha,mishra,"Hyderabad, Telangana",Home And Kitchen|Steel Water Bottle|399,2
ORD-20261001-1428,01/10/2026 18:36,Rajesh,  Malhotra ,"bengaluru, karnataka",Electronics|Wireless Earbuds|1299,1
ORD-20261001-2227,2026-10-01 17:57:34,Sara,Kalavadia,"Bengaluru, Karnataka",Electronics|Bluetooth Speaker|1799,1
ORD-20261001-3648,01/10/2026 08:12,Rajesh,  Bose ,"SURAT, GUJARAT",Electronics|Laptop Stand|749,4
ORD-20261001-3164,2026-10-01 18:15:26,Tanvi,Parmar,"bengaluru, karnataka",Electronics|Smart Watch|2499,1
ORD-20261001-1268,01-10-2026 21:28,Aarav,Chauhan,"Delhi, Delhi",Fashion|Cotton Kurta|799,3
ORD-20261001-1827,01/10/2026 20:45,Deepak,Khanna,"kolkata, west bengal",Home And Kitchen|Storage Box|299,1
ORD-20261001-4642,2026-10-01 12:28:03,  Pari ,Kulkarni,"Jaipur, Rajasthan",Fashion|Leather Wallet|499, 4 
ORD-20261001-0257,01/10/2026 19:08,Ayaan,Pawar,"  Chennai, Tamil Nadu ",Fashion|Cotton Kurta|799,5
ORD-20261001-4184,01/10/2026 14:53,megha,BANSAL,"Chennai, Tamil Nadu",Electronics|Bluetooth Speaker|1799,1
ORD-20261001-0748,01-10-2026 06:43,,KUMAR,"Kolkata, West Bengal",Fashion|Sunglasses|999,0
ORD-20261001-4007,01-10-2026 23:40,  Swati ,Malhotra,"Bengaluru, Karnataka",Electronics|Laptop Stand|749,2.0
ORD-20261001-3500,01-10-2026 23:58,Swati,Agarwal,"Delhi, Delhi",Electronics|Power Bank|899,1
ORD-20261001-2738,2026-10-01 18:23:24,Dhwani,Kapoor,"Chennai, Tamil Nadu",Fashion|Cotton Kurta|799,3
ORD-20261001-1283,31/02/2026 21:47,ayaan,,"Lucknow, Uttar Pradesh",Electronics|Laptop Stand|749,3
ORD-20261001-0953,2026-10-01 12:41:55,advik,sharma,"Pune, Maharashtra",Fashion|Denim Jeans|1199,2
ORD-20261001-3628,01/10/2026 00:53,  Kunal ,Pawar,"Mumbai, Maharashtra",Home And Kitchen|Bedsheet Set|1499,4
ORD-20261001-3366,2026-10-01 14:27:23,Simran,Kulkarni,"kolkata, west bengal",Beauty|Perfume|1299,1
ORD-20261001-3311,01-10-2026 09:53,Komal,Mishra,"Delhi, Delhi",Fashion|Running Shoes|2199,1
ORD-20261001-1014,01/10/2026 18:05,Aditya,Kumar,,Beauty|Face Wash|249,2
ORD-20261001-2649,2026-10-01 21:41:47,Krupa,Yadav,"Mysuru, Karnataka",Sports|Football|799,1
ORD-20261001-2509,2026-10-01 19:17:43,nidhi,Patel,"Bengaluru, Karnataka",Home And Kitchen|Storage Box|299,3
ORD-20261001-2730,2026-10-01 18:53:38,VIHAAN,RATHOD,"Mumbai, Maharashtra",Fashion|Cotton Kurta|799,1
ORD-20261001-2595,01/10/2026 08:50,  Vihaan ,patil,"Kolkata, West Bengal",Home And Kitchen|Bedsheet Set|1499,1
ORD-20261001-4402,01/10/2026 20:53,  Priya ,  Malhotra ,"Mumbai, Maharashtra",Beauty|Sunscreen|449,1.0
ORD-20261001-2450,01/10/2026 18:00,Myra,Trivedi,"jaipur, rajasthan",Home And Kitchen|Non Stick Pan|1099,1
ORD-20261001-0917,01/10/2026 13:31,YASH,menon,"Kolkata, West Bengal",Electronics|Laptop Stand|749,1
ORD-20261001-0363,01-10-2026 22:10,Priya,  Solanki ,"Surat, Gujarat",Home And Kitchen|Steel Water Bottle|399,-3
ORD-20261001-1613,30/02/2026 15:44,Kavya,DESAI,"Jaipur, Rajasthan",Beauty|Lipstick|399,
ORD-20261001-4173,01/10/2026 02:30,Aarav,Das,"hyderabad, telangana",Home And Kitchen|Bedsheet Set|1499,0
ORD-20261001-3422,01-10-2026 19:33,Shreya,kalavadia,"  Surat, Gujarat ",Sports|Football|799,2
ORD-20261001-4549,2026-10-01 22:38:38,Arjun,PILLAI,"  Chennai, Tamil Nadu ",Home And Kitchen|Bedsheet Set|1499,2
ORD-20261001-3440,01/10/2026 16:27,divya,Gupta,"Bengaluru, Karnataka",Fashion|Running Shoes|2199,1
ORD-20261001-2501,01/10/2026 16:27,  Kunal ,Bhatt,"Hyderabad, Telangana",Fashion|Sunglasses|999,2
ORD-20261001-0878,01/10/2026 16:24,parth,Tiwari,"Kolkata, West Bengal",Beauty|Perfume|1299,1
ORD-20261001-3790,2026-10-01 23:58:02,palak,Khanna,"Pune, Maharashtra",Beauty|Perfume|1299,4
ORD-20261001-3233,01-10-2026 15:55,Simran,Solanki,"Delhi, Delhi",Home And Kitchen|Bedsheet Set|1499,3
ORD-20261001-3598,01/10/2026 09:38,  Kabir ,desai,"Jaipur, Rajasthan",Fashion|Cotton Kurta|799,2
ORD-20261001-2608,01/10/2026 21:35,Karan,,"Bengaluru, Karnataka",Electronics|Wireless Earbuds|1299,1
ORD-20261001-4155,2026-10-01 19:14:14,Anjali,rathod,"hyderabad, telangana",Electronics|Laptop Stand|749,2
ORD-20261001-1292,01/10/2026 20:56,rahul,  Patil ,"  Mumbai, Maharashtra ",Electronics|Power Bank|899,-2
ORD-20261001-3021,01/10/2026 12:45,Saanvi,  Iyer ,"Chennai, Tamil Nadu",Beauty|Sunscreen|449,2
ORD-20261001-2752,2026-10-01 17:19:17,Ritu,kalavadia,"Bengaluru, Karnataka",Fashion|Cotton Kurta|799,1
ORD-20261001-2451,01/10/2026 18:16,Hetal,Dubey,"Delhi, Delhi",Electronics|Power Bank|899,1
ORD-20261001-0859,2026-10-01 13:06:35,Hetal,menon,"Delhi, Delhi",Home And Kitchen|Bedsheet Set|1499,5
ORD-20261001-4225,2026-10-01 19:15:20,rajesh,DESAI,"MUMBAI, MAHARASHTRA",Home And Kitchen|Bedsheet Set|1499,2
ORD-20261001-2922,01-10-2026 18:25,Tushar,Menon,"Bengaluru, Karnataka",Electronics|Smart Watch|2499, 1 
ORD-20261001-2690,01/10/2026 11:48,Riya,yadav,"mumbai, maharashtra",Sports|Football|799,6
ORD-20261001-4808,2026-10-01 07:42:03,tushar,yadav,"lucknow, uttar pradesh",Sports|Cricket Bat|1599,3
ORD-20261001-0980,01/10/2026 13:23,Jay,Dubey,"Vadodara, Gujarat",Electronics|Wireless Earbuds|1299,2
ORD-20261001-2228,01-10-2026 21:40,Aarav,Thakkar,"BENGALURU, KARNATAKA",Electronics|Power Bank|899,4
ORD-20261001-4316,2026-10-01 23:05:42,DIVYA,Yadav,"Mumbai, Maharashtra",Sports|Cricket Bat|1599,2
ORD-20261001-0093,2026-10-01 18:57:10,Dhruv,Chopra,"  Ahmedabad, Gujarat ",Beauty|Face Wash|249,one
ORD-20261001-3299,01/10/2026 09:06,Reyansh,MODI,"Chennai, Tamil Nadu",Sports|Yoga Mat|699,3
ORD-20261001-3405,01/10/2026 10:29,ISHA,Reddy,"Delhi, Delhi",Beauty|Lipstick|399,5
ORD-20261001-2614,2026-10-01 17:54:26,Hetal,Menon,"Delhi, Delhi",Fashion|Denim Jeans|1199,2
ORD-20261001-3390,01/10/2026 10:30,Anjali,  Singh ,,Home And Kitchen|Non Stick Pan|1099,2
ORD-20261001-4648,01/10/2026 17:50,Atharv,VERMA,"mumbai, maharashtra",Electronics|Power Bank|899,1
ORD-20261001-2564,2026-10-01 21:15:47,Aarav,menon,"Lucknow, Uttar Pradesh",Home And Kitchen|Bedsheet Set|1499,4
ORD-20261001-1519,2026-10-01 21:46:58,Priya,thakkar,"Bengaluru, Karnataka",Home And Kitchen|Storage Box|299,3
ORD-20261001-3707,01/10/2026 18:04,Manish,Parmar,,Home And Kitchen|Wall Clock|649,3
ORD-20261001-0758,2026-10-01 10:19:50,Ritu,Chaudhary,"surat, gujarat",Electronics|Wireless Earbuds|1299, 2 
ORD-20261001-3232,01-10-2026 13:36,Janvi,Patil,"  Mumbai, Maharashtra ",Electronics|Laptop Stand|749,1
ORD-20261001-2493,01/10/2026 22:11,Aditya,MISHRA,"DELHI, DELHI",Beauty|Sunscreen|449,1
ORD-20261001-1239,2026-10-01 17:06:24,Kriti,Kulkarni,"  Pune, Maharashtra ",Fashion|Sunglasses|999,0
ORD-20261001-4089,2026-10-01 21:40:35,Dhruv,KHANNA,"Delhi, Delhi",Beauty|Sunscreen|449,2
ORD-20261001-3040,01/10/2026 10:23,Ritu,  Vyas ,"  Pune, Maharashtra ",Beauty|Perfume|1299,
ORD-20261001-3829,01/10/2026 11:05,Tanvi,Chaudhary,"Delhi, Delhi",Electronics|Bluetooth Speaker|1799, 2 
ORD-20261001-4515,2026-10-01 15:38:19,rohan,Iyer,,Home And Kitchen|Bedsheet Set|1499, 1 
ORD-20261001-0360,01-10-2026 12:14,manish,Pillai,"Pune, Maharashtra",Sports|Dumbbell Set|1899,1
ORD-20261001-4068,01-10-2026 20:13,Manish,kapoor,"Lucknow, Uttar Pradesh",Sports|Yoga Mat|699,1
ORD-20261001-1078,01/10/2026 15:03,Navya,,"Delhi, Delhi",Fashion|Cotton Kurta|799,4
ORD-20261001-3381,2026-10-01 16:31:55,Hetal,Kumar,"kolkata, west bengal",Sports|Cricket Bat|1599,4
ORD-20261001-2220,01/10/2026 15:31,Krishna,Trivedi,"Chennai, Tamil Nadu",Home And Kitchen|Non Stick Pan|1099,2
ORD-20261001-1154,01/10/2026 19:13,Parth,Agarwal,"Surat, Gujarat",Electronics|Wireless Earbuds|1299,1
ORD-20261001-0763,2026-10-01 21:42:47,vihaan,Bose,"  Jaipur, Rajasthan ",Electronics|Laptop Stand|749,1
ORD-20261001-3670,01/10/2026 13:31,Bhavna,pillai,"Hyderabad, Telangana",Beauty|Sunscreen|449, 1 
ORD-20261001-2777,2026-10-01 16:59:04,Pooja,kalavadia,"Surat, Gujarat",Fashion|Running Shoes|2199,1
ORD-20261001-4085,01/10/2026 12:34,Kavya,Mukherjee,"Pune, Maharashtra",Beauty|Perfume|1299,1
ORD-20261001-1213,01/10/2026 16:37,Ritu,SRIVASTAVA,"Vadodara, Gujarat",Electronics|Wireless Earbuds|1299,2
ORD-20261001-1830,2026-10-01 11:36:24,vihaan,pawar,"  Mumbai, Maharashtra ",Electronics|Bluetooth Speaker|1799,1
ORD-20261001-2758,01/10/2026 23:02,nidhi,pillai,"Pune, Maharashtra",Electronics|Bluetooth Speaker|1799,1
ORD-20261001-1624,01/10/2026 15:26,  Roshni ,SHAH,"Kolkata, West Bengal",Beauty|Face Wash|249,1
ORD-20261001-1786,2026-10-01 12:02:01,Janvi,Menon,"Chennai, Tamil Nadu",Fashion|Leather Wallet|499,2
ORD-20261001-3991,2026-10-01 14:54:52,Roshni,SHARMA,"Ahmedabad, Gujarat",Home And Kitchen|Non Stick Pan|1099,2
ORD-20261001-1241,01-10-2026 19:18,Navya,Tiwari,"  Pune, Maharashtra ",Fashion|Running Shoes|2199,5
ORD-20261001-1673,01/10/2026 11:29,Neel,Mishra,"Bengaluru, Karnataka",Home And Kitchen|Non Stick Pan|1099,1
ORD-20261001-4645,01-10-2026 11:43,tushar,Tiwari,"Chennai, Tamil Nadu",Home And Kitchen|Wall Clock|649,
ORD-20261001-2786,2026-10-01 09:10:51,Palak,Shah,"  Mumbai, Maharashtra ",Fashion|Leather Wallet|499,
ORD-20261001-1165,2026-10-01 13:01:05,Anika,Modi,"Delhi, Delhi",Beauty|Face Wash|249,1
ORD-20261001-4163,01/10/2026 09:58,bhavna,MODI,"  Chennai, Tamil Nadu ",Sports|Football|799,4
ORD-20261001-4188,01/10/2026 22:58,Karan,Nair,"Bengaluru, Karnataka",Beauty|Face Wash|249,1
ORD-20261001-0174,2026-10-01 22:11:25,Kabir,Nair,,Home And Kitchen|Steel Water Bottle|399,2
ORD-20261001-0928,01/10/2026 00:53,aditi,Bhatt,"KOLKATA, WEST BENGAL",Home And Kitchen|Non Stick Pan|1099,1
ORD-20261001-3464,01-10-2026 13:58,Payal,Ghosh,"bengaluru, karnataka",Electronics|Smart Watch|2499,1.0
ORD-20261001-4405,2026-10-01 17:19:50,Bhavna,VERMA,"Pune, Maharashtra",Electronics|Smart Watch|2499,1.0
ORD-20261001-1795,2026-10-01 06:40:40,Nisha,Nair,"Bengaluru, Karnataka",Fashion|Running Shoes|2199,4
ORD-20261001-2053,2026-10-01 18:06:35,aadhya,SOLANKI,"Jaipur, Rajasthan",Fashion|Leather Wallet|499,5
ORD-20261001-0519,01-10-2026 11:57,Tanvi,,"bengaluru, karnataka",Home And Kitchen|Steel Water Bottle|399,3
ORD-20261001-3746,2026-10-01 22:41:58,tushar,KUMAR,"Mumbai, Maharashtra",Fashion|Running Shoes|2199,4
ORD-20261001-1084,2026-10-01 14:05:02,Khushi,Bhatt,"Bengaluru, Karnataka",Fashion|Cotton Kurta|799,1
ORD-20261001-1184,01/10/2026 03:59,Hetal,Singh,"Pune, Maharashtra",Electronics|Bluetooth Speaker|1799,1
ORD-20261001-3906,2026-10-01 19:43:40,Palak,Rao,"Jaipur, Rajasthan",Home And Kitchen|Steel Water Bottle|399,2
ORD-20261001-0733,01/10/2026 13:41,  Deepak ,Patil,"Bengaluru, Karnataka",Sports|Cricket Bat|1599,4
ORD-20261001-1812,01/10/2026 23:50,Rahul,pandya,"VADODARA, GUJARAT",Electronics|Smart Watch|2499,1
ORD-20261001-1025,2026-10-01 11:09:11,Divya,Desai,"nagpur, maharashtra",Home And Kitchen|Bedsheet Set|1499,1
ORD-20261001-0064,2026-10-01 11:07:27,Varun,  Solanki ,"Pune, Maharashtra",Electronics|Smart Watch|2499,2
ORD-20261001-4189,01/10/2026 22:47,  Pranav ,,,Home And Kitchen|Steel Water Bottle|399,1
ORD-20261001-1210,01-10-2026 16:59,  Kriti ,srivastava,"Hyderabad, Telangana",Home And Kitchen|Wall Clock|649,
ORD-20261001-3469,2026-10-01 14:14:17,Mihir,Patil,"Mysuru, Karnataka",Sports|Yoga Mat|699,1
ORD-20261001-2252,01-10-2026 20:50,SNEHA,Dubey,"Nagpur, Maharashtra",Home And Kitchen|Steel Water Bottle|399,1
ORD-20261001-2813,01/10/2026 11:32,  Vikas ,iyer,"SURAT, GUJARAT",Fashion|Denim Jeans|1199,1
ORD-20261001-2266,2026-10-01 14:35:37,Nisha,khanna,"Delhi, Delhi",Beauty|Face Wash|249,1
ORD-20261001-1426,01/10/2026 11:34,Ritu,Kapoor,,Beauty|Lipstick|399,3
ORD-20261001-4802,01/10/2026 16:35,Ayaan,Jain,"  Delhi, Delhi ",Electronics|Laptop Stand|749,1
ORD-20261001-1555,2026-10-01 10:22:14,hetal,Nair,"Ahmedabad, Gujarat",Sports|Dumbbell Set|1899,1
ORD-20261001-3826,2026-10-01 18:55:51,neel,Agarwal,"Delhi, Delhi",Home And Kitchen|Bedsheet Set|1499,3
ORD-20261001-2042,01-10-2026 19:42,rahul,JAIN,"AHMEDABAD, GUJARAT",Electronics|Bluetooth Speaker|1799,0
ORD-20261001-4495,01/10/2026 20:17,Karan,Kulkarni,"Bengaluru, Karnataka",Electronics|Wireless Earbuds|1299,1
ORD-20261001-4593,2026-10-01 11:59:29,NAVYA,Mukherjee,N/A,Fashion|Cotton Kurta|799,2
ORD-20261001-2919,2026-10-01 20:06:28,Nisha,khanna,"Delhi, Delhi",Home And Kitchen|Wall Clock|649,2
ORD-20261001-3515,01/10/2026 03:37,Yash,Rao,"bengaluru, karnataka",Fashion|Running Shoes|2199,4
ORD-20261001-3143,01-10-2026 08:01,Reyansh,mukherjee,"Nagpur, Maharashtra",Fashion|Running Shoes|2199, 1 
ORD-20261001-1254,2026-10-01 12:17:33,Aditi,patil,"PUNE, MAHARASHTRA",Home And Kitchen|Storage Box|299,1
ORD-20261001-1957,01/10/2026 18:27,Divya,  Patil ,"Mysuru, Karnataka",, 1 
ORD-20261001-3876,2026-10-01 10:20:58,Shreya,  Arora ,"delhi, delhi",Fashion|Running Shoes|2199, 2 
ORD-20261001-2829,2026-10-01 19:47:35,Rahul,Patil,"Mumbai, Maharashtra",,1
ORD-20261001-2473,2026-10-01 08:39:40,Vivaan,  Joshi ,"  Jaipur, Rajasthan ",Sports|Dumbbell Set|1899,2
ORD-20261001-3151,01/10/2026 04:03,  Shaurya ,rathod,"lucknow, uttar pradesh",Home And Kitchen|Bedsheet Set|1499,4
ORD-20261001-4324,01/10/2026 19:21,Krishna,Yadav,"bengaluru, karnataka",Beauty|Perfume|1299,2
ORD-20261001-0781,01/10/2026 19:48,Dev,Rao,"BENGALURU, KARNATAKA",Electronics|Power Bank|899,1
ORD-20261001-3981,01/10/2026 21:45,Kavya,  Modi ,"Vadodara, Gujarat",Beauty|Hair Serum|549,2
ORD-20261001-3157,2026-10-01 10:20:14,Karan,verma,"Chennai, Tamil Nadu",Beauty|Face Wash|249,1
ORD-20261001-0245,01-10-2026 21:53,  Neel ,Kapoor,"ahmedabad, gujarat",Beauty|Perfume|1299,1
ORD-20261001-1745,01/10/2026 03:53,Atharv,Vyas,"nagpur, maharashtra",Home And Kitchen|Steel Water Bottle|399,1.0
ORD-20261001-3478,01/10/2026 10:28,Vivaan,MODI,"Vadodara, Gujarat",Home And Kitchen|Bedsheet Set|1499,2
ORD-20261001-0462,01/10/2026 20:12,RAJESH,Kapoor,"JAIPUR, RAJASTHAN",Electronics|Bluetooth Speaker|1799,3
ORD-20261001-4270,01-10-2026 20:24,Divya,Malhotra,"Delhi, Delhi",Electronics|Bluetooth Speaker|1799, 1 
,01/10/2026 19:58,Shreya,sharma,"kolkata, west bengal",Beauty|Lipstick|399,1
ORD-20261001-1280,01-10-2026 16:09,,Sinha,"Nagpur, Maharashtra",Beauty|Perfume|1299,1
ORD-20261001-4590,01-10-2026 19:36,Simran,Jain,"vadodara, gujarat",Fashion|Sunglasses|999, 1 
ORD-20261001-0721,01/10/2026 10:37,NAVYA,Das,"Delhi, Delhi",Fashion|Denim Jeans|1199,1
ORD-20261001-3333,01/10/2026 22:26,Kavya,Jain,"Chennai, Tamil Nadu",Beauty|Hair Serum|549,2
ORD-20261001-3072,01/10/2026 12:44,Janvi,MEHTA,"Mumbai, Maharashtra",Fashion|Denim Jeans|1199,2
ORD-20261001-0231,01/10/2026 18:19,pari,Modi,"Chennai, Tamil Nadu",Fashion|Sunglasses|999,1
ORD-20261001-2128,01/10/2026 13:51,Komal,Mehta,"Delhi, Delhi",Fashion|Leather Wallet|499,1
ORD-20261001-3046,2026-10-01 22:08:22,NIDHI,Nair,"Mysuru, Karnataka",Fashion|Leather Wallet|499, 2 
ORD-20261001-2661,01/10/2026 18:42,Ritu,Patel,"Jaipur, Rajasthan",Electronics|Power Bank|899,1
ORD-20261001-1497,01-10-2026 09:00,Saanvi,desai,"  Bengaluru, Karnataka ",Beauty|Perfume|1299,1
ORD-20261001-3954,01/10/2026 13:03,dhwani,Mehta,"  Bengaluru, Karnataka ",Electronics|Wireless Earbuds|1299,1
ORD-20261001-4161,2026-10-01 21:27:00,Ritu,Mehta,"kolkata, west bengal",Fashion|Cotton Kurta|799,1
ORD-20261001-1871,01/10/2026 12:15,  Mansi ,Solanki,,Electronics|Bluetooth Speaker|1799,2
ORD-20261001-1892,2026-10-01 18:45:54,Mihir,Vyas,"Ahmedabad, Gujarat",Electronics|Wireless Earbuds|1299,1
ORD-20261001-4582,2026-10-01 22:13:16,riya,Trivedi,,Electronics|Smart Watch|2499,1
ORD-20261001-0357,01-10-2026 23:42,Bhavna,Tiwari,"Kolkata, West Bengal",Beauty|Sunscreen|449,4.0
ORD-20261001-0097,2026-10-01 13:55:03,Hetal,Saxena,"Kolkata, West Bengal",Beauty|Sunscreen|449,1
,01/10/2026 14:05,Ananya,khanna,"mysuru, karnataka",Home And Kitchen|Non Stick Pan|1099,1
ORD-20261001-1368,01/10/2026 19:50,Sneha,Saxena,"Delhi, Delhi",Beauty|Sunscreen|449,3
ORD-20261001-4015,2026-10-01 20:02:59,simran,mishra,"LUCKNOW, UTTAR PRADESH",Home And Kitchen|Storage Box|299,2
ORD-20261001-4649,2026-10-01 21:48:03,Divya,KUMAR,"Mysuru, Karnataka",Sports|Cricket Bat|1599,6
ORD-20261001-2725,2026-10-01 09:48:12,Yash,Rao,"Hyderabad, Telangana",Electronics|Wireless Earbuds|1299,1
ORD-20261001-2654,2026-10-01 09:03:21,PARTH,AGARWAL,"vadodara, gujarat",Home And Kitchen|Non Stick Pan|1099,5
ORD-20261001-3677,01/10/2026 23:34,Pari,  Agarwal ,"Vadodara, Gujarat",Beauty|Lipstick|399,1
ORD-20261001-2744,2026-10-01 16:58:05,Khushi,Bansal,"  Hyderabad, Telangana ",Fashion|Denim Jeans|1199,2
ORD-20261001-0238,,Aarav,Shah,"Lucknow, Uttar Pradesh",Fashion|Cotton Kurta|799,4
ORD-20261001-0609,01/10/2026 06:47,Aryan,Mishra,"Ahmedabad, Gujarat",Beauty|Perfume|1299,1
ORD-20261001-0694,2026-10-01 13:22:28,vivaan,Malhotra,"  Jaipur, Rajasthan ",Home And Kitchen|Bedsheet Set|1499,2
ORD-20261001-4290,01/10/2026 22:08,Payal,Rao,"Bengaluru, Karnataka",Home And Kitchen|Storage Box|299,1
ORD-20261001-4522,2026-10-01 14:13:48,Mihir,menon,"lucknow, uttar pradesh",Fashion|Leather Wallet|499,2
ORD-20261001-3519,2026-10-01 07:38:15,Palak,Patel,"Chennai, Tamil Nadu",Beauty|Hair Serum|549,1
ORD-20261001-2551,01/10/2026 10:17,Arjun,Mukherjee,"jaipur, rajasthan",Home And Kitchen|Wall Clock|649,4
ORD-20261001-4815,01/10/2026 14:32,Aditi,  Pawar ,"Nagpur, Maharashtra",Home And Kitchen|Bedsheet Set|1499,1
ORD-20261001-3013,31/02/2026 23:19,navya,srivastava,,Fashion|Running Shoes|2199,1
ORD-20261001-3161,01/10/2026 07:49,PRANAV,Das,"Bengaluru, Karnataka",Electronics|Power Bank|899,1
ORD-20261001-3809,01/10/2025 20:50,Deepak,Rathod,"Mumbai, Maharashtra",Fashion|Cotton Kurta|799,
ORD-20261001-2658,,Pari,  Mehta ,N/A,Fashion|Cotton Kurta|799,2
ORD-20261001-2091,01/10/2026 09:44,  Roshni ,Iyer,"Bengaluru, Karnataka",Fashion|Cotton Kurta|799,2
ORD-20261001-3465,01/10/2026 16:25,Tanvi,Patil,"hyderabad, telangana",Fashion|Cotton Kurta|799,4
ORD-20261001-3914,01/10/2026 06:34,karan,,"Jaipur, Rajasthan",Home And Kitchen|Storage Box|299,2
ORD-20261001-3308,01/10/2026 19:20,Advik,Trivedi,"hyderabad, telangana",Fashion|Running Shoes|2199,1
ORD-20261001-0777,01/10/2026 12:12,Pari,  Ghosh ,"Lucknow, Uttar Pradesh",Electronics|Bluetooth Speaker|1799,2
ORD-20261001-0193,01/10/2026 18:51,Harsh,Bansal,"AHMEDABAD, GUJARAT",Electronics|Bluetooth Speaker|1799,3
ORD-20261001-0753,01/10/2026 12:27,Om,tiwari,"mumbai, maharashtra",Sports|Cricket Bat|1599,1
ORD-20261001-3647,01/10/2026 07:10,Dhwani,Rao,"Pune, Maharashtra",Electronics|Wireless Earbuds|1299,1
ORD-20261001-0283,2026-10-01 22:00:55,Anjali,PILLAI,"Nagpur, Maharashtra",Beauty|Hair Serum|549,1
ORD-20261001-0616,01/10/2026 11:46,Aadhya,Desai,"Mysuru, Karnataka",Home And Kitchen|Non Stick Pan|1099,5
ORD-20261001-3944,01/10/2026 23:40,sara,PANDYA,"  Coimbatore, Tamil Nadu ",Home And Kitchen|Steel Water Bottle|399,1
ORD-20261001-3808,01/10/2026 19:58,Om,desai,"mysuru, karnataka",Electronics|Wireless Earbuds|1299,1
ORD-20261001-2181,01/10/2026 07:26,  Harsh ,khanna,"mumbai, maharashtra",Fashion|Leather Wallet|499,1
ORD-20261001-3270,30/02/2026 08:13,Tanvi,Singh,"Pune, Maharashtra",Electronics|Power Bank|899,2
ORD-20261001-0047,01/10/2026 22:27,Aarav,Pillai,"lucknow, uttar pradesh",Fashion|Denim Jeans|1199,3
ORD-20261001-1901,01/10/2026 19:06,Krupa,Mukherjee,"Pune, Maharashtra",Sports|Football|799,1
ORD-20261001-1608,01/10/2026 19:54,AADHYA,JAIN,"Mysuru, Karnataka",Electronics|Power Bank|899,4
ORD-20261001-0628,2026-10-01 22:11:28,vikas,Modi,"delhi, delhi",,3
ORD-20261001-3015,2026-10-01 12:31:06,  Amit ,Das,"Lucknow, Uttar Pradesh",Fashion|Leather Wallet|499,3
ORD-20261001-4804,2026-10-01 15:05:20,Divya,bansal,"Surat, Gujarat",Home And Kitchen|Non Stick Pan|1099,2
ORD-20261001-3394,2026-10-01 21:30:03,Tanvi,kumar,"ahmedabad, gujarat",Beauty|Hair Serum|549,2
ORD-20261001-2427,2026-10-01 22:55:50,Anika,Joshi,"Surat, Gujarat",Fashion|Cotton Kurta|799,2
ORD-20261001-2274,01/10/2026 19:27,PRIYA,Dubey,"Mumbai, Maharashtra",Home And Kitchen|Wall Clock|649,4
ORD-20261001-2508,01/10/2026 09:47,Krupa,tiwari,"Pune, Maharashtra",Electronics|Smart Watch|2499,1
ORD-20261001-3854,01/10/2026 21:53,Bhavna,  Kalavadia ,"bengaluru, karnataka",Home And Kitchen|Steel Water Bottle|399,2
ORD-20261001-4624,01/10/2026 12:34,Tanvi,Solanki,"Surat, Gujarat",Home And Kitchen|Wall Clock|649,2
ORD-20261001-4132,2026-10-01 18:05:33,Manish,  Reddy ,"Surat, Gujarat",Fashion|Leather Wallet|499, 1 
ORD-20261001-0190,2026-10-01 15:52:07,  Vihaan ,Rathod,"Bengaluru, Karnataka",Fashion|Leather Wallet|499,1
ORD-20261001-1319,2026-10-01 22:02:52,aanya,  Kapoor ,"Surat, Gujarat",Home And Kitchen|Non Stick Pan|1099,1
ORD-20261001-1667,2026-10-01 21:43:59,  Tushar ,parmar,"chennai, tamil nadu",Electronics|Laptop Stand|749,1.0
ORD-20261001-2722,2026-10-01 11:42:02,Kabir,Pillai,"Surat, Gujarat",Beauty|Face Wash|249, 1 
ORD-20261001-2059,01/10/2026 14:08,roshni,Dubey,"CHENNAI, TAMIL NADU",Fashion|Running Shoes|2199,3
ORD-20261001-2284,01-10-2026 22:14,Rajesh,Verma,"Kolkata, West Bengal",Electronics|Power Bank|899,1
ORD-20261001-3745,01/10/2026 20:28,Pari,Kulkarni,"Jaipur, Rajasthan",Fashion|Cotton Kurta|799, 1 
ORD-20261001-2304,01/10/2026 20:38,Ananya,Thakkar,"Jaipur, Rajasthan",Electronics|Bluetooth Speaker|1799,1
ORD-20261001-0576,01-10-2026 21:09,nisha,Vyas,"  Delhi, Delhi ",Electronics|Wireless Earbuds|1299,2
ORD-20261001-2834,31/02/2026 11:13,Gaurav,IYER,"Mumbai, Maharashtra",Home And Kitchen|Storage Box|299,2
ORD-20261001-3975,2026-10-01 20:01:03,  Nisha ,Malhotra,"chennai, tamil nadu",Electronics|Power Bank|899,4.0
ORD-20261001-2005,01/10/2026 14:04,Dev,reddy,"Coimbatore, Tamil Nadu",Sports|Dumbbell Set|1899,3
ORD-20261001-0111,01/10/2026 12:37,sara,Yadav,"Bengaluru, Karnataka",Fashion|Leather Wallet|499,1
ORD-20261001-2444,2026-10-01 16:41:24,Bhavna,pandya,"Chennai, Tamil Nadu",Beauty|Face Wash|249,1
ORD-20261001-1547,01/10/2026 09:31,Aanya,PILLAI,"Hyderabad, Telangana",Home And Kitchen|Storage Box|299,2
ORD-20261001-0549,01/10/2026 13:17,Myra,Pawar,"Nagpur, Maharashtra",Sports|Skipping Rope|199,2
ORD-20261001-4214,01/10/2026 12:49,Saanvi,Shah,"Chennai, Tamil Nadu",Beauty|Perfume|1299,1
ORD-20261001-3094,2026-10-01 12:01:07,kunal,Dubey,"Coimbatore, Tamil Nadu",Sports|Skipping Rope|199,1
ORD-20261001-2174,01-10-2026 19:00,Riya,Gupta,"Chennai, Tamil Nadu",Beauty|Lipstick|399, 1 
ORD-20261001-1225,2026-10-01 17:19:54,Nisha,Kulkarni,"kolkata, west bengal",Home And Kitchen|Steel Water Bottle|399,6
ORD-20261001-2381,01-10-2026 22:57,Anika,Sinha,"  Mumbai, Maharashtra ",Beauty|Perfume|1299,6
ORD-20261001-2993,01-10-2026 15:23,Jay,pawar,"  Chennai, Tamil Nadu ",Fashion|Leather Wallet|499,4
ORD-20261001-0223,01/10/2026 13:09,Sai,rao,"Kolkata, West Bengal",,6
ORD-20261001-1879,2026-10-01 08:07:24,Om,Chauhan,"Mumbai, Maharashtra",Beauty|Hair Serum|549,1
ORD-20261001-2102,30/02/2026 20:42,Aditya,Srivastava,"Mumbai, Maharashtra",Sports|Skipping Rope|199,2
ORD-20261001-3267,30/02/2026 17:39,  Payal ,Dubey,"Hyderabad, Telangana",Beauty|Sunscreen|449,1
ORD-20261001-2298,01/10/2026 22:58,sara,  Chauhan ,"Mumbai, Maharashtra",Beauty|Hair Serum|549,6.0
ORD-20261001-1195,01/10/2026 19:05,  Sara ,Saxena,"Kolkata, West Bengal",Sports|Yoga Mat|699,1
ORD-20261001-0484,2026-10-01 21:48:40,Krishna,Menon,"kolkata, west bengal",Sports|Skipping Rope|199,1
ORD-20261001-0008,01/10/2026 21:07,  Dhruv ,Gupta,"Pune, Maharashtra",Sports|Football|799,3
ORD-20261001-2407,01/10/2026 19:22,rajesh,reddy,"hyderabad, telangana",Electronics|Laptop Stand|749,2
ORD-20261001-2463,01/10/2026 10:02,Anjali,,"Coimbatore, Tamil Nadu",Beauty|Perfume|1299,5
ORD-20261001-0275,01/10/2026 08:46,Rahul,Dubey,"jaipur, rajasthan",Home And Kitchen|Wall Clock|649,1
ORD-20261001-1046,01/10/2026 18:18,shreya,DESAI,"bengaluru, karnataka",Sports|Dumbbell Set|1899,1
ORD-20261001-1738,01-10-2026 20:53,Tushar,Tiwari,"kolkata, west bengal",Beauty|Hair Serum|549,3
ORD-20261001-2639,01/10/2026 20:31,Ritu,Mishra,"BENGALURU, KARNATAKA",Electronics|Laptop Stand|749,1
ORD-20261001-3791,01/10/2026 13:30,dhruv,Rao,"bengaluru, karnataka",Home And Kitchen|Storage Box|299,1
ORD-20261001-4094,2026-10-01 16:28:40,Sara,Shah,"kolkata, west bengal",Beauty|Lipstick|399,2
ORD-20261001-2172,01/10/2026 17:56,khushi,iyer,"DELHI, DELHI",Fashion|Sunglasses|999,3
ORD-20261001-2385,01-10-2026 20:11,Om,MODI,"Jaipur, Rajasthan",Home And Kitchen|Bedsheet Set|1499,1
ORD-20261001-3624,01/10/2026 19:48,Shaurya,Desai,"Ahmedabad, Gujarat",Fashion|Cotton Kurta|799,3
ORD-20261001-0877,2026-10-01 11:45:27,Divya,Agarwal,"Chennai, Tamil Nadu",Beauty|Lipstick|399,2
ORD-20261001-1461,01/10/2026 12:09,RITU,Rao,"ahmedabad, gujarat",Home And Kitchen|Steel Water Bottle|399,1
ORD-20261001-0833,2026-10-01 17:35:44,Kavya,RAO,"  Chennai, Tamil Nadu ",Fashion|Running Shoes|2199,1
ORD-20261001-3640,01/10/2026 21:27,Dev,srivastava,"Mysuru, Karnataka",Home And Kitchen|Storage Box|299,2
ORD-20261001-3958,2026-10-01 21:25:25,Nidhi,YADAV,"Coimbatore, Tamil Nadu",Fashion|Sunglasses|999,1
ORD-20261001-4836,2026-10-01 21:54:03,ROHAN,Arora,"Surat, Gujarat",Fashion|Sunglasses|999,
ORD-20261001-1117,01/10/2026 13:39,Hetal,sinha,"kolkata, west bengal",Electronics|Laptop Stand|749,4
ORD-20261001-1105,01-10-2026 17:09,Rudra,Shah,"CHENNAI, TAMIL NADU",Home And Kitchen|Bedsheet Set|1499, 3 
ORD-20261001-4074,,Ishaan,  Chaudhary ,"Kolkata, West Bengal",Sports|Skipping Rope|199,2
ORD-20261001-4145,01/10/2026 15:29,Isha,Kumar,"Hyderabad, Telangana",Beauty|Lipstick|399,1
ORD-20261001-1356,2026-10-01 07:15:14,neha,trivedi,"Vadodara, Gujarat",Fashion|Sunglasses|999,1
ORD-20261001-2273,01/10/2026 22:35,Komal,Das,"lucknow, uttar pradesh",Home And Kitchen|Wall Clock|649,1
ORD-20261001-3364,01/10/2026 14:07,Reyansh,Bansal,"Kolkata, West Bengal",Beauty|Perfume|1299,1
ORD-20261001-1416,2026-10-01 15:46:09,Anjali,dubey,"Kolkata, West Bengal",Beauty|Hair Serum|549,1
,01/10/2026 21:18,ANIKA,JOSHI,"Bengaluru, Karnataka",Home And Kitchen|Steel Water Bottle|399,3
ORD-20261001-3068,01/10/2026 20:13,Aarav,mukherjee,"Kolkata, West Bengal",Home And Kitchen|Wall Clock|649,2
ORD-20261001-3312,01/10/2026 21:34,simran,  Mehta ,"Lucknow, Uttar Pradesh",Electronics|Smart Watch|2499,2
ORD-20261001-3825,01/10/2026 11:50,Kriti,Menon,"VADODARA, GUJARAT",Electronics|Bluetooth Speaker|1799,3
ORD-20261001-2833,01-10-2026 19:58,Myra,  Sharma ,"Bengaluru, Karnataka",Home And Kitchen|Wall Clock|649,1
ORD-20261001-2379,01/10/2026 17:03,Shreya,SRIVASTAVA,"ahmedabad, gujarat",Home And Kitchen|Wall Clock|649,1
ORD-20261001-1069,01/10/2026 19:18,Gaurav,vyas,"delhi, delhi",Home And Kitchen|Wall Clock|649,6
ORD-20261001-4123,01/10/2026 17:07,RIYA,sharma,,,1
ORD-20261001-0788,01-10-2026 06:06,Sai,Modi,"Mumbai, Maharashtra",Electronics|Smart Watch|2499,1
ORD-20261001-1167,01-10-2026 12:39,Dhruv,patil,"Ahmedabad, Gujarat",Home And Kitchen|Steel Water Bottle|399,2
ORD-20261001-1430,01/10/2026 15:48,Tushar,KUMAR,"Mumbai, Maharashtra",Home And Kitchen|Storage Box|299,-2
ORD-20261001-4659,2026-10-01 09:52:16,  Varun ,,"Surat, Gujarat",Fashion|Leather Wallet|499,1
ORD-20261001-2856,2026-10-01 21:03:29,Megha,dubey,"Mumbai, Maharashtra",Beauty|Lipstick|399,3
ORD-20261001-3615,2026-10-01 11:52:32,priya,srivastava,"Chennai, Tamil Nadu",Fashion|Leather Wallet|499,3
ORD-20261001-4728,2026-10-01 19:34:43,Myra,TRIVEDI,"Mumbai, Maharashtra",Fashion|Cotton Kurta|799,1
ORD-20261001-0541,01/10/2026 13:25,Roshni,Parmar,"AHMEDABAD, GUJARAT",Fashion|Running Shoes|2199, 2 
ORD-20261001-1854,01-10-2026 23:42,Ayaan,Thakkar,"Mumbai, Maharashtra",Beauty|Perfume|1299,1
ORD-20261001-4371,2026-10-01 12:36:42,aanya,Thakkar,"SURAT, GUJARAT",Beauty|Face Wash|249,1
ORD-20261001-4342,01-10-2026 12:56,Isha,Mehta,"bengaluru, karnataka",Fashion|Running Shoes|2199,4
ORD-20261001-2618,2026-10-01 07:05:34,Aditi,Arora,"lucknow, uttar pradesh",Beauty|Sunscreen|449,4
ORD-20261001-4016,01/10/2026 13:10,Suresh,Shah,"  Nagpur, Maharashtra ",Fashion|Leather Wallet|499,1
ORD-20261001-2886,01/10/2062 15:49,Aadhya,SHARMA,"Jaipur, Rajasthan",Sports|Yoga Mat|699,1
ORD-20261001-2555,01-10-2026 13:54,nidhi,kulkarni,"Surat, Gujarat",Beauty|Face Wash|249,2
ORD-20261001-1646,01-10-2026 17:04,Varun,Solanki,"Bengaluru, Karnataka",Home And Kitchen|Wall Clock|649, 1 
ORD-20261001-4029,2026-10-01 09:48:02,tanvi,Mishra,"Hyderabad, Telangana",Home And Kitchen|Wall Clock|649,1
ORD-20261001-1458,2026-10-01 13:12:58,rajesh,Verma,"kolkata, west bengal",Sports|Football|799,1
ORD-20261001-1808,01/10/2026 19:14,MYRA,Desai,"Bengaluru, Karnataka",Fashion|Cotton Kurta|799,1
ORD-20261001-3354,2026-10-01 19:17:21,krishna,BHATT,"LUCKNOW, UTTAR PRADESH",Sports|Cricket Bat|1599,1
ORD-20261001-0909,2026-10-01 13:00:18,Ayaan,  Jain ,"Coimbatore, Tamil Nadu",Fashion|Leather Wallet|499,3
ORD-20261001-2114,01/10/2026 15:53,Isha,rao,"Mysuru, Karnataka",Fashion|Leather Wallet|499,1
ORD-20261001-0394,2026-10-01 16:33:33,Rohan,  Saxena ,"Mumbai, Maharashtra",Beauty|Hair Serum|549,1
ORD-20261001-1773,01/10/2026 20:39,Navya,Pillai,"Delhi, Delhi",Fashion|Running Shoes|2199,1
ORD-20261001-1338,01/10/2026 13:45,aditya,Vyas,"DELHI, DELHI",Fashion|Denim Jeans|1199,1.0
ORD-20261001-0682,01-10-2026 07:46,Krupa,,"VADODARA, GUJARAT",Home And Kitchen|Wall Clock|649,2
ORD-20261001-0534,2026-10-01 13:43:30,yash,pawar,"Chennai, Tamil Nadu",Beauty|Sunscreen|449,2
ORD-20261001-0479,01/10/2026 22:53,VIVAAN,joshi,"Jaipur, Rajasthan",Fashion|Cotton Kurta|799,2
ORD-20261001-4796,01/10/2026 22:32,tushar,Yadav,"Lucknow, Uttar Pradesh",Home And Kitchen|Steel Water Bottle|399,1
ORD-20261001-1471,2026-10-01 15:29:03,Simran,Jain,"VADODARA, GUJARAT",Electronics|Power Bank|899,5
ORD-20261001-2496,01/10/2026 19:53,Arjun,Vyas,"  Mumbai, Maharashtra ",Electronics|Bluetooth Speaker|1799, 3 
ORD-20261001-0315,01/10/2026 10:37,Deepak,Trivedi,"hyderabad, telangana",Electronics|Laptop Stand|749,1
ORD-20261001-3856,01-10-2026 04:43,rudra,Menon,"Kolkata, West Bengal",Electronics|Smart Watch|2499,1
ORD-20261001-3883,01/10/2026 03:20,Varun,TIWARI,"Mysuru, Karnataka",Fashion|Running Shoes|2199,5
ORD-20261001-3392,01-10-2026 22:10,diya,sharma,"Lucknow, Uttar Pradesh",Beauty|Hair Serum|549,2
ORD-20261001-3999,01/10/2026 19:37,aryan,Pandya,"mumbai, maharashtra",Beauty|Sunscreen|449,-4
ORD-20261001-0512,01-10-2026 20:16,palak,Chopra,"kolkata, west bengal",Home And Kitchen|Wall Clock|649,1
ORD-20261001-4082,01/10/2026 22:53,Navya,Sinha,"Delhi, Delhi",Electronics|Bluetooth Speaker|1799,4
ORD-20261001-4806,2026-10-01 13:25:58,ayaan,Mukherjee,"Surat, Gujarat",Fashion|Cotton Kurta|799,5
ORD-20261001-2491,2026-10-01 16:31:55,pooja,,"Pune, Maharashtra",Electronics|Power Bank|899, 1 
ORD-20261001-1959,31/02/2026 12:31,Mihir,  Mishra ,"Mumbai, Maharashtra",Fashion|Cotton Kurta|799, 3 
ORD-20261001-3814,01/10/2026 21:46,hetal,menon,"delhi, delhi",Electronics|Wireless Earbuds|1299, 2 
ORD-20261001-4314,01/10/2026 22:57,  Bhavna ,Kalavadia,"Bengaluru, Karnataka",Beauty|Hair Serum|549,1
ORD-20261001-1354,01/10/2026 19:43,saanvi,  Chaudhary ,"Bengaluru, Karnataka",Beauty|Lipstick|399,1
ORD-20261001-1842,2026-10-01 12:18:38,dhwani,Ghosh,"Vadodara, Gujarat",Fashion|Cotton Kurta|799,1
ORD-20261001-0532,2026-10-01 22:40:39,Manish,SRIVASTAVA,"Surat, Gujarat",Home And Kitchen|Non Stick Pan|1099,1
ORD-20261001-1407,N/A,aarav,Desai,N/A,Home And Kitchen|Steel Water Bottle|399,
ORD-20261001-0493,01/10/2026 20:22,Varun,Mukherjee,"Chennai, Tamil Nadu",Electronics|Bluetooth Speaker|1799,2
ORD-20261001-0089,2026-10-01 16:44:02,Manish,Patil,"Bengaluru, Karnataka",Beauty|Lipstick|399,1
ORD-20261001-3055,2026-10-01 12:26:37,MYRA,Malhotra,"Surat, Gujarat",Beauty|Hair Serum|549,4
ORD-20261001-2116,2026-10-01 10:25:31,  Kabir ,Pandya,"ahmedabad, gujarat",Fashion|Sunglasses|999,1
ORD-20261001-4818,2026-10-01 12:26:51,Yash,Nair,"Mumbai, Maharashtra",Electronics|Wireless Earbuds|1299,3
ORD-20261001-3345,01/10/2026 15:08,Jay,Nair,"ahmedabad, gujarat",Electronics|Power Bank|899,2.0
ORD-20261001-3782,01-10-2026 13:43,Nikhil,Bhatt,"coimbatore, tamil nadu",Beauty|Sunscreen|449,1
ORD-20261001-3676,2026-10-01 22:01:52,janvi,Saxena,"vadodara, gujarat",Home And Kitchen|Steel Water Bottle|399,2
ORD-20261001-4586,2026-10-01 21:26:52,vikas,Malhotra,,Sports|Yoga Mat|699,2
ORD-20261001-0234,01/10/2026 18:22,om,Gupta,"AHMEDABAD, GUJARAT",Fashion|Running Shoes|2199,4
ORD-20261001-1373,2026-10-01 01:52:20,Aditya,bansal,"delhi, delhi",Electronics|Smart Watch|2499,1
ORD-20261001-0132,01/10/2026 13:09,Om,dubey,"mysuru, karnataka",Beauty|Hair Serum|549,4
ORD-20261001-1832,01-10-2026 11:41,Rajesh,  Tiwari ,"  Hyderabad, Telangana ",Electronics|Power Bank|899,2
ORD-20261001-1185,01/10/2062 13:22,VIVAAN,MODI,"vadodara, gujarat",Fashion|Denim Jeans|1199,1
ORD-20261001-4458,2026-10-01 20:23:42,Nisha,Khanna,"Delhi, Delhi",Beauty|Perfume|1299,1
ORD-20261001-1066,2026-10-01 20:18:52,Janvi,malhotra,"Bengaluru, Karnataka",Home And Kitchen|Storage Box|299,1
ORD-20261001-2034,01/10/2026 11:47,  Shreya ,Pillai,"  Lucknow, Uttar Pradesh ",Sports|Cricket Bat|1599,1
ORD-20261001-3206,01/10/2026 17:52,HETAL,Yadav,"Ahmedabad, Gujarat",Beauty|Face Wash|249,2
ORD-20261001-4349,01/10/2026 18:22,ishaan,Pillai,"bengaluru, karnataka",Beauty|Hair Serum|549,1.0
ORD-20261001-2894,01/10/2026 18:33,Mansi,Thakkar,"Chennai, Tamil Nadu",Home And Kitchen|Bedsheet Set|1499,3
ORD-20261001-4782,01/10/2026 14:35,Manish,Mehta,"Ahmedabad, Gujarat",Fashion|Denim Jeans|1199,1
ORD-20261001-0260,2026-10-01 10:09:28,Rajesh,DUBEY,"CHENNAI, TAMIL NADU",Electronics|Smart Watch|2499,3
ORD-20261001-4321,01/10/2026 21:52,priya,Ghosh,"Delhi, Delhi",Home And Kitchen|Non Stick Pan|1099,2
ORD-20261001-2967,2026-10-01 12:54:51,  Vikas ,Mishra,"Pune, Maharashtra",Fashion|Running Shoes|2199,2
ORD-20261001-2184,2026-10-01 21:24:53,Bhavna,JOSHI,"SURAT, GUJARAT",Beauty|Perfume|1299, 1 
ORD-20261001-0204,01/10/2026 10:29,RIYA,Patil,"  Bengaluru, Karnataka ",Electronics|Laptop Stand|749,1
ORD-20261001-0771,01/10/2026 13:52,Manish,VERMA,"Chennai, Tamil Nadu",Electronics|Laptop Stand|749, 1 
ORD-20261001-3961,01/10/2026 16:35,Krupa,chopra,"Bengaluru, Karnataka",Beauty|Face Wash|249,2
ORD-20261001-0584,2026-10-01 14:32:19,Dev,shah,"ahmedabad, gujarat",Fashion|Sunglasses|999,3
ORD-20261001-2257,2026-10-01 23:36:56,Dhwani,reddy,"lucknow, uttar pradesh",Home And Kitchen|Wall Clock|649,2
ORD-20261001-3926,01/10/2026 18:37,Aadhya,Rao,"Chennai, Tamil Nadu",Electronics|Bluetooth Speaker|1799,
ORD-20261001-4232,01/10/2026 11:20,Rahul,chauhan,"pune, maharashtra",Home And Kitchen|Steel Water Bottle|399,2
ORD-20261001-4087,01/10/2026 21:29,Karan,KULKARNI,"Jaipur, Rajasthan",Electronics|Wireless Earbuds|1299,1
ORD-20261001-2697,01/10/2026 09:30,Kavya,PARMAR,"Lucknow, Uttar Pradesh",Home And Kitchen|Steel Water Bottle|399,5
ORD-20261001-4793,2026-10-01 20:01:52,Krupa,parmar,"pune, maharashtra",Electronics|Wireless Earbuds|1299, 2 
ORD-20261001-2582,01-10-2026 18:32,Om,CHAUHAN,,Fashion|Running Shoes|2199,1
ORD-20261001-4819,01-10-2026 13:44,ROHAN,Dubey,"  Bengaluru, Karnataka ",Electronics|Laptop Stand|749, 1 
ORD-20261001-1342,01/10/2026 13:16,Dhruv,Reddy,"Delhi, Delhi",Electronics|Power Bank|899,2.0
ORD-20261001-3894,01/10/2026 20:37,Arjun,Thakkar,"pune, maharashtra",Electronics|Laptop Stand|749,1
ORD-20261001-3387,01/10/2026 20:57,shreya,Mehta,"Delhi, Delhi",Fashion|Denim Jeans|1199,1
ORD-20261001-4030,2026-10-01 17:05:15,Pari,Mehta,"chennai, tamil nadu",Home And Kitchen|Bedsheet Set|1499, 1 
ORD-20261001-3499,2026-10-01 22:58:21,  Vikas ,Mishra,"HYDERABAD, TELANGANA",Beauty|Perfume|1299,1
ORD-20261001-4588,01/10/2026 13:57,  Ritu ,Chaudhary,"Mumbai, Maharashtra",Electronics|Power Bank|899,1
ORD-20261001-1449,01/10/2026 22:21,Pooja,Sharma,"BENGALURU, KARNATAKA",Fashion|Leather Wallet|499,1.0
ORD-20261001-0754,01-10-2026 15:33,  Hetal ,Jain,"Bengaluru, Karnataka",Home And Kitchen|Steel Water Bottle|399,4
ORD-20261001-0378,01/10/2026 12:46,Rudra,SHARMA,"delhi, delhi",,2
ORD-20261001-4304,01/10/2026 18:40,Aditi,  Ghosh ,"Coimbatore, Tamil Nadu",Fashion|Denim Jeans|1199,1
ORD-20261001-0550,2026-10-01 10:31:53,gaurav,vyas,"  Delhi, Delhi ",Fashion|Denim Jeans|1199,1.0
ORD-20261001-3570,01/10/2026 13:41,KARAN,Modi,N/A,Electronics|Smart Watch|2499,3
ORD-20261001-1333,01/10/2026 00:25,shreya,Desai,"Bengaluru, Karnataka",Beauty|Lipstick|399,6
ORD-20261001-0007,01/10/2026 21:30,  Rohan ,KULKARNI,"MYSURU, KARNATAKA",Beauty|Sunscreen|449,2
ORD-20261001-1731,01/10/2026 22:47,Aarav,Kulkarni,"surat, gujarat",Fashion|Cotton Kurta|799,1.0
ORD-20261001-3736,01/10/2025 21:04,Palak,  Bhatt ,"Bengaluru, Karnataka",Fashion|Sunglasses|999, 4 
ORD-20261001-0087,2026-10-01 11:46:21,Krupa,  Shah ,N/A,Fashion|Leather Wallet|499,1
ORD-20261001-0750,2026-10-01 19:28:47,saanvi,TIWARI,"mumbai, maharashtra",Sports|Skipping Rope|199,3
ORD-20261001-1665,2026-10-01 12:08:55,Arjun,Trivedi,"BENGALURU, KARNATAKA",Beauty|Perfume|1299,2
ORD-20261001-1077,2026-10-01 13:41:52,  Tanvi ,  Patil ,"Hyderabad, Telangana",Fashion|Cotton Kurta|799,1
ORD-20261001-2911,01-10-2026 20:06,Ishaan,Bansal,"Jaipur, Rajasthan",Home And Kitchen|Steel Water Bottle|399,3
ORD-20261001-2130,2026-10-01 22:31:09,Jay,Rathod,"  Bengaluru, Karnataka ",Beauty|Sunscreen|449, 3 
ORD-20261001-1359,01-10-2026 20:16,Aditya,Arora,"Surat, Gujarat",Electronics|Power Bank|899,1
ORD-20261001-4370,01-10-2026 08:11,Aadhya,Nair,,Fashion|Leather Wallet|499,4
ORD-20261001-0200,2026-10-01 14:06:36,Krupa,Mehta,"Surat, Gujarat",Electronics|Wireless Earbuds|1299,1
ORD-20261001-4146,,Isha,Nair,"Mumbai, Maharashtra",Home And Kitchen|Non Stick Pan|1099,-1
ORD-20261001-4058,2026-10-01 19:50:27,Vikas,Jain,"Bengaluru, Karnataka",Fashion|Cotton Kurta|799,1
ORD-20261001-3170,01-10-2026 07:26,Tanvi,Pawar,"Mumbai, Maharashtra",,
ORD-20261001-2947,01/10/2026 23:03,Ayaan,menon,"Hyderabad, Telangana",Fashion|Cotton Kurta|799,2
ORD-20261001-0100,01/10/2026 18:55,Dhwani,Kapoor,"Mumbai, Maharashtra",Beauty|Face Wash|249,4
ORD-20261001-1016,2026-10-01 15:51:35,Mihir,vyas,"Pune, Maharashtra",Fashion|Sunglasses|999,2
ORD-20261001-2173,01-10-2026 02:13,  Anika ,Sinha,"Nagpur, Maharashtra",Sports|Football|799,3
ORD-20261001-1986,2026-10-01 21:43:04,Saanvi,Dubey,"Pune, Maharashtra",Electronics|Smart Watch|2499,1
ORD-20261001-4416,2026-10-01 18:13:53,Kriti,mishra,"Ahmedabad, Gujarat",Fashion|Running Shoes|2199,2
ORD-20261001-4194,01/10/2026 19:11,Anjali,Chaudhary,"AHMEDABAD, GUJARAT",Sports|Football|799,2
ORD-20261001-3002,01/10/2026 21:10,Myra,Desai,"bengaluru, karnataka",Fashion|Cotton Kurta|799,1
ORD-20261001-1913,01/10/2026 08:12,Aditi,Kalavadia,"ahmedabad, gujarat",Fashion|Denim Jeans|1199,2
ORD-20261001-0188,01-10-2026 11:10,Reyansh,Desai,"Surat, Gujarat",Electronics|Wireless Earbuds|1299,1
ORD-20261001-2038,2026-10-01 11:46:25,  Varun ,JAIN,"Bengaluru, Karnataka",Sports|Dumbbell Set|1899, 1 
ORD-20261001-4040,01/10/2026 13:30,Roshni,singh,"AHMEDABAD, GUJARAT",Fashion|Denim Jeans|1199,1
ORD-20261001-3936,01/10/2026 13:04,Pari,sharma,"Mumbai, Maharashtra",Home And Kitchen|Bedsheet Set|1499,1
ORD-20261001-4250,2026-10-01 20:39:37,Mansi,KULKARNI,"Nagpur, Maharashtra",Electronics|Smart Watch|2499,1
ORD-20261001-3033,01/10/2026 18:52,Shaurya,Srivastava,"mumbai, maharashtra",Home And Kitchen|Bedsheet Set|1499,1
ORD-20261001-0613,2026-10-01 12:29:22,Aditya,khanna,"mumbai, maharashtra",Beauty|Face Wash|249,3
ORD-20261001-1572,2026-10-01 21:21:41,Myra,rao,"Lucknow, Uttar Pradesh",Beauty|Lipstick|399,4
ORD-20261001-0235,01/10/2026 14:33,Navya,Shah,"Mumbai, Maharashtra",Beauty|Face Wash|249,1
ORD-20261001-3567,01-10-2026 22:01,,SHAH,"BENGALURU, KARNATAKA",Fashion|Sunglasses|999,1
ORD-20261001-1164,2026-10-01 15:03:30,priya,Ghosh,"Delhi, Delhi",Beauty|Hair Serum|549,1
ORD-20261001-4455,01-10-2026 17:35,ARJUN,Pillai,"Chennai, Tamil Nadu",Home And Kitchen|Bedsheet Set|1499,4
ORD-20261001-4494,01-10-2026 10:56,roshni,Thakkar,"Coimbatore, Tamil Nadu",Electronics|Smart Watch|2499,2
ORD-20261001-2345,01-10-2026 10:59,Jay,Rao,"Mumbai, Maharashtra",Electronics|Bluetooth Speaker|1799,2
ORD-20261001-0063,01-10-2026 21:16,Myra,Patel,"  Bengaluru, Karnataka ",Electronics|Power Bank|899,2
ORD-20261001-0812,01/10/2026 06:40,  Megha ,malhotra,"  Chennai, Tamil Nadu ",Home And Kitchen|Non Stick Pan|1099,1
ORD-20261001-2772,01/10/2026 11:13,Ritu,mehta,"Kolkata, West Bengal",Electronics|Laptop Stand|749,1
ORD-20261001-3918,2026-10-01 08:42:52,Atharv,joshi,"Ahmedabad, Gujarat",Home And Kitchen|Wall Clock|649,1
ORD-20261001-3510,2026-10-01 11:59:31,Kriti,Solanki,"BENGALURU, KARNATAKA",Beauty|Hair Serum|549,1
ORD-20261001-1843,01/10/2026 08:59,karan,bose,"AHMEDABAD, GUJARAT",Beauty|Perfume|1299,1
ORD-20261001-1387,01/10/2026 23:45,Neha,  Jain ,"  Coimbatore, Tamil Nadu ",Sports|Cricket Bat|1599,4
ORD-20261001-1378,01/10/2026 12:18,Dhruv,Arora,"  Hyderabad, Telangana ",Electronics|Wireless Earbuds|1299,2
ORD-20261001-3292,01-10-2026 08:50,Khushi,sinha,"MUMBAI, MAHARASHTRA",Fashion|Running Shoes|2199,1
ORD-20261001-2594,2026-10-01 18:18:20,Nikhil,saxena,"  Nagpur, Maharashtra ",Beauty|Hair Serum|549,3
ORD-20261001-3371,2026-10-01 19:01:22,Tushar,NAIR,"Kolkata, West Bengal",Fashion|Running Shoes|2199,3
ORD-20261001-1890,2026-10-01 12:10:01,Ayaan,Thakkar,"mumbai, maharashtra",Electronics|Wireless Earbuds|1299,3
ORD-20261001-4755,01/10/2026 22:47,Anika,sinha,"Nagpur, Maharashtra",Electronics|Bluetooth Speaker|1799,1.0
ORD-20261001-3783,01/10/2026 12:45,Sara,SINHA,"Vadodara, Gujarat",Fashion|Cotton Kurta|799,2
ORD-20261001-1927,01/10/2026 17:16,Advik,  Sinha ,"Surat, Gujarat",Home And Kitchen|Steel Water Bottle|399,2
ORD-20261001-0402,N/A,Ananya,Kapoor,"DELHI, DELHI",Fashion|Running Shoes|2199,2
ORD-20261001-0166,01/10/2026 01:37,Roshni,Das,"Delhi, Delhi",Fashion|Cotton Kurta|799,1
ORD-20261001-4574,2026-10-01 13:36:53,Aryan,Pandya,"mumbai, maharashtra",Beauty|Sunscreen|449,1
ORD-20261001-0367,2026-10-01 19:30:58,Amit,BHATT,"Delhi, Delhi",Beauty|Perfume|1299,1
ORD-20261001-3355,01/10/2026 14:20,Kriti,Saxena,"Jaipur, Rajasthan",Fashion|Cotton Kurta|799,2
ORD-20261001-2216,01/10/2026 15:43,ANANYA,chaudhary,"Lucknow, Uttar Pradesh",Sports|Yoga Mat|699,2
ORD-20261001-4115,01-10-2026 19:32,Vikas,Thakkar,"Mumbai, Maharashtra",Fashion|Sunglasses|999,1
ORD-20261001-2770,2026-10-01 17:54:53,Vikas,Vyas,"Hyderabad, Telangana",Beauty|Face Wash|249,2
ORD-20261001-0743,2026-10-01 15:13:08,Tushar,Chopra,"Delhi, Delhi",Home And Kitchen|Storage Box|299,2
ORD-20261001-1106,2026-10-01 17:53:35,Aadhya,Mukherjee,"Nagpur, Maharashtra",Home And Kitchen|Non Stick Pan|1099,4
ORD-20261001-1752,01/10/2026 14:04,Aarav,sharma,"KOLKATA, WEST BENGAL",Beauty|Face Wash|249,1
ORD-20261001-1912,2026-10-01 21:44:35,Hetal,Jain,"Chennai, Tamil Nadu",Fashion|Cotton Kurta|799,3
ORD-20261001-1120,2026-10-01 08:59:13,dhwani,  Patil ,"  Bengaluru, Karnataka ",Home And Kitchen|Storage Box|299,0
ORD-20261001-0760,2026-10-01 14:47:48,RUDRA,Pillai,"Ahmedabad, Gujarat",,4
ORD-20261001-3264,01/10/2026 15:39,Reyansh,KHANNA,"COIMBATORE, TAMIL NADU",Home And Kitchen|Non Stick Pan|1099, 4 
ORD-20261001-4825,01-10-2026 19:23,Parth,Gupta,"Lucknow, Uttar Pradesh",Fashion|Leather Wallet|499,2
ORD-20261001-3889,2026-10-01 18:30:27,Riya,Patil,"Bengaluru, Karnataka",Electronics|Smart Watch|2499,2
ORD-20261001-0116,01-10-2026 12:03,aditi,Patil,"Surat, Gujarat",Electronics|Bluetooth Speaker|1799,1
ORD-20261001-2190,2026-10-01 21:06:57,Ayaan,reddy,"Surat, Gujarat",Electronics|Laptop Stand|749,1.0
ORD-20261001-4705,01/10/2026 19:49,Krupa,Sharma,"vadodara, gujarat",Fashion|Leather Wallet|499,1
ORD-20261001-1896,01/10/2026 21:05,Roshni,iyer,"Bengaluru, Karnataka",Beauty|Hair Serum|549,2
ORD-20261001-4425,01/10/2026 22:50,ANIKA,Mishra,"Mumbai, Maharashtra",Beauty|Perfume|1299,1
ORD-20261001-3761,01/10/2026 17:20,  Kavya ,Chaudhary,"  Hyderabad, Telangana ",Fashion|Cotton Kurta|799,1
ORD-20261001-0328,01/10/2026 14:58,Vikas,Thakkar,"Kolkata, West Bengal",Electronics|Wireless Earbuds|1299,5
ORD-20261001-2119,01/10/2026 15:37,,Kapoor,"Nagpur, Maharashtra",Fashion|Sunglasses|999,1
ORD-20261001-0107,2026-10-01 17:57:08,Dhwani,  Patil ,"Delhi, Delhi",Home And Kitchen|Steel Water Bottle|399,3
ORD-20261001-2177,2026-10-01 12:28:37,  Ritu ,Thakkar,"mumbai, maharashtra",Home And Kitchen|Bedsheet Set|1499,2.0
ORD-20261001-1593,01/10/2026 04:53,Arjun,Bhatt,"Surat, Gujarat",Beauty|Hair Serum|549,4
ORD-20261001-3605,01-10-2026 10:30,Hetal,Modi,"Delhi, Delhi",Home And Kitchen|Storage Box|299,2
ORD-20261001-1198,2026-10-01 17:31:43,mihir,  Saxena ,"Chennai, Tamil Nadu",Home And Kitchen|Storage Box|299,5
ORD-20261001-1730,2026-10-01 19:27:02,janvi,Saxena,"Jaipur, Rajasthan",Electronics|Wireless Earbuds|1299,2
ORD-20261001-2371,2026-10-01 15:03:08,kunal,Bansal,"  Hyderabad, Telangana ",Home And Kitchen|Storage Box|299,1
ORD-20261001-3923,01/10/2026 15:28,Neel,rathod,"Nagpur, Maharashtra",Fashion|Denim Jeans|1199,2
ORD-20261001-2650,01-10-2026 19:29,Varun,Pandya,"Coimbatore, Tamil Nadu",Home And Kitchen|Non Stick Pan|1099,2
ORD-20261001-4209,2026-10-01 14:19:14,Shaurya,dubey,"Chennai, Tamil Nadu",Fashion|Denim Jeans|1199,1
ORD-20261001-2286,2026-10-01 09:44:17,Saanvi,patil,"  Jaipur, Rajasthan ",Beauty|Face Wash|249,2.0
ORD-20261001-4120,01-10-2026 10:47,payal,Patil,"Vadodara, Gujarat",Home And Kitchen|Non Stick Pan|1099,1
ORD-20261001-2328,2026-10-01 08:06:05,kriti,chopra,"bengaluru, karnataka",Fashion|Cotton Kurta|799,1
ORD-20261001-0219,01/10/2026 15:25,BHAVNA,Singh,"Chennai, Tamil Nadu",Sports|Football|799,1
ORD-20261001-4409,2026-10-01 16:42:54,Neha,Bansal,"Surat, Gujarat",Fashion|Cotton Kurta|799,1
ORD-20261001-1041,2026-10-01 17:47:34,Megha,Yadav,"Kolkata, West Bengal",Home And Kitchen|Non Stick Pan|1099,1
ORD-20261001-2734,01-10-2026 20:22,Palak,Arora,"delhi, delhi",Sports|Cricket Bat|1599,1
ORD-20261001-0118,01/10/2026 21:27,Vihaan,  Bose ,"kolkata, west bengal",Home And Kitchen|Steel Water Bottle|399,2
ORD-20261001-1776,2026-10-01 21:57:50,  Deepak ,CHAUDHARY,"mysuru, karnataka",Fashion|Running Shoes|2199,1
ORD-20261001-1877,2026-10-01 22:09:31,Nidhi,Rathod,"  Kolkata, West Bengal ",Electronics|Smart Watch|2499,1
ORD-20261001-1798,01/10/2062 22:43,VARUN,  Bansal ,"Mysuru, Karnataka",Home And Kitchen|Storage Box|299,5
ORD-20261001-4434,01/10/2026 10:51,aarav,Bhatt,"hyderabad, telangana",Home And Kitchen|Non Stick Pan|1099,1
ORD-20261001-1778,01/10/2026 13:19,Payal,Ghosh,"Bengaluru, Karnataka",Beauty|Hair Serum|549,3
ORD-20261001-4130,01/10/2026 09:44,Tushar,Das,"hyderabad, telangana",Fashion|Cotton Kurta|799,1
ORD-20261001-2844,01/10/2026 08:33,Nikhil,Sinha,"Ahmedabad, Gujarat",Fashion|Sunglasses|999,2
ORD-20261001-3156,01/10/2026 23:18,Rohan,Malhotra,"Mysuru, Karnataka",Beauty|Face Wash|249,1
ORD-20261001-0288,01/10/2026 11:37,Deepak,Bhatt,"Surat, Gujarat",Home And Kitchen|Non Stick Pan|1099,2
ORD-20261001-0599,01/10/2026 11:00,vihaan,Rathod,"Mumbai, Maharashtra",Fashion|Leather Wallet|499,2
ORD-20261001-4026,2026-10-01 20:40:33,Aryan,Patel,"Pune, Maharashtra",Fashion|Denim Jeans|1199,1
ORD-20261001-0706,01/10/2026 19:41,Aryan,Pandya,"  Mumbai, Maharashtra ",Fashion|Denim Jeans|1199,1
ORD-20261001-1507,2026-10-01 15:45:55,Ritu,PAWAR,"Surat, Gujarat",Beauty|Sunscreen|449,1
ORD-20261001-1931,2026-10-01 22:46:34,Rohan,Joshi,"Nagpur, Maharashtra",Home And Kitchen|Bedsheet Set|1499,1
ORD-20261001-2464,01-10-2026 09:07,AYAAN,THAKKAR,"Lucknow, Uttar Pradesh",Electronics|Bluetooth Speaker|1799,1
ORD-20261001-3150,01/10/2026 16:52,Riya,Patil,"  Bengaluru, Karnataka ",Home And Kitchen|Bedsheet Set|1499,1
ORD-20261001-3058,01-10-2026 19:27,Gaurav,  Shah ,"Jaipur, Rajasthan",Fashion|Cotton Kurta|799,2
ORD-20261001-1617,01-10-2026 22:49,  Aryan ,mukherjee,"Mumbai, Maharashtra",Sports|Dumbbell Set|1899,3
ORD-20261001-4340,01/10/2026 18:38,isha,Tiwari,"MUMBAI, MAHARASHTRA",Electronics|Bluetooth Speaker|1799,2
ORD-20261001-3900,01/10/2026 03:51,vihaan,Rathod,"mumbai, maharashtra",Beauty|Lipstick|399,1
ORD-20261001-0734,01-10-2026 18:00,Anika,Das,"Bengaluru, Karnataka",Fashion|Running Shoes|2199,2
ORD-20261001-1921,01-10-2026 11:31,Aarav,Rao,"Kolkata, West Bengal",Electronics|Smart Watch|2499,2
ORD-20261001-2001,01/10/2026 15:38,Saanvi,Kulkarni,"Ahmedabad, Gujarat",Electronics|Laptop Stand|749,2
ORD-20261001-3979,01/10/2026 16:16,saanvi,mishra,"DELHI, DELHI",Fashion|Leather Wallet|499,1
ORD-20261001-4547,2026-10-01 07:23:59,  Tushar ,Chopra,"CHENNAI, TAMIL NADU",Electronics|Smart Watch|2499,3
ORD-20261001-0074,2026-10-01 20:40:59,,MALHOTRA,"Nagpur, Maharashtra",,1.0
ORD-20261001-3589,2026-10-01 21:58:04,Nisha,Solanki,"  Ahmedabad, Gujarat ",Fashion|Sunglasses|999, 1 
ORD-20261001-3930,01/10/2026 22:42,  Kriti ,Arora,"  Chennai, Tamil Nadu ",Beauty|Perfume|1299,
ORD-20261001-4734,01/10/2026 14:07,Karan,Verma,"HYDERABAD, TELANGANA",Beauty|Lipstick|399,4
ORD-20261001-0652,2026-10-01 17:23:47,JANVI,Patel,"Bengaluru, Karnataka",Electronics|Wireless Earbuds|1299,1
ORD-20261001-3049,01/10/2026 04:34,Nidhi,Reddy,"Delhi, Delhi",Fashion|Running Shoes|2199,1.0
ORD-20261001-1600,01/10/2026 21:11,karan,Kulkarni,"jaipur, rajasthan",Fashion|Leather Wallet|499,2
ORD-20261001-2634,01/10/2026 11:56,Sai,Patil,"Nagpur, Maharashtra",Sports|Skipping Rope|199,3
ORD-20261001-1410,01/10/2026 15:46,Navya,Srivastava,"Chennai, Tamil Nadu",Beauty|Lipstick|399,5
ORD-20261001-1275,01/10/2026 13:25,Simran,Joshi,"Bengaluru, Karnataka",Home And Kitchen|Wall Clock|649,1
ORD-20261001-2529,2026-10-01 10:40:53,Manish,Pandya,"Hyderabad, Telangana",Beauty|Lipstick|399,1
ORD-20261001-0040,01/10/2026 14:44,payal,Gupta,"  Coimbatore, Tamil Nadu ",Home And Kitchen|Non Stick Pan|1099,1
ORD-20261001-2580,2026-10-01 14:25:24,Aditya,Shah,"Vadodara, Gujarat",Electronics|Wireless Earbuds|1299,1
,01/10/2026 19:08,Pranav,Mishra,"  Surat, Gujarat ",Home And Kitchen|Storage Box|299,2
ORD-20261001-3748,01/10/2026 18:04,  Priya ,Ghosh,"Delhi, Delhi",Home And Kitchen|Bedsheet Set|1499,1
ORD-20261001-0699,2026-10-01 10:47:16,Gaurav,Malhotra,"kolkata, west bengal",Electronics|Power Bank|899,4
ORD-20261001-2237,01/10/2026 13:17,MEGHA,Parmar,"MYSURU, KARNATAKA",Electronics|Wireless Earbuds|1299,1
ORD-20261001-2579,2026-10-01 20:03:43,diya,menon,"Nagpur, Maharashtra",Fashion|Cotton Kurta|799,3
ORD-20261001-0912,01-10-2026 16:18,harsh,MENON,"Lucknow, Uttar Pradesh",Fashion|Denim Jeans|1199,
ORD-20261001-1904,01/10/2026 16:30,Aadhya,parmar,"Ahmedabad, Gujarat",Home And Kitchen|Wall Clock|649,4.0
ORD-20261001-0804,01-10-2026 12:37,Krupa,Chopra,"Kolkata, West Bengal",Electronics|Power Bank|899,2
ORD-20261001-4435,2026-10-01 16:51:16,Tanvi,Bose,"vadodara, gujarat",Electronics|Wireless Earbuds|1299,2
ORD-20261001-2362,2026-10-01 22:56:05,null,  Agarwal ,,Fashion|Denim Jeans|1199,1
ORD-20261001-0814,01/10/2026 12:55,palak,Dubey,"  Bengaluru, Karnataka ",Fashion|Cotton Kurta|799,1
ORD-20261001-0320,2026-10-01 13:17:02,Kabir,  Saxena ,"Jaipur, Rajasthan",Fashion|Denim Jeans|1199,4
ORD-20261001-2339,01-10-2026 12:49,Payal,,"Ahmedabad, Gujarat",Electronics|Laptop Stand|749,4
ORD-20261001-3796,01/10/2026 14:53,  Sara ,das,"Mumbai, Maharashtra",Electronics|Laptop Stand|749,2
ORD-20261001-2684,2026-10-01 13:50:03,  Ananya ,Bose,"Nagpur, Maharashtra",Beauty|Lipstick|399,1.0
ORD-20261001-1835,01/10/2026 16:42,myra,kapoor,"Kolkata, West Bengal",Home And Kitchen|Non Stick Pan|1099,1
ORD-20261001-0916,01/10/2026 13:19,Kriti,saxena,"  Jaipur, Rajasthan ",Home And Kitchen|Wall Clock|649,2
ORD-20261001-2225,01/10/2026 16:09,Harsh,Tiwari,"  Hyderabad, Telangana ",Electronics|Smart Watch|2499,4
ORD-20261001-2568,01/10/2026 20:06,,Kulkarni,"Jaipur, Rajasthan",Beauty|Hair Serum|549,2.0
ORD-20261001-4545,2026-10-01 22:30:15,aditya,shah,"Pune, Maharashtra",Fashion|Denim Jeans|1199, 4 
ORD-20261001-0135,2026-10-01 01:27:36,  Sara ,reddy,"  Mysuru, Karnataka ",Beauty|Sunscreen|449,6
ORD-20261001-0227,01/10/2025 21:42,Nisha,Sinha,"Chennai, Tamil Nadu",Beauty|Sunscreen|449,3
ORD-20261001-3986,01/10/2026 17:18,Janvi,  Bhatt ,"Chennai, Tamil Nadu",Electronics|Wireless Earbuds|1299, 1 
ORD-20261001-2822,2026-10-01 12:20:44,  Dev ,kulkarni,"Mysuru, Karnataka",Electronics|Bluetooth Speaker|1799, 2 
ORD-20261001-3838,01/10/2026 13:19,tushar,Kumar,"Mumbai, Maharashtra",Home And Kitchen|Bedsheet Set|1499,2
ORD-20261001-4583,2026-10-01 17:17:13,Roshni,Kumar,"Surat, Gujarat",Electronics|Power Bank|899,
ORD-20261001-1107,2026-10-01 03:39:10,Aadhya,Nair,"Bengaluru, Karnataka",Fashion|Denim Jeans|1199,4
ORD-20261001-0396,01-10-2026 06:25,Aryan,Yadav,"delhi, delhi",, 4 
ORD-20261001-1681,2026-10-01 11:26:38,Pari,  Shah ,"Kolkata, West Bengal",Electronics|Wireless Earbuds|1299, 2 
ORD-20261001-2714,01/10/2026 16:43,,Ghosh,"Mumbai, Maharashtra",Beauty|Sunscreen|449,4
ORD-20261001-1972,01-10-2026 22:29,Roshni,Singh,"Ahmedabad, Gujarat",Fashion|Running Shoes|2199,3
ORD-20261001-3609,2026-10-01 22:22:37,Ritu,SOLANKI,"KOLKATA, WEST BENGAL",Home And Kitchen|Wall Clock|649,
ORD-20261001-2868,2026-10-01 19:23:04,Kabir,KHANNA,"mumbai, maharashtra",Sports|Dumbbell Set|1899,1
ORD-20261001-0520,01/10/2026 12:11,kunal,singh,,Fashion|Running Shoes|2199,2
ORD-20261001-2338,01/10/2026 09:55,Saanvi,Malhotra,"Pune, Maharashtra",Sports|Cricket Bat|1599,1
ORD-20261001-1990,2026-10-01 18:45:57,ayaan,Jain,"Delhi, Delhi",Fashion|Denim Jeans|1199,2
ORD-20261001-2906,2026-10-01 12:51:35,Ishaan,JAIN,"Mumbai, Maharashtra",Beauty|Lipstick|399,2
ORD-20261001-2206,2026-10-01 22:01:03,dev,Malhotra,"AHMEDABAD, GUJARAT",Fashion|Denim Jeans|1199,1
ORD-20261001-0863,2026-10-01 14:54:31,Nisha,  Bhatt ,"Coimbatore, Tamil Nadu",Sports|Cricket Bat|1599,3
ORD-20261001-1606,01/10/2026 20:08,Nidhi,,"Jaipur, Rajasthan",Home And Kitchen|Wall Clock|649,one
ORD-20261001-1145,01-10-2026 08:53,vihaan,gupta,"bengaluru, karnataka",Electronics|Wireless Earbuds|1299,1
ORD-20261001-4004,2026-10-01 20:11:13,Vihaan,JOSHI,"Pune, Maharashtra",Electronics|Smart Watch|2499,2
ORD-20261001-1770,2026-10-01 12:48:11,Dhwani,Patel,"vadodara, gujarat",Sports|Yoga Mat|699,-2
ORD-20261001-2026,01/10/2026 20:50,Saanvi,Dubey,"MYSURU, KARNATAKA",Beauty|Lipstick|399, 1 
ORD-20261001-0368,01-10-2026 13:30,kriti,Trivedi,"Coimbatore, Tamil Nadu",Home And Kitchen|Bedsheet Set|1499,1
ORD-20261001-1663,2026-10-01 14:58:04,Janvi,Patil,"Surat, Gujarat",Home And Kitchen|Bedsheet Set|1499,1
ORD-20261001-2972,01/10/2026 20:55,  Sara ,pandya,"coimbatore, tamil nadu",Home And Kitchen|Storage Box|299,1
ORD-20261001-2820,01/10/2026 22:22,Bhavna,VERMA,"Chennai, Tamil Nadu",Fashion|Leather Wallet|499, 2 
ORD-20261001-1923,01/10/2026 13:27,Priya,  Yadav ,"Coimbatore, Tamil Nadu",Fashion|Denim Jeans|1199,2
ORD-20261001-2124,2026-10-01 14:21:30,Atharv,Patel,"Ahmedabad, Gujarat",Electronics|Power Bank|899,1
ORD-20261001-3443,N/A,yash,parmar,"Delhi, Delhi",Home And Kitchen|Wall Clock|649,2
ORD-20261001-2815,2026-10-01 13:55:10,aditya,Pillai,"  Coimbatore, Tamil Nadu ",Electronics|Laptop Stand|749,1
ORD-20261001-4150,01/10/2026 14:14,  Tanvi ,Bansal,"NAGPUR, MAHARASHTRA",Electronics|Smart Watch|2499,2
ORD-20261001-1984,2026-10-01 20:23:37,isha,Chopra,"BENGALURU, KARNATAKA",Home And Kitchen|Storage Box|299,5
ORD-20261001-0104,2026-10-01 07:36:29,  Rahul ,agarwal,"  Bengaluru, Karnataka ",Fashion|Denim Jeans|1199,2
ORD-20261001-0595,2026-10-01 11:47:08,Pooja,MUKHERJEE,"Pune, Maharashtra",Fashion|Leather Wallet|499,3
ORD-20261001-1470,01/10/2026 13:31,Navya,PANDYA,"delhi, delhi",Fashion|Denim Jeans|1199, 2 
ORD-20261001-1076,01/10/2026 13:00,rahul,KAPOOR,"Mysuru, Karnataka",Home And Kitchen|Wall Clock|649,2
ORD-20261001-2984,01/10/2026 00:21,Aarav,Shah,"Pune, Maharashtra",Home And Kitchen|Steel Water Bottle|399,1
ORD-20261001-3493,01/10/2026 10:46,Karan,Srivastava,"  Vadodara, Gujarat ",Electronics|Smart Watch|2499,1
ORD-20261001-1449,01/10/2026 22:21,Pooja,Sharma,"BENGALURU, KARNATAKA",Fashion|Leather Wallet|499,1.0
ORD-20261001-0273,2026-10-01 18:56:25,krupa,Sharma,"Vadodara, Gujarat",Home And Kitchen|Steel Water Bottle|399,1
ORD-20261001-2935,2026-10-01 08:12:30,Rajesh,MUKHERJEE,"Nagpur, Maharashtra",Beauty|Perfume|1299,1
ORD-20261001-1017,01/10/2026 10:50,deepak,Solanki,"Mumbai, Maharashtra",Home And Kitchen|Steel Water Bottle|399,2
ORD-20261001-2527,2026-10-01 08:20:18,Dhwani,RAO,"Chennai, Tamil Nadu",Sports|Skipping Rope|199,1
ORD-20261001-4319,2026-10-01 02:49:01,Diya,Verma,"Ahmedabad, Gujarat",Electronics|Bluetooth Speaker|1799,2
ORD-20261001-0819,01/10/2026 19:39,TANVI,Bose,"Vadodara, Gujarat",Beauty|Hair Serum|549, 1 
ORD-20261001-3193,01/10/2026 21:23,Ananya,malhotra,"bengaluru, karnataka",Home And Kitchen|Bedsheet Set|1499,6
ORD-20261001-3925,01-10-2026 16:53,Ananya,Modi,"Lucknow, Uttar Pradesh",Sports|Football|799,1
ORD-20261001-0352,01-10-2026 14:48,  Megha ,Khanna,"Kolkata, West Bengal",Sports|Dumbbell Set|1899,5
ORD-20261001-4548,2026-10-01 18:18:36,Amit,  Chopra ,"MUMBAI, MAHARASHTRA",Fashion|Running Shoes|2199,1
ORD-20261001-0108,2026-10-01 16:54:01,Simran,gupta,"Surat, Gujarat",Home And Kitchen|Steel Water Bottle|399,1
ORD-20261001-1201,01-10-2026 20:05,nidhi,TRIVEDI,,Fashion|Cotton Kurta|799,1
ORD-20261001-0800,2026-10-01 12:50:56,Palak,Pawar,"Hyderabad, Telangana",Electronics|Bluetooth Speaker|1799,3
ORD-20261001-2775,2026-10-01 10:26:28,Kabir,CHAUHAN,"delhi, delhi",Electronics|Bluetooth Speaker|1799,1
ORD-20261001-3393,01/10/2026 21:06,Neha,Mehta,"Vadodara, Gujarat",Home And Kitchen|Storage Box|299,3
ORD-20261001-0636,2026-10-01 22:12:02,Shaurya,shah,"Lucknow, Uttar Pradesh",Electronics|Laptop Stand|749,1
ORD-20261001-4353,2026-10-01 20:07:20,komal,Patil,"Ahmedabad, Gujarat",Home And Kitchen|Steel Water Bottle|399,3
ORD-20261001-0591,01/10/2026 10:15,  Rudra ,Pillai,"Ahmedabad, Gujarat",Sports|Cricket Bat|1599,1
ORD-20261001-1266,01/10/2026 20:28,Arjun,Bhatt,"Surat, Gujarat",Electronics|Laptop Stand|749,1
ORD-20261001-2970,2026-10-01 08:06:27,SARA,CHAUHAN,"Mumbai, Maharashtra",Electronics|Smart Watch|2499,1
ORD-20261001-0350,01/10/2026 16:58,Sneha,DAS,"Mumbai, Maharashtra",Home And Kitchen|Non Stick Pan|1099,3
ORD-20261001-2676,01/10/2026 22:43,VIKAS,MUKHERJEE,"Surat, Gujarat",Electronics|Wireless Earbuds|1299,4
ORD-20261001-4420,01/10/2026 07:26,Amit,SINHA,"CHENNAI, TAMIL NADU",Home And Kitchen|Bedsheet Set|1499,1
ORD-20261001-2175,01/10/2026 21:29,ISHA,Sharma,"  Delhi, Delhi ",Electronics|Power Bank|899,1
ORD-20261001-3315,01/10/2026 12:04,  Kabir ,Sharma,"Pune, Maharashtra",Electronics|Smart Watch|2499,2
ORD-20261001-4770,01-10-2026 22:27,Navya,Kalavadia,"Mumbai, Maharashtra",Fashion|Denim Jeans|1199,1
ORD-20261001-1179,2026-10-01 13:04:24,Shreya,Menon,"Mumbai, Maharashtra",Fashion|Leather Wallet|499,2
ORD-20261001-4461,2026-10-01 11:28:51,rudra,Bansal,"MUMBAI, MAHARASHTRA",Beauty|Face Wash|249,1
ORD-20261001-1074,01/10/2026 19:59,dhruv,Iyer,"Mysuru, Karnataka",Beauty|Sunscreen|449,1
ORD-20261001-0325,01/10/2026 13:51,ROSHNI,PATEL,"bengaluru, karnataka",Fashion|Running Shoes|2199,2
ORD-20261001-1506,2026-10-01 23:08:40,varun,Mishra,"Mumbai, Maharashtra",Electronics|Wireless Earbuds|1299,1
ORD-20261001-4226,01/10/2026 02:39,Anika,ghosh,"Jaipur, Rajasthan",Fashion|Cotton Kurta|799,1
ORD-20261001-1087,01/10/2026 20:01,Sai,Bose,"Jaipur, Rajasthan",Home And Kitchen|Bedsheet Set|1499,2
ORD-20261001-1642,01-10-2026 22:19,rajesh,Mehta,"Hyderabad, Telangana",Beauty|Sunscreen|449,1
ORD-20261001-0563,01/10/2026 22:18,Deepak,Chauhan,"jaipur, rajasthan",Electronics|Laptop Stand|749,1
ORD-20261001-2270,2026-10-01 20:28:17,MEGHA,Thakkar,"MUMBAI, MAHARASHTRA",Home And Kitchen|Storage Box|299,3
ORD-20261001-2309,01/10/2026 19:29,Dev,Patil,"mumbai, maharashtra",, 1 
ORD-20261001-2250,,Ayaan,Verma,"Mumbai, Maharashtra",Fashion|Cotton Kurta|799,1
ORD-20261001-2633,01/10/2026 21:16,Rudra,khanna,"DELHI, DELHI",Electronics|Smart Watch|2499,2.0
ORD-20261001-3535,2026-10-01 19:12:15,JAY,Kumar,"Jaipur, Rajasthan",Home And Kitchen|Wall Clock|649,1
ORD-20261001-3543,01/10/2026 19:37,neel,BHATT,"Pune, Maharashtra",Electronics|Power Bank|899,1
ORD-20261001-0380,01/10/2026 21:39,  Tushar ,REDDY,"Bengaluru, Karnataka",Electronics|Wireless Earbuds|1299,2
ORD-20261001-1970,01/10/2026 15:37,  Sara ,THAKKAR,"Mumbai, Maharashtra",Home And Kitchen|Steel Water Bottle|399,2.0
ORD-20261001-0058,01/10/2026 17:21,Ayaan,Sinha,"Mumbai, Maharashtra",Beauty|Hair Serum|549,2
ORD-20261001-0766,2026-10-01 09:31:45,,Mukherjee,"Bengaluru, Karnataka",Beauty|Hair Serum|549,1
ORD-20261001-2191,01-10-2026 03:08,Swati,  Malhotra ,"Jaipur, Rajasthan",Electronics|Laptop Stand|749,2
ORD-20261001-4299,01/10/2026 15:17,Kunal,Vyas,"mumbai, maharashtra",Fashion|Leather Wallet|499,1
ORD-20261001-2169,2026-10-01 07:56:21,NAVYA,Sinha,"Delhi, Delhi",Fashion|Running Shoes|2199, 3 
ORD-20261001-4698,01/10/2062 21:42,Tushar,Desai,"mumbai, maharashtra",Electronics|Bluetooth Speaker|1799,1
ORD-20261001-2756,01/10/2026 08:13,Vivaan,RAO,"Hyderabad, Telangana",Home And Kitchen|Bedsheet Set|1499,1
ORD-20261001-2619,01/10/2026 15:25,Payal,rao,"Bengaluru, Karnataka",Electronics|Laptop Stand|749,1
ORD-20261001-2528,01-10-2026 17:18,  Kabir ,Pandya,"Delhi, Delhi",Electronics|Laptop Stand|749,1
ORD-20261001-4203,01-10-2026 07:53,Priya,Mishra,"LUCKNOW, UTTAR PRADESH",Fashion|Denim Jeans|1199,1
ORD-20261001-0649,2026-10-01 10:02:19,divya,Patil,"Mumbai, Maharashtra",Fashion|Denim Jeans|1199,1
ORD-20261001-2503,01/10/2026 22:18,priya,Bose,"LUCKNOW, UTTAR PRADESH",Electronics|Wireless Earbuds|1299,2
ORD-20261001-0737,01/10/2026 21:03,diya,joshi,"Mumbai, Maharashtra",Fashion|Sunglasses|999,1
ORD-20261001-2152,2026-10-01 07:23:36,Nikhil,Gupta,"  Chennai, Tamil Nadu ",Electronics|Wireless Earbuds|1299,1
ORD-20261001-3790,2026-10-01 23:58:02,palak,Khanna,"Pune, Maharashtra",Beauty|Perfume|1299,4
ORD-20261001-0845,2026-10-01 15:11:13,  Suresh ,Iyer,"Delhi, Delhi",Home And Kitchen|Wall Clock|649,2
ORD-20261001-1329,2026-10-01 19:21:26,nikhil,Gupta,"pune, maharashtra",Home And Kitchen|Wall Clock|649,
ORD-20261001-3265,2026-10-01 19:25:42,neel,Kumar,"pune, maharashtra",Fashion|Running Shoes|2199,2
ORD-20261001-3518,01/10/2026 12:59,Nikhil,Kalavadia,"mysuru, karnataka",Sports|Dumbbell Set|1899,3
ORD-20261001-3141,01/10/2026 10:54,Vihaan,Thakkar,"Jaipur, Rajasthan",Fashion|Running Shoes|2199,2
ORD-20261001-3296,01/10/2026 22:40,SURESH,Gupta,"Surat, Gujarat",Beauty|Perfume|1299,1
ORD-20261001-2047,2026-10-01 10:16:44,Aryan,  Bansal ,"Mumbai, Maharashtra",Sports|Cricket Bat|1599,1
ORD-20261001-0395,2026-10-01 09:25:25,Palak,Chaudhary,"Mumbai, Maharashtra",Electronics|Wireless Earbuds|1299,1
ORD-20261001-1905,01/10/2026 09:43,Nidhi,Tiwari,"pune, maharashtra",Electronics|Laptop Stand|749,2
ORD-20261001-3741,01/10/2026 22:26,NEHA,Vyas,"VADODARA, GUJARAT",Beauty|Hair Serum|549,1
ORD-20261001-3859,2026-10-01 17:14:29,Neel,Dubey,"Chennai, Tamil Nadu",Home And Kitchen|Steel Water Bottle|399,
ORD-20261001-1588,2026-10-01 10:25:40,ARJUN,Gupta,"Hyderabad, Telangana",Fashion|Running Shoes|2199,1
ORD-20261001-3580,2026-10-01 10:20:25,Nisha,Patel,"Jaipur, Rajasthan",Electronics|Laptop Stand|749,-2
ORD-20261001-0988,2026-10-01 15:56:08,krishna,Bose,"mumbai, maharashtra",Fashion|Cotton Kurta|799,2
ORD-20261001-4785,01-10-2026 20:04,aryan,Malhotra,"lucknow, uttar pradesh",Home And Kitchen|Steel Water Bottle|399,1
ORD-20261001-0299,01/10/2026 12:36,  Vikas ,Patil,"Mumbai, Maharashtra",Home And Kitchen|Non Stick Pan|1099,1
ORD-20261001-4543,2026-10-01 19:51:11,Kunal,kumar,"Pune, Maharashtra",Electronics|Smart Watch|2499,1
ORD-20261001-1595,2026-10-01 23:05:19,manish,Sinha,"Chennai, Tamil Nadu",Beauty|Face Wash|249,6
ORD-20261001-1680,01/10/2026 19:46,Sara,  Thakkar ,"Mumbai, Maharashtra",Beauty|Hair Serum|549,3
ORD-20261001-0416,2026-10-01 07:19:47,Ishaan,GUPTA,"mumbai, maharashtra",Fashion|Denim Jeans|1199,2.0
ORD-20261001-1771,01/10/2026 13:46,  Krupa ,Sharma,"Vadodara, Gujarat",Beauty|Lipstick|399,3
ORD-20261001-1168,01/10/2026 22:13,ishaan,vyas,"kolkata, west bengal",Home And Kitchen|Storage Box|299,1
ORD-20261001-1203,01/10/2026 14:39,  Palak ,Srivastava,"Chennai, Tamil Nadu",Sports|Cricket Bat|1599,2
ORD-20261001-3618,2026-10-01 06:54:57,Nikhil,Reddy,"delhi, delhi",Fashion|Sunglasses|999,2
ORD-20261001-2587,2026-10-01 12:36:46,Riya,  Chopra ,"Surat, Gujarat",Fashion|Sunglasses|999,4
ORD-20261001-1706,01/10/2026 19:32,PARI,  Gupta ,"Kolkata, West Bengal",Home And Kitchen|Storage Box|299,1
ORD-20261001-3455,01-10-2026 13:13,pari,Kulkarni,"Jaipur, Rajasthan",Sports|Cricket Bat|1599,1
ORD-20261001-0972,2026-10-01 16:00:49,Myra,Sharma,"Nagpur, Maharashtra",Fashion|Leather Wallet|499,1
ORD-20261001-3623,2026-10-01 17:52:49,  Nikhil ,Kapoor,"Bengaluru, Karnataka",Fashion|Running Shoes|2199,3
ORD-20261001-3114,01/10/2026 19:58,  Rudra ,rathod,"delhi, delhi",Electronics|Wireless Earbuds|1299,1
ORD-20261001-3098,2026-10-01 16:55:50,Bhavna,mishra,"Surat, Gujarat",Sports|Cricket Bat|1599,1
ORD-20261001-3169,01/10/2026 11:12,  Krupa ,  Mukherjee ,"Pune, Maharashtra",Sports|Yoga Mat|699,5
ORD-20261001-2885,2026-10-01 21:04:12,Kabir,Pillai,"Chennai, Tamil Nadu",Fashion|Running Shoes|2199,1
ORD-20261001-0746,01/10/2026 10:04,vihaan,Bansal,"Kolkata, West Bengal",Fashion|Leather Wallet|499,1
ORD-20261001-0548,01/10/2026 13:40,Aadhya,Chaudhary,"Bengaluru, Karnataka",Beauty|Lipstick|399,1
ORD-20261001-2085,2026-10-01 23:36:22,Sai,mehta,"Bengaluru, Karnataka",Sports|Yoga Mat|699,2
ORD-20261001-1839,01/10/2026 20:59,PRANAV,Menon,"Bengaluru, Karnataka",Fashion|Cotton Kurta|799,1
ORD-20261001-4093,2026-10-01 19:31:02,VIKAS,Patil,"Mumbai, Maharashtra",Electronics|Bluetooth Speaker|1799,3
ORD-20261001-4525,01/10/2026 19:55,AYAAN,Thakkar,"LUCKNOW, UTTAR PRADESH",Electronics|Smart Watch|2499,2
ORD-20261001-1637,01/10/2026 21:04,megha,Thakkar,"Mumbai, Maharashtra",Fashion|Sunglasses|999,1
ORD-20261001-4504,01-10-2026 08:29,Rohan,Kulkarni,"Chennai, Tamil Nadu",Home And Kitchen|Wall Clock|649,2
ORD-20261001-0199,01-10-2026 07:24,AMIT,KAPOOR,"Pune, Maharashtra",Sports|Cricket Bat|1599,2
ORD-20261001-4549,2026-10-01 22:38:38,Arjun,PILLAI,"  Chennai, Tamil Nadu ",Home And Kitchen|Bedsheet Set|1499,2
ORD-20261001-0765,01/10/2026 13:07,aadhya,Bhatt,"Mysuru, Karnataka",Sports|Football|799,1
ORD-20261001-0848,01/10/2026 10:08,Bhavna,Mukherjee,"KOLKATA, WEST BENGAL",Fashion|Running Shoes|2199,1
ORD-20261001-4008,01/10/2026 09:57,Ayaan,Reddy,"BENGALURU, KARNATAKA",Electronics|Wireless Earbuds|1299,2
ORD-20261001-2112,01/10/2026 20:53,Dhwani,Reddy,"  Pune, Maharashtra ",Electronics|Bluetooth Speaker|1799,2
ORD-20261001-3051,2026-10-01 15:51:49,Saanvi,Kapoor,"Pune, Maharashtra",Beauty|Hair Serum|549,3
ORD-20261001-0680,01/10/2026 13:16,Megha,Kalavadia,"Kolkata, West Bengal",Fashion|Cotton Kurta|799,2
ORD-20261001-1218,2026-10-01 18:40:20,kabir,Singh,"Surat, Gujarat",Fashion|Cotton Kurta|799,2
ORD-20261001-1257,01/10/2026 22:54,Hetal,Chauhan,"Chennai, Tamil Nadu",Fashion|Sunglasses|999,1
ORD-20261001-2401,01/10/2026 11:34,Karan,reddy,"Bengaluru, Karnataka",Fashion|Sunglasses|999,1
ORD-20261001-1420,01/10/2026 23:15,Dev,,"Hyderabad, Telangana",Home And Kitchen|Bedsheet Set|1499,2
ORD-20261001-4104,01/10/2026 20:58,Myra,  Trivedi ,"  Surat, Gujarat ",Electronics|Power Bank|899,3.0
ORD-20261001-0112,01/10/2026 09:42,Janvi,sinha,"Nagpur, Maharashtra",Electronics|Power Bank|899,6
ORD-20261001-3104,2026-10-01 22:16:34,Sara,GHOSH,"Chennai, Tamil Nadu",Fashion|Cotton Kurta|799,3
ORD-20261001-1707,01-10-2026 18:28,NEEL,mishra,"Coimbatore, Tamil Nadu",Home And Kitchen|Storage Box|299,1
ORD-20261001-3654,01-10-2026 19:08,  Deepak ,  Das ,"SURAT, GUJARAT",Electronics|Smart Watch|2499,3
ORD-20261001-4753,01/10/2026 13:36,Riya,bose,"Mumbai, Maharashtra",Fashion|Sunglasses|999,4
ORD-20261001-0069,2026-10-01 13:27:26,Nikhil,  Reddy ,"Pune, Maharashtra",Beauty|Lipstick|399,1
ORD-20261001-4283,01/10/2026 20:42,swati,PILLAI,"  Coimbatore, Tamil Nadu ",Electronics|Power Bank|899,1
ORD-20261001-1852,01/10/2026 20:00,pranav,VYAS,"Nagpur, Maharashtra",Beauty|Lipstick|399,3
ORD-20261001-0242,01-10-2026 14:22,Shreya,Bansal,"Delhi, Delhi",Electronics|Bluetooth Speaker|1799,1
ORD-20261001-0991,2026-10-01 19:36:06,Jay,DESAI,"  Chennai, Tamil Nadu ",Beauty|Face Wash|249,1
ORD-20261001-1065,01-10-2026 19:57,Diya,PARMAR,"bengaluru, karnataka",Beauty|Lipstick|399,1
ORD-20261001-4733,2026-10-01 11:00:04,  Om ,Tiwari,"Pune, Maharashtra",Fashion|Sunglasses|999,2
ORD-20261001-0990,2026-10-01 22:34:41,Pranav,Menon,"bengaluru, karnataka",Beauty|Perfume|1299,2
ORD-20261001-2285,2026-10-01 11:39:27,Ananya,patel,"Kolkata, West Bengal",Fashion|Leather Wallet|499,1
ORD-20261001-1456,01/10/2026 21:51,  Janvi ,rathod,"Bengaluru, Karnataka",Beauty|Perfume|1299,4
ORD-20261001-2929,01/10/2026 19:32,Khushi,  Rathod ,"Mumbai, Maharashtra",Electronics|Power Bank|899,1
ORD-20261001-3186,2026-10-01 10:04:36,ayaan,Mishra,"lucknow, uttar pradesh",Beauty|Face Wash|249,1
ORD-20261001-4168,01/10/2026 19:49,Sara,Solanki,"Ahmedabad, Gujarat",Electronics|Wireless Earbuds|1299,1
ORD-20261001-3146,01-10-2026 13:13,Rajesh,Vyas,"bengaluru, karnataka",Fashion|Sunglasses|999,1
ORD-20261001-2670,01-10-2026 13:06,Krishna,Arora,"Surat, Gujarat",Electronics|Power Bank|899,1
ORD-20261001-4607,30/02/2026 12:56,vihaan,Rathod,"  Mumbai, Maharashtra ",Electronics|Smart Watch|2499,3.0
ORD-20261001-2571,01/10/2026 19:56,Neel,,"Pune, Maharashtra",Sports|Football|799,4
ORD-20261001-2312,01/10/2026 22:09,Aanya,trivedi,"Delhi, Delhi",Beauty|Lipstick|399, 1 
ORD-20261001-0553,2026-10-01 05:10:40,Swati,kalavadia,"Mumbai, Maharashtra",Sports|Skipping Rope|199,3
ORD-20261001-1098,01/10/2026 12:53,Palak,Agarwal,"CHENNAI, TAMIL NADU",Beauty|Hair Serum|549,5
ORD-20261001-2360,01-10-2026 17:00,null,pandya,"Hyderabad, Telangana",Beauty|Lipstick|399,2
ORD-20261001-0671,01/10/2026 21:04,Vihaan,Solanki,"Bengaluru, Karnataka",Home And Kitchen|Bedsheet Set|1499,1
ORD-20261001-1033,01/10/2026 09:12,Deepak,Solanki,"Mumbai, Maharashtra",Beauty|Perfume|1299,1
ORD-20261001-0019,2026-10-01 21:43:27,Vikas,Patil,"Vadodara, Gujarat",Beauty|Face Wash|249, 2 
ORD-20261001-4769,2026-10-01 12:52:10,Saanvi,DESAI,"bengaluru, karnataka",Beauty|Face Wash|249,1
ORD-20261001-3501,2026-10-01 13:53:15,Mansi,Modi,"Mumbai, Maharashtra",Sports|Dumbbell Set|1899,1
ORD-20261001-0710,01/10/2026 21:29,Harsh,VERMA,"Mysuru, Karnataka",Beauty|Lipstick|399,1
ORD-20261001-2604,01/10/2026 06:24,Riya,chauhan,"Coimbatore, Tamil Nadu",Sports|Yoga Mat|699,-1
ORD-20261001-4662,01/10/2026 14:00,  Vivaan ,Srivastava,"Chennai, Tamil Nadu",Electronics|Smart Watch|2499,1
ORD-20261001-2408,01-10-2026 11:07,ishaan,  Vyas ,"Mumbai, Maharashtra",Electronics|Bluetooth Speaker|1799,1
ORD-20261001-2153,2026-10-01 22:34:17,Swati,MALHOTRA,"SURAT, GUJARAT",Electronics|Wireless Earbuds|1299,1
ORD-20261001-4258,01-10-2026 12:57,Mihir,  Nair ,"kolkata, west bengal",Beauty|Perfume|1299,
ORD-20261001-0732,01/10/2026 19:15,Karan,Khanna,"Mumbai, Maharashtra",Fashion|Cotton Kurta|799,1
ORD-20261001-3439,01/10/2026 20:20,  Reyansh ,Patel,"Hyderabad, Telangana",Home And Kitchen|Bedsheet Set|1499,2
ORD-20261001-0661,01/10/2062 15:44,Swati,Shah,"Mumbai, Maharashtra",Beauty|Sunscreen|449, 5 
ORD-20261001-3774,01-10-2026 02:15,Roshni,KHANNA,"Nagpur, Maharashtra",Beauty|Sunscreen|449,1
ORD-20261001-1777,01/10/2026 19:22,Gaurav,Iyer,"  Mumbai, Maharashtra ",Sports|Football|799,0
ORD-20261001-1928,01/10/2026 07:39,Kunal,Modi,"  Delhi, Delhi ",Fashion|Denim Jeans|1199,1.0
ORD-20261001-0294,01/10/2026 12:56,Sara,Desai,,Home And Kitchen|Wall Clock|649,2
ORD-20261001-0530,01-10-2026 19:07,Mansi,Patel,"hyderabad, telangana",Sports|Football|799, 1 
ORD-20261001-2095,2026-10-01 08:29:42,Gaurav,,"Mysuru, Karnataka",Sports|Dumbbell Set|1899,1
ORD-20261001-0056,2026-10-01 21:24:07,  Sai ,  Saxena ,"Jaipur, Rajasthan",Electronics|Wireless Earbuds|1299,2
ORD-20261001-3546,01-10-2026 05:17,Tanvi,Patil,"hyderabad, telangana",Fashion|Denim Jeans|1199,1
ORD-20261001-4765,01/10/2026 14:03,shreya,Bhatt,"  Ahmedabad, Gujarat ",Electronics|Smart Watch|2499,1
ORD-20261001-0514,2026-10-01 23:19:10,Kriti,Menon,"  Vadodara, Gujarat ",Electronics|Wireless Earbuds|1299,3
ORD-20261001-0901,2026-10-01 22:24:20,Kriti,  Mehta ,"delhi, delhi",Home And Kitchen|Bedsheet Set|1499, 6 
ORD-20261001-3420,01/10/2026 20:51,yash,Vyas,"  Kolkata, West Bengal ",Beauty|Sunscreen|449,4
ORD-20261001-3152,2026-10-01 22:29:55,neel,Pandya,"Bengaluru, Karnataka",Sports|Yoga Mat|699, 3 
ORD-20261001-1948,01/10/2026 23:51,Saanvi,Rathod,"Delhi, Delhi",Home And Kitchen|Bedsheet Set|1499,6
ORD-20261001-1003,2026-10-01 22:11:03,Vikas,Patil,"  Mumbai, Maharashtra ",Fashion|Running Shoes|2199, 2 
ORD-20261001-0931,01/10/2026 09:47,Reyansh,Iyer,"bengaluru, karnataka",Home And Kitchen|Wall Clock|649,2
ORD-20261001-4028,01/10/2026 09:08,Varun,Patil,"Lucknow, Uttar Pradesh",Beauty|Perfume|1299,1
ORD-20261001-0701,2026-10-01 22:17:52,  Atharv ,SHAH,"MUMBAI, MAHARASHTRA",Fashion|Sunglasses|999,1
ORD-20261001-2204,01/10/2026 23:01,Mansi,Ghosh,"surat, gujarat",Beauty|Sunscreen|449, 3 
ORD-20261001-4721,01/10/2026 12:56,Mihir,Pandya,"Ahmedabad, Gujarat",Fashion|Running Shoes|2199,1
ORD-20261001-1191,01/10/2026 12:58,Ritu,Patil,"Hyderabad, Telangana",Beauty|Perfume|1299,2
ORD-20261001-3334,2026-10-01 01:43:50,Amit,pandya,"MUMBAI, MAHARASHTRA",Fashion|Running Shoes|2199, 1 
ORD-20261001-3449,2026-10-01 20:11:19,Om,  Arora ,"jaipur, rajasthan",Electronics|Laptop Stand|749,1
ORD-20261001-2399,2026-10-01 21:33:45,riya,Solanki,"DELHI, DELHI",Beauty|Lipstick|399,2
ORD-20261001-0893,01-10-2026 11:03,Krupa,Trivedi,"Pune, Maharashtra",Home And Kitchen|Steel Water Bottle|399,5
ORD-20261001-2985,01/10/2026 13:14,Aarav,Kulkarni,"mumbai, maharashtra",Beauty|Perfume|1299,1
ORD-20261001-1013,2026-10-01 12:19:39,Isha,Nair,"ahmedabad, gujarat",Fashion|Denim Jeans|1199,1
ORD-20261001-1523,2026-10-01 18:29:11,SHAURYA,Nair,"Delhi, Delhi",Home And Kitchen|Non Stick Pan|1099,4
ORD-20261001-1813,,hetal,Joshi,"Delhi, Delhi",Sports|Football|799,2
ORD-20261001-2367,2026-10-01 12:52:54,Tanvi,Mehta,"Delhi, Delhi",Fashion|Leather Wallet|499,3
ORD-20261001-3912,01/10/2026 21:07,Kabir,Trivedi,"Chennai, Tamil Nadu",Sports|Skipping Rope|199,2
ORD-20261001-2806,2026-10-01 21:09:07,Vivaan,Yadav,"Kolkata, West Bengal",Electronics|Wireless Earbuds|1299,1
ORD-20261001-1866,01-10-2026 20:14,ayaan,PAWAR,"Bengaluru, Karnataka",Electronics|Wireless Earbuds|1299,1
ORD-20261001-2376,01/10/2026 11:11,Parth,  Ghosh ,"Ahmedabad, Gujarat",Beauty|Perfume|1299,2
ORD-20261001-3993,01/10/2026 14:07,rohan,Reddy,"pune, maharashtra",Home And Kitchen|Wall Clock|649,1
ORD-20261001-4507,01/10/2026 22:59,simran,Vyas,"Mysuru, Karnataka",Electronics|Bluetooth Speaker|1799,2
ORD-20261001-3708,01/10/2026 18:29,  Jay ,Mukherjee,"Mumbai, Maharashtra",Home And Kitchen|Non Stick Pan|1099,1
ORD-20261001-3428,01/10/2026 21:57,Mihir,Bansal,"  Surat, Gujarat ",Home And Kitchen|Steel Water Bottle|399,1
ORD-20261001-3313,01-10-2026 18:07,pooja,pandya,"Bengaluru, Karnataka",Home And Kitchen|Steel Water Bottle|399,3
ORD-20261001-0876,01-10-2026 07:12,Yash,Thakkar,"Mumbai, Maharashtra",Electronics|Smart Watch|2499,1
ORD-20261001-2686,01/10/2062 22:11,  Nikhil ,Menon,"jaipur, rajasthan",Electronics|Laptop Stand|749,3
ORD-20261001-4442,2026-10-01 12:47:30,parth,MUKHERJEE,"BENGALURU, KARNATAKA",Beauty|Hair Serum|549,1
ORD-20261001-2212,01-10-2026 11:18,Kriti,Saxena,"Ahmedabad, Gujarat",Home And Kitchen|Steel Water Bottle|399,2
ORD-20261001-4056,01/10/2026 16:12,varun,vyas,"ahmedabad, gujarat",Beauty|Hair Serum|549,2
ORD-20261001-1625,01/10/2026 22:56,aryan,mukherjee,"Mumbai, Maharashtra",Electronics|Power Bank|899,1
ORD-20261001-1150,01/10/2026 19:50,Dhwani,Das,"Pune, Maharashtra",Home And Kitchen|Non Stick Pan|1099,3
ORD-20261001-2876,01/10/2026 12:58,VIKAS,PATIL,"Kolkata, West Bengal",Beauty|Hair Serum|549,2
ORD-20261001-1997,2026-10-01 23:07:04,Shreya,kumar,"Nagpur, Maharashtra",Home And Kitchen|Bedsheet Set|1499,2
ORD-20261001-4050,2026-10-01 14:02:20,krishna,kulkarni,"  Kolkata, West Bengal ",Beauty|Perfume|1299,1
ORD-20261001-2990,01-10-2026 02:17,Deepak,Das,"Surat, Gujarat",Sports|Dumbbell Set|1899,1
ORD-20261001-4049,2026-10-01 22:49:45,  Aanya ,Pandya,"Delhi, Delhi",Home And Kitchen|Steel Water Bottle|399,3
ORD-20261001-2782,2026-10-01 11:23:56,Dhruv,Chauhan,"Hyderabad, Telangana",Home And Kitchen|Bedsheet Set|1499, 2 
ORD-20261001-2602,01/10/2026 23:03,BHAVNA,Arora,"coimbatore, tamil nadu",,2.0
ORD-20261001-1118,01/10/2026 18:18,Nikhil,Pandya,"Lucknow, Uttar Pradesh",Electronics|Laptop Stand|749,4
ORD-20261001-2213,01-10-2026 12:13,KUNAL,  Patel ,"LUCKNOW, UTTAR PRADESH",Sports|Cricket Bat|1599,1
ORD-20261001-2143,01-10-2026 18:04,  Megha ,Kalavadia,"KOLKATA, WEST BENGAL",Beauty|Hair Serum|549,2
ORD-20261001-2683,01/10/2026 17:41,divya,  Singh ,"  Pune, Maharashtra ",Sports|Football|799,2
ORD-20261001-0631,01-10-2026 13:08,Vikas,Thakkar,"  Ahmedabad, Gujarat ",Electronics|Bluetooth Speaker|1799,1
ORD-20261001-1447,2026-10-01 10:24:00,Karan,Kulkarni,"coimbatore, tamil nadu",Electronics|Laptop Stand|749, 4 
ORD-20261001-0576,01-10-2026 21:09,nisha,Vyas,"  Delhi, Delhi ",Electronics|Wireless Earbuds|1299,2
ORD-20261001-2839,01/10/2026 15:44,Neel,PANDYA,"Bengaluru, Karnataka",Electronics|Wireless Earbuds|1299,1
ORD-20261001-0651,2026-10-01 16:47:58,Kabir,Kulkarni,"ahmedabad, gujarat",Fashion|Denim Jeans|1199,4
ORD-20261001-4487,01/10/2026 11:52,shaurya,bhatt,"Chennai, Tamil Nadu",Beauty|Lipstick|399,1
ORD-20261001-1208,01/10/2026 13:15,  Priya ,Vyas,"jaipur, rajasthan",Electronics|Laptop Stand|749,2
ORD-20261001-3447,01/10/2026 22:28,ananya,Yadav,"delhi, delhi",Home And Kitchen|Storage Box|299,3
ORD-20261001-3995,2026-10-01 01:48:19,Dhruv,Kulkarni,"jaipur, rajasthan",Fashion|Cotton Kurta|799,6
ORD-20261001-4154,01/10/2026 10:39,REYANSH,  Desai ,"SURAT, GUJARAT",Electronics|Wireless Earbuds|1299,2
ORD-20261001-2462,01/10/2026 20:52,  Roshni ,kalavadia,"DELHI, DELHI",Fashion|Sunglasses|999,3
ORD-20261001-2609,2026-10-01 16:17:09,Atharv,  Nair ,"Delhi, Delhi",Electronics|Smart Watch|2499,3
ORD-20261001-0974,01/10/2026 13:20,Neha,Arora,"Mumbai, Maharashtra",Home And Kitchen|Non Stick Pan|1099, 2 
ORD-20261001-3268,01/10/2026 20:45,Shaurya,Nair,"Pune, Maharashtra",Home And Kitchen|Bedsheet Set|1499,1
ORD-20261001-0552,01-10-2026 18:14,Nidhi,Singh,"pune, maharashtra",Electronics|Power Bank|899,1
ORD-20261001-3360,01/10/2026 07:57,ADVIK,,"Vadodara, Gujarat",Beauty|Sunscreen|449,4.0
ORD-20261001-2039,01/10/2026 14:16,Sara,Patel,"Mumbai, Maharashtra",Beauty|Face Wash|249,2.0
ORD-20261001-2052,01/10/2026 15:31,Ayaan,Reddy,"surat, gujarat",Beauty|Sunscreen|449,1
ORD-20261001-3286,01/10/2026 15:33,Dhruv,Patil,"Pune, Maharashtra",Electronics|Bluetooth Speaker|1799,1
ORD-20261001-3723,2026-10-01 15:14:17,Krupa,Kulkarni,"Surat, Gujarat",Fashion|Leather Wallet|499,1
ORD-20261001-4048,2026-10-01 10:04:57,Suresh,kumar,"Bengaluru, Karnataka",Home And Kitchen|Wall Clock|649,3
ORD-20261001-1850,01/10/2026 21:57,Bhavna,Arora,"kolkata, west bengal",Electronics|Power Bank|899,1
ORD-20261001-0465,01/10/2026 12:36,Rudra,Yadav,"Bengaluru, Karnataka",Fashion|Running Shoes|2199,1
ORD-20261001-0787,2026-10-01 11:20:48,ADVIK,joshi,"Pune, Maharashtra",Fashion|Sunglasses|999,2
ORD-20261001-3945,01/10/2026 21:13,Pranav,desai,"ahmedabad, gujarat",Beauty|Face Wash|249,4
ORD-20261001-1561,01/10/2026 18:45,Tushar,ghosh,"Jaipur, Rajasthan",Fashion|Cotton Kurta|799,3
ORD-20261001-3964,01/10/2026 10:14,jay,  Nair ,"  Bengaluru, Karnataka ",Beauty|Face Wash|249,3
ORD-20261001-0952,01-10-2026 18:37,Aryan,chaudhary,"Jaipur, Rajasthan",Beauty|Sunscreen|449,1
ORD-20261001-1293,01/10/2026 09:40,aanya,Mehta,"Mumbai, Maharashtra",Fashion|Sunglasses|999,1
ORD-20261001-0684,2026-10-01 10:28:42,Suresh,modi,"delhi, delhi",Electronics|Bluetooth Speaker|1799,3
ORD-20261001-2964,2026-10-01 16:21:52,rajesh,menon,"chennai, tamil nadu",Beauty|Sunscreen|449,4
ORD-20261001-4485,01/10/2026 07:12,Nikhil,Bhatt,"Coimbatore, Tamil Nadu",Beauty|Hair Serum|549,2
ORD-20261001-4577,2026-10-01 22:48:47,Priya,Bhatt,"Hyderabad, Telangana",Fashion|Sunglasses|999, 1 
ORD-20261001-3715,01/10/2026 15:14,Ayaan,Sharma,"  Coimbatore, Tamil Nadu ",Beauty|Sunscreen|449,2
ORD-20261001-0044,01/10/2026 21:51,Neel,Das,"delhi, delhi",Electronics|Smart Watch|2499,1.0
ORD-20261001-1183,01/10/2026 07:04,Nidhi,Yadav,"Coimbatore, Tamil Nadu",Beauty|Lipstick|399,2
ORD-20261001-2862,01/10/2026 11:00,Parth,Pawar,"bengaluru, karnataka",Fashion|Sunglasses|999,1
ORD-20261001-3303,01/10/2026 20:26,  Kunal ,Dubey,"Coimbatore, Tamil Nadu",Home And Kitchen|Steel Water Bottle|399,1
ORD-20261001-1015,01/10/2026 18:04,Riya,malhotra,"KOLKATA, WEST BENGAL",Electronics|Laptop Stand|749,1
ORD-20261001-4513,2026-10-01 19:21:34,null,Bansal,"NAGPUR, MAHARASHTRA",Beauty|Sunscreen|449,1
ORD-20261001-4831,01/10/2026 22:31,Ayaan,Iyer,"mumbai, maharashtra",Electronics|Bluetooth Speaker|1799,-1
ORD-20261001-3833,01/10/2026 21:45,Priya,PILLAI,"  Coimbatore, Tamil Nadu ",Fashion|Sunglasses|999,0
ORD-20261001-2359,01-10-2026 10:50,Om,pandya,"  Hyderabad, Telangana ",Beauty|Sunscreen|449,3
ORD-20261001-0199,01-10-2026 07:24,AMIT,KAPOOR,"Pune, Maharashtra",Sports|Cricket Bat|1599,2
ORD-20261001-4614,01/10/2026 15:45,Neel,Thakkar,"Delhi, Delhi",Electronics|Laptop Stand|749,3.0
ORD-20261001-1849,2026-10-01 19:36:28,navya,Sinha,"DELHI, DELHI",Fashion|Denim Jeans|1199,5
ORD-20261001-3043,2026-10-01 21:02:47,Dhwani,  Bhatt ,"Vadodara, Gujarat",Sports|Dumbbell Set|1899,2
ORD-20261001-0230,01/10/2026 12:24,advik,Khanna,"BENGALURU, KARNATAKA",Fashion|Denim Jeans|1199,4
ORD-20261001-4377,01/10/2026 20:42,NIDHI,Kulkarni,"Pune, Maharashtra",Sports|Football|799,1
ORD-20261001-0421,01/10/2026 23:03,Isha,nair,"  Ahmedabad, Gujarat ",Fashion|Sunglasses|999,1
ORD-20261001-1917,01/10/2026 20:15,aarav,Modi,"Bengaluru, Karnataka",Beauty|Sunscreen|449,1
ORD-20261001-1422,2026-10-01 16:30:28,Isha,  Shah ,"chennai, tamil nadu",Beauty|Perfume|1299,1
ORD-20261001-2637,01/10/2026 13:03,Mansi,Modi,,Beauty|Sunscreen|449,2
ORD-20261001-3582,01/10/2026 15:40,riya,Bhatt,"Hyderabad, Telangana",Beauty|Lipstick|399,5
ORD-20261001-0189,01/10/2026 06:24,komal,Srivastava,"Nagpur, Maharashtra",Fashion|Sunglasses|999,4
ORD-20261001-4502,01/10/2026 20:44,palak,Dubey,"mumbai, maharashtra",Sports|Yoga Mat|699, 1 
ORD-20261001-4239,01/10/2026 11:14,bhavna,Modi,"Delhi, Delhi",Home And Kitchen|Non Stick Pan|1099,1
ORD-20261001-1192,01/10/2026 12:00,Palak,rathod,"  Pune, Maharashtra ",Electronics|Bluetooth Speaker|1799,4
ORD-20261001-4103,01/10/2026 23:45,Ritu,Mehta,"Mysuru, Karnataka",Beauty|Face Wash|249,1.0
ORD-20261001-3591,01/10/2026 18:25,Krishna,Kumar,"Hyderabad, Telangana",Sports|Cricket Bat|1599,1
ORD-20261001-2956,01/10/2026 16:40,Gaurav,  Jain ,"  Hyderabad, Telangana ",,1
ORD-20261001-1788,01/10/2026 17:36,Simran,Tiwari,"  Jaipur, Rajasthan ",Beauty|Lipstick|399,1
ORD-20261001-2394,01/10/2026 18:00,Komal,DESAI,"surat, gujarat",Beauty|Perfume|1299,1
ORD-20261001-0205,,null,Ghosh,"HYDERABAD, TELANGANA",Fashion|Running Shoes|2199,1
ORD-20261001-1660,2026-10-01 18:21:00,Diya,kalavadia,"Hyderabad, Telangana",Home And Kitchen|Wall Clock|649,1
ORD-20261001-4220,2026-10-01 12:37:08,Anjali,Patel,"Delhi, Delhi",Home And Kitchen|Storage Box|299,2
ORD-20261001-2423,01/10/2026 18:19,Tanvi,sharma,"Pune, Maharashtra",Beauty|Perfume|1299,1
ORD-20261001-2629,01-10-2026 16:27,sara,Malhotra,"Hyderabad, Telangana",Beauty|Face Wash|249,2.0
ORD-20261001-4003,01/10/2026 20:38,Anika,Yadav,"Delhi, Delhi",Beauty|Hair Serum|549,1
ORD-20261001-1644,01-10-2026 20:32,Reyansh,Sharma,"Vadodara, Gujarat",Electronics|Smart Watch|2499,1
ORD-20261001-1865,01/10/2026 14:53,Pari,  Rathod ,"jaipur, rajasthan",Sports|Football|799,1
ORD-20261001-4714,2026-10-01 14:47:57,Aditi,Pawar,"Bengaluru, Karnataka",Electronics|Wireless Earbuds|1299,-2
ORD-20261001-3450,2026-10-01 19:03:56,Reyansh,Iyer,"  Bengaluru, Karnataka ",Electronics|Laptop Stand|749,1
ORD-20261001-1086,01/10/2026 21:33,Simran,  Jain ,"CHENNAI, TAMIL NADU",Electronics|Bluetooth Speaker|1799,1
ORD-20261001-2737,01/10/2026 17:16,AMIT,Kulkarni,"  Kolkata, West Bengal ",Electronics|Smart Watch|2499,1
ORD-20261001-3529,01/10/2026 07:03,Vivaan,Menon,"Jaipur, Rajasthan",Fashion|Denim Jeans|1199,3
ORD-20261001-2017,01/10/2026 19:23,Neha,Agarwal,"Hyderabad, Telangana",Electronics|Laptop Stand|749,3
ORD-20261001-0076,01-10-2026 21:00,Hetal,Chauhan,"Bengaluru, Karnataka",Fashion|Leather Wallet|499,2
ORD-20261001-4594,2026-10-01 06:41:03,Pooja,malhotra,"PUNE, MAHARASHTRA",Electronics|Smart Watch|2499,1
ORD-20261001-4654,2026-10-01 16:20:54,Sai,Patil,,Fashion|Sunglasses|999,5
ORD-20261001-0691,01/10/2026 20:36,Tanvi,Bhatt,"Pune, Maharashtra",Beauty|Perfume|1299,1
ORD-20261001-4443,01/10/2026 17:35,Aarav,Yadav,"Hyderabad, Telangana",Fashion|Cotton Kurta|799,1
ORD-20261001-0390,2026-10-01 14:05:26,harsh,mehta,"NAGPUR, MAHARASHTRA",Electronics|Power Bank|899,1
ORD-20261001-3196,2026-10-01 21:04:13,atharv,Mishra,"HYDERABAD, TELANGANA",Electronics|Bluetooth Speaker|1799,1
ORD-20261001-3828,01/10/2026 13:48,Aditya,  Mishra ,"PUNE, MAHARASHTRA",Fashion|Cotton Kurta|799,3
ORD-20261001-4848,01/10/2026 04:59,MANISH,chaudhary,"Nagpur, Maharashtra",Home And Kitchen|Steel Water Bottle|399,1
ORD-20261001-4541,01-10-2026 18:01,,Mishra,"  Mysuru, Karnataka ",Electronics|Laptop Stand|749,1
ORD-20261001-1919,01-10-2026 22:28,komal,patel,"Surat, Gujarat",Fashion|Denim Jeans|1199,0
ORD-20261001-2120,2026-10-01 15:15:37,Aryan,Singh,"Chennai, Tamil Nadu",Home And Kitchen|Storage Box|299,1
ORD-20261001-0919,01/10/2025 19:37,Pooja,srivastava,"Mumbai, Maharashtra",Home And Kitchen|Bedsheet Set|1499,1
ORD-20261001-3350,2026-10-01 20:33:38,JANVI,Verma,"  Mumbai, Maharashtra ",Beauty|Perfume|1299,5
ORD-20261001-1052,01-10-2026 07:11,aditya,  Nair ,,Electronics|Bluetooth Speaker|1799,1
ORD-20261001-2260,01/10/2026 15:44,roshni,Iyer,"Bengaluru, Karnataka",Beauty|Sunscreen|449,2
ORD-20261001-3102,01-10-2026 16:26,Tanvi,jain,"Vadodara, Gujarat",Fashion|Leather Wallet|499,1
ORD-20261001-0383,01/10/2026 11:20,kabir,yadav,"Lucknow, Uttar Pradesh",Fashion|Cotton Kurta|799,1
ORD-20261001-1870,01/10/2026 12:46,Om,Gupta,"Ahmedabad, Gujarat",Fashion|Running Shoes|2199,2
ORD-20261001-2793,01/10/2026 20:09,BHAVNA,  Sinha ,"  Surat, Gujarat ",,1
ORD-20261001-2792,2026-10-01 12:56:13,Ananya,THAKKAR,"  Jaipur, Rajasthan ",Electronics|Power Bank|899,1
ORD-20261001-4320,2026-10-01 22:37:45,Kavya,modi,N/A,Sports|Yoga Mat|699,1
ORD-20261001-1993,2026-10-01 12:00:25,shreya,  Khanna ,"Jaipur, Rajasthan",Fashion|Running Shoes|2199,1
ORD-20261001-2235,01/10/2026 15:35,Dhwani,Rathod,"Bengaluru, Karnataka",Electronics|Smart Watch|2499,2
ORD-20261001-3985,01-10-2026 12:00,Saanvi,THAKKAR,"chennai, tamil nadu",Home And Kitchen|Steel Water Bottle|399,2
ORD-20261001-3348,01-10-2026 20:14,  Suresh ,Kulkarni,"DELHI, DELHI",Fashion|Cotton Kurta|799,1
ORD-20261001-0034,2026-10-01 14:52:20,KRITI,  Parmar ,"Ahmedabad, Gujarat",Home And Kitchen|Non Stick Pan|1099,3.0
ORD-20261001-1244,01/10/2026 08:11,navya,MISHRA,"DELHI, DELHI",Fashion|Sunglasses|999,2
ORD-20261001-1504,2026-10-01 21:47:28,Neel,  Srivastava ,"Coimbatore, Tamil Nadu",Home And Kitchen|Bedsheet Set|1499,1
ORD-20261001-4296,01/10/2026 19:26,Harsh,  Kumar ,"Bengaluru, Karnataka",Beauty|Lipstick|399,3
ORD-20261001-1678,01-10-2026 10:52,  Amit ,Patil,"ahmedabad, gujarat",Fashion|Denim Jeans|1199,2
ORD-20261001-0596,01/10/2026 12:48,Rajesh,Jain,"Surat, Gujarat",Beauty|Sunscreen|449,1
ORD-20261001-2852,01/10/2026 14:17,,Modi,"Pune, Maharashtra",Electronics|Smart Watch|2499,5
ORD-20261001-3446,2026-10-01 16:31:40,Pari,  Pillai ,"Kolkata, West Bengal",Electronics|Laptop Stand|749,4
ORD-20261001-4356,01/10/2026 22:51,Myra,Mehta,"Bengaluru, Karnataka",Sports|Dumbbell Set|1899,1
ORD-20261001-3438,2026-10-01 23:28:26,Aryan,  Mukherjee ,"Mumbai, Maharashtra",Beauty|Sunscreen|449, 2 
ORD-20261001-1596,01/10/2026 19:04,om,Kulkarni,"delhi, delhi",Fashion|Running Shoes|2199,1
ORD-20261001-4646,01/10/2026 13:13,Payal,Agarwal,"COIMBATORE, TAMIL NADU",Beauty|Hair Serum|549,4
ORD-20261001-2710,01/10/2026 12:07,Janvi,Chauhan,"Delhi, Delhi",Beauty|Perfume|1299,1
ORD-20261001-2439,01/10/2026 00:00,Rajesh,Patel,"BENGALURU, KARNATAKA",Electronics|Laptop Stand|749,1
ORD-20261001-1568,2026-10-01 16:21:35,,arora,"Nagpur, Maharashtra",Beauty|Face Wash|249,5.0
ORD-20261001-1151,01-10-2026 21:39,Aryan,  Vyas ,"delhi, delhi",Electronics|Laptop Stand|749,2
ORD-20261001-3255,2026-10-01 19:19:22,Pari,Menon,"Pune, Maharashtra",Electronics|Power Bank|899,3
ORD-20261001-2349,01-10-2026 19:46,,Malhotra,"Vadodara, Gujarat",Electronics|Smart Watch|2499,3
ORD-20261001-0487,2026-10-01 16:52:26,Ritu,Vyas,"HYDERABAD, TELANGANA",Sports|Cricket Bat|1599,1
ORD-20261001-1560,01/10/2026 11:06,komal,  Pawar ,"kolkata, west bengal",Home And Kitchen|Wall Clock|649,1
,01/10/2026 08:10,Rohan,  Kapoor ,"Bengaluru, Karnataka",Sports|Dumbbell Set|1899,1
ORD-20261001-1897,2026-10-01 19:42:20,  Sai ,  Malhotra ,"  Hyderabad, Telangana ",Sports|Dumbbell Set|1899,2
ORD-20261001-0741,01-10-2026 21:11,Reyansh,Das,"Ahmedabad, Gujarat",Beauty|Perfume|1299, 4 
ORD-20261001-3807,01/10/2026 20:24,aditi,KUMAR,"Vadodara, Gujarat",Home And Kitchen|Wall Clock|649,1
ORD-20261001-4140,01/10/2026 10:05,Sai,  Sinha ,"Chennai, Tamil Nadu",Electronics|Bluetooth Speaker|1799,2
ORD-20261001-2183,01-10-2026 14:33,HETAL,Sinha,"  Kolkata, West Bengal ",Home And Kitchen|Steel Water Bottle|399,2
ORD-20261001-4251,2026-10-01 18:25:09,Mansi,ghosh,"  Coimbatore, Tamil Nadu ",Fashion|Sunglasses|999,1
ORD-20261001-4846,2026-10-01 10:22:44,Riya,PATIL,"bengaluru, karnataka",Beauty|Lipstick|399,2
ORD-20261001-2151,01/10/2026 12:52,Riya,gupta,"Chennai, Tamil Nadu",Sports|Cricket Bat|1599,2
ORD-20261001-4774,01/10/2026 21:03,suresh,JOSHI,"Coimbatore, Tamil Nadu",Sports|Skipping Rope|199,1
ORD-20261001-2588,01-10-2026 19:52,Pranav,Kapoor,"surat, gujarat",Home And Kitchen|Wall Clock|649,1
ORD-20261001-2552,01/10/2026 23:58,palak,Chopra,"Hyderabad, Telangana",Home And Kitchen|Storage Box|299,1
ORD-20261001-0597,2026-10-01 15:16:53,Yash,Ghosh,"  Hyderabad, Telangana ",Fashion|Cotton Kurta|799,1
ORD-20261001-4383,01/10/2026 22:04,Aditi,Joshi,"Mumbai, Maharashtra",Beauty|Sunscreen|449,2
ORD-20261001-2849,01/10/2026 11:31,Dhwani,Mishra,"Hyderabad, Telangana",Electronics|Smart Watch|2499,2
ORD-20261001-1277,2026-10-01 19:36:59,Dhruv,Kapoor,"Coimbatore, Tamil Nadu",Electronics|Laptop Stand|749,2
ORD-20261001-4665,2026-10-01 12:17:39,Gaurav,Kulkarni,"  Chennai, Tamil Nadu ",Electronics|Laptop Stand|749,5.0
ORD-20261001-1157,31/02/2026 21:20,  Vihaan ,Thakkar,"Mumbai, Maharashtra",Electronics|Bluetooth Speaker|1799,2
ORD-20261001-3697,01/10/2026 10:19,Deepak,Vyas,"  Lucknow, Uttar Pradesh ",Home And Kitchen|Wall Clock|649,3
ORD-20261001-4181,2026-10-01 15:13:17,VIHAAN,  Trivedi ,"Chennai, Tamil Nadu",Home And Kitchen|Bedsheet Set|1499,2
ORD-20261001-4291,01/10/2026 19:23,Priya,PATIL,"  Nagpur, Maharashtra ",Electronics|Laptop Stand|749,1
ORD-20261001-2538,01/10/2026 07:54,Shaurya,joshi,"Bengaluru, Karnataka",Fashion|Cotton Kurta|799,4
ORD-20261001-4242,01/10/2026 19:30,Ritu,Menon,"DELHI, DELHI",Beauty|Perfume|1299,2
ORD-20261001-4079,01/10/2026 09:41,komal,malhotra,"Hyderabad, Telangana",Electronics|Smart Watch|2499,2
ORD-20261001-3725,01/10/2026 12:58,komal,Rathod,"lucknow, uttar pradesh",Fashion|Leather Wallet|499,1
ORD-20261001-3030,01/10/2026 19:01,gaurav,Rathod,"Bengaluru, Karnataka",Sports|Cricket Bat|1599,1
ORD-20261001-2014,01/10/2026 22:47,ISHA,Pillai,"Ahmedabad, Gujarat",Beauty|Hair Serum|549,3
ORD-20261001-4735,01-10-2026 10:04,Anika,MUKHERJEE,"PUNE, MAHARASHTRA",Home And Kitchen|Storage Box|299,3
ORD-20261001-3086,2026-10-01 19:58:11,Nikhil,Malhotra,"delhi, delhi",Electronics|Wireless Earbuds|1299,1
ORD-20261001-2035,2026-10-01 21:11:49,Amit,  Yadav ,"hyderabad, telangana",Electronics|Wireless Earbuds|1299,5.0
ORD-20261001-2897,01/10/2026 18:18,Karan,Rao,"Mumbai, Maharashtra",Beauty|Face Wash|249,3
ORD-20261001-0882,01-10-2026 20:26,Khushi,Sinha,"Kolkata, West Bengal",Beauty|Face Wash|249,2
ORD-20261001-1987,01/10/2026 19:54,Krupa,SHARMA,"Vadodara, Gujarat",Home And Kitchen|Storage Box|299,3
ORD-20261001-4327,01-10-2026 11:37,Priya,ghosh,"delhi, delhi",Sports|Skipping Rope|199, 1 
ORD-20261001-4701,2026-10-01 16:21:55,deepak,Nair,"Delhi, Delhi",Fashion|Leather Wallet|499,1
ORD-20261001-4046,01/10/2026 01:59,Dev,thakkar,"pune, maharashtra",Sports|Dumbbell Set|1899,1
ORD-20261001-1531,01/10/2026 12:36,ananya,Yadav,"COIMBATORE, TAMIL NADU",Beauty|Lipstick|399,2
ORD-20261001-2825,2026-10-01 21:47:58,Aarav,Nair,"Mumbai, Maharashtra",Beauty|Lipstick|399,1
ORD-20261001-2037,01/10/2026 14:08,Dhwani,kulkarni,"Hyderabad, Telangana",Fashion|Leather Wallet|499,1
ORD-20261001-2486,01/10/2026 17:49,KARAN,Singh,"Delhi, Delhi",Fashion|Leather Wallet|499,1
ORD-20261001-4537,01/10/2026 06:54,Yash,Nair,"Mumbai, Maharashtra",Home And Kitchen|Wall Clock|649,1
ORD-20261001-3126,2026-10-01 10:54:53,sara,Bhatt,"Surat, Gujarat",Beauty|Face Wash|249,3
ORD-20261001-2369,01/10/2026 19:55,Dhruv,ARORA,"Mumbai, Maharashtra",Fashion|Denim Jeans|1199,1
ORD-20261001-2573,2026-10-01 11:37:57,Mansi,Vyas,"Delhi, Delhi",Electronics|Bluetooth Speaker|1799,1
ORD-20261001-0027,2026-10-01 18:33:42,Riya,Mishra,,Fashion|Denim Jeans|1199,1
ORD-20261001-1022,2026-10-01 22:30:27,Hetal,Sinha,"Surat, Gujarat",Sports|Skipping Rope|199,
ORD-20261001-0858,2026-10-01 22:06:01,karan,jain,"Bengaluru, Karnataka",Beauty|Face Wash|249,4
ORD-20261001-4337,01/10/2026 20:20,mihir,  Pillai ,"ahmedabad, gujarat",Beauty|Sunscreen|449,1
ORD-20261001-1941,2026-10-01 13:33:49,YASH,patil,"Hyderabad, Telangana",Beauty|Lipstick|399,1
ORD-20261001-3907,2026-10-01 07:47:00,pari,Mukherjee,"Kolkata, West Bengal",Sports|Football|799,2
ORD-20261001-0740,2026-10-01 17:44:07,  Sai ,Chaudhary,"Delhi, Delhi",Home And Kitchen|Bedsheet Set|1499,1
ORD-20261001-0428,01/10/2026 17:29,Divya,chaudhary,"Pune, Maharashtra",Home And Kitchen|Wall Clock|649,3
ORD-20261001-2606,01/10/2026 09:54,Sai,Parmar,"BENGALURU, KARNATAKA",Home And Kitchen|Storage Box|299,3.0
ORD-20261001-0619,2026-10-01 08:02:13,Dev,Thakkar,"Bengaluru, Karnataka",Home And Kitchen|Wall Clock|649,2
ORD-20261001-2311,01/10/2026 13:57,ishaan,Reddy,"  Jaipur, Rajasthan ",Fashion|Running Shoes|2199,3.0
ORD-20261001-1481,01-10-2026 17:42,Aryan,Pillai,"delhi, delhi",Fashion|Sunglasses|999,1
ORD-20261001-3557,01-10-2026 17:50,aditya,Mishra,"Jaipur, Rajasthan",Fashion|Running Shoes|2199,6
ORD-20261001-4634,01/10/2026 13:47,Ritu,Sinha,"  Surat, Gujarat ",Fashion|Leather Wallet|499,1
ORD-20261001-4470,01/10/2026 11:32,  Pari ,Joshi,"Pune, Maharashtra",Sports|Dumbbell Set|1899,4
ORD-20261001-3462,01/10/2026 18:11,HARSH,  Kapoor ,"Pune, Maharashtra",Electronics|Power Bank|899,2.0
ORD-20261001-3069,01/10/2026 12:43,Rohan,Sharma,"Delhi, Delhi",Fashion|Cotton Kurta|799,1
ORD-20261001-1289,2026-10-01 16:39:49,Navya,SINHA,"Delhi, Delhi",Sports|Skipping Rope|199, 4 
ORD-20261001-3577,2026-10-01 10:14:49,Aryan,Desai,"Chennai, Tamil Nadu",Electronics|Power Bank|899,2
ORD-20261001-0659,01-10-2026 19:38,SARA,Saxena,"Kolkata, West Bengal",Home And Kitchen|Steel Water Bottle|399, 2 
ORD-20261001-2075,01/10/2026 20:59,Vihaan,PANDYA,"Delhi, Delhi",Home And Kitchen|Storage Box|299,1.0
ORD-20261001-3093,01/10/2026 12:50,Neha,patil,"jaipur, rajasthan",Beauty|Perfume|1299, 1 
ORD-20261001-2457,2026-10-01 10:55:59,Aryan,  Verma ,"surat, gujarat",Electronics|Smart Watch|2499,2
ORD-20261001-3046,2026-10-01 22:08:22,NIDHI,Nair,"Mysuru, Karnataka",Fashion|Leather Wallet|499, 2 
ORD-20261001-1999,2026-10-01 20:19:12,Aarav,BHATT,"Hyderabad, Telangana",Fashion|Denim Jeans|1199,5
ORD-20261001-3191,2026-10-01 09:20:23,  Tanvi ,yadav,"Delhi, Delhi",Sports|Cricket Bat|1599,1
ORD-20261001-1513,01/10/2026 13:58,Payal,Rao,"Bengaluru, Karnataka",Beauty|Hair Serum|549,2
ORD-20261001-1465,2026-10-01 19:15:26,KOMAL,kalavadia,"Kolkata, West Bengal",Beauty|Hair Serum|549,2
ORD-20261001-1444,01/10/2026 14:49,sara,bansal,"mysuru, karnataka",Fashion|Leather Wallet|499,2
ORD-20261001-2325,01/10/2026 22:39,Aadhya,Kulkarni,"Mumbai, Maharashtra",Fashion|Sunglasses|999,1
ORD-20261001-0874,2026-10-01 21:35:25,Pari,srivastava,"Chennai, Tamil Nadu",Sports|Skipping Rope|199,5
ORD-20261001-4741,01/10/2026 12:07,shaurya,Joshi,"bengaluru, karnataka",Beauty|Sunscreen|449,1
ORD-20261001-4326,2026-10-01 10:15:26,Ishaan,MISHRA,"  Hyderabad, Telangana ",Home And Kitchen|Bedsheet Set|1499,1
ORD-20261001-3266,2026-10-01 00:42:46,Myra,bansal,"Chennai, Tamil Nadu",Beauty|Perfume|1299,-1
ORD-20261001-4467,01/10/2026 22:07,  Ayaan ,,"DELHI, DELHI",Fashion|Sunglasses|999,2
ORD-20261001-3293,01/10/2026 00:25,Anjali,dubey,"Delhi, Delhi",Beauty|Perfume|1299,1
ORD-20261001-2449,01-10-2026 11:43,Yash,  Vyas ,,Home And Kitchen|Storage Box|299,1
ORD-20261001-2567,2026-10-01 14:59:39,Isha,CHAUDHARY,"  Hyderabad, Telangana ",Beauty|Perfume|1299,1
ORD-20261001-1648,01/10/2026 19:51,Palak,dubey,"Mumbai, Maharashtra",Fashion|Cotton Kurta|799,2
ORD-20261001-3401,2026-10-01 18:29:27,MYRA,Mehta,"Bengaluru, Karnataka",Sports|Dumbbell Set|1899,2
ORD-20261001-2481,01/10/2026 20:57,manish,Mukherjee,"Bengaluru, Karnataka",Beauty|Lipstick|399,4
ORD-20261001-2711,01/10/2026 10:32,isha,MISHRA,"  Lucknow, Uttar Pradesh ",Beauty|Lipstick|399,1
ORD-20261001-3974,2026-10-01 14:24:57,Krishna,  Agarwal ,"Nagpur, Maharashtra",Beauty|Perfume|1299,1
ORD-20261001-1116,,shaurya,kapoor,"vadodara, gujarat",Fashion|Cotton Kurta|799,1
ORD-20261001-4294,01/10/2026 09:44,rahul,Das,"Lucknow, Uttar Pradesh",Beauty|Lipstick|399,1
ORD-20261001-1019,01/10/2026 12:35,Komal,Gupta,"Vadodara, Gujarat",Home And Kitchen|Non Stick Pan|1099,1
ORD-20261001-1823,01/10/2026 19:18,Ananya,Chaudhary,"lucknow, uttar pradesh",Electronics|Smart Watch|2499,1
ORD-20261001-3491,2026-10-01 21:14:36,Ritu,Patel,"Jaipur, Rajasthan",Fashion|Cotton Kurta|799,1
ORD-20261001-1822,,Rajesh,Saxena,"Ahmedabad, Gujarat",Fashion|Running Shoes|2199,1
ORD-20261001-1983,01/10/2026 08:02,Ananya,das,"Jaipur, Rajasthan",Fashion|Denim Jeans|1199,3
ORD-20261001-2115,2026-10-01 00:16:41,Mihir,Bansal,"Mysuru, Karnataka",Electronics|Wireless Earbuds|1299,1
ORD-20261001-1653,01/10/2026 12:19,  Palak ,Chaudhary,"BENGALURU, KARNATAKA",Electronics|Bluetooth Speaker|1799,2
ORD-20261001-0160,01/10/2026 02:46,Ritu,rao,"  Chennai, Tamil Nadu ",Electronics|Laptop Stand|749,1
ORD-20261001-1291,01/10/2026 20:25,Priya,bansal,"Mumbai, Maharashtra",Electronics|Wireless Earbuds|1299,two
ORD-20261001-2893,01-10-2026 12:57,  Aadhya ,KALAVADIA,"Ahmedabad, Gujarat",Electronics|Wireless Earbuds|1299,4
ORD-20261001-1718,01/10/2026 22:58,Kunal,kumar,"Bengaluru, Karnataka",Beauty|Face Wash|249,4
ORD-20261001-0922,01/10/2026 17:50,Kabir,Chaudhary,"Delhi, Delhi",Electronics|Wireless Earbuds|1299,2
ORD-20261001-4107,01/10/2026 13:59,  Yash ,THAKKAR,"mumbai, maharashtra",Electronics|Laptop Stand|749,0
ORD-20261001-1894,01/10/2026 12:47,Khushi,Arora,"CHENNAI, TAMIL NADU",Beauty|Lipstick|399,1
ORD-20261001-3799,2026-10-01 21:23:45,saanvi,Sinha,"nagpur, maharashtra",Electronics|Wireless Earbuds|1299,2
ORD-20261001-1589,01-10-2026 18:42,Atharv,Agarwal,"Delhi, Delhi",Home And Kitchen|Non Stick Pan|1099,1
ORD-20261001-1017,01/10/2026 10:50,deepak,Solanki,"Mumbai, Maharashtra",Home And Kitchen|Steel Water Bottle|399,2
ORD-20261001-0061,2026-10-01 12:26:19,hetal,Kapoor,"Chennai, Tamil Nadu",Fashion|Running Shoes|2199,1
ORD-20261001-0237,01-10-2026 14:38,varun,Bose,"Surat, Gujarat",Beauty|Perfume|1299,5
ORD-20261001-4791,01/10/2026 14:38,  Rohan ,Rao,"Mumbai, Maharashtra",Fashion|Sunglasses|999,2
ORD-20261001-3035,2026-10-01 22:03:18,Simran,Chopra,"Chennai, Tamil Nadu",Sports|Dumbbell Set|1899, 1 
ORD-20261001-1486,01/10/2026 18:33,  Anjali ,  Pandya ,"Chennai, Tamil Nadu",Home And Kitchen|Bedsheet Set|1499,1
ORD-20261001-1295,01/10/2026 13:26,Rajesh,Bhatt,"Bengaluru, Karnataka",Beauty|Hair Serum|549,2
ORD-20261001-4709,2026-10-01 19:28:58,aryan,iyer,"ahmedabad, gujarat",Fashion|Running Shoes|2199,1
ORD-20261001-2537,01/10/2026 21:58,Shreya,  Trivedi ,"BENGALURU, KARNATAKA",Beauty|Perfume|1299,1.0
ORD-20261001-3325,2026-10-01 20:51:09,Nikhil,Saxena,"bengaluru, karnataka",Sports|Cricket Bat|1599,2
ORD-20261001-2939,2026-10-01 10:41:06,Vikas,Joshi,"Mumbai, Maharashtra",Home And Kitchen|Storage Box|299,2
ORD-20261001-2245,2026-10-01 16:33:19,Mansi,  Gupta ,"Nagpur, Maharashtra",Electronics|Laptop Stand|749,1
ORD-20261001-1138,01/10/2026 18:44,Priya,Ghosh,"Surat, Gujarat",Fashion|Leather Wallet|499,5
ORD-20261001-0127,01/10/2026 15:43,  Suresh ,tiwari,"Mumbai, Maharashtra",Fashion|Cotton Kurta|799,1
ORD-20261001-4597,01/10/2026 19:57,Krishna,Solanki,"mysuru, karnataka",Home And Kitchen|Bedsheet Set|1499, 1 
ORD-20261001-1102,01-10-2026 09:59,Priya,Reddy,"Jaipur, Rajasthan",Electronics|Laptop Stand|749,3
ORD-20261001-3459,01/10/2026 13:56,Suresh,Patil,"Nagpur, Maharashtra",Beauty|Lipstick|399,2
ORD-20261001-0422,01/10/2026 18:09,Simran,chauhan,"mysuru, karnataka",Beauty|Perfume|1299,2
ORD-20261001-3688,2026-10-01 17:42:53,Shreya,modi,"Vadodara, Gujarat",Electronics|Power Bank|899,2
ORD-20261001-4302,01/10/2025 23:20,Krupa,  Shah ,"Pune, Maharashtra",,2
ORD-20261001-1381,31/02/2026 10:30,Riya,Patel,"  Nagpur, Maharashtra ",Sports|Skipping Rope|199,2
ORD-20261001-2668,01/10/2026 15:50,Krishna,TIWARI,"HYDERABAD, TELANGANA",Fashion|Sunglasses|999,1
ORD-20261001-1001,01/10/2026 21:56,Pranav,Kumar,"hyderabad, telangana",Beauty|Hair Serum|549,1
ORD-20261001-0626,2026-10-01 23:41:13,Ritu,khanna,"  Nagpur, Maharashtra ",Electronics|Smart Watch|2499,3
ORD-20261001-3039,01-10-2026 18:36,Payal,  Kapoor ,"mysuru, karnataka",Beauty|Perfume|1299,5
ORD-20261001-3490,01/10/2026 10:15,Neel,Rathod,"Mysuru, Karnataka",Beauty|Lipstick|399,-1
ORD-20261001-4573,2026-10-01 21:11:57,Manish,Reddy,"ahmedabad, gujarat",Electronics|Bluetooth Speaker|1799,3
ORD-20261001-2145,01/10/2026 22:20,Kunal,  Ghosh ,"Nagpur, Maharashtra",Fashion|Leather Wallet|499,1
ORD-20261001-3291,01/10/2026 18:50,Vihaan,PAWAR,"mumbai, maharashtra",Electronics|Wireless Earbuds|1299,1
ORD-20261001-3344,01/10/2026 22:00,Rudra,pawar,"Surat, Gujarat",Electronics|Wireless Earbuds|1299,1
ORD-20261001-2126,01/10/2026 10:34,Harsh,Jain,"Bengaluru, Karnataka",Fashion|Denim Jeans|1199,5
ORD-20261001-4713,2026-10-01 20:01:23,Vihaan,Saxena,"  Kolkata, West Bengal ",Sports|Skipping Rope|199,1
ORD-20261001-3020,01/10/2026 21:42,rudra,Solanki,"Nagpur, Maharashtra",Beauty|Sunscreen|449,4
ORD-20261001-2396,01-10-2026 15:00,vihaan,thakkar,"Mumbai, Maharashtra",Fashion|Sunglasses|999,3
ORD-20261001-3061,01/10/2026 21:47,kriti,Khanna,"HYDERABAD, TELANGANA",Beauty|Perfume|1299,2
ORD-20261001-1686,01-10-2026 18:55,BHAVNA,TIWARI,"Coimbatore, Tamil Nadu",Fashion|Sunglasses|999,4
ORD-20261001-2142,01/10/2026 22:44,rudra,Khanna,"Bengaluru, Karnataka",Electronics|Wireless Earbuds|1299,1
ORD-20261001-1651,01/10/2026 12:54,Sara,Parmar,"Jaipur, Rajasthan",Beauty|Sunscreen|449,4.0
ORD-20261001-4599,01/10/2026 17:52,ISHAAN,Bansal,"bengaluru, karnataka",Home And Kitchen|Wall Clock|649,
ORD-20261001-0305,2026-10-01 22:10:07,Dhruv,KHANNA,,Home And Kitchen|Bedsheet Set|1499,3
ORD-20261001-2237,01/10/2026 13:17,MEGHA,Parmar,"MYSURU, KARNATAKA",Electronics|Wireless Earbuds|1299,1
ORD-20261001-2011,2026-10-01 12:01:39,Manish,  Patil ,"Ahmedabad, Gujarat",Beauty|Sunscreen|449,6
ORD-20261001-2071,01/10/2026 12:21,NIKHIL,Bhatt,"Coimbatore, Tamil Nadu",Fashion|Running Shoes|2199,1
ORD-20261001-3070,01-10-2026 23:05,Yash,Patil,"Hyderabad, Telangana",Home And Kitchen|Storage Box|299,4
ORD-20261001-0292,2026-10-01 18:48:16,Kavya,Dubey,"ahmedabad, gujarat",Electronics|Power Bank|899,2
ORD-20261001-3992,01-10-2026 06:15,bhavna,Ghosh,"Surat, Gujarat",Sports|Dumbbell Set|1899,1
ORD-20261001-0343,01/10/2026 22:31,Navya,SHAH,"  Bengaluru, Karnataka ",Beauty|Hair Serum|549,1
ORD-20261001-1535,2026-10-01 19:20:22,aditya,Yadav,"  Chennai, Tamil Nadu ",Beauty|Perfume|1299,1
ORD-20261001-4660,01-10-2026 11:05,Sara,Joshi,"Mumbai, Maharashtra",Sports|Dumbbell Set|1899,0
ORD-20261001-1670,01/10/2026 18:09,Tanvi,Mishra,"Hyderabad, Telangana",Home And Kitchen|Non Stick Pan|1099,1
ORD-20261001-3374,2026-10-01 20:57:19,Saanvi,  Malhotra ,"Jaipur, Rajasthan",Electronics|Smart Watch|2499,1
ORD-20261001-3619,01/10/2026 17:18,  Sara ,Patil,"Mumbai, Maharashtra",Electronics|Bluetooth Speaker|1799,6
ORD-20261001-2936,01-10-2026 14:08,Reyansh,Patel,"MUMBAI, MAHARASHTRA",Electronics|Laptop Stand|749,2
ORD-20261001-1355,2026-10-01 20:52:55,Shaurya,Bhatt,"Chennai, Tamil Nadu",Beauty|Perfume|1299,4
ORD-20261001-0005,2026-10-01 07:53:11,megha,Ghosh,"Delhi, Delhi",Beauty|Lipstick|399,1
ORD-20261001-1498,01/10/2026 17:10,Krishna,kapoor,"  Ahmedabad, Gujarat ",Electronics|Laptop Stand|749,1
ORD-20261001-3877,01/10/2026 19:42,Aditi,Iyer,"Coimbatore, Tamil Nadu",,2
ORD-20261001-3942,2026-10-01 11:16:54,Krupa,KAPOOR,"mumbai, maharashtra",Electronics|Wireless Earbuds|1299,2
ORD-20261001-1075,01-10-2026 14:36,atharv,Agarwal,"Surat, Gujarat",Fashion|Leather Wallet|499,
ORD-20261001-3248,01/10/2026 13:02,,Thakkar,"Mumbai, Maharashtra",Electronics|Laptop Stand|749,2
ORD-20261001-0803,01/10/2026 22:52,Pranav,desai,"pune, maharashtra",Sports|Dumbbell Set|1899,1
ORD-20261001-0724,2026-10-01 19:23:57,parth,agarwal,,Home And Kitchen|Non Stick Pan|1099,1
ORD-20261001-4807,01-10-2026 07:42,Priya,SRIVASTAVA,"Chennai, Tamil Nadu",Fashion|Sunglasses|999,
ORD-20261001-1343,01/10/2026 11:55,ISHA,Desai,"pune, maharashtra",Sports|Football|799,1
ORD-20261001-4429,2026-10-01 23:45:45,Ananya,Malhotra,"Mysuru, Karnataka",Electronics|Power Bank|899,1
ORD-20261001-3404,01/10/2026 18:25,pranav,Menon,"  Bengaluru, Karnataka ",Fashion|Running Shoes|2199,2
ORD-20261001-0665,01/10/2026 22:26,Ritu,Saxena,"Mumbai, Maharashtra",Home And Kitchen|Wall Clock|649,1
ORD-20261001-0527,01/10/2026 08:33,Amit,srivastava,"DELHI, DELHI",Fashion|Cotton Kurta|799,1
ORD-20261001-2067,2026-10-01 23:54:00,Divya,mishra,"Kolkata, West Bengal",Electronics|Laptop Stand|749, 2 
ORD-20261001-2643,01-10-2026 12:13,Vivaan,Sharma,"Pune, Maharashtra",Beauty|Sunscreen|449, 1 
ORD-20261001-2351,2026-10-01 16:08:01,  Janvi ,  Saxena ,"Vadodara, Gujarat",Electronics|Bluetooth Speaker|1799,3
ORD-20261001-4134,01/10/2026 19:54,Aanya,Iyer,"JAIPUR, RAJASTHAN",Sports|Yoga Mat|699,2
ORD-20261001-1695,01/10/2026 19:35,tushar,Solanki,"Mumbai, Maharashtra",Electronics|Laptop Stand|749,-1
ORD-20261001-2665,01/10/2026 16:07,Vivaan,Menon,"Jaipur, Rajasthan",Beauty|Hair Serum|549,2
ORD-20261001-3079,01/10/2026 15:06,  Megha ,das,"Pune, Maharashtra",Fashion|Cotton Kurta|799,5
ORD-20261001-3202,01/10/2026 18:14,Navya,Bansal,"  Mumbai, Maharashtra ",Beauty|Face Wash|249,1
ORD-20261001-3419,01-10-2026 12:16,  Navya ,  Thakkar ,"hyderabad, telangana",Home And Kitchen|Bedsheet Set|1499,3
ORD-20261001-4289,01-10-2026 08:59,Janvi,khanna,"VADODARA, GUJARAT",Home And Kitchen|Wall Clock|649,2
ORD-20261001-4484,2026-10-01 19:49:55,Vikas,Patil,"Mumbai, Maharashtra",Beauty|Hair Serum|549,2
ORD-20261001-3839,01-10-2026 09:41,Kunal,saxena,"Chennai, Tamil Nadu",Sports|Yoga Mat|699,3
ORD-20261001-3131,01-10-2026 16:36,Tushar,Kulkarni,"  Mysuru, Karnataka ",Electronics|Wireless Earbuds|1299,3
ORD-20261001-1828,01/10/2026 19:26,Varun,dubey,"Chennai, Tamil Nadu",Home And Kitchen|Steel Water Bottle|399,3
ORD-20261001-0811,2026-10-01 20:32:12,Megha,Chaudhary,"Kolkata, West Bengal",Fashion|Leather Wallet|499,2
ORD-20261001-4637,2026-10-01 08:12:56,  Simran ,Yadav,"Kolkata, West Bengal",Electronics|Power Bank|899,1
ORD-20261001-4298,2026-10-01 14:23:49,  Aditi ,Malhotra,"  Coimbatore, Tamil Nadu ",Sports|Cricket Bat|1599,3
ORD-20261001-4822,2026-10-01 20:31:20,  Shreya ,  Patil ,"Mumbai, Maharashtra",Electronics|Power Bank|899,4
ORD-20261001-0805,01/10/2026 22:56,Khushi,bhatt,"Bengaluru, Karnataka",Sports|Skipping Rope|199,1.0
ORD-20261001-0114,01-10-2026 17:22,jay,  Arora ,"ahmedabad, gujarat",Fashion|Sunglasses|999,3
ORD-20261001-3705,01-10-2026 22:39,  Priya ,Ghosh,"vadodara, gujarat",Fashion|Cotton Kurta|799,1
ORD-20261001-3306,01/10/2026 21:17,Saanvi,Dubey,"Pune, Maharashtra",Home And Kitchen|Wall Clock|649, 1 
ORD-20261001-3890,01-10-2026 15:21,Aditi,  Khanna ,"hyderabad, telangana",Sports|Skipping Rope|199,1
ORD-20261001-2013,01/10/2026 17:00,Kriti,  Parmar ,"Ahmedabad, Gujarat",Fashion|Cotton Kurta|799,1
ORD-20261001-2141,2026-10-01 12:20:27,Mansi,mishra,"hyderabad, telangana",Home And Kitchen|Storage Box|299,1
ORD-20261001-4672,01/10/2026 10:49,Diya,REDDY,"  Mumbai, Maharashtra ",Electronics|Laptop Stand|749,1
ORD-20261001-4411,01-10-2026 21:31,  Navya ,MODI,"MUMBAI, MAHARASHTRA",Home And Kitchen|Non Stick Pan|1099,1
ORD-20261001-0667,2026-10-01 10:36:55,Swati,Shah,"Ahmedabad, Gujarat",Electronics|Smart Watch|2499,1
ORD-20261001-1135,01/10/2026 17:37,Shreya,  Arora ,"Bengaluru, Karnataka",Home And Kitchen|Storage Box|299,5
ORD-20261001-0480,01-10-2026 20:31,  Myra ,Bansal,"Chennai, Tamil Nadu",Electronics|Wireless Earbuds|1299,1.0
ORD-20261001-3036,01-10-2026 22:54,aadhya,Menon,"Pune, Maharashtra",Beauty|Perfume|1299,2
ORD-20261001-3497,01/10/2062 23:05,yash,Srivastava,"ahmedabad, gujarat",Electronics|Laptop Stand|749,3
ORD-20261001-0588,01/10/2026 00:41,Sara,SINGH,"Nagpur, Maharashtra",Fashion|Running Shoes|2199,1
ORD-20261001-4466,01-10-2026 19:57,Manish,  Nair ,"Hyderabad, Telangana",Fashion|Sunglasses|999,4
ORD-20261001-1841,01/10/2026 15:18,  Aarav ,Pillai,"mumbai, maharashtra",Fashion|Sunglasses|999,2
ORD-20261001-3827,01-10-2026 15:35,Tushar,Sharma,"Lucknow, Uttar Pradesh",Home And Kitchen|Steel Water Bottle|399,1
ORD-20261001-1721,01/10/2026 00:19,  Pooja ,Bansal,"nagpur, maharashtra",Sports|Cricket Bat|1599,1
ORD-20261001-1787,01/10/2026 13:57,Navya,Pillai,"Bengaluru, Karnataka",Home And Kitchen|Steel Water Bottle|399,1
ORD-20261001-4653,01-10-2026 10:38,gaurav,kulkarni,"Pune, Maharashtra",Fashion|Cotton Kurta|799,1
ORD-20261001-1073,2026-10-01 18:23:41,Kriti,MENON,"Vadodara, Gujarat",Beauty|Sunscreen|449,1
ORD-20261001-3754,2026-10-01 22:30:32,Kriti,Joshi,"Delhi, Delhi",Fashion|Running Shoes|2199,3
ORD-20261001-4704,01-10-2026 22:14,ARJUN,Trivedi,"Jaipur, Rajasthan",Home And Kitchen|Wall Clock|649,
ORD-20261001-4737,01-10-2026 17:17,gaurav,Sharma,"Delhi, Delhi",Electronics|Smart Watch|2499,1
ORD-20261001-2077,2026-10-01 07:33:07,Aanya,trivedi,"Delhi, Delhi",Sports|Cricket Bat|1599,1
ORD-20261001-0679,01-10-2026 17:34,  Mihir ,Kalavadia,"Nagpur, Maharashtra",Fashion|Cotton Kurta|799,1
ORD-20261001-1011,2026-10-01 15:12:06,manish,  Chauhan ,"Delhi, Delhi",Home And Kitchen|Non Stick Pan|1099,2
ORD-20261001-3978,31/02/2026 13:53,Gaurav,Trivedi,"Delhi, Delhi",Fashion|Running Shoes|2199,1
ORD-20261001-2070,01/10/2026 19:56,Sai,Bansal,"Coimbatore, Tamil Nadu",Beauty|Sunscreen|449,3
ORD-20261001-3769,01/10/2026 17:48,Tanvi,rao,"chennai, tamil nadu",Fashion|Running Shoes|2199, 3 
ORD-20261001-0042,01/10/2026 14:12,Dhwani,mehta,"Bengaluru, Karnataka",Beauty|Face Wash|249,
ORD-20261001-2505,01/10/2026 19:16,Amit,Menon,"Mumbai, Maharashtra",Sports|Dumbbell Set|1899,1
ORD-20261001-4828,2026-10-01 22:03:48,REYANSH,Kumar,"Pune, Maharashtra",Sports|Football|799,1
ORD-20261001-2290,01-10-2026 16:23,Shreya,trivedi,"Jaipur, Rajasthan",Fashion|Leather Wallet|499,2
ORD-20261001-3096,2026-10-01 15:53:26,karan,Sinha,"HYDERABAD, TELANGANA",Fashion|Leather Wallet|499,2
ORD-20261001-0896,01-10-2026 19:36,Kunal,trivedi,"Mumbai, Maharashtra",Fashion|Running Shoes|2199,1
ORD-20261001-3403,2026-10-01 07:33:20,reyansh,Reddy,"mumbai, maharashtra",Fashion|Denim Jeans|1199,1.0
ORD-20261001-1992,01/10/2026 14:14,pari,modi,"Delhi, Delhi",Electronics|Wireless Earbuds|1299,3
ORD-20261001-1473,,Gaurav,  Solanki ,,Home And Kitchen|Non Stick Pan|1099,1
ORD-20261001-4017,01/10/2026 14:02,YASH,Kapoor,"  Jaipur, Rajasthan ",Sports|Football|799,3
ORD-20261001-4285,01/10/2026 16:50,Vikas,vyas,"Hyderabad, Telangana",Home And Kitchen|Bedsheet Set|1499,1
ORD-20261001-4471,01/10/2026 11:44,Navya,NAIR,"Kolkata, West Bengal",Electronics|Laptop Stand|749,3
ORD-20261001-0098,01/10/2026 11:20,Rohan,Kapoor,"Mumbai, Maharashtra",Fashion|Denim Jeans|1199,5.0
ORD-20261001-1429,01/10/2026 21:11,Priya,  Ghosh ,"Delhi, Delhi",Fashion|Running Shoes|2199,3
ORD-20261001-4020,01/10/2026 20:24,arjun,Nair,"Hyderabad, Telangana",Home And Kitchen|Non Stick Pan|1099, 1 
ORD-20261001-4760,2026-10-01 10:42:57,Vikas,RAO,"Jaipur, Rajasthan",Electronics|Wireless Earbuds|1299,1
ORD-20261001-0356,01/10/2026 07:59,Pranav,Arora,"MUMBAI, MAHARASHTRA",Sports|Cricket Bat|1599,1
ORD-20261001-0796,2026-10-01 19:41:14,aryan,  Pandya ,"MUMBAI, MAHARASHTRA",Sports|Cricket Bat|1599,2
ORD-20261001-4682,2026-10-01 20:07:28,Saanvi,desai,"Delhi, Delhi",Fashion|Leather Wallet|499,1
ORD-20261001-3471,01/10/2026 17:37,Khushi,Bose,"Delhi, Delhi",Electronics|Wireless Earbuds|1299,2
ORD-20261001-1130,01/10/2026 22:22,Tushar,Thakkar,"Bengaluru, Karnataka",Home And Kitchen|Bedsheet Set|1499,
ORD-20261001-2780,01-10-2026 23:39,Karan,Pawar,"Pune, Maharashtra",Sports|Skipping Rope|199,1
ORD-20261001-4385,2026-10-01 21:09:46,Rajesh,Joshi,"mysuru, karnataka",Fashion|Sunglasses|999,3
ORD-20261001-2028,2026-10-01 21:00:50,Khushi,  Bhatt ,"Bengaluru, Karnataka",Sports|Yoga Mat|699,1
ORD-20261001-0110,01/10/2026 11:02,Reyansh,DESAI,,Fashion|Denim Jeans|1199, 1 
ORD-20261001-0650,2026-10-01 20:17:35,Jay,  Kulkarni ,"Surat, Gujarat",Beauty|Lipstick|399,1
ORD-20261001-4155,2026-10-01 19:14:14,Anjali,rathod,"hyderabad, telangana",Electronics|Laptop Stand|749,2
ORD-20261001-3585,01/10/2026 01:02,Nisha,Verma,"Kolkata, West Bengal",Electronics|Laptop Stand|749,3.0
ORD-20261001-3998,01-10-2026 14:13,Hetal,JAIN,"Delhi, Delhi",Electronics|Bluetooth Speaker|1799,2
ORD-20261001-3694,01-10-2026 21:07,Tushar,  Srivastava ,"Pune, Maharashtra",Fashion|Running Shoes|2199,1
ORD-20261001-4565,01/10/2026 22:32,Divya,Malhotra,"Mumbai, Maharashtra",Beauty|Sunscreen|449,1
ORD-20261001-3173,2026-10-01 18:56:14,Sara,Das,"jaipur, rajasthan",Beauty|Face Wash|249, 1 
ORD-20261001-2873,01/10/2026 15:48,  Aadhya ,kulkarni,"Mumbai, Maharashtra",Beauty|Perfume|1299,1
ORD-20261001-1982,01-10-2026 19:17,Aditya,Kalavadia,"Bengaluru, Karnataka",Beauty|Perfume|1299,2
ORD-20261001-1027,01/10/2026 20:31,Neel,Rathod,"mysuru, karnataka",Sports|Dumbbell Set|1899,
ORD-20261001-4051,01-10-2026 22:42,Amit,Pandya,"Mumbai, Maharashtra",Fashion|Cotton Kurta|799,2
ORD-20261001-1895,01/10/2026 20:49,neha,MISHRA,"Kolkata, West Bengal",Home And Kitchen|Storage Box|299,1
ORD-20261001-0053,01-10-2026 18:31,anjali,Pawar,"Ahmedabad, Gujarat",Electronics|Smart Watch|2499,3
ORD-20261001-3927,01-10-2026 02:17,Ananya,menon,"Pune, Maharashtra",Fashion|Sunglasses|999,1
ORD-20261001-2150,01-10-2026 10:05,  Vihaan ,Jain,"mumbai, maharashtra",Beauty|Perfume|1299,1
ORD-20261001-0384,31/02/2026 12:38,bhavna,parmar,"CHENNAI, TAMIL NADU",Fashion|Sunglasses|999,5
ORD-20261001-3221,01/10/2026 08:57,Krupa,Tiwari,,Fashion|Sunglasses|999,1.0
ORD-20261001-1221,01/10/2026 20:47,  Dev ,Sinha,"Kolkata, West Bengal",Sports|Football|799,2
ORD-20261001-2741,2026-10-01 14:10:31,KRITI,gupta,"  Hyderabad, Telangana ",Home And Kitchen|Steel Water Bottle|399,1
ORD-20261001-4587,01/10/2026 14:32,Nidhi,Malhotra,"Bengaluru, Karnataka",Home And Kitchen|Bedsheet Set|1499,
ORD-20261001-0146,01-10-2026 19:32,Krishna,Kumar,"Pune, Maharashtra",Beauty|Hair Serum|549,1
ORD-20261001-4814,2026-10-01 11:16:51,  Anjali ,bose,"coimbatore, tamil nadu",Fashion|Running Shoes|2199,2
ORD-20261001-2156,01-10-2026 10:53,Dhwani,  Mukherjee ,"mysuru, karnataka",Electronics|Wireless Earbuds|1299,3
ORD-20261001-0885,2026-10-01 21:06:50,  Aarav ,Mukherjee,"Mysuru, Karnataka",Home And Kitchen|Steel Water Bottle|399,1
ORD-20261001-3004,01/10/2026 21:27,Aditi,vyas,"Hyderabad, Telangana",Electronics|Smart Watch|2499,1.0
ORD-20261001-2879,2026-10-01 22:44:14,ISHA,Kalavadia,"chennai, tamil nadu",Home And Kitchen|Bedsheet Set|1499, 1 
ORD-20261001-3280,,rahul,  Kulkarni ,"surat, gujarat",Electronics|Smart Watch|2499,1
ORD-20261001-1469,2026-10-01 22:11:29,Vikas,  Vyas ,"Hyderabad, Telangana",Home And Kitchen|Steel Water Bottle|399,3
ORD-20261001-3780,2026-10-01 12:54:52,ISHA,Iyer,"CHENNAI, TAMIL NADU",Electronics|Power Bank|899,1
ORD-20261001-3813,2026-10-01 22:32:13,Rahul,Dubey,"  Jaipur, Rajasthan ",Electronics|Smart Watch|2499,-2
ORD-20261001-0502,01-10-2026 21:35,vivaan,Sinha,"PUNE, MAHARASHTRA",Beauty|Hair Serum|549,1
ORD-20261001-4263,2026-10-01 21:54:56,Nikhil,Gupta,"bengaluru, karnataka",Home And Kitchen|Bedsheet Set|1499,1
ORD-20261001-2728,01/10/2026 11:46,harsh,  Bansal ,"Chennai, Tamil Nadu",Fashion|Running Shoes|2199,6
ORD-20261001-0192,2026-10-01 14:42:00,vikas,Patil,"Mumbai, Maharashtra",Fashion|Running Shoes|2199,4
ORD-20261001-3076,2026-10-01 19:49:05,  Ritu ,Vyas,"Hyderabad, Telangana",Home And Kitchen|Wall Clock|649, 1 
ORD-20261001-0308,01-10-2026 21:30,Amit,RAO,"Pune, Maharashtra",Fashion|Cotton Kurta|799,1
ORD-20261001-1021,,Dhwani,DUBEY,"  Lucknow, Uttar Pradesh ",Home And Kitchen|Steel Water Bottle|399,2
ORD-20261001-0198,2026-10-01 03:43:16,Advik,  Verma ,"kolkata, west bengal",Electronics|Bluetooth Speaker|1799,1.0
ORD-20261001-2870,01/10/2026 16:11,deepak,Nair,"  Coimbatore, Tamil Nadu ",Sports|Yoga Mat|699, 2 
ORD-20261001-1448,2026-10-01 21:41:02,Ayaan,Thakkar,"Lucknow, Uttar Pradesh",Electronics|Bluetooth Speaker|1799,1
ORD-20261001-1711,01-10-2026 16:23,Aditya,  Mehta ,"  Surat, Gujarat ",Beauty|Sunscreen|449,2
ORD-20261001-3901,2026-10-01 15:54:48,simran,Tiwari,"jaipur, rajasthan",Home And Kitchen|Bedsheet Set|1499,1
ORD-20261001-3180,2026-10-01 19:44:34,Tanvi,Patil,"  Hyderabad, Telangana ",Home And Kitchen|Wall Clock|649,5
ORD-20261001-4193,2026-10-01 08:59:55,  Manish ,Menon,"Surat, Gujarat",Home And Kitchen|Non Stick Pan|1099,1
ORD-20261001-4348,01/10/2026 11:11,Sara,ghosh,"Bengaluru, Karnataka",Fashion|Sunglasses|999,1
ORD-20261001-1650,2026-10-01 17:55:20,DEEPAK,BHATT,"SURAT, GUJARAT",Electronics|Smart Watch|2499,1
ORD-20261001-3220,2026-10-01 13:02:32,Dhruv,chopra,"delhi, delhi",Electronics|Smart Watch|2499,1
ORD-20261001-0605,01/10/2026 13:21,Arjun,  Tiwari ,"SURAT, GUJARAT",Electronics|Wireless Earbuds|1299,5.0
ORD-20261001-4601,2026-10-01 08:09:16,Mihir,Kalavadia,"ahmedabad, gujarat",Beauty|Sunscreen|449,3
ORD-20261001-2812,01-10-2026 14:36,Ayaan,malhotra,"Mumbai, Maharashtra",Sports|Yoga Mat|699,1
ORD-20261001-1411,01/10/2026 17:29,ananya,GHOSH,"Bengaluru, Karnataka",Sports|Dumbbell Set|1899,1
ORD-20261001-2732,01/10/2026 12:42,Dev,verma,"  Delhi, Delhi ",Beauty|Face Wash|249,4
ORD-20261001-3752,01/10/2026 20:18,simran,Tiwari,"Jaipur, Rajasthan",Sports|Football|799,1
ORD-20261001-1482,01/10/2026 14:21,Saanvi,desai,"Bengaluru, Karnataka",Electronics|Power Bank|899,1
ORD-20261001-2158,01/10/2026 19:31,Advik,kulkarni,"Delhi, Delhi",Fashion|Sunglasses|999,1
ORD-20261001-4211,01/10/2026 09:01,Dhwani,Kumar,"CHENNAI, TAMIL NADU",Fashion|Cotton Kurta|799,2
ORD-20261001-3123,2026-10-01 21:47:03,,Solanki,"Coimbatore, Tamil Nadu",Beauty|Lipstick|399,5
ORD-20261001-2292,01/10/2026 15:46,karan,sinha,"Hyderabad, Telangana",Home And Kitchen|Bedsheet Set|1499,1
ORD-20261001-2682,01/10/2026 09:17,Pranav,Rao,"Mumbai, Maharashtra",Electronics|Bluetooth Speaker|1799,2
ORD-20261001-3555,2026-10-01 11:44:51,Payal,pawar,"Bengaluru, Karnataka",Beauty|Perfume|1299,1
ORD-20261001-4751,01-10-2026 16:27,Deepak,Patil,"Bengaluru, Karnataka",Fashion|Denim Jeans|1199,4
ORD-20261001-1751,01/10/2026 14:55,Manish,Mehta,"Surat, Gujarat",Home And Kitchen|Wall Clock|649,2
ORD-20261001-4191,01/10/2026 19:21,  Anjali ,Sinha,"Mumbai, Maharashtra",Electronics|Smart Watch|2499,1
ORD-20261001-0942,01-10-2026 18:50,  Simran ,Chopra,"Chennai, Tamil Nadu",Beauty|Face Wash|249,3
ORD-20261001-3902,01-10-2026 18:09,Dhruv,Dubey,"mumbai, maharashtra",Electronics|Power Bank|899,2
ORD-20261001-2702,2026-10-01 18:21:20,Atharv,Verma,"Mumbai, Maharashtra",Electronics|Laptop Stand|749,4
