ord_id,order_dt,cust_fname,cust_lname,location,product_info,qty
ORD-20261004-2668,04/10/2026 14:01,MANSI,patel,"kolkata, west bengal",Fashion|Sunglasses|999,1
ORD-20261004-0677,2026-10-04 13:16:14,Diya,Trivedi,"mysuru, karnataka",Sports|Football|799,4
ORD-20261004-0085,2026-10-04 18:22:30,ARJUN,Khanna,"Pune, Maharashtra",Electronics|Power Bank|899,1
ORD-20261004-0086,2026-10-04 14:47:56,Dev,  Chaudhary ,"  Coimbatore, Tamil Nadu ",Electronics|Bluetooth Speaker|1799,1
ORD-20261004-2057,04-10-2026 20:39,  Harsh ,Mishra,"hyderabad, telangana",Fashion|Running Shoes|2199,1
ORD-20261004-4298,04/10/2026 17:33,Tanvi,Khanna,"bengaluru, karnataka",Home And Kitchen|Wall Clock|649,3
ORD-20261004-2211,04/10/2026 21:39,Vikas,Joshi,"Hyderabad, Telangana",Beauty|Lipstick|399,0
ORD-20261004-3041,04/10/2026 18:01,Nisha,Mehta,"  Nagpur, Maharashtra ",Beauty|Face Wash|249,5
ORD-20261004-2383,2026-10-04 22:53:34,Pooja,Gupta,"pune, maharashtra",Home And Kitchen|Non Stick Pan|1099,1
ORD-20261004-3566,2026-10-04 22:52:06,Nikhil,Gupta,"pune, maharashtra",Home And Kitchen|Non Stick Pan|1099,2
ORD-20261004-4772,04/10/2026 23:01,Khushi,Bansal,"hyderabad, telangana",Home And Kitchen|Non Stick Pan|1099,
ORD-20261004-4712,04-10-2026 10:37,Krupa,solanki,"  Delhi, Delhi ",Electronics|Bluetooth Speaker|1799,2
ORD-20261004-2766,04/10/2026 17:21,VIVAAN,Menon,"jaipur, rajasthan",Sports|Football|799,2
ORD-20261004-3261,2026-10-04 20:43:11,Yash,iyer,"DELHI, DELHI",Fashion|Running Shoes|2199,2
ORD-20261004-0082,2026-10-04 15:03:31,  Jay ,Das,"Surat, Gujarat",Sports|Football|799,4
ORD-20261004-0106,2026-10-04 21:23:08,Arjun,KAPOOR,"PUNE, MAHARASHTRA",Beauty|Lipstick|399,2
ORD-20261004-1250,04-10-2026 07:27,Varun,Thakkar,"Chennai, Tamil Nadu",Fashion|Cotton Kurta|799,2
ORD-20261004-4032,04-10-2026 12:25,Shaurya,Bhatt,"Chennai, Tamil Nadu",Electronics|Bluetooth Speaker|1799,1
ORD-20261004-4476,04-10-2026 17:45,,reddy,"Nagpur, Maharashtra",Beauty|Sunscreen|449,1
ORD-20261004-2717,04-10-2026 09:40,Vikas,chopra,"Coimbatore, Tamil Nadu",Fashion|Running Shoes|2199, 1 
ORD-20261004-0861,04/10/2026 20:20,DHRUV,Khanna,"Delhi, Delhi",Beauty|Face Wash|249,1
ORD-20261004-0443,2026-10-04 13:48:40,Khushi,Kalavadia,"Kolkata, West Bengal",Beauty|Sunscreen|449,2
ORD-20261004-2720,2026-10-04 21:27:30,Nisha,Mukherjee,"mumbai, maharashtra",Electronics|Smart Watch|2499,4
ORD-20261004-3625,04/10/2026 11:19,ROSHNI,Patil,"Mumbai, Maharashtra",Fashion|Sunglasses|999,1
ORD-20261004-2453,04/10/2026 13:31,Atharv,Verma,"Mumbai, Maharashtra",Electronics|Wireless Earbuds|1299,1
ORD-20261004-0705,2026-10-04 13:35:17,Simran,Gupta,"PUNE, MAHARASHTRA",Fashion|Sunglasses|999,3
ORD-20261004-4565,04-10-2026 01:19,  Sai ,TRIVEDI,"Jaipur, Rajasthan",Home And Kitchen|Storage Box|299, 2 
ORD-20261004-4273,04/10/2026 21:30,shreya,bansal,"Jaipur, Rajasthan",Electronics|Smart Watch|2499,1
ORD-20261004-2589,04/10/2026 12:45,Diya,  Trivedi ,"Bengaluru, Karnataka",Electronics|Laptop Stand|749,2.0
ORD-20261004-0403,2026-10-04 20:37:54,Deepak,MEHTA,"chennai, tamil nadu",Electronics|Bluetooth Speaker|1799,1
ORD-20261004-0131,04/10/2026 13:28,Sara,Chauhan,"Mumbai, Maharashtra",Electronics|Power Bank|899,1
ORD-20261004-0117,04-10-2026 14:21,Jay,Kalavadia,"Mumbai, Maharashtra",Fashion|Sunglasses|999,5
ORD-20261004-0178,2026-10-04 10:56:27,KRUPA,Kapoor,"mumbai, maharashtra",Fashion|Cotton Kurta|799,2
ORD-20261004-0674,2026-10-04 09:58:21,  Khushi ,Bose,"hyderabad, telangana",Electronics|Smart Watch|2499,1
ORD-20261004-0161,04/10/2026 18:06,Janvi,Saxena,"Vadodara, Gujarat",Fashion|Denim Jeans|1199,2
ORD-20261004-2776,04/10/2026 18:56,  Aditi ,Pandya,"Mumbai, Maharashtra",Beauty|Hair Serum|549,3.0
ORD-20261004-2006,04/10/2026 11:09,Advik,kulkarni,"Chennai, Tamil Nadu",Electronics|Bluetooth Speaker|1799,1
ORD-20261004-0327,04-10-2026 16:42,Pranav,vyas,"jaipur, rajasthan",Fashion|Cotton Kurta|799, 5 
ORD-20261004-3656,04-10-2026 10:07,Manish,,"VADODARA, GUJARAT",Fashion|Sunglasses|999,
ORD-20261004-4777,04-10-2026 12:50,Manish,  Patel ,"MUMBAI, MAHARASHTRA",Fashion|Sunglasses|999,2
ORD-20261004-1573,04/10/2026 15:12,Janvi,saxena,"Vadodara, Gujarat",Sports|Dumbbell Set|1899,4
ORD-20261004-4817,04-10-2026 17:22,Navya,Thakkar,"Surat, Gujarat",Electronics|Power Bank|899,1
ORD-20261004-3947,04/10/2026 19:06,Manish,Bose,"  Coimbatore, Tamil Nadu ",Electronics|Power Bank|899,2
ORD-20261004-1190,04/10/2026 19:16,Janvi,dubey,"delhi, delhi",Fashion|Leather Wallet|499,3
ORD-20261004-2197,04/10/2026 15:43,Pranav,Pawar,"bengaluru, karnataka",Sports|Dumbbell Set|1899,2
ORD-20261004-1641,2026-10-04 14:13:45,Yash,Vyas,"Jaipur, Rajasthan",Electronics|Bluetooth Speaker|1799,1
ORD-20261004-4071,2026-10-04 14:21:57,harsh,Chauhan,"Vadodara, Gujarat",Beauty|Sunscreen|449,2
ORD-20261004-4572,2026-10-04 12:50:22,simran,  Pawar ,"PUNE, MAHARASHTRA",Electronics|Smart Watch|2499,5.0
ORD-20261004-4672,04-10-2026 18:31,,MENON,"Jaipur, Rajasthan",Beauty|Hair Serum|549,1
ORD-20261004-2188,04-10-2026 21:18,simran,Das,"ahmedabad, gujarat",Electronics|Laptop Stand|749,1
ORD-20261004-2468,04/10/2026 09:02,Deepak,Iyer,"Chennai, Tamil Nadu",Beauty|Face Wash|249,1
ORD-20261004-0390,04-10-2026 22:06,  Dhwani ,Agarwal,"Ahmedabad, Gujarat",Electronics|Wireless Earbuds|1299,2
ORD-20261004-4691,2026-10-04 23:08:25,Kunal,Srivastava,"Kolkata, West Bengal",Beauty|Lipstick|399,
ORD-20261004-4435,04/10/2026 14:31,krupa,Ghosh,"delhi, delhi",Electronics|Power Bank|899,1
ORD-20261004-0511,2026-10-04 06:48:22,rajesh,Pillai,"hyderabad, telangana",Beauty|Face Wash|249,1
ORD-20261004-1036,2026-10-04 20:11:56,Suresh,Dubey,"Delhi, Delhi",Beauty|Face Wash|249,4
ORD-20261004-4095,04/10/2026 16:48,  Saanvi ,ghosh,"Pune, Maharashtra",Home And Kitchen|Non Stick Pan|1099, 1 
ORD-20261004-0792,2026-10-04 20:14:24,Pooja,Desai,"Kolkata, West Bengal",Fashion|Sunglasses|999,4
ORD-20261004-1939,2026-10-04 13:49:47,kunal,malhotra,"Kolkata, West Bengal",Fashion|Running Shoes|2199,3
ORD-20261004-4264,2026-10-04 20:01:00,Nikhil,Bansal,"Hyderabad, Telangana",Fashion|Leather Wallet|499,2
ORD-20261004-3302,04/10/2026 22:45,nisha,NAIR,"bengaluru, karnataka",Fashion|Denim Jeans|1199,1
ORD-20261004-0401,04/10/2026 15:31,VIVAAN,RATHOD,"Delhi, Delhi",Electronics|Laptop Stand|749,3
ORD-20261004-4416,2026-10-04 16:17:56,MANSI,Thakkar,"Surat, Gujarat",Home And Kitchen|Storage Box|299,4
ORD-20261004-2489,04/10/2026 17:16,gaurav,Rathod,"surat, gujarat",Fashion|Leather Wallet|499,3.0
ORD-20261004-0696,04/10/2026 12:02,REYANSH,Khanna,"Coimbatore, Tamil Nadu",Beauty|Perfume|1299, 1 
ORD-20261004-2758,2026-10-04 17:51:10,Kunal,,"Delhi, Delhi",Beauty|Perfume|1299,1
ORD-20261004-0194,2026-10-04 13:58:22,Diya,Trivedi,"Hyderabad, Telangana",Beauty|Sunscreen|449,1
ORD-20261004-2990,04/10/2026 19:45,  Nisha ,Rao,"KOLKATA, WEST BENGAL",Home And Kitchen|Steel Water Bottle|399,1.0
ORD-20261004-1760,04/10/2026 02:45,Shaurya,Tiwari,"mumbai, maharashtra",Sports|Skipping Rope|199,1
ORD-20261004-0757,04/10/2026 22:23,  Vihaan ,Rathod,"mumbai, maharashtra",Fashion|Running Shoes|2199,1
ORD-20261004-0349,2026-10-04 13:59:06,Anjali,  Bansal ,"JAIPUR, RAJASTHAN",Electronics|Wireless Earbuds|1299,1
ORD-20261004-4227,04-10-2026 09:00,HARSH,Singh,"Delhi, Delhi",Electronics|Laptop Stand|749,1
ORD-20261004-4454,04/10/2026 20:42,,CHAUHAN,"Bengaluru, Karnataka",Electronics|Bluetooth Speaker|1799,
ORD-20261004-4646,04/10/2026 20:03,Vivaan,Modi,"vadodara, gujarat",Beauty|Perfume|1299, 1 
ORD-20261004-0294,04/10/2026 15:19,Ananya,Chopra,"Mumbai, Maharashtra",Beauty|Hair Serum|549,2
ORD-20261004-4804,2026-10-04 21:37:11,Yash,Nair,"Mumbai, Maharashtra",Fashion|Sunglasses|999,1
ORD-20261004-0175,04/10/2026 11:01,Nidhi,Mehta,"Kolkata, West Bengal",Home And Kitchen|Wall Clock|649,four
ORD-20261004-3058,04/10/2026 06:15,Shaurya,VYAS,"  Chennai, Tamil Nadu ",Electronics|Bluetooth Speaker|1799,one
ORD-20261004-4809,04/10/2026 11:20,Advik,  Verma ,"mysuru, karnataka",Electronics|Power Bank|899,2
ORD-20261004-3989,04/10/2026 06:46,Harsh,Kapoor,"PUNE, MAHARASHTRA",Home And Kitchen|Storage Box|299,1
ORD-20261004-2947,2026-10-04 22:30:17,gaurav,Vyas,"Delhi, Delhi",Fashion|Sunglasses|999,1
ORD-20261004-1686,04-10-2026 21:49,karan,Verma,"Coimbatore, Tamil Nadu",Fashion|Denim Jeans|1199,3
ORD-20261004-1750,2026-10-04 13:43:16,Kabir,Nair,N/A,Home And Kitchen|Steel Water Bottle|399,1
ORD-20261004-3697,04/10/2026 20:57,hetal,Chopra,"Coimbatore, Tamil Nadu",Sports|Dumbbell Set|1899,3
ORD-20261004-2642,04/10/2026 23:11,Kriti,Kumar,"  Delhi, Delhi ",Fashion|Denim Jeans|1199,
ORD-20261004-1188,2026-10-04 18:27:21,Karan,gupta,"Bengaluru, Karnataka",Beauty|Lipstick|399,4
ORD-20261004-4649,04/10/2026 20:24,saanvi,CHAUDHARY,"Chennai, Tamil Nadu",Electronics|Wireless Earbuds|1299,1
ORD-20261004-2617,04-10-2026 13:26,priya,Trivedi,"Pune, Maharashtra",Sports|Cricket Bat|1599,3
ORD-20261004-3896,2026-10-04 21:44:25,Advik,Malhotra,"Hyderabad, Telangana",Fashion|Cotton Kurta|799,1
ORD-20261004-3081,2026-10-04 05:08:04,  Aditya ,Menon,"Delhi, Delhi",Fashion|Sunglasses|999,3
ORD-20261004-3976,2026-10-04 09:02:31,harsh,  Kumar ,,Beauty|Sunscreen|449,3
ORD-20261004-2998,04/10/2026 13:54,  Vivaan ,Malhotra,"Kolkata, West Bengal",Fashion|Cotton Kurta|799,4
ORD-20261004-3084,2026-10-04 11:42:05,atharv,Ghosh,"Coimbatore, Tamil Nadu",Home And Kitchen|Bedsheet Set|1499,1
ORD-20261004-3424,04/10/2026 21:46,bhavna,mukherjee,"  Kolkata, West Bengal ",Electronics|Wireless Earbuds|1299,1
ORD-20261004-3247,2026-10-04 10:54:21,palak,Rao,"Mumbai, Maharashtra",Fashion|Running Shoes|2199, 1 
ORD-20261004-1332,04/10/2026 13:19,ishaan,Kumar,"Bengaluru, Karnataka",Sports|Dumbbell Set|1899,1
ORD-20261004-3751,04-10-2026 23:25,Manish,Bansal,"Mysuru, Karnataka",Fashion|Running Shoes|2199,1
ORD-20261004-1315,04/10/2026 21:20,Nidhi,Ghosh,"Hyderabad, Telangana",Fashion|Denim Jeans|1199,3
ORD-20261004-3384,2026-10-04 19:54:14,Vikas,Parmar,"Surat, Gujarat",Electronics|Wireless Earbuds|1299,1.0
ORD-20261004-2353,2026-10-04 20:42:03,Bhavna,Gupta,"  Pune, Maharashtra ",Home And Kitchen|Non Stick Pan|1099,1
ORD-20261004-1351,04/10/2026 22:23,GAURAV,Mukherjee,"JAIPUR, RAJASTHAN",Beauty|Sunscreen|449,1
ORD-20261004-3643,04/10/2026 11:43,Kriti,Solanki,"Surat, Gujarat",Home And Kitchen|Wall Clock|649,1
ORD-20261004-3448,04/10/2026 23:09,Manish,NAIR,"hyderabad, telangana",Fashion|Leather Wallet|499,
ORD-20261004-2644,04/10/2026 12:49,Sai,  Sinha ,"chennai, tamil nadu",Fashion|Running Shoes|2199,1
ORD-20261004-3961,2026-10-04 21:43:27,Navya,SINHA,"Delhi, Delhi",Electronics|Power Bank|899,1
ORD-20261004-0342,04/10/2026 22:20,aadhya,Dubey,"Pune, Maharashtra",Fashion|Leather Wallet|499,2
ORD-20261004-3318,04-10-2026 15:38,VARUN,Agarwal,"kolkata, west bengal",Home And Kitchen|Non Stick Pan|1099,3
ORD-20261004-3890,04/10/2026 18:35,Manish,DUBEY,"KOLKATA, WEST BENGAL",Fashion|Running Shoes|2199,2.0
ORD-20261004-3657,04-10-2026 21:29,Swati,mishra,"Lucknow, Uttar Pradesh",Home And Kitchen|Non Stick Pan|1099,2
ORD-20261004-1623,04-10-2026 13:48,Suresh,Rao,"Hyderabad, Telangana",Sports|Dumbbell Set|1899,1
ORD-20261004-0776,04/10/2026 10:45,  Karan ,sinha,"hyderabad, telangana",Electronics|Power Bank|899,2
ORD-20261004-4645,04-10-2026 04:40,Kriti,rathod,"JAIPUR, RAJASTHAN",Electronics|Wireless Earbuds|1299,1
ORD-20261004-3594,2026-10-04 13:11:42,JAY,Verma,"Mumbai, Maharashtra",Fashion|Sunglasses|999,1
ORD-20261004-3299,04-10-2026 10:37,Sai,Kapoor,"Hyderabad, Telangana",Electronics|Wireless Earbuds|1299,3
ORD-20261004-2721,04/10/2026 16:57,  Dhruv ,Nair,"Surat, Gujarat",Electronics|Power Bank|899,1
ORD-20261004-1369,04/10/2026 21:47,VIVAAN,reddy,"kolkata, west bengal",Home And Kitchen|Non Stick Pan|1099,2
ORD-20261004-2286,04/10/2026 12:23,Palak,Agarwal,"  Chennai, Tamil Nadu ",Beauty|Face Wash|249,two
ORD-20261004-0462,04/10/2026 14:45,Pooja,Kalavadia,"Lucknow, Uttar Pradesh",Fashion|Denim Jeans|1199,1
ORD-20261004-0919,04/10/2026 18:04,  Kunal ,Kalavadia,"  Delhi, Delhi ",Sports|Dumbbell Set|1899,1
ORD-20261004-0577,04/10/2026 18:32,Kavya,bhatt,"HYDERABAD, TELANGANA",Sports|Skipping Rope|199,1
ORD-20261004-1827,2026-10-04 19:05:41,Hetal,Kalavadia,"Pune, Maharashtra",Sports|Cricket Bat|1599,2
ORD-20261004-4168,2026-10-04 23:13:10,karan,  Sinha ,"HYDERABAD, TELANGANA",Electronics|Power Bank|899,2
ORD-20261004-1006,04/10/2026 21:28,  Jay ,khanna,"bengaluru, karnataka",Electronics|Laptop Stand|749,3
ORD-20261004-1737,04-10-2026 23:46,Arjun,Menon,"Ahmedabad, Gujarat",Home And Kitchen|Storage Box|299,1
ORD-20261004-3925,04-10-2026 01:42,  Deepak ,Bhatt,"Surat, Gujarat",Fashion|Running Shoes|2199, 1 
ORD-20261004-3165,04-10-2026 15:16,Aditi,reddy,N/A,Home And Kitchen|Storage Box|299,1
ORD-20261004-4583,04/10/2026 23:30,ROHAN,Agarwal,"Pune, Maharashtra",Home And Kitchen|Storage Box|299,1
ORD-20261004-1746,04/10/2026 10:27,Megha,jain,"Kolkata, West Bengal",Beauty|Face Wash|249,4
ORD-20261004-0620,2026-10-04 14:27:26,arjun,Kapoor,"Bengaluru, Karnataka",Fashion|Cotton Kurta|799,2
ORD-20261004-4369,04/10/2026 12:06,Aadhya,yadav,"Delhi, Delhi",Beauty|Sunscreen|449,3
ORD-20261004-1839,04/10/2026 13:42,Nisha,Nair,"Bengaluru, Karnataka",Electronics|Power Bank|899,1
ORD-20261004-4101,04/10/2026 05:24,atharv,Patil,"mumbai, maharashtra",Home And Kitchen|Storage Box|299,1
ORD-20261004-0141,04-10-2026 15:21,Swati,Menon,"Mumbai, Maharashtra",Beauty|Perfume|1299,2.0
ORD-20261004-1956,2026-10-04 19:43:26,Bhavna,  Chopra ,"Delhi, Delhi",Home And Kitchen|Bedsheet Set|1499,2
ORD-20261004-3337,2026-10-04 07:27:18,Vihaan,Rathod,"Mumbai, Maharashtra",Sports|Dumbbell Set|1899,4
ORD-20261004-3068,04/10/2026 20:37,  Amit ,  Shah ,"Ahmedabad, Gujarat",Fashion|Denim Jeans|1199,four
ORD-20261004-2059,04-10-2026 12:08,Kabir,solanki,"Surat, Gujarat",Fashion|Sunglasses|999,1
ORD-20261004-0959,04/10/2026 17:06,Aditya,Modi,"Chennai, Tamil Nadu",Sports|Cricket Bat|1599,2
ORD-20261004-2809,2026-10-04 18:38:13,Dev,mukherjee,"Chennai, Tamil Nadu",Beauty|Hair Serum|549,2
ORD-20261004-1586,04/10/2026 16:17,Rajesh,kumar,"Bengaluru, Karnataka",Beauty|Face Wash|249,1
ORD-20261004-3935,04/10/2026 22:01,Deepak,sharma,"Chennai, Tamil Nadu",Electronics|Wireless Earbuds|1299,1
ORD-20261004-2676,N/A,Payal,ghosh,"  Bengaluru, Karnataka ",Beauty|Hair Serum|549,2
ORD-20261004-3474,04/10/2026 18:48,  Ritu ,ARORA,"bengaluru, karnataka",Electronics|Power Bank|899,2
ORD-20261004-4844,04/10/2026 12:02,Sai,Srivastava,"mumbai, maharashtra",Fashion|Running Shoes|2199,2
ORD-20261004-4601,04/10/2026 11:23,tushar,Sinha,"Chennai, Tamil Nadu",Fashion|Running Shoes|2199,1
ORD-20261004-1514,04/10/2026 08:32,Gaurav,  Chauhan ,"  Coimbatore, Tamil Nadu ",Sports|Skipping Rope|199, 1 
ORD-20261004-3596,04/10/2026 20:34,Atharv,VERMA,"mumbai, maharashtra",Electronics|Bluetooth Speaker|1799,1
ORD-20261004-3930,04/10/2026 14:15,Dhwani,Mukherjee,"  Mysuru, Karnataka ",Sports|Yoga Mat|699,1
ORD-20261004-3433,04/10/2026 21:09,Kabir,Verma,"Bengaluru, Karnataka",Fashion|Leather Wallet|499,2
ORD-20261004-3146,04-10-2026 21:16,Ritu,Kapoor,"chennai, tamil nadu",Sports|Skipping Rope|199,2
ORD-20261004-3228,04/10/2026 20:27,rahul,solanki,"Delhi, Delhi",Home And Kitchen|Non Stick Pan|1099,3
ORD-20261004-1665,04/10/2026 14:52,Vikas,das,"Chennai, Tamil Nadu",Home And Kitchen|Bedsheet Set|1499,2
ORD-20261004-0771,04/10/2026 11:18,Amit,Chaudhary,"Surat, Gujarat",Electronics|Smart Watch|2499,1
ORD-20261004-0883,04/10/2026 13:36,Dev,Arora,"Surat, Gujarat",Electronics|Power Bank|899,2
ORD-20261004-1370,04/10/2026 12:15,Shreya,pillai,"lucknow, uttar pradesh",Sports|Dumbbell Set|1899,1
ORD-20261004-4102,2026-10-04 19:33:58,Rudra,Rao,"  Surat, Gujarat ",Fashion|Cotton Kurta|799,2
ORD-20261004-1046,2026-10-04 21:26:48,Nikhil,gupta,"Pune, Maharashtra",Fashion|Sunglasses|999,1
ORD-20261004-3160,04-10-2026 01:25,anika,Pawar,"Jaipur, Rajasthan",Electronics|Laptop Stand|749,1
ORD-20261004-2846,2026-10-04 16:52:51,Varun,Pillai,"JAIPUR, RAJASTHAN",Sports|Skipping Rope|199,2
ORD-20261004-0901,04/10/2026 22:19,Priya,Mishra,"  Delhi, Delhi ",Fashion|Running Shoes|2199,3.0
ORD-20261004-0223,04/10/2026 00:00,aadhya,PARMAR,"lucknow, uttar pradesh",Beauty|Sunscreen|449,1
ORD-20261004-0918,04/10/2026 15:49,Jay,Pandya,"Mumbai, Maharashtra",Beauty|Sunscreen|449,2
ORD-20261004-0186,2026-10-04 22:37:40,Aadhya,bansal,"JAIPUR, RAJASTHAN",Electronics|Power Bank|899,1
ORD-20261004-0037,04/10/2026 22:12,vihaan,Kapoor,"chennai, tamil nadu",Fashion|Denim Jeans|1199,
ORD-20261004-0652,2026-10-04 21:06:34,Krupa,arora,"Vadodara, Gujarat",Electronics|Laptop Stand|749,3
ORD-20261004-0287,04/10/2026 10:41,  Aditi ,Mishra,"BENGALURU, KARNATAKA",Sports|Dumbbell Set|1899,1
ORD-20261004-1266,04/10/2026 10:45,reyansh,iyer,"Bengaluru, Karnataka",Beauty|Hair Serum|549,4
ORD-20261004-0637,2026-10-04 21:39:36,Harsh,Iyer,"  Delhi, Delhi ",Electronics|Wireless Earbuds|1299,1
ORD-20261004-3488,04/10/2026 21:32,Kabir,MODI,"Bengaluru, Karnataka",Home And Kitchen|Non Stick Pan|1099,2
ORD-20261004-4614,04/10/2026 19:31,Tushar,TIWARI,"Hyderabad, Telangana",Fashion|Running Shoes|2199,1
ORD-20261004-4815,04-10-2026 12:56,Kabir,Nair,"Chennai, Tamil Nadu",Fashion|Leather Wallet|499,1
ORD-20261004-2235,04/10/2026 12:16,Riya,Saxena,"lucknow, uttar pradesh",Sports|Football|799,4
ORD-20261004-4051,04/10/2026 21:21,Ayaan,  Menon ,"Hyderabad, Telangana",Electronics|Smart Watch|2499,1
ORD-20261004-4643,04/10/2026 14:59,deepak,Reddy,"Ahmedabad, Gujarat",Fashion|Denim Jeans|1199,1
ORD-20261004-4582,2026-10-04 21:02:59,swati,Srivastava,"Kolkata, West Bengal",Fashion|Denim Jeans|1199,1
ORD-20261004-4562,04/10/2026 12:02,Reyansh,Bhatt,"nagpur, maharashtra",Fashion|Leather Wallet|499,2
ORD-20261004-0453,04/10/2026 20:17,dhwani,PATIL,"pune, maharashtra",Fashion|Cotton Kurta|799,1
ORD-20261004-2079,04/10/2026 12:19,Navya,JOSHI,"Surat, Gujarat",Home And Kitchen|Non Stick Pan|1099,1
ORD-20261004-3137,04/10/2026 16:46,  Sara ,DESAI,"Bengaluru, Karnataka",Home And Kitchen|Non Stick Pan|1099,1
ORD-20261004-3265,04-10-2026 09:08,Advik,rathod,"Coimbatore, Tamil Nadu",Electronics|Bluetooth Speaker|1799,1
ORD-20261004-3002,2026-10-04 10:09:51,Gaurav,Nair,"Hyderabad, Telangana",Fashion|Denim Jeans|1199,1
ORD-20261004-1609,04/10/2026 12:57,kriti,Nair,"Nagpur, Maharashtra",Home And Kitchen|Storage Box|299, 1 
ORD-20261004-0854,2026-10-04 15:10:27,Tanvi,Mishra,"HYDERABAD, TELANGANA",Home And Kitchen|Wall Clock|649,1
ORD-20261004-2019,2026-10-04 21:13:17,Divya,Menon,"vadodara, gujarat",Electronics|Power Bank|899,1
ORD-20261004-0955,04/10/2026 09:43,bhavna,Malhotra,"Jaipur, Rajasthan",Electronics|Laptop Stand|749,1
ORD-20261004-2916,04-10-2026 09:44,Varun,  Solanki ,"Bengaluru, Karnataka",Beauty|Lipstick|399,2
ORD-20261004-3466,2026-10-04 12:46:58,Myra,Singh,"Kolkata, West Bengal",Beauty|Hair Serum|549,4.0
ORD-20261004-3461,04-10-2026 07:16,varun,srivastava,"Ahmedabad, Gujarat",Sports|Cricket Bat|1599,1
ORD-20261004-0527,04/10/2026 21:33,riya,Mukherjee,"Lucknow, Uttar Pradesh",Home And Kitchen|Bedsheet Set|1499,1
ORD-20261004-2467,04/10/2026 07:43,Om,Trivedi,"Surat, Gujarat",Electronics|Laptop Stand|749,1
ORD-20261004-2674,04/10/2026 14:04,HETAL,KAPOOR,"Chennai, Tamil Nadu",Fashion|Sunglasses|999,2
ORD-20261004-0483,04/10/2026 12:32,Saanvi,Verma,"Delhi, Delhi",Home And Kitchen|Steel Water Bottle|399,2
ORD-20261004-1388,04/10/2026 15:50,Krishna,chauhan,"Chennai, Tamil Nadu",Fashion|Running Shoes|2199, 1 
ORD-20261004-2225,2026-10-04 14:14:46,Dev,desai,"Kolkata, West Bengal",Electronics|Power Bank|899,1
ORD-20261004-2970,2026-10-04 11:58:08,Ishaan,  Tiwari ,"surat, gujarat",Electronics|Smart Watch|2499,1
ORD-20261004-4131,04/10/2026 14:06,Krupa,desai,"Vadodara, Gujarat",Electronics|Wireless Earbuds|1299,1
ORD-20261004-0563,04/10/2026 16:33,Rahul,Singh,"Delhi, Delhi",Electronics|Smart Watch|2499,1
ORD-20261004-1927,04/10/2026 23:30,  Karan ,chauhan,"Ahmedabad, Gujarat",Beauty|Face Wash|249,3
ORD-20261004-1795,04/10/2026 18:30,Palak,bose,"bengaluru, karnataka",Fashion|Leather Wallet|499,1
ORD-20261004-0154,04/10/2026 13:17,Aditi,Pandya,"mumbai, maharashtra",Home And Kitchen|Wall Clock|649,1
ORD-20261004-2014,2026-10-04 21:50:14,null,Jain,"Ahmedabad, Gujarat",Electronics|Wireless Earbuds|1299,2
ORD-20261004-1630,04/10/2026 19:44,Kunal,sharma,"Mysuru, Karnataka",Beauty|Sunscreen|449,
ORD-20261004-1303,2026-10-04 17:28:30,  Vihaan ,Nair,"  Kolkata, West Bengal ",Electronics|Wireless Earbuds|1299, 2 
ORD-20261004-3794,2026-10-04 22:58:52,PRIYA,Mishra,"nagpur, maharashtra",Electronics|Wireless Earbuds|1299,1
ORD-20261004-1083,2026-10-04 07:41:26,om,Bhatt,"  Mumbai, Maharashtra ",Electronics|Power Bank|899,3
ORD-20261004-4654,04/10/2026 21:55,Janvi,Bose,"delhi, delhi",,1
ORD-20261004-1410,04/10/2026 20:03,RAHUL,Chaudhary,"  Pune, Maharashtra ",Electronics|Smart Watch|2499,2
ORD-20261004-1673,04-10-2026 13:32,Vivaan,Modi,"Vadodara, Gujarat",Home And Kitchen|Bedsheet Set|1499,2
ORD-20261004-2843,04/10/2026 19:59,Priya,Verma,"JAIPUR, RAJASTHAN",Electronics|Bluetooth Speaker|1799,2
ORD-20261004-1314,04-10-2026 13:21,aditi,Srivastava,"BENGALURU, KARNATAKA",Beauty|Sunscreen|449,1
ORD-20261004-0331,04-10-2026 16:40,Vivaan,Yadav,"pune, maharashtra",Beauty|Face Wash|249,1
ORD-20261004-1126,04-10-2026 20:12,Kavya,Modi,"Chennai, Tamil Nadu",Fashion|Sunglasses|999,4
ORD-20261004-4155,04/10/2026 19:17,Shreya,Patil,"bengaluru, karnataka",Home And Kitchen|Non Stick Pan|1099,1
ORD-20261004-4318,04/10/2026 04:38,yash,Pawar,,Home And Kitchen|Non Stick Pan|1099,2
ORD-20261004-3133,04/10/2026 16:24,ANANYA,PATIL,"Nagpur, Maharashtra",Fashion|Leather Wallet|499,3
ORD-20261004-4474,2026-10-04 18:26:33,Aarav,DUBEY,"PUNE, MAHARASHTRA",Fashion|Sunglasses|999,2
ORD-20261004-2196,2026-10-04 17:56:51,Varun,sharma,"Pune, Maharashtra",Sports|Football|799,3
ORD-20261004-3597,2026-10-04 14:48:43,Amit,patel,"Delhi, Delhi",Beauty|Perfume|1299,1
ORD-20261004-2970,2026-10-04 11:58:08,Ishaan,  Tiwari ,"surat, gujarat",Electronics|Smart Watch|2499,1
ORD-20261004-0346,04/10/2026 12:54,kriti,  Arora ,"Chennai, Tamil Nadu",Beauty|Perfume|1299,5
ORD-20261004-2021,2026-10-04 20:53:48,Rajesh,Vyas,"  Bengaluru, Karnataka ",Home And Kitchen|Non Stick Pan|1099,1
ORD-20261004-0595,04/10/2026 20:29,NISHA,  Patil ,"hyderabad, telangana",Sports|Skipping Rope|199,3
ORD-20261004-0653,2026-10-04 09:54:26,nisha,Khanna,"Delhi, Delhi",Electronics|Bluetooth Speaker|1799,1
ORD-20261004-4765,04/10/2026 15:53,tanvi,Mishra,"jaipur, rajasthan",Sports|Skipping Rope|199,-1
ORD-20261004-1561,04/10/2026 23:00,Rohan,Pillai,"surat, gujarat",Fashion|Leather Wallet|499,1
ORD-20261004-4784,04-10-2026 17:41,VIKAS,Bansal,"delhi, delhi",Home And Kitchen|Storage Box|299, 1 
ORD-20261004-0569,04/10/2026 07:23,  Kabir ,Saxena,"Mysuru, Karnataka",Beauty|Face Wash|249,3
ORD-20261004-0912,04/10/2026 22:48,manish,PATEL,"Mumbai, Maharashtra",Electronics|Wireless Earbuds|1299,1.0
ORD-20261004-2441,2026-10-04 07:36:44,Yash,Pawar,"chennai, tamil nadu",Electronics|Laptop Stand|749,1
ORD-20261004-3212,04-10-2026 20:53,Krupa,Shah,"  Delhi, Delhi ",Fashion|Denim Jeans|1199,3
ORD-20261004-4686,04/10/2026 18:56,jay,Gupta,"Hyderabad, Telangana",Home And Kitchen|Wall Clock|649,2
ORD-20261004-1157,2026-10-04 22:55:59,neha,Mishra,"kolkata, west bengal",Electronics|Smart Watch|2499,1
ORD-20261004-3270,04/10/2026 20:57,harsh,Bhatt,"Pune, Maharashtra",Sports|Cricket Bat|1599,2
ORD-20261004-2870,04/10/2026 10:47,Aanya,Chauhan,"Ahmedabad, Gujarat",Fashion|Sunglasses|999,4
ORD-20261004-4343,04-10-2026 21:59,Ayaan,Khanna,"Mumbai, Maharashtra",Fashion|Cotton Kurta|799,2
ORD-20261004-2619,04/10/2026 02:43,Neel,Malhotra,"Bengaluru, Karnataka",Sports|Cricket Bat|1599,4
ORD-20261004-0508,04/10/2026 20:58,Advik,Vyas,"jaipur, rajasthan",Beauty|Lipstick|399, 2 
ORD-20261004-3382,04-10-2026 07:08,saanvi,Chaudhary,"Nagpur, Maharashtra",Sports|Football|799,1
ORD-20261004-3046,04-10-2026 21:25,Kriti,Saxena,"  Surat, Gujarat ",Fashion|Cotton Kurta|799,2
ORD-20261004-3022,N/A,Tanvi,Kumar,"Ahmedabad, Gujarat",Home And Kitchen|Non Stick Pan|1099,2
ORD-20261004-0948,2026-10-04 13:52:28,AYAAN,Srivastava,"  Pune, Maharashtra ",Electronics|Wireless Earbuds|1299,6
ORD-20261004-3844,04-10-2026 22:38,Pari,Nair,"Delhi, Delhi",Sports|Skipping Rope|199,1
ORD-20261004-1157,2026-10-04 22:55:59,neha,Mishra,"kolkata, west bengal",Electronics|Smart Watch|2499,1
ORD-20261004-3465,04/10/2026 10:40,Hetal,mishra,"Lucknow, Uttar Pradesh",Fashion|Sunglasses|999,
ORD-20261004-0688,2026-10-04 15:49:03,ANIKA,Bhatt,"Ahmedabad, Gujarat",Electronics|Wireless Earbuds|1299,5
ORD-20261004-4149,04-10-2026 12:49,KARAN,jain,"Bengaluru, Karnataka",Home And Kitchen|Steel Water Bottle|399, 1 
ORD-20261004-3458,2026-10-04 15:40:10,Aarav,kumar,"Mumbai, Maharashtra",Fashion|Denim Jeans|1199,4
ORD-20261004-4078,04/10/2026 10:18,Aditya,KHANNA,"Mumbai, Maharashtra",Electronics|Smart Watch|2499,1.0
ORD-20261004-1444,2026-10-04 14:21:38,komal,,"delhi, delhi",Fashion|Cotton Kurta|799,1
ORD-20261004-4201,04-10-2026 10:04,riya,Rao,"Mumbai, Maharashtra",Home And Kitchen|Wall Clock|649,5
ORD-20261004-4567,04/10/2026 22:14,Rahul,reddy,"Bengaluru, Karnataka",Home And Kitchen|Bedsheet Set|1499,1
ORD-20261004-2681,N/A,Navya,BHATT,"Surat, Gujarat",Home And Kitchen|Non Stick Pan|1099,1
ORD-20261004-2250,04/10/2026 04:25,komal,Chauhan,"Delhi, Delhi",Fashion|Leather Wallet|499,4
ORD-20261004-3546,04/10/2026 18:06,Suresh,Pillai,"pune, maharashtra",Beauty|Face Wash|249,1
ORD-20261004-4115,04-10-2026 09:59,Kunal,  Verma ,"Bengaluru, Karnataka",Electronics|Smart Watch|2499,3
ORD-20261004-3852,2026-10-04 20:42:08,Aadhya,Kulkarni,"MUMBAI, MAHARASHTRA",Sports|Skipping Rope|199,2
ORD-20261004-0311,04/10/2026 14:42,HETAL,Kalavadia,"Pune, Maharashtra",Sports|Football|799,3
ORD-20261004-3044,2026-10-04 23:54:58,Nidhi,VERMA,"  Surat, Gujarat ",Electronics|Power Bank|899, 1 
ORD-20261004-3267,04/10/2026 11:56,Nisha,RAO,"Pune, Maharashtra",Home And Kitchen|Storage Box|299,3
ORD-20261004-2951,04/10/2026 00:06,Ishaan,  Kalavadia ,"Lucknow, Uttar Pradesh",Fashion|Running Shoes|2199,1.0
ORD-20261004-4091,2026-10-04 11:01:01,Vikas,Thakkar,"Ahmedabad, Gujarat",Sports|Football|799,1
ORD-20261004-4510,2026-10-04 13:00:30,Aryan,mukherjee,"Mumbai, Maharashtra",Electronics|Wireless Earbuds|1299,1
ORD-20261004-4803,04/10/2026 02:33,Varun,Bhatt,"Mumbai, Maharashtra",Home And Kitchen|Bedsheet Set|1499,1
ORD-20261004-3089,04-10-2026 18:24,Rajesh,Solanki,"ahmedabad, gujarat",Electronics|Wireless Earbuds|1299,2
ORD-20261004-1585,04/10/2026 19:33,Navya,Chauhan,"Lucknow, Uttar Pradesh",Electronics|Power Bank|899,1
ORD-20261004-0222,2026-10-04 13:44:12,jay,Bose,"chennai, tamil nadu",Fashion|Leather Wallet|499,2
ORD-20261004-4177,2026-10-04 21:16:33,SHREYA,Bose,"Surat, Gujarat",Sports|Football|799, 6 
ORD-20261004-4409,04/10/2026 17:36,NIKHIL,Joshi,"Kolkata, West Bengal",Fashion|Running Shoes|2199, 5 
ORD-20261004-2519,2026-10-04 23:05:36,ROSHNI,Dubey,"chennai, tamil nadu",Fashion|Running Shoes|2199,2
ORD-20261004-1613,2026-10-04 18:12:26,  Nisha ,Desai,"Delhi, Delhi",Home And Kitchen|Wall Clock|649,1
ORD-20261004-0258,04/10/2026 15:48,Rudra,Modi,"Pune, Maharashtra",Fashion|Running Shoes|2199,1
ORD-20261004-4305,04/10/2026 08:18,rudra,Sharma,"surat, gujarat",Electronics|Smart Watch|2499,1
ORD-20261004-0715,2026-10-04 14:08:38,rudra,Shah,"hyderabad, telangana",Home And Kitchen|Wall Clock|649,1
ORD-20261004-1595,2026-10-04 18:09:42,Amit,  Kumar ,"Delhi, Delhi",Fashion|Cotton Kurta|799,1
ORD-20261004-2326,2026-10-04 09:31:31,Roshni,Parmar,"Ahmedabad, Gujarat",Beauty|Hair Serum|549,1
ORD-20261004-3750,04-10-2026 13:51,Kabir,kalavadia,"Jaipur, Rajasthan",Electronics|Smart Watch|2499,1
ORD-20261004-3786,2026-10-04 20:06:23,saanvi,dubey,"pune, maharashtra",Beauty|Hair Serum|549,5
ORD-20261004-1177,04/10/2026 14:35,Bhavna,Chaudhary,"  Hyderabad, Telangana ",Home And Kitchen|Non Stick Pan|1099,
ORD-20261004-3178,2026-10-04 17:15:20,neel,menon,"Nagpur, Maharashtra",Electronics|Bluetooth Speaker|1799,1
ORD-20261004-3357,2026-10-04 13:30:33,Vikas,Gupta,"Bengaluru, Karnataka",Beauty|Perfume|1299,3
ORD-20261004-0725,2026-10-04 13:07:36,Simran,Tiwari,"Jaipur, Rajasthan",Fashion|Leather Wallet|499,1
ORD-20261004-2556,2026-10-04 20:51:20,Krupa,Parmar,"pune, maharashtra",Home And Kitchen|Bedsheet Set|1499,6
ORD-20261004-2942,04/10/2026 12:05,YASH,Pandya,"Jaipur, Rajasthan",Home And Kitchen|Steel Water Bottle|399,-2
ORD-20261004-0049,04/10/2026 13:56,null,Srivastava,"Lucknow, Uttar Pradesh",Home And Kitchen|Bedsheet Set|1499,6
ORD-20261004-3905,04/10/2026 07:37,Tanvi,thakkar,"Coimbatore, Tamil Nadu",Beauty|Face Wash|249,5.0
ORD-20261004-3788,2026-10-04 09:45:52,Rudra,  Sinha ,"Coimbatore, Tamil Nadu",Beauty|Hair Serum|549,2
ORD-20261004-1430,04/10/2026 18:56,Suresh,Shah,"Hyderabad, Telangana",Home And Kitchen|Non Stick Pan|1099,3
ORD-20261004-0976,04-10-2026 08:54,Krishna,Solanki,"Chennai, Tamil Nadu",Home And Kitchen|Bedsheet Set|1499,6
ORD-20261004-4055,2026-10-04 22:40:04,Ananya,DUBEY,"Delhi, Delhi",Fashion|Denim Jeans|1199,2
ORD-20261004-0869,2026-10-04 12:57:41,  Diya ,  Agarwal ,"Delhi, Delhi",Fashion|Denim Jeans|1199,2
ORD-20261004-4060,04/10/2026 22:53,payal,jain,"  Nagpur, Maharashtra ",Electronics|Bluetooth Speaker|1799,1
ORD-20261004-1033,04/10/2026 18:21,kabir,Bhatt,"Mumbai, Maharashtra",Fashion|Denim Jeans|1199,4
ORD-20261004-3265,04-10-2026 09:08,Advik,rathod,"Coimbatore, Tamil Nadu",Electronics|Bluetooth Speaker|1799,1
ORD-20261004-2375,04/10/2026 15:33,Vihaan,Rathod,"MUMBAI, MAHARASHTRA",Electronics|Smart Watch|2499,2
ORD-20261004-1905,04/10/2026 19:17,Deepak,khanna,"Ahmedabad, Gujarat",,4
ORD-20261004-0751,04/10/2026 13:29,saanvi,  Vyas ,"  Ahmedabad, Gujarat ",Beauty|Sunscreen|449,1
ORD-20261004-4068,04-10-2026 16:41,NEEL,Solanki,"KOLKATA, WEST BENGAL",Sports|Football|799,1
ORD-20261004-3735,04/10/2026 18:53,Manish,Bhatt,"Bengaluru, Karnataka",Home And Kitchen|Steel Water Bottle|399,1
ORD-20261004-3588,2026-10-04 13:55:54,Atharv,Pillai,"Mumbai, Maharashtra",Beauty|Sunscreen|449,1
ORD-20261004-1603,2026-10-04 22:40:22,janvi,Tiwari,,Home And Kitchen|Bedsheet Set|1499,1
ORD-20261004-0182,04/10/2026 09:14,Gaurav,verma,"Vadodara, Gujarat",Fashion|Sunglasses|999,1
ORD-20261004-3829,04-10-2026 17:20,Isha,patel,"Jaipur, Rajasthan",Home And Kitchen|Storage Box|299,1
ORD-20261004-1574,04/10/2026 20:22,Dev,Kalavadia,"Pune, Maharashtra",Home And Kitchen|Wall Clock|649,4
ORD-20261004-2144,2026-10-04 11:30:53,krishna,  Solanki ,"  Chennai, Tamil Nadu ",Home And Kitchen|Steel Water Bottle|399,6
ORD-20261004-4261,04/10/2026 12:55,Karan,Gupta,"coimbatore, tamil nadu",Home And Kitchen|Steel Water Bottle|399,1
ORD-20261004-3967,04-10-2026 17:35,rajesh,Mehta,"Hyderabad, Telangana",Home And Kitchen|Bedsheet Set|1499,1
ORD-20261004-4463,04-10-2026 01:18,Janvi,Gupta,"LUCKNOW, UTTAR PRADESH",Beauty|Sunscreen|449,4
ORD-20261004-4827,04/10/2026 19:03,Anjali,jain,"coimbatore, tamil nadu",Fashion|Running Shoes|2199,-2
ORD-20261004-3978,31/02/2026 08:11,TUSHAR,SHARMA,"Delhi, Delhi",Fashion|Running Shoes|2199,1
ORD-20261004-2882,2026-10-04 00:45:56,Janvi,Rathod,"CHENNAI, TAMIL NADU",Fashion|Leather Wallet|499,-2
ORD-20261004-2166,04-10-2026 17:47,  Ritu ,Parmar,"  Kolkata, West Bengal ",Electronics|Laptop Stand|749,2
ORD-20261004-0807,2026-10-04 11:06:50,VIKAS,THAKKAR,"  Mumbai, Maharashtra ",Electronics|Smart Watch|2499,3
ORD-20261004-2115,2026-10-04 07:18:55,khushi,Das,"  Mysuru, Karnataka ",Beauty|Lipstick|399,2
ORD-20261004-3020,2026-10-04 11:37:41,Roshni,  Mishra ,"Hyderabad, Telangana",Home And Kitchen|Wall Clock|649,2
ORD-20261004-2877,04/10/2026 22:02,Rudra,Das,"  Mumbai, Maharashtra ",Electronics|Bluetooth Speaker|1799,1
ORD-20261004-3732,04/10/2026 18:21,Sneha,menon,"Mumbai, Maharashtra",Electronics|Laptop Stand|749,1
ORD-20261004-2602,2026-10-04 18:01:11,Aditya,dubey,"Hyderabad, Telangana",Fashion|Denim Jeans|1199,one
ORD-20261004-4410,04-10-2026 21:31,Advik,Vyas,"Jaipur, Rajasthan",Home And Kitchen|Wall Clock|649,0
ORD-20261004-1644,04/10/2026 19:18,Mihir,Bhatt,"Mumbai, Maharashtra",Electronics|Laptop Stand|749,1
ORD-20261004-2698,04/10/2026 11:05,KRITI,modi,"Nagpur, Maharashtra",Fashion|Cotton Kurta|799,2
ORD-20261004-2825,04/10/2026 09:13,Krupa,parmar,N/A,Electronics|Wireless Earbuds|1299,2
ORD-20261004-0327,04-10-2026 16:42,Pranav,vyas,"jaipur, rajasthan",Fashion|Cotton Kurta|799, 5 
ORD-20261004-1826,2026-10-04 17:55:57,Rajesh,Sharma,"Kolkata, West Bengal",Fashion|Sunglasses|999,1
ORD-20261004-1608,2026-10-04 19:30:48,Dev,  Bose ,"Delhi, Delhi",Fashion|Running Shoes|2199,3
ORD-20261004-1161,2026-10-04 13:01:11,megha,SHAH,"hyderabad, telangana",Electronics|Bluetooth Speaker|1799,1
ORD-20261004-0005,04/10/2026 19:27,Kunal,sharma,"vadodara, gujarat",Beauty|Hair Serum|549,2
ORD-20261004-4005,2026-10-04 22:09:58,Vivaan,pawar,"Mysuru, Karnataka",Home And Kitchen|Wall Clock|649,1
ORD-20261004-0752,2026-10-04 13:26:20,Hetal,pandya,"Hyderabad, Telangana",Sports|Dumbbell Set|1899,2
ORD-20261004-3034,04/10/2026 11:04,Sara,Saxena,"Kolkata, West Bengal",Home And Kitchen|Steel Water Bottle|399,1
ORD-20261004-0843,04-10-2026 23:16,aryan,Reddy,"  Pune, Maharashtra ",Home And Kitchen|Bedsheet Set|1499,3
ORD-20261004-4799,04/10/2026 19:04,Tushar,pandya,"surat, gujarat",Electronics|Smart Watch|2499,1
ORD-20261004-1092,2026-10-04 09:46:12,null,TRIVEDI,"JAIPUR, RAJASTHAN",Home And Kitchen|Steel Water Bottle|399,4
ORD-20261004-3856,04/10/2026 17:58,Aryan,Mishra,"bengaluru, karnataka",Sports|Yoga Mat|699,3
ORD-20261004-3110,04/10/2026 08:27,Priya,KALAVADIA,"chennai, tamil nadu",Fashion|Cotton Kurta|799,
ORD-20261004-3271,04/10/2026 09:51,atharv,Trivedi,"KOLKATA, WEST BENGAL",Beauty|Lipstick|399,2
ORD-20261004-2129,04/10/2026 22:55,GAURAV,Arora,"AHMEDABAD, GUJARAT",Electronics|Laptop Stand|749, 1 
ORD-20261004-1521,04/10/2026 19:43,Manish,arora,"Chennai, Tamil Nadu",Electronics|Smart Watch|2499,1
ORD-20261004-4553,04-10-2026 21:17,arjun,Mukherjee,"  Surat, Gujarat ",Sports|Football|799,1
ORD-20261004-4779,2026-10-04 14:46:02,  Anika ,yadav,"kolkata, west bengal",Beauty|Face Wash|249,2
ORD-20261004-4304,04-10-2026 21:48,dev,  Parmar ,"  Ahmedabad, Gujarat ",Electronics|Smart Watch|2499,1
ORD-20261004-0742,04/10/2026 11:20,shreya,jain,"Lucknow, Uttar Pradesh",Fashion|Denim Jeans|1199,1
ORD-20261004-3501,2026-10-04 23:00:32,Vivaan,Shah,"HYDERABAD, TELANGANA",Electronics|Wireless Earbuds|1299,1
ORD-20261004-2075,04/10/2026 14:10,PARI,Kulkarni,"Jaipur, Rajasthan",Home And Kitchen|Steel Water Bottle|399,2
ORD-20261004-2919,04/10/2026 12:50,Nidhi,Kulkarni,"Surat, Gujarat",Home And Kitchen|Non Stick Pan|1099,1
ORD-20261004-3200,04/10/2026 12:53,Aadhya,DUBEY,"pune, maharashtra",Home And Kitchen|Non Stick Pan|1099,1.0
ORD-20261004-2714,04/10/2026 19:35,Bhavna,malhotra,"Lucknow, Uttar Pradesh",Sports|Skipping Rope|199,4
ORD-20261004-4624,04/10/2026 10:06,MANISH,nair,"Hyderabad, Telangana",Electronics|Smart Watch|2499,1
ORD-20261004-3962,04/10/2026 21:32,Nikhil,modi,"CHENNAI, TAMIL NADU",Fashion|Denim Jeans|1199,1
ORD-20261004-1712,2026-10-04 12:13:51,Dhruv,Pandya,"Mumbai, Maharashtra",Electronics|Wireless Earbuds|1299,1
ORD-20261004-3777,04/10/2026 21:38,Aadhya,  Parmar ,"SURAT, GUJARAT",Fashion|Cotton Kurta|799,3
ORD-20261004-1930,04/10/2026 14:17,Palak,KUMAR,"Bengaluru, Karnataka",Electronics|Power Bank|899,1
ORD-20261004-4260,04/10/2026 19:16,Ananya,  Saxena ,"Delhi, Delhi",Fashion|Running Shoes|2199,1
ORD-20261004-0113,04/10/2026 14:26,Isha,jain,"chennai, tamil nadu",Fashion|Cotton Kurta|799,1
ORD-20261004-4028,2026-10-04 20:06:53,Payal,nair,"Kolkata, West Bengal",Fashion|Cotton Kurta|799,1
ORD-20261004-1991,2026-10-04 21:21:20,Dev,reddy,"coimbatore, tamil nadu",Electronics|Bluetooth Speaker|1799,3
ORD-20261004-2355,04-10-2026 12:03,  Reyansh ,  Patil ,"nagpur, maharashtra",Electronics|Power Bank|899,2
ORD-20261004-0846,2026-10-04 09:56:12,parth,Nair,"PUNE, MAHARASHTRA",Sports|Dumbbell Set|1899,1
ORD-20261004-1622,04-10-2026 05:03,Sai,Saxena,"Bengaluru, Karnataka",Beauty|Face Wash|249,2.0
ORD-20261004-4321,04/10/2026 12:35,sai,SINHA,"chennai, tamil nadu",Home And Kitchen|Steel Water Bottle|399,1
ORD-20261004-0512,04/10/2026 17:56,Sara,Patel,"Mumbai, Maharashtra",Beauty|Sunscreen|449,3
ORD-20261004-4706,04/10/2026 10:30,Ishaan,Vyas,"Mumbai, Maharashtra",Fashion|Running Shoes|2199,
ORD-20261004-4172,2026-10-04 08:20:07,  Krishna ,Dubey,"Jaipur, Rajasthan",Electronics|Bluetooth Speaker|1799,1
ORD-20261004-4715,04/10/2026 22:35,sara,Bose,"Vadodara, Gujarat",Electronics|Wireless Earbuds|1299, 1 
ORD-20261004-2132,04/10/2026 12:57,Atharv,Bansal,"Surat, Gujarat",Fashion|Cotton Kurta|799, 1 
ORD-20261004-3951,2026-10-04 12:29:59,Priya,Pawar,"delhi, delhi",Fashion|Cotton Kurta|799,1
ORD-20261004-2474,04/10/2026 13:25,KHUSHI,TRIVEDI,"Hyderabad, Telangana",Beauty|Perfume|1299,1
ORD-20261004-0672,04/10/2026 18:13,  Harsh ,  Shah ,"Vadodara, Gujarat",Fashion|Sunglasses|999,1
ORD-20261004-4342,04-10-2026 19:59,,YADAV,"pune, maharashtra",Fashion|Denim Jeans|1199,1
ORD-20261004-3704,04/10/2026 14:14,deepak,Bhatt,"Surat, Gujarat",Sports|Cricket Bat|1599,1
ORD-20261004-0470,04/10/2026 19:43,yash,,"Surat, Gujarat",Home And Kitchen|Non Stick Pan|1099,2
ORD-20261004-0610,2026-10-04 14:20:08,Pari,SOLANKI,"hyderabad, telangana",Fashion|Denim Jeans|1199,1
ORD-20261004-4086,04/10/2026 19:32,  Kriti ,Pawar,"Kolkata, West Bengal",Sports|Yoga Mat|699, 4 
ORD-20261004-3582,2026-10-04 12:20:02,priya,Kulkarni,"  Mumbai, Maharashtra ",Home And Kitchen|Non Stick Pan|1099,1
ORD-20261004-2571,04/10/2026 01:25,gaurav,,"Delhi, Delhi",Beauty|Perfume|1299,5
ORD-20261004-2611,2026-10-04 19:25:03,Manish,TRIVEDI,"Chennai, Tamil Nadu",Electronics|Power Bank|899,-1
ORD-20261004-2377,2026-10-04 22:21:07,  Hetal ,  Malhotra ,"Surat, Gujarat",Beauty|Sunscreen|449,1
ORD-20261004-3301,04-10-2026 22:04,Neel,Menon,"  Delhi, Delhi ",Sports|Skipping Rope|199,1
ORD-20261004-0576,04/10/2026 22:30,Anika,Shah,"Pune, Maharashtra",Home And Kitchen|Bedsheet Set|1499,2
ORD-20261004-2522,04/10/2026 03:45,Janvi,,"Delhi, Delhi",Beauty|Hair Serum|549,1
ORD-20261004-1711,04/10/2026 02:00,ADVIK,vyas,"Bengaluru, Karnataka",Fashion|Running Shoes|2199,1
ORD-20261004-1845,2026-10-04 11:52:06,Vikas,PARMAR,"Bengaluru, Karnataka",Fashion|Running Shoes|2199,1
ORD-20261004-1474,04/10/2026 14:44,  Aditya ,  Sinha ,"Mumbai, Maharashtra",Sports|Skipping Rope|199,1
ORD-20261004-0929,04/10/2026 14:34,arjun,Modi,"Mumbai, Maharashtra",Beauty|Lipstick|399,2
ORD-20261004-0753,04/10/2026 19:51,Kriti,thakkar,"Jaipur, Rajasthan",Electronics|Power Bank|899,2
ORD-20261004-0682,04/10/2026 20:05,Pooja,PANDYA,"Hyderabad, Telangana",Fashion|Sunglasses|999,3
ORD-20261004-2001,2026-10-04 21:54:01,Mansi,Dubey,"  Vadodara, Gujarat ",Electronics|Smart Watch|2499,3
ORD-20261004-3768,2026-10-04 18:16:37,Aadhya,  Kulkarni ,"Mumbai, Maharashtra",Fashion|Leather Wallet|499,
,04/10/2026 16:32,hetal,PATIL,"Kolkata, West Bengal",Electronics|Smart Watch|2499,2
ORD-20261004-2883,2026-10-04 21:32:57,  Sara ,  Saxena ,"KOLKATA, WEST BENGAL",Fashion|Sunglasses|999,2
ORD-20261004-2624,2026-10-04 16:45:52,myra,desai,"Bengaluru, Karnataka",Home And Kitchen|Bedsheet Set|1499,1
ORD-20261004-0657,2026-10-04 17:13:37,Sneha,khanna,"Jaipur, Rajasthan",Sports|Dumbbell Set|1899,5
ORD-20261004-3654,2026-10-04 21:33:18,Kunal,SRIVASTAVA,"Kolkata, West Bengal",Fashion|Denim Jeans|1199,1
ORD-20261004-2957,2026-10-04 16:39:58,Swati,Desai,"BENGALURU, KARNATAKA",Electronics|Smart Watch|2499,2
ORD-20261004-1785,2026-10-04 17:15:25,KAVYA,trivedi,"Lucknow, Uttar Pradesh",Fashion|Leather Wallet|499,1
ORD-20261004-1797,2026-10-04 12:31:13,Vivaan,sinha,"Pune, Maharashtra",Home And Kitchen|Non Stick Pan|1099,1
ORD-20261004-1604,2026-10-04 13:00:09,Navya,Desai,"Delhi, Delhi",Fashion|Leather Wallet|499,1
ORD-20261004-0328,04/10/2026 14:20,krupa,Kumar,"Bengaluru, Karnataka",Fashion|Leather Wallet|499,1
ORD-20261004-0433,2026-10-04 14:47:19,vivaan,Chauhan,"Lucknow, Uttar Pradesh",Fashion|Running Shoes|2199,1
ORD-20261004-4297,2026-10-04 21:05:48,Navya,SHARMA,"Mumbai, Maharashtra",Fashion|Leather Wallet|499,1
ORD-20261004-0496,04/10/2026 20:16,Shaurya,kumar,"Surat, Gujarat",Fashion|Running Shoes|2199,3
ORD-20261004-4755,04-10-2026 20:32,  Janvi ,reddy,"BENGALURU, KARNATAKA",Home And Kitchen|Storage Box|299,2
ORD-20261004-3564,2026-10-04 18:17:35,Isha,Menon,"Hyderabad, Telangana",Beauty|Sunscreen|449,2
ORD-20261004-4802,04/10/2026 10:56,Pooja,kumar,"Delhi, Delhi",Sports|Skipping Rope|199,3
ORD-20261004-2337,04/10/2026 09:56,ROSHNI,Rao,"Mumbai, Maharashtra",Fashion|Denim Jeans|1199,4
ORD-20261004-1739,04/10/2026 17:30,PARI,Patel,"Vadodara, Gujarat",Beauty|Perfume|1299,1
ORD-20261004-2592,04/10/2026 22:28,Deepak,Shah,"Mumbai, Maharashtra",Sports|Football|799,2
ORD-20261004-2680,04/10/2026 23:05,shaurya,Desai,"Ahmedabad, Gujarat",Fashion|Cotton Kurta|799,1
ORD-20261004-1015,2026-10-04 13:57:24,dev,Iyer,"Delhi, Delhi",Beauty|Sunscreen|449,4.0
ORD-20261004-3606,2026-10-04 07:48:45,NAVYA,menon,"Ahmedabad, Gujarat",Home And Kitchen|Storage Box|299,3
ORD-20261004-4555,04/10/2026 11:25,Pooja,Mishra,"Bengaluru, Karnataka",Sports|Dumbbell Set|1899,2.0
ORD-20261004-2341,04-10-2026 18:24,Aryan,yadav,"delhi, delhi",Beauty|Hair Serum|549,1
ORD-20261004-3997,2026-10-04 12:55:26,  Atharv ,Ghosh,"Mumbai, Maharashtra",Fashion|Denim Jeans|1199,1
ORD-20261004-0661,2026-10-04 15:09:18,Isha,  Singh ,"Kolkata, West Bengal",Electronics|Laptop Stand|749,5
ORD-20261004-3214,2026-10-04 09:18:14,DHRUV,Gupta,"  Pune, Maharashtra ",Fashion|Leather Wallet|499,1
ORD-20261004-1066,04/10/2026 14:06,Anika,Shah,,Beauty|Sunscreen|449,3
ORD-20261004-1397,04-10-2026 20:36,  Ayaan ,SRIVASTAVA,"SURAT, GUJARAT",Sports|Skipping Rope|199,1
ORD-20261004-0047,04-10-2026 14:34,  Parth ,  Mehta ,"Ahmedabad, Gujarat",Beauty|Face Wash|249,5
ORD-20261004-3555,04/10/2026 23:25,Atharv,chaudhary,"Nagpur, Maharashtra",Sports|Skipping Rope|199,1
ORD-20261004-4453,04-10-2026 12:14,Tanvi,Pawar,"Hyderabad, Telangana",Electronics|Bluetooth Speaker|1799,1
ORD-20261004-4195,2026-10-04 21:27:31,,Joshi,"surat, gujarat",Sports|Football|799,2
ORD-20261004-1112,2026-10-04 19:36:20,Tanvi,tiwari,"Bengaluru, Karnataka",Electronics|Smart Watch|2499,3
ORD-20261004-1399,04/10/2026 18:21,Dhruv,Dubey,"Nagpur, Maharashtra",Electronics|Bluetooth Speaker|1799,5
ORD-20261004-0318,04/10/2026 10:10,Shreya,dubey,"  Ahmedabad, Gujarat ",,3
ORD-20261004-4590,04/10/2026 03:24,Rohan,gupta,"Pune, Maharashtra",Home And Kitchen|Non Stick Pan|1099,2
ORD-20261004-0578,04-10-2026 21:25,Varun,NAIR,"SURAT, GUJARAT",Home And Kitchen|Non Stick Pan|1099,3
ORD-20261004-2753,04/10/2026 08:24,Varun,Vyas,"  Lucknow, Uttar Pradesh ",Beauty|Lipstick|399,1
ORD-20261004-2622,04/10/2026 20:11,Kavya,Kapoor,"Surat, Gujarat",Fashion|Cotton Kurta|799,1.0
ORD-20261004-4434,2026-10-04 13:41:45,SHREYA,Chaudhary,"Kolkata, West Bengal",Fashion|Running Shoes|2199,2
ORD-20261004-1505,04-10-2026 18:25,Om,trivedi,"  Surat, Gujarat ",Sports|Football|799,1
ORD-20261004-4709,2026-10-04 21:06:40,gaurav,Arora,"Lucknow, Uttar Pradesh",Sports|Yoga Mat|699,5
ORD-20261004-2071,04-10-2026 12:48,  Nidhi ,BANSAL,"  Jaipur, Rajasthan ",Home And Kitchen|Non Stick Pan|1099,3
ORD-20261004-1274,04/10/2026 18:07,navya,RAO,"Mumbai, Maharashtra",Fashion|Denim Jeans|1199,1
ORD-20261004-0894,04/10/2026 04:42,nikhil,Patil,"Ahmedabad, Gujarat",Sports|Football|799,1
ORD-20261004-2298,04/10/2026 20:10,Manish,Tiwari,"  Mumbai, Maharashtra ",Sports|Skipping Rope|199,2.0
ORD-20261004-1041,2026-10-04 15:10:00,  Rudra ,JOSHI,"Vadodara, Gujarat",Fashion|Cotton Kurta|799,5
ORD-20261004-4014,04/10/2026 15:21,  Khushi ,Rathod,"Mumbai, Maharashtra",Sports|Yoga Mat|699,5
ORD-20261004-4478,04-10-2026 13:07,Mansi,MUKHERJEE,"  Ahmedabad, Gujarat ",Beauty|Perfume|1299,3
ORD-20261004-2034,2026-10-04 10:56:45,Kunal,Sharma,"mysuru, karnataka",Fashion|Sunglasses|999,1.0
ORD-20261004-1004,04-10-2026 09:15,Neha,Pawar,"MUMBAI, MAHARASHTRA",Fashion|Running Shoes|2199,1
ORD-20261004-0732,2026-10-04 09:07:37,Navya,RATHOD,"Chennai, Tamil Nadu",Sports|Skipping Rope|199,3
ORD-20261004-1404,04/10/2026 20:36,,modi,"Hyderabad, Telangana",Fashion|Sunglasses|999,1
ORD-20261004-4331,04/10/2026 16:33,Neel,sinha,"Ahmedabad, Gujarat",Fashion|Cotton Kurta|799,1
ORD-20261004-2091,2026-10-04 21:00:36,aditya,MODI,"Chennai, Tamil Nadu",Sports|Skipping Rope|199,4
ORD-20261004-3739,2026-10-04 21:11:22,Divya,  Rathod ,"Mumbai, Maharashtra",Sports|Skipping Rope|199,1
ORD-20261004-1431,2026-10-04 14:44:38,Isha,patel,"pune, maharashtra",Fashion|Denim Jeans|1199,1
ORD-20261004-3711,04/10/2026 15:46,Vihaan,Jain,"Mumbai, Maharashtra",Fashion|Sunglasses|999,1.0
ORD-20261004-0599,04-10-2026 10:07,ananya,Khanna,"Bengaluru, Karnataka",Fashion|Sunglasses|999,1
ORD-20261004-1835,04/10/2026 21:28,Anika,sharma,"Chennai, Tamil Nadu",Electronics|Bluetooth Speaker|1799,2
ORD-20261004-2281,04-10-2026 09:17,Aryan,Pawar,"Bengaluru, Karnataka",Fashion|Leather Wallet|499,3
ORD-20261004-0914,04/10/2026 22:02,PARTH,Saxena,"  Jaipur, Rajasthan ",Fashion|Running Shoes|2199,2
ORD-20261004-2533,04/10/2026 00:41,sai,Tiwari,"Kolkata, West Bengal",Beauty|Face Wash|249,4
ORD-20261004-3052,04/10/2026 22:01,Om,Chauhan,"Vadodara, Gujarat",Fashion|Running Shoes|2199,1
ORD-20261004-4414,04/10/2026 23:09,Riya,Rao,"BENGALURU, KARNATAKA",Fashion|Cotton Kurta|799,5
ORD-20261004-0184,04-10-2026 10:10,Parth,Kapoor,"nagpur, maharashtra",Fashion|Cotton Kurta|799,2
ORD-20261004-0840,2026-10-04 20:41:03,pari,Kulkarni,"Jaipur, Rajasthan",Beauty|Perfume|1299,1
ORD-20261004-0830,2026-10-04 21:08:45,Aditi,Singh,"Delhi, Delhi",Fashion|Denim Jeans|1199,5
ORD-20261004-0368,04-10-2026 12:29,megha,Thakkar,"mumbai, maharashtra",Home And Kitchen|Steel Water Bottle|399,1
ORD-20261004-0120,2026-10-04 14:26:00,Diya,Singh,"Delhi, Delhi",Sports|Dumbbell Set|1899,1
ORD-20261004-0519,04/10/2026 21:47,Tanvi,Srivastava,"bengaluru, karnataka",Electronics|Laptop Stand|749,3
ORD-20261004-1182,04-10-2026 14:21,SARA,Mishra,"Kolkata, West Bengal",Sports|Dumbbell Set|1899,2
ORD-20261004-1784,04/10/2026 05:16,Shaurya,Kalavadia,"MUMBAI, MAHARASHTRA",Electronics|Power Bank|899,3
ORD-20261004-2370,04-10-2026 11:44,Saanvi,Singh,"Lucknow, Uttar Pradesh",Sports|Yoga Mat|699,1
ORD-20261004-2955,2026-10-04 22:05:13,dhruv,Parmar,"  Delhi, Delhi ",Sports|Skipping Rope|199,4
ORD-20261004-3647,2026-10-04 12:30:22,Amit,Iyer,"  Surat, Gujarat ",Fashion|Denim Jeans|1199,0
ORD-20261004-2024,2026-10-04 16:16:56,Divya,vyas,"Bengaluru, Karnataka",Home And Kitchen|Wall Clock|649,1
ORD-20261004-2120,2026-10-04 20:01:31,krishna,tiwari,"Coimbatore, Tamil Nadu",Fashion|Denim Jeans|1199,-1
ORD-20261004-0760,2026-10-04 06:40:55,sara,Pawar,"NAGPUR, MAHARASHTRA",Fashion|Leather Wallet|499,1
ORD-20261004-3471,04/10/2026 02:57,  Gaurav ,Iyer,"Mumbai, Maharashtra",Electronics|Bluetooth Speaker|1799,2
ORD-20261004-2078,04/10/2026 17:35,Isha,Jain,"Mumbai, Maharashtra",Fashion|Cotton Kurta|799,1
ORD-20261004-2638,2026-10-04 19:23:27,  Navya ,Sinha,"delhi, delhi",Fashion|Sunglasses|999,1
ORD-20261004-2288,2026-10-04 23:28:06,Komal,  Patil ,"Ahmedabad, Gujarat",Home And Kitchen|Storage Box|299,1
ORD-20261004-2012,2026-10-04 20:46:42,Shaurya,Nair,"hyderabad, telangana",Home And Kitchen|Non Stick Pan|1099,3
ORD-20261004-3274,04-10-2026 12:32,ANJALI,Yadav,"  Hyderabad, Telangana ",Electronics|Power Bank|899,2
ORD-20261004-4270,04/10/2026 19:18,JAY,SINHA,"  Nagpur, Maharashtra ",Fashion|Denim Jeans|1199,2
ORD-20261004-2351,N/A,mansi,Kulkarni,"Hyderabad, Telangana",Electronics|Power Bank|899,3
ORD-20261004-1699,04/10/2026 22:53,yash,Patil,"Hyderabad, Telangana",Electronics|Bluetooth Speaker|1799,1
ORD-20261004-3796,2026-10-04 09:14:27,Dev,Reddy,"Coimbatore, Tamil Nadu",Home And Kitchen|Steel Water Bottle|399,1
ORD-20261004-4518,04/10/2026 21:26,bhavna,Arora,"vadodara, gujarat",Fashion|Running Shoes|2199,1
ORD-20261004-3816,2026-10-04 12:10:35,Vikas,  Agarwal ,"Vadodara, Gujarat",Sports|Football|799,1
ORD-20261004-2528,04/10/2026 22:40,Rudra,PAWAR,"Delhi, Delhi",Home And Kitchen|Wall Clock|649,2
ORD-20261004-3325,2026-10-04 18:28:01,Parth,iyer,"mumbai, maharashtra",Sports|Yoga Mat|699,1
ORD-20261004-3141,04/10/2026 21:17,PRANAV,  Pandya ,"Pune, Maharashtra",Electronics|Bluetooth Speaker|1799,1
ORD-20261004-2837,04/10/2026 14:54,rudra,KAPOOR,"Bengaluru, Karnataka",Beauty|Hair Serum|549,1
ORD-20261004-4395,04/10/2026 18:58,ADITI,dubey,"  Hyderabad, Telangana ",Electronics|Smart Watch|2499,1
ORD-20261004-2734,04/10/2026 06:13,Shreya,kulkarni,"Delhi, Delhi",Home And Kitchen|Storage Box|299,2
ORD-20261004-2514,04-10-2026 11:48,Shaurya,Bose,"Bengaluru, Karnataka",Fashion|Leather Wallet|499,1
ORD-20261004-0539,04/10/2026 23:19,Tanvi,MISHRA,"Jaipur, Rajasthan",Fashion|Leather Wallet|499,1
ORD-20261004-3150,2026-10-04 12:37:15,Jay,Arora,"Pune, Maharashtra",Fashion|Leather Wallet|499,1
ORD-20261004-0850,04-10-2026 16:55,Krupa,Sharma,"vadodara, gujarat",Sports|Yoga Mat|699,2.0
ORD-20261004-2282,2026-10-04 10:46:52,Myra,Mehta,,Sports|Yoga Mat|699,1
ORD-20261004-3681,04/10/2026 20:20,Megha,Menon,"Chennai, Tamil Nadu",Beauty|Lipstick|399,5
ORD-20261004-0068,2026-10-04 12:28:11,Anjali,kumar,"MUMBAI, MAHARASHTRA",Fashion|Sunglasses|999,1
ORD-20261004-0406,04/10/2026 21:20,Aditya,  Khanna ,"Mumbai, Maharashtra",Beauty|Perfume|1299,5
ORD-20261004-2175,2026-10-04 13:29:07,MANSI,Shah,"kolkata, west bengal",Fashion|Cotton Kurta|799,1
ORD-20261004-1054,04/10/2026 18:03,Dhwani,Mishra,"Kolkata, West Bengal",Fashion|Sunglasses|999,1
ORD-20261004-0644,04/10/2026 07:12,amit,  Mukherjee ,"Surat, Gujarat",Electronics|Bluetooth Speaker|1799,1.0
ORD-20261004-4680,,Nidhi,patil,"Ahmedabad, Gujarat",Sports|Football|799,1
ORD-20261004-2942,04/10/2026 12:05,YASH,Pandya,"Jaipur, Rajasthan",Home And Kitchen|Steel Water Bottle|399,-2
ORD-20261004-3236,2026-10-04 17:06:42,Megha,  Bose ,"Delhi, Delhi",Home And Kitchen|Steel Water Bottle|399,1
ORD-20261004-0807,2026-10-04 11:06:50,VIKAS,THAKKAR,"  Mumbai, Maharashtra ",Electronics|Smart Watch|2499,3
ORD-20261004-4481,2026-10-04 18:45:25,Reyansh,CHAUHAN,"MUMBAI, MAHARASHTRA",Sports|Yoga Mat|699,5
ORD-20261004-1855,2026-10-04 11:28:17,Dhruv,Menon,"Mumbai, Maharashtra",Electronics|Laptop Stand|749,2
ORD-20261004-1625,2026-10-04 13:49:32,Mansi,  Bose ,"Kolkata, West Bengal",Sports|Cricket Bat|1599,1
ORD-20261004-2243,04/10/2026 10:08,nisha,bose,"Hyderabad, Telangana",Fashion|Running Shoes|2199,1
ORD-20261004-3368,2026-10-04 16:56:39,Reyansh,bose,"Pune, Maharashtra",Home And Kitchen|Storage Box|299,1
ORD-20261004-2149,04/10/2026 12:20,Neel,GHOSH,"Nagpur, Maharashtra",Electronics|Power Bank|899,1
ORD-20261004-3675,2026-10-04 13:31:36,Shaurya,  Desai ,"Lucknow, Uttar Pradesh",Fashion|Running Shoes|2199,2.0
ORD-20261004-1530,2026-10-04 15:17:50,Komal,Reddy,"delhi, delhi",Beauty|Sunscreen|449,3
ORD-20261004-0685,04/10/2026 18:17,Arjun,pillai,"Chennai, Tamil Nadu",Sports|Skipping Rope|199,1
ORD-20261004-0896,04/10/2026 21:35,ISHAAN,JAIN,"Surat, Gujarat",Beauty|Sunscreen|449,3
ORD-20261004-0076,04-10-2026 13:24,  Harsh ,Mishra,"  Hyderabad, Telangana ",Electronics|Power Bank|899,1
ORD-20261004-2357,2026-10-04 11:42:12,Khushi,iyer,"Jaipur, Rajasthan",Home And Kitchen|Bedsheet Set|1499,2
ORD-20261004-1498,2026-10-04 20:21:22,Om,Agarwal,"Surat, Gujarat",Beauty|Sunscreen|449,2.0
ORD-20261004-1090,04-10-2026 20:40,Diya,Ghosh,"bengaluru, karnataka",Fashion|Cotton Kurta|799,2
ORD-20261004-1218,2026-10-04 15:22:23,neel,Chaudhary,"Lucknow, Uttar Pradesh",Electronics|Smart Watch|2499,1
ORD-20261004-0947,2026-10-04 18:25:45,komal,Joshi,"  Coimbatore, Tamil Nadu ",Beauty|Perfume|1299,3
ORD-20261004-1932,04/10/2026 20:36,sneha,,"MUMBAI, MAHARASHTRA",Beauty|Face Wash|249,1
ORD-20261004-4327,04/10/2026 17:40,Vihaan,Parmar,"  Chennai, Tamil Nadu ",Sports|Football|799,5.0
ORD-20261004-3769,2026-10-04 15:31:53,Aarav,Modi,"bengaluru, karnataka",Beauty|Lipstick|399,1
ORD-20261004-3917,2026-10-04 21:31:11,Janvi,,"lucknow, uttar pradesh",Fashion|Sunglasses|999,4
ORD-20261004-2308,04/10/2026 14:40,Aditi,PATIL,"MUMBAI, MAHARASHTRA",Sports|Dumbbell Set|1899,2
ORD-20261004-1808,04/10/2026 18:28,priya,Solanki,"Jaipur, Rajasthan",Electronics|Bluetooth Speaker|1799,1
ORD-20261004-0438,04/10/2026 22:51,hetal,  Kapoor ,"BENGALURU, KARNATAKA",Home And Kitchen|Wall Clock|649,2
ORD-20261004-1040,2026-10-04 23:09:50,Payal,Das,"  Delhi, Delhi ",Home And Kitchen|Wall Clock|649,5
ORD-20261004-1893,04/10/2026 17:19,BHAVNA,PAWAR,"Hyderabad, Telangana",Fashion|Cotton Kurta|799,1
ORD-20261004-4174,04/10/2026 09:14,Isha,Bansal,"CHENNAI, TAMIL NADU",Fashion|Sunglasses|999,1
ORD-20261004-1527,2026-10-04 23:59:14,SWATI,Shah,"Nagpur, Maharashtra",Fashion|Running Shoes|2199,2
ORD-20261004-3120,04/10/2026 03:52,amit,  Nair ,"  Chennai, Tamil Nadu ",Electronics|Laptop Stand|749,3
ORD-20261004-3778,04/10/2025 16:47,Aarav,  Trivedi ,"Nagpur, Maharashtra",Beauty|Perfume|1299,4
ORD-20261004-0588,2026-10-04 18:11:23,Payal,,"Surat, Gujarat",Fashion|Running Shoes|2199,1
ORD-20261004-1880,04-10-2026 20:38,Neha,rao,"Bengaluru, Karnataka",Electronics|Smart Watch|2499,4.0
ORD-20261004-1825,2026-10-04 08:56:56,Vikas,MENON,"Bengaluru, Karnataka",Fashion|Sunglasses|999,2
ORD-20261004-0726,04/10/2026 14:16,Sneha,,"Delhi, Delhi",Sports|Skipping Rope|199,1
ORD-20261004-3759,04/10/2026 20:34,Tanvi,TIWARI,"Hyderabad, Telangana",Home And Kitchen|Bedsheet Set|1499,2
ORD-20261004-3492,04/10/2026 23:04,mihir,Pillai,"Pune, Maharashtra",Home And Kitchen|Wall Clock|649,1
ORD-20261004-1280,2026-10-04 02:42:07,Mansi,PAWAR,"  Pune, Maharashtra ",Beauty|Hair Serum|549,1
ORD-20261004-1593,2026-10-04 10:31:45,,Kulkarni,"bengaluru, karnataka",Electronics|Smart Watch|2499,1
ORD-20261004-3879,04/10/2026 22:14,Pranav,  Mehta ,"BENGALURU, KARNATAKA",Electronics|Wireless Earbuds|1299,2
ORD-20261004-1162,2026-10-04 14:53:11,Palak,SINGH,"Ahmedabad, Gujarat",Fashion|Sunglasses|999,3
ORD-20261004-1971,04-10-2026 17:07,Nidhi,Malhotra,"hyderabad, telangana",Fashion|Sunglasses|999,5
ORD-20261004-1459,04/10/2026 13:29,ayaan,Gupta,"Mumbai, Maharashtra",Electronics|Laptop Stand|749,1
ORD-20261004-1919,04/10/2062 09:01,Vikas,Patil,"  Mumbai, Maharashtra ",Fashion|Cotton Kurta|799,
ORD-20261004-2509,2026-10-04 13:50:05,kavya,agarwal,"ahmedabad, gujarat",Electronics|Wireless Earbuds|1299,1
ORD-20261004-4729,2026-10-04 10:04:47,advik,trivedi,"Hyderabad, Telangana",Home And Kitchen|Bedsheet Set|1499,3
ORD-20261004-4294,,riya,Sinha,"Jaipur, Rajasthan",Home And Kitchen|Storage Box|299,6
ORD-20261004-2851,2026-10-04 13:59:37,Aarav,saxena,"Lucknow, Uttar Pradesh",Home And Kitchen|Steel Water Bottle|399,1
ORD-20261004-2840,2026-10-04 23:25:19,Yash,  Kalavadia ,"MUMBAI, MAHARASHTRA",Beauty|Face Wash|249,3
ORD-20261004-0273,04/10/2026 23:18,Janvi,RATHOD,"Lucknow, Uttar Pradesh",Electronics|Smart Watch|2499,4
ORD-20261004-1062,04/10/2026 12:34,  Karan ,Gupta,"Bengaluru, Karnataka",Home And Kitchen|Steel Water Bottle|399,1
ORD-20261004-0027,04/10/2026 20:35,Vihaan,Jain,"Mumbai, Maharashtra",Electronics|Smart Watch|2499,2
ORD-20261004-3712,2026-10-04 22:02:44,Krupa,Kulkarni,"delhi, delhi",Fashion|Denim Jeans|1199,1
ORD-20261004-1264,04/10/2026 05:45,Priya,Mehta,"Delhi, Delhi",Sports|Skipping Rope|199,2
ORD-20261004-0950,,NIKHIL,  Gupta ,"Pune, Maharashtra",Fashion|Cotton Kurta|799,1
ORD-20261004-0162,04/10/2026 14:06,SHAURYA,Kumar,"Ahmedabad, Gujarat",Fashion|Sunglasses|999,1
ORD-20261004-0884,2026-10-04 19:43:35,Atharv,  Modi ,"Mysuru, Karnataka",Fashion|Sunglasses|999,1
ORD-20261004-3954,04/10/2026 15:12,aarav,Sinha,"Bengaluru, Karnataka",Home And Kitchen|Wall Clock|649,
ORD-20261004-4571,04/10/2026 20:51,Atharv,Verma,"Ahmedabad, Gujarat",Beauty|Perfume|1299,1
ORD-20261004-4308,04/10/2026 09:07,Anjali,kapoor,"Pune, Maharashtra",Fashion|Denim Jeans|1199,2
ORD-20261004-1655,04/10/2026 15:20,Navya,Pandya,"MUMBAI, MAHARASHTRA",Electronics|Power Bank|899,1
ORD-20261004-2729,2026-10-04 16:16:56,PRANAV,rao,"Kolkata, West Bengal",Home And Kitchen|Bedsheet Set|1499,1
ORD-20261004-2145,04/10/2026 22:43,isha,Chaudhary,"Ahmedabad, Gujarat",Fashion|Running Shoes|2199,2
ORD-20261004-3987,2026-10-04 14:00:48,  Aryan ,  Pawar ,"Nagpur, Maharashtra",Beauty|Face Wash|249,1
ORD-20261004-3615,2026-10-04 11:08:55,Krupa,DESAI,"Surat, Gujarat",Sports|Skipping Rope|199,1
ORD-20261004-0354,04/10/2026 17:57,nikhil,BHATT,"Coimbatore, Tamil Nadu",Sports|Cricket Bat|1599,1
ORD-20261004-4002,04/10/2026 12:41,NIKHIL,PANDYA,"Delhi, Delhi",Fashion|Denim Jeans|1199,1
ORD-20261004-3560,04/10/2026 10:53,PRIYA,Sinha,"Nagpur, Maharashtra",Electronics|Wireless Earbuds|1299,1
ORD-20261004-3940,04/10/2026 14:41,Roshni,iyer,"bengaluru, karnataka",Beauty|Perfume|1299, 1 
ORD-20261004-2762,2026-10-04 09:46:18,Neha,CHOPRA,"Chennai, Tamil Nadu",Beauty|Perfume|1299,1
ORD-20261004-3512,04/10/2026 07:54,harsh,pawar,"Hyderabad, Telangana",Electronics|Wireless Earbuds|1299,1
ORD-20261004-1437,04-10-2026 17:48,Nidhi,Patel,"  Bengaluru, Karnataka ",Sports|Skipping Rope|199,2.0
ORD-20261004-2037,04-10-2026 19:09,Rohan,Arora,"  Surat, Gujarat ",Fashion|Running Shoes|2199,1
ORD-20261004-4629,04/10/2026 21:22,Saanvi,Chaudhary,"Bengaluru, Karnataka",Home And Kitchen|Non Stick Pan|1099,2
ORD-20261004-3811,04-10-2026 06:09,Ayaan,Thakkar,"mumbai, maharashtra",Sports|Skipping Rope|199,1
ORD-20261004-3862,2026-10-04 14:29:30,rudra,Pawar,"AHMEDABAD, GUJARAT",Home And Kitchen|Non Stick Pan|1099,1
ORD-20261004-4157,04-10-2026 10:57,Shreya,KALAVADIA,"SURAT, GUJARAT",Fashion|Cotton Kurta|799,2
ORD-20261004-1723,04/10/2026 14:59,Sai,  Nair ,"Mumbai, Maharashtra",Fashion|Leather Wallet|499,1
ORD-20261004-4753,2026-10-04 13:33:47,Varun,Tiwari,"Mysuru, Karnataka",Sports|Skipping Rope|199,-1
ORD-20261004-0848,04/10/2026 12:50,kabir,Kulkarni,"Ahmedabad, Gujarat",Beauty|Face Wash|249,2
ORD-20261004-4503,,megha,YADAV,"Kolkata, West Bengal",Home And Kitchen|Storage Box|299,1
ORD-20261004-3253,04/10/2026 18:38,SURESH,  Iyer ,"Delhi, Delhi",Electronics|Smart Watch|2499,-1
ORD-20261004-4683,04/10/2026 10:33,BHAVNA,tiwari,"Coimbatore, Tamil Nadu",Home And Kitchen|Wall Clock|649,2
ORD-20261004-1450,04/10/2026 20:00,Rohan,Solanki,"Pune, Maharashtra",Home And Kitchen|Wall Clock|649,1
ORD-20261004-0855,04/10/2026 11:35,Vihaan,saxena,"Hyderabad, Telangana",Electronics|Smart Watch|2499,1
ORD-20261004-3587,04-10-2026 18:44,  Mihir ,Chopra,"Kolkata, West Bengal",Sports|Cricket Bat|1599,4
ORD-20261004-0158,04-10-2026 19:59,Vihaan,Jain,"Mumbai, Maharashtra",Sports|Yoga Mat|699,1
ORD-20261004-4718,2026-10-04 17:50:12,ananya,Menon,"  Pune, Maharashtra ",Sports|Dumbbell Set|1899,3
ORD-20261004-4500,2026-10-04 10:00:17,Palak,patel,"Surat, Gujarat",,2
ORD-20261004-4221,04/10/2026 19:43,Rajesh,SAXENA,"Ahmedabad, Gujarat",Electronics|Laptop Stand|749,1.0
ORD-20261004-2285,04/10/2026 08:34,  Janvi ,Patel,"delhi, delhi",Fashion|Cotton Kurta|799,1
ORD-20261004-2221,04/10/2026 16:29,Isha,Chauhan,"Delhi, Delhi",Home And Kitchen|Bedsheet Set|1499, 4 
ORD-20261004-2409,04-10-2026 13:59,Janvi,Mukherjee,"Jaipur, Rajasthan",Fashion|Cotton Kurta|799,2
ORD-20261004-1584,04/10/2026 18:11,anika,Dubey,"Pune, Maharashtra",Beauty|Face Wash|249,1
ORD-20261004-2270,2026-10-04 15:01:44,Om,Chauhan,"Pune, Maharashtra",Electronics|Wireless Earbuds|1299,2
ORD-20261004-2913,2026-10-04 18:50:40,Ishaan,  Verma ,"DELHI, DELHI",Fashion|Leather Wallet|499,2
ORD-20261004-1001,2026-10-04 22:15:02,JANVI,  Pawar ,"Nagpur, Maharashtra",Fashion|Running Shoes|2199,2
ORD-20261004-3262,04/10/2026 18:34,Deepak,Vyas,"Coimbatore, Tamil Nadu",Electronics|Laptop Stand|749,2
ORD-20261004-1094,04/10/2026 18:09,Dhruv,rao,"Pune, Maharashtra",Sports|Skipping Rope|199,3
ORD-20261004-0564,2026-10-04 14:30:24,Ananya,  Kumar ,"Bengaluru, Karnataka",Sports|Cricket Bat|1599,1
ORD-20261004-2295,04/10/2026 00:15,parth,nair,"Pune, Maharashtra",Fashion|Sunglasses|999,2
ORD-20261004-2648,2026-10-04 11:50:41,Krupa,  Joshi ,"Delhi, Delhi",Fashion|Denim Jeans|1199,1
ORD-20261004-2339,04/10/2026 16:36,  Kavya ,Modi,"Vadodara, Gujarat",Fashion|Leather Wallet|499,1
ORD-20261004-2309,04/10/2026 18:08,nisha,Vyas,"pune, maharashtra",Fashion|Leather Wallet|499,1
ORD-20261004-0394,04-10-2026 07:59,TANVI,  Tiwari ,"Pune, Maharashtra",Sports|Skipping Rope|199,1
ORD-20261004-0045,04/10/2026 14:44,Ayaan,Agarwal,"Mumbai, Maharashtra",Fashion|Running Shoes|2199, 1 
ORD-20261004-1360,04-10-2026 10:11,RAJESH,Verma,"kolkata, west bengal",Sports|Skipping Rope|199,
ORD-20261004-3440,2026-10-04 16:23:34,,Thakkar,"mumbai, maharashtra",Electronics|Bluetooth Speaker|1799,2
ORD-20261004-4374,04/10/2026 14:39,Aditya,Khanna,"Mumbai, Maharashtra",Home And Kitchen|Non Stick Pan|1099,3
ORD-20261004-4498,04/10/2026 02:47,  Dev ,  Menon ,"Kolkata, West Bengal",Fashion|Leather Wallet|499,1
ORD-20261004-4333,04-10-2026 16:43,Priya,Srivastava,"Chennai, Tamil Nadu",Sports|Cricket Bat|1599,1
ORD-20261004-3431,04/10/2026 03:42,atharv,bhatt,"Chennai, Tamil Nadu",Fashion|Denim Jeans|1199,1
ORD-20261004-4676,2026-10-04 08:06:19,  Pooja ,Mukherjee,"bengaluru, karnataka",Home And Kitchen|Steel Water Bottle|399,3
ORD-20261004-0074,2026-10-04 15:35:37,Neel,Kalavadia,"chennai, tamil nadu",Electronics|Power Bank|899,1.0
ORD-20261004-3313,04-10-2026 13:40,Ritu,Singh,"Chennai, Tamil Nadu",Fashion|Denim Jeans|1199,4
ORD-20261004-3991,04/10/2026 12:30,MEGHA,Srivastava,"delhi, delhi",Electronics|Bluetooth Speaker|1799,2
ORD-20261004-2538,04-10-2026 01:02,Pranav,Menon,"JAIPUR, RAJASTHAN",Fashion|Running Shoes|2199,1
ORD-20261004-4632,2026-10-04 22:46:50,priya,  Ghosh ,"DELHI, DELHI",Home And Kitchen|Bedsheet Set|1499,4
ORD-20261004-4529,04/10/2026 19:47,Shaurya,ghosh,"  Delhi, Delhi ",Electronics|Smart Watch|2499,2
ORD-20261004-1362,04/10/2026 07:16,HETAL,Mukherjee,"hyderabad, telangana",Fashion|Denim Jeans|1199,1
ORD-20261004-1297,2026-10-04 17:08:01,  Vivaan ,Desai,"Chennai, Tamil Nadu",Beauty|Hair Serum|549,3
ORD-20261004-3107,2026-10-04 21:06:57,karan,Khanna,"Pune, Maharashtra",Electronics|Power Bank|899,5
ORD-20261004-3467,04/10/2026 12:25,Neel,  Agarwal ,"Lucknow, Uttar Pradesh",Home And Kitchen|Wall Clock|649,1
ORD-20261004-1283,04/10/2026 14:28,Mansi,  Thakkar ,"chennai, tamil nadu",Electronics|Smart Watch|2499,1
ORD-20261004-0233,04/10/2026 21:34,Nikhil,,"  Ahmedabad, Gujarat ",Electronics|Power Bank|899,-1
ORD-20261004-2053,04-10-2026 13:16,Isha,Mishra,"lucknow, uttar pradesh",Fashion|Running Shoes|2199,1
ORD-20261004-3920,2026-10-04 06:36:14,Ananya,Ghosh,"Mysuru, Karnataka",Electronics|Power Bank|899,1
ORD-20261004-4790,2026-10-04 11:09:39,Rahul,Kumar,"Ahmedabad, Gujarat",Beauty|Perfume|1299,1
ORD-20261004-2413,2026-10-04 19:24:55,  Pooja ,Pawar,"bengaluru, karnataka",Home And Kitchen|Bedsheet Set|1499,1
ORD-20261004-0676,04/10/2026 21:12,rahul,  Ghosh ,"pune, maharashtra",Home And Kitchen|Wall Clock|649,2
ORD-20261004-2823,04/10/2026 19:31,AYAAN,kapoor,"Mumbai, Maharashtra",Electronics|Wireless Earbuds|1299,1
ORD-20261004-1295,2026-10-04 12:20:47,saanvi,,"HYDERABAD, TELANGANA",Fashion|Running Shoes|2199, 3 
ORD-20261004-2405,04/10/2026 02:50,  Kriti ,Rao,"bengaluru, karnataka",Sports|Skipping Rope|199,3
ORD-20261004-1745,2026-10-04 22:28:19,Simran,Patel,"Delhi, Delhi",Fashion|Cotton Kurta|799,2
ORD-20261004-3544,04/10/2026 21:03,Divya,Thakkar,"mysuru, karnataka",Sports|Yoga Mat|699,2
ORD-20261004-3649,04-10-2026 09:54,atharv,Joshi,"Ahmedabad, Gujarat",Electronics|Wireless Earbuds|1299,1
ORD-20261004-1415,N/A,Riya,Patil,"Bengaluru, Karnataka",Beauty|Face Wash|249,1
ORD-20261004-3691,2026-10-04 16:19:10,Deepak,Kumar,"  Chennai, Tamil Nadu ",Sports|Skipping Rope|199,2
ORD-20261004-0781,2026-10-04 17:14:00,Anika,  Reddy ,"Delhi, Delhi",Sports|Skipping Rope|199,2
ORD-20261004-2543,04-10-2026 11:36,Shreya,trivedi,"Jaipur, Rajasthan",Electronics|Smart Watch|2499,2
ORD-20261004-2914,04/10/2026 20:48,Komal,khanna,"Mumbai, Maharashtra",Home And Kitchen|Bedsheet Set|1499,2
ORD-20261004-2102,04/10/2026 11:56,nidhi,Arora,"hyderabad, telangana",Electronics|Laptop Stand|749,2
ORD-20261004-4748,04/10/2026 11:23,Manish,rao,"Coimbatore, Tamil Nadu",Sports|Football|799,1
ORD-20261004-3807,2026-10-04 16:39:34,Neel,SOLANKI,"Lucknow, Uttar Pradesh",Home And Kitchen|Storage Box|299,1
ORD-20261004-4117,04/10/2026 18:07,Anjali,parmar,"Kolkata, West Bengal",Fashion|Denim Jeans|1199,2
ORD-20261004-3883,,,Srivastava,"Mumbai, Maharashtra",Fashion|Sunglasses|999,2
ORD-20261004-1932,04/10/2026 20:36,sneha,,"MUMBAI, MAHARASHTRA",Beauty|Face Wash|249,1
ORD-20261004-2174,04/10/2026 12:13,  Rohan ,GUPTA,"Pune, Maharashtra",Sports|Cricket Bat|1599,three
ORD-20261004-0088,04/10/2026 09:04,Parth,Nair,"Pune, Maharashtra",Home And Kitchen|Steel Water Bottle|399,2
ORD-20261004-0242,2026-10-04 10:00:04,Yash,Patil,"hyderabad, telangana",Home And Kitchen|Bedsheet Set|1499,1
ORD-20261004-3428,04/10/2026 11:10,Nikhil,joshi,"Pune, Maharashtra",Electronics|Smart Watch|2499,5
ORD-20261004-1049,2026-10-04 07:48:51,Krupa,Sharma,"vadodara, gujarat",Fashion|Running Shoes|2199,2
ORD-20261004-0700,2026-10-04 13:30:58,DIVYA,SINGH,"pune, maharashtra",Sports|Football|799,2
ORD-20261004-2231,04/10/2026 13:52,KRUPA,saxena,"COIMBATORE, TAMIL NADU",Fashion|Denim Jeans|1199,2
ORD-20261004-2133,04/10/2026 14:39,  Diya ,  Iyer ,N/A,Home And Kitchen|Bedsheet Set|1499,4
ORD-20261004-4125,04/10/2026 18:44,Pranav,Verma,"bengaluru, karnataka",Beauty|Face Wash|249,1.0
ORD-20261004-3694,04/10/2026 09:02,saanvi,Kumar,"Ahmedabad, Gujarat",Electronics|Laptop Stand|749,2
ORD-20261004-0082,2026-10-04 15:03:31,  Jay ,Das,"Surat, Gujarat",Sports|Football|799,4
ORD-20261004-3317,2026-10-04 16:20:56,Anika,Reddy,"bengaluru, karnataka",Fashion|Leather Wallet|499,1
ORD-20261004-3673,04/10/2026 14:45,Dhwani,SOLANKI,"Bengaluru, Karnataka",Fashion|Sunglasses|999,1
ORD-20261004-1612,04/10/2026 13:43,,Bansal,"Pune, Maharashtra",Fashion|Leather Wallet|499,1
ORD-20261004-2521,2026-10-04 12:52:12,parth,agarwal,"Vadodara, Gujarat",Sports|Skipping Rope|199,2
ORD-20261004-4056,2026-10-04 08:09:37,Nidhi,  Nair ,"Bengaluru, Karnataka",Sports|Dumbbell Set|1899,4
ORD-20261004-3066,04-10-2026 15:28,Roshni,MODI,"  Pune, Maharashtra ",Electronics|Wireless Earbuds|1299,1
ORD-20261004-0094,2026-10-04 21:31:16,Atharv,  Trivedi ,"Jaipur, Rajasthan",Electronics|Bluetooth Speaker|1799,1
ORD-20261004-0763,2026-10-04 20:52:43,Harsh,Kapoor,"Bengaluru, Karnataka",Electronics|Laptop Stand|749,
ORD-20261004-1846,2026-10-04 11:58:32,Yash,Bhatt,"ahmedabad, gujarat",Beauty|Perfume|1299,4
ORD-20261004-2512,04/10/2026 19:54,Bhavna,Yadav,"surat, gujarat",Beauty|Perfume|1299,1
ORD-20261004-2046,2026-10-04 08:51:50,Janvi,das,"Nagpur, Maharashtra",Electronics|Laptop Stand|749,2.0
ORD-20261004-0255,04/10/2026 17:01,Aanya,  Menon ,"Pune, Maharashtra",Fashion|Leather Wallet|499,1
ORD-20261004-1728,2026-10-04 11:47:30,hetal,Shah,"  Jaipur, Rajasthan ",Electronics|Power Bank|899,1
ORD-20261004-0858,2026-10-04 22:19:26,Khushi,pandya,"Kolkata, West Bengal",Beauty|Perfume|1299,6
ORD-20261004-4240,2026-10-04 13:28:40,NIDHI,Thakkar,"Vadodara, Gujarat",Electronics|Smart Watch|2499,1
ORD-20261004-4324,2026-10-04 19:40:55,Advik,Nair,"Bengaluru, Karnataka",Fashion|Denim Jeans|1199,2
ORD-20261004-3300,04/10/2026 12:30,Mansi,Nair,"Delhi, Delhi",Home And Kitchen|Steel Water Bottle|399,1
ORD-20261004-1349,04/10/2026 18:37,Kriti,Menon,"  Vadodara, Gujarat ",Fashion|Cotton Kurta|799,5.0
ORD-20261004-0466,04/10/2026 16:24,isha,,"ahmedabad, gujarat",Fashion|Leather Wallet|499,3
ORD-20261004-1269,04/10/2026 21:46,Palak,KUMAR,"kolkata, west bengal",Electronics|Bluetooth Speaker|1799, 3 
ORD-20261004-1696,04/10/2026 17:54,Swati,  Chauhan ,"bengaluru, karnataka",Electronics|Laptop Stand|749, 1 
ORD-20261004-1245,04/10/2026 10:37,  Om ,Bhatt,"  Surat, Gujarat ",Fashion|Sunglasses|999,2
ORD-20261004-3285,N/A,tushar,Reddy,"Mysuru, Karnataka",Fashion|Leather Wallet|499,1
ORD-20261004-4237,04-10-2026 19:11,Parth,  Chaudhary ,"Kolkata, West Bengal",Electronics|Bluetooth Speaker|1799,1
ORD-20261004-2477,04-10-2026 18:23,Varun,SOLANKI,"Bengaluru, Karnataka",Electronics|Power Bank|899,1
ORD-20261004-4613,04/10/2026 19:17,Jay,parmar,"Ahmedabad, Gujarat",Sports|Cricket Bat|1599,1
ORD-20261004-3918,2026-10-04 18:53:29,Aryan,  Dubey ,"lucknow, uttar pradesh",Electronics|Laptop Stand|749,5
ORD-20261004-0614,04/10/2026 15:39,Mansi,pillai,"Bengaluru, Karnataka",,3
ORD-20261004-3061,2026-10-04 22:25:37,Divya,Parmar,"nagpur, maharashtra",Home And Kitchen|Wall Clock|649,1.0
ORD-20261004-3773,04/10/2026 23:34,Megha,Bansal,"Vadodara, Gujarat",Fashion|Sunglasses|999,1
ORD-20261004-0050,2026-10-04 13:07:58,Navya,Menon,,Sports|Dumbbell Set|1899,2
ORD-20261004-3240,04-10-2026 16:05,sneha,Pillai,"NAGPUR, MAHARASHTRA",Home And Kitchen|Storage Box|299,2
ORD-20261004-0804,04-10-2026 12:00,Deepak,Kumar,"  Ahmedabad, Gujarat ",Home And Kitchen|Storage Box|299,4
ORD-20261004-1929,04-10-2026 15:21,SNEHA,Bansal,"Delhi, Delhi",Electronics|Wireless Earbuds|1299,4
ORD-20261004-3889,04-10-2026 09:10,Nisha,verma,"SURAT, GUJARAT",Electronics|Laptop Stand|749,1
ORD-20261004-3013,04/10/2026 09:16,Bhavna,arora,"Surat, Gujarat",Electronics|Smart Watch|2499,1.0
ORD-20261004-2018,2026-10-04 13:41:20,Karan,DAS,"Kolkata, West Bengal",Sports|Football|799,1
ORD-20261004-2033,2026-10-04 21:45:08,Parth,VERMA,"JAIPUR, RAJASTHAN",Sports|Dumbbell Set|1899,1
ORD-20261004-0499,2026-10-04 12:05:00,Varun,CHAUHAN,"Pune, Maharashtra",Fashion|Denim Jeans|1199,2
ORD-20261004-1578,2026-10-04 08:03:09,  Myra ,rathod,"Kolkata, West Bengal",Electronics|Bluetooth Speaker|1799,5
ORD-20261004-0468,04/10/2026 20:31,Saanvi,Rao,"Nagpur, Maharashtra",Home And Kitchen|Non Stick Pan|1099,3
ORD-20261004-1251,2026-10-04 14:21:30,Neel,  Chopra ,"chennai, tamil nadu",Electronics|Power Bank|899,1
ORD-20261004-1117,04-10-2026 15:40,Saanvi,singh,"lucknow, uttar pradesh",Fashion|Sunglasses|999,1
ORD-20261004-1634,04/10/2026 13:00,yash,kalavadia,"bengaluru, karnataka",Home And Kitchen|Non Stick Pan|1099,1
ORD-20261004-1138,04-10-2026 14:12,simran,Chauhan,"Ahmedabad, Gujarat",Beauty|Perfume|1299,1
ORD-20261004-3878,04-10-2026 07:39,  Kavya ,Pandya,,Sports|Yoga Mat|699, 1 
ORD-20261004-1087,04-10-2026 16:16,Parth,Patel,"Mumbai, Maharashtra",Sports|Football|799,2
ORD-20261004-3539,04/10/2026 18:29,Bhavna,Pawar,"Mumbai, Maharashtra",Beauty|Face Wash|249,1
ORD-20261004-1147,2026-10-04 11:56:25,JANVI,MALHOTRA,"  Mumbai, Maharashtra ",Fashion|Running Shoes|2199,1
ORD-20261004-0796,2026-10-04 19:02:02,ritu,Vyas,"Chennai, Tamil Nadu",Electronics|Laptop Stand|749,2
ORD-20261004-1676,04/10/2026 19:03,Atharv,Desai,"  Hyderabad, Telangana ",Fashion|Cotton Kurta|799,3
ORD-20261004-4671,04/10/2026 17:37,Palak,Chopra,"Coimbatore, Tamil Nadu",Fashion|Sunglasses|999,1
ORD-20261004-2821,2026-10-04 18:54:10,Vikas,Pawar,"Surat, Gujarat",Fashion|Sunglasses|999,6
ORD-20261004-0764,04/10/2026 13:23,Tushar,Pawar,"Hyderabad, Telangana",Beauty|Hair Serum|549,1
ORD-20261004-3338,04/10/2026 21:32,Om,  Gupta ,"Ahmedabad, Gujarat",Sports|Cricket Bat|1599,1
ORD-20261004-0026,2026-10-04 21:53:21,Dhruv,Trivedi,"delhi, delhi",Electronics|Smart Watch|2499,3
ORD-20261004-2199,04-10-2026 20:44,  Aanya ,  Bansal ,"Kolkata, West Bengal",Home And Kitchen|Wall Clock|649,1
ORD-20261004-0040,04-10-2026 08:28,pooja,Sinha,"MUMBAI, MAHARASHTRA",Home And Kitchen|Storage Box|299,1
ORD-20261004-3341,2026-10-04 11:54:44,Sara,kumar,"Kolkata, West Bengal",Fashion|Denim Jeans|1199,5
ORD-20261004-3814,2026-10-04 18:50:13,anika,Shah,"Pune, Maharashtra",Fashion|Running Shoes|2199, 3 
ORD-20261004-2106,04/10/2026 09:43,,bose,"Ahmedabad, Gujarat",Sports|Football|799,1
ORD-20261004-1016,04/10/2026 21:02,Deepak,Kapoor,"  Lucknow, Uttar Pradesh ",Fashion|Sunglasses|999,2
ORD-20261004-1664,04/10/2026 21:06,Neha,Mukherjee,"Vadodara, Gujarat",Beauty|Hair Serum|549,1
ORD-20261004-4615,2026-10-04 14:57:38,Nidhi,Patel,"Bengaluru, Karnataka",Beauty|Sunscreen|449,2
ORD-20261004-2287,2026-10-04 23:47:57,Diya,malhotra,"DELHI, DELHI",Home And Kitchen|Storage Box|299, 1 
ORD-20261004-4335,04/10/2026 09:38,Sara,das,"kolkata, west bengal",Beauty|Hair Serum|549,5
ORD-20261004-2469,2026-10-04 17:27:30,Nisha,Chaudhary,"  Chennai, Tamil Nadu ",Beauty|Sunscreen|449,2
ORD-20261004-4522,2026-10-04 09:22:20,mansi,Kumar,"Nagpur, Maharashtra",Beauty|Face Wash|249,1
ORD-20261004-3303,04-10-2026 21:54,tushar,Pawar,"MUMBAI, MAHARASHTRA",Fashion|Running Shoes|2199,4
ORD-20261004-2513,04-10-2026 22:13,  Mansi ,Thakkar,"CHENNAI, TAMIL NADU",Fashion|Running Shoes|2199,1
ORD-20261004-3172,04/10/2026 13:59,  Jay ,Kapoor,"Ahmedabad, Gujarat",Home And Kitchen|Wall Clock|649,2
ORD-20261004-0062,04/10/2026 14:25,Nisha,nair,"  Bengaluru, Karnataka ",Beauty|Lipstick|399,1
ORD-20261004-0717,2026-10-04 13:38:45,MEGHA,  Yadav ,"Kolkata, West Bengal",Home And Kitchen|Bedsheet Set|1499,4
ORD-20261004-0952,2026-10-04 19:16:12,Manish,  Reddy ,"AHMEDABAD, GUJARAT",Fashion|Leather Wallet|499,1
ORD-20261004-4545,2026-10-04 21:07:21,Navya,PILLAI,"Lucknow, Uttar Pradesh",Beauty|Sunscreen|449,2
ORD-20261004-4254,04-10-2026 11:57,Aanya,  Pillai ,"Jaipur, Rajasthan",Home And Kitchen|Storage Box|299,1
ORD-20261004-0144,04/10/2026 00:09,ADITYA,Khanna,"Mumbai, Maharashtra",Beauty|Lipstick|399,1
ORD-20261004-3395,04-10-2026 14:46,Ayaan,patil,"mysuru, karnataka",Fashion|Cotton Kurta|799,-1
ORD-20261004-1947,04/10/2026 18:16,Rohan,,"Coimbatore, Tamil Nadu",Fashion|Cotton Kurta|799, 1 
ORD-20261004-4622,2026-10-04 08:54:01,  Rajesh ,jain,"Chennai, Tamil Nadu",Home And Kitchen|Steel Water Bottle|399,
ORD-20261004-1589,2026-10-04 08:25:26,null,chaudhary,"Bengaluru, Karnataka",Sports|Cricket Bat|1599,1
ORD-20261004-2695,04/10/2026 10:09,riya,Chaudhary,"Ahmedabad, Gujarat",Electronics|Wireless Earbuds|1299,1
ORD-20261004-3037,04/10/2026 11:03,AYAAN,Das,"Kolkata, West Bengal",Sports|Yoga Mat|699,1
ORD-20261004-3242,04-10-2026 12:04,  Vikas ,Menon,"  Delhi, Delhi ",Electronics|Power Bank|899,1
ORD-20261004-3859,2026-10-04 13:58:05,KAVYA,Pillai,"PUNE, MAHARASHTRA",Electronics|Laptop Stand|749,2
ORD-20261004-2969,04-10-2026 07:45,Khushi,verma,"jaipur, rajasthan",Sports|Dumbbell Set|1899,5
ORD-20261004-2233,2026-10-04 18:47:15,Sara,Trivedi,"bengaluru, karnataka",Sports|Dumbbell Set|1899,3
ORD-20261004-1210,04/10/2026 23:03,Tanvi,VERMA,"Ahmedabad, Gujarat",Beauty|Hair Serum|549,5
ORD-20261004-2745,2026-10-04 21:00:01,Priya,Jain,"AHMEDABAD, GUJARAT",Electronics|Bluetooth Speaker|1799,1
ORD-20261004-2016,04/10/2026 01:30,ANANYA,chaudhary,"LUCKNOW, UTTAR PRADESH",Electronics|Wireless Earbuds|1299,1
ORD-20261004-1447,04/10/2026 22:55,Rajesh,pawar,"Nagpur, Maharashtra",Electronics|Laptop Stand|749,1
ORD-20261004-0022,04/10/2026 23:25,Palak,Yadav,"Nagpur, Maharashtra",Fashion|Denim Jeans|1199,2
ORD-20261004-1377,2026-10-04 21:47:05,Ayaan,  Bhatt ,"Kolkata, West Bengal",Fashion|Leather Wallet|499,0
ORD-20261004-2621,N/A,  Kriti ,Menon,"VADODARA, GUJARAT",Sports|Yoga Mat|699,1
ORD-20261004-0655,04/10/2026 13:39,  Nikhil ,  Mehta ,"Bengaluru, Karnataka",Home And Kitchen|Steel Water Bottle|399,1
ORD-20261004-1819,04/10/2026 21:06,Anika,sharma,,Fashion|Denim Jeans|1199,1
ORD-20261004-4097,04/10/2026 09:48,Palak,Menon,"Delhi, Delhi",Electronics|Laptop Stand|749,2
ORD-20261004-0179,04/10/2026 12:18,Kriti,Arora,"chennai, tamil nadu",Beauty|Sunscreen|449,0
ORD-20261004-3897,04/10/2026 20:38,Navya,Thakkar,"DELHI, DELHI",Electronics|Wireless Earbuds|1299,3
ORD-20261004-1860,2026-10-04 11:06:26,Varun,tiwari,"mysuru, karnataka",Fashion|Cotton Kurta|799,1.0
ORD-20261004-4362,04/10/2026 20:42,  Megha ,Bansal,"Vadodara, Gujarat",Electronics|Wireless Earbuds|1299,1
ORD-20261004-3421,04/10/2026 14:38,  Ritu ,Kapoor,"delhi, delhi",Electronics|Wireless Earbuds|1299,1
ORD-20261004-2212,04/10/2026 11:36,  Amit ,Pandya,"Ahmedabad, Gujarat",Fashion|Running Shoes|2199,2
ORD-20261004-3445,2026-10-04 12:07:25,Swati,trivedi,"Delhi, Delhi",Electronics|Power Bank|899,1
ORD-20261004-1539,2026-10-04 20:15:49,komal,Gupta,"Jaipur, Rajasthan",Electronics|Laptop Stand|749,1
ORD-20261004-2348,04/10/2026 21:02,navya,Joshi,"Vadodara, Gujarat",Sports|Dumbbell Set|1899,1
ORD-20261004-4311,2026-10-04 09:27:06,Arjun,Kulkarni,"BENGALURU, KARNATAKA",Beauty|Lipstick|399,3
ORD-20261004-0891,04/10/2026 19:36,Bhavna,DESAI,"Mumbai, Maharashtra",Home And Kitchen|Wall Clock|649,1
ORD-20261004-2618,2026-10-04 12:35:46,nisha,TIWARI,"Delhi, Delhi",Fashion|Running Shoes|2199,4.0
ORD-20261004-1596,N/A,Ritu,Patil,"Jaipur, Rajasthan",Beauty|Face Wash|249,2
ORD-20261004-1854,04/10/2026 10:50,Khushi,GUPTA,"chennai, tamil nadu",Home And Kitchen|Storage Box|299,1
ORD-20261004-3519,04/10/2026 20:47,Yash,reddy,N/A,Electronics|Wireless Earbuds|1299,1
ORD-20261004-2276,04/10/2026 22:25,Saanvi,Malhotra,"Chennai, Tamil Nadu",Electronics|Bluetooth Speaker|1799,1.0
ORD-20261004-1096,2026-10-04 15:30:49,Simran,Bansal,"Bengaluru, Karnataka",Fashion|Sunglasses|999,2
ORD-20261004-4151,2026-10-04 20:02:49,Aanya,Tiwari,"MUMBAI, MAHARASHTRA",Beauty|Lipstick|399,1
ORD-20261004-3473,04/10/2026 10:42,Ayaan,arora,"Chennai, Tamil Nadu",Electronics|Bluetooth Speaker|1799,2
ORD-20261004-4003,04-10-2026 12:04,Aditi,sharma,"Mumbai, Maharashtra",Fashion|Leather Wallet|499,1
ORD-20261004-1865,04-10-2026 07:11,sara,Chaudhary,"hyderabad, telangana",Home And Kitchen|Bedsheet Set|1499,2
ORD-20261004-1175,04/10/2026 18:21,om,Gupta,"ahmedabad, gujarat",Fashion|Running Shoes|2199, 1 
ORD-20261004-1030,04/10/2026 11:10,rudra,Iyer,"Coimbatore, Tamil Nadu",Home And Kitchen|Storage Box|299,3
ORD-20261004-1427,2026-10-04 19:05:08,atharv,verma,"mumbai, maharashtra",Home And Kitchen|Wall Clock|649,1
ORD-20261004-3351,04-10-2026 20:56,Om,Pillai,"PUNE, MAHARASHTRA",Fashion|Leather Wallet|499,3
ORD-20261004-3360,04-10-2026 21:52,Diya,reddy,"Surat, Gujarat",Sports|Dumbbell Set|1899,3
ORD-20261004-1014,2026-10-04 17:07:16,Neha,mishra,"Kolkata, West Bengal",Fashion|Running Shoes|2199, 4 
ORD-20261004-0609,04-10-2026 17:32,Amit,Nair,,Beauty|Sunscreen|449,1
ORD-20261004-1072,04/10/2026 22:59,sara,BOSE,"Vadodara, Gujarat",Fashion|Cotton Kurta|799,1
ORD-20261004-4405,04/10/2026 18:24,jay,Gupta,"hyderabad, telangana",Fashion|Denim Jeans|1199,2
ORD-20261004-4617,04/10/2026 22:50,  Palak ,Ghosh,"  Chennai, Tamil Nadu ",Electronics|Power Bank|899,-1
ORD-20261004-4696,04/10/2026 01:33,Arjun,Modi,"Bengaluru, Karnataka",Electronics|Wireless Earbuds|1299,2
ORD-20261004-0892,04-10-2026 20:10,Rahul,Reddy,"Coimbatore, Tamil Nadu",Fashion|Denim Jeans|1199,5
ORD-20261004-0464,04/10/2026 21:36,om,gupta,,Sports|Football|799,3
ORD-20261004-4616,2026-10-04 18:44:57,RUDRA,Bose,"Nagpur, Maharashtra",Home And Kitchen|Wall Clock|649,3
ORD-20261004-4197,2026-10-04 18:24:56,Navya,Joshi,"Delhi, Delhi",Electronics|Power Bank|899,1
ORD-20261004-3148,04/10/2026 21:50,Nisha,Nair,"lucknow, uttar pradesh",Electronics|Wireless Earbuds|1299,2
ORD-20261004-2359,31/02/2026 11:48,mihir,Kapoor,"Mumbai, Maharashtra",Fashion|Cotton Kurta|799,3
ORD-20261004-1828,04/10/2026 12:28,navya,malhotra,"MUMBAI, MAHARASHTRA",Beauty|Perfume|1299,4
ORD-20261004-4831,04/10/2026 23:19,  Bhavna ,Vyas,"AHMEDABAD, GUJARAT",Electronics|Laptop Stand|749,1
ORD-20261004-0833,04/10/2026 17:04,Gaurav,sinha,"Delhi, Delhi",Beauty|Face Wash|249,2
ORD-20261004-0276,04/10/2026 11:01,  Krupa ,Sharma,"Vadodara, Gujarat",Fashion|Sunglasses|999,1
ORD-20261004-0467,04/10/2026 14:41,aryan,JOSHI,"  Lucknow, Uttar Pradesh ",Fashion|Sunglasses|999,1
ORD-20261004-0221,04/10/2026 20:20,Hetal,vyas,"  Ahmedabad, Gujarat ",Beauty|Hair Serum|549,2
ORD-20261004-0379,04/10/2026 20:24,Rajesh,verma,"Surat, Gujarat",Electronics|Laptop Stand|749,3
ORD-20261004-3727,2026-10-04 18:51:25,Ritu,Gupta,"Vadodara, Gujarat",Sports|Dumbbell Set|1899,1
ORD-20261004-4132,04/10/2026 20:17,  Varun ,YADAV,"  Surat, Gujarat ",Home And Kitchen|Non Stick Pan|1099,1
ORD-20261004-0292,04-10-2026 21:04,Anjali,Thakkar,"Surat, Gujarat",Fashion|Cotton Kurta|799,1.0
ORD-20261004-2082,04/10/2026 22:12,Parth,Parmar,"lucknow, uttar pradesh",Fashion|Running Shoes|2199, 4 
ORD-20261004-0877,04/10/2026 12:50,Priya,Srivastava,"CHENNAI, TAMIL NADU",Sports|Cricket Bat|1599,1
ORD-20261004-3803,04/10/2026 17:47,Aanya,Verma,"AHMEDABAD, GUJARAT",Electronics|Smart Watch|2499,4
ORD-20261004-1509,2026-10-04 13:49:34,Nisha,dubey,"MUMBAI, MAHARASHTRA",Home And Kitchen|Non Stick Pan|1099,4
ORD-20261004-3979,2026-10-04 12:02:47,Kunal,Bansal,"Hyderabad, Telangana",Home And Kitchen|Bedsheet Set|1499,2
ORD-20261004-0236,04/10/2026 20:03,simran,IYER,"Mysuru, Karnataka",Beauty|Perfume|1299,1
ORD-20261004-3179,04-10-2026 12:35,Ayaan,Sharma,"delhi, delhi",Fashion|Running Shoes|2199,
ORD-20261004-2645,04/10/2026 22:28,Ishaan,Mehta,"Ahmedabad, Gujarat",Sports|Dumbbell Set|1899, 2 
ORD-20261004-0485,04-10-2026 08:35,Pooja,Mishra,"Ahmedabad, Gujarat",Sports|Skipping Rope|199,1
ORD-20261004-3306,04/10/2026 22:49,pooja,mehta,"PUNE, MAHARASHTRA",Home And Kitchen|Storage Box|299,1
ORD-20261004-0689,04/10/2026 20:29,Megha,chauhan,"Delhi, Delhi",Fashion|Leather Wallet|499,4
ORD-20261004-1053,04-10-2026 10:24,Shaurya,Khanna,"Kolkata, West Bengal",Beauty|Lipstick|399,1
ORD-20261004-3260,04/10/2026 21:45,payal,chopra,"Kolkata, West Bengal",Sports|Yoga Mat|699,4.0
ORD-20261004-1702,04/10/2026 11:16,  Mihir ,solanki,"Vadodara, Gujarat",Beauty|Hair Serum|549,1
ORD-20261004-1338,2026-10-04 13:34:53,Yash,,"mumbai, maharashtra",Fashion|Leather Wallet|499,1
ORD-20261004-1312,04/10/2026 22:16,Ishaan,kulkarni,"  Hyderabad, Telangana ",Beauty|Perfume|1299,6
ORD-20261004-1486,04/10/2026 22:46,Om,  Trivedi ,"surat, gujarat",Fashion|Cotton Kurta|799,1
ORD-20261004-4376,04-10-2026 22:18,rohan,gupta,"Chennai, Tamil Nadu",Sports|Cricket Bat|1599,3
ORD-20261004-4352,2026-10-04 19:47:04,Nikhil,Modi,"Kolkata, West Bengal",Beauty|Lipstick|399,2
ORD-20261004-1292,04/10/2026 21:39,riya,MISHRA,"Bengaluru, Karnataka",Electronics|Laptop Stand|749,1
ORD-20261004-1192,2026-10-04 22:57:31,Shreya,malhotra,"Jaipur, Rajasthan",Fashion|Leather Wallet|499,2
ORD-20261004-1837,2026-10-04 17:54:30,Myra,  Mehta ,"  Bengaluru, Karnataka ",Home And Kitchen|Wall Clock|649,2.0
ORD-20261004-2808,2026-10-04 20:40:16,Om,Srivastava,"Mysuru, Karnataka",Fashion|Running Shoes|2199,2
ORD-20261004-1158,04-10-2026 00:29,aryan,Rao,"Delhi, Delhi",Fashion|Running Shoes|2199,1
ORD-20261004-3233,04-10-2026 11:49,ananya,Menon,"  Mumbai, Maharashtra ",Fashion|Denim Jeans|1199,1
ORD-20261004-0288,2026-10-04 16:24:25,palak,  Das ,"Pune, Maharashtra",Fashion|Running Shoes|2199,3
ORD-20261004-1541,2026-10-04 19:13:43,  Reyansh ,pawar,"Mumbai, Maharashtra",Fashion|Cotton Kurta|799,1
ORD-20261004-1715,04/10/2026 13:09,nikhil,Chauhan,"Pune, Maharashtra",Electronics|Bluetooth Speaker|1799,1
ORD-20261004-2640,04/10/2026 08:09,Tanvi,Chopra,"  Vadodara, Gujarat ",Sports|Football|799,3
ORD-20261004-3078,04/10/2026 22:55,  Neel ,Patil,"VADODARA, GUJARAT",Electronics|Smart Watch|2499,3
ORD-20261004-4370,04/10/2026 14:57,  Aanya ,,"Vadodara, Gujarat",Fashion|Running Shoes|2199,1
ORD-20261004-3219,04/10/2026 10:29,Rohan,RATHOD,"surat, gujarat",Sports|Football|799,1
ORD-20261004-3938,04/10/2026 21:20,Amit,nair,"Jaipur, Rajasthan",Fashion|Denim Jeans|1199,1
ORD-20261004-3346,04/10/2026 14:57,RAHUL,RATHOD,"Mumbai, Maharashtra",Beauty|Sunscreen|449,1
ORD-20261004-2104,04/10/2026 21:03,aditya,Agarwal,"JAIPUR, RAJASTHAN",Fashion|Running Shoes|2199,2
ORD-20261004-2510,04/10/2026 16:13,Megha,Kalavadia,"  Kolkata, West Bengal ",Home And Kitchen|Non Stick Pan|1099,3
ORD-20261004-3708,2026-10-04 15:06:25,Aarav,Mehta,"ahmedabad, gujarat",Beauty|Perfume|1299,1
ORD-20261004-4267,04-10-2026 22:28,pooja,Patil,"Coimbatore, Tamil Nadu",Fashion|Sunglasses|999,1.0
ORD-20261004-1944,04/10/2026 17:18,Ayaan,reddy,"Surat, Gujarat",Fashion|Leather Wallet|499,1
ORD-20261004-0065,2026-10-04 21:55:42,Tanvi,kulkarni,"Chennai, Tamil Nadu",Beauty|Lipstick|399, 2 
ORD-20261004-3688,04/10/2026 18:44,Diya,  Pawar ,"Mumbai, Maharashtra",Electronics|Wireless Earbuds|1299,0
ORD-20261004-0246,2026-10-04 10:31:29,Vivaan,Menon,"  Jaipur, Rajasthan ",Home And Kitchen|Bedsheet Set|1499,2
ORD-20261004-2403,2026-10-04 16:55:39,Palak,agarwal,"Chennai, Tamil Nadu",Home And Kitchen|Storage Box|299,4
ORD-20261004-2412,04/10/2026 14:48,  Nidhi ,Tiwari,"Bengaluru, Karnataka",Fashion|Leather Wallet|499,1
ORD-20261004-4199,2026-10-04 19:04:13,  Nisha ,,"Lucknow, Uttar Pradesh",Fashion|Running Shoes|2199,1
ORD-20261004-0497,04/10/2026 09:07,Nisha,Reddy,"kolkata, west bengal",Home And Kitchen|Bedsheet Set|1499,2
ORD-20261004-0008,2026-10-04 22:03:30,isha,verma,"Mumbai, Maharashtra",Sports|Cricket Bat|1599,1
ORD-20261004-3385,04/10/2026 22:01,pranav,Joshi,"bengaluru, karnataka",Electronics|Laptop Stand|749,1
ORD-20261004-1681,04/10/2026 19:12,Neha,Yadav,"HYDERABAD, TELANGANA",Beauty|Lipstick|399,1
ORD-20261004-0416,04-10-2026 12:30,Shreya,Sinha,"DELHI, DELHI",Home And Kitchen|Bedsheet Set|1499,1
ORD-20261004-3244,04/10/2026 15:32,Rahul,verma,"HYDERABAD, TELANGANA",Fashion|Cotton Kurta|799,3
ORD-20261004-4655,04-10-2026 09:16,sneha,Pillai,"Lucknow, Uttar Pradesh",Home And Kitchen|Non Stick Pan|1099,1
ORD-20261004-2015,2026-10-04 18:43:05,sai,  Sinha ,"Chennai, Tamil Nadu",Beauty|Perfume|1299,
ORD-20261004-3728,2026-10-04 09:23:01,Pranav,patil,"vadodara, gujarat",Home And Kitchen|Storage Box|299,1
ORD-20261004-3592,04/10/2026 17:38,Deepak,ARORA,"Bengaluru, Karnataka",Sports|Dumbbell Set|1899,1
ORD-20261004-4665,2026-10-04 03:30:59,RIYA,verma,"chennai, tamil nadu",Fashion|Cotton Kurta|799,2
ORD-20261004-2383,2026-10-04 22:53:34,Pooja,Gupta,"pune, maharashtra",Home And Kitchen|Non Stick Pan|1099,1
ORD-20261004-3174,2026-10-04 20:22:08,palak,  Agarwal ,"Coimbatore, Tamil Nadu",Fashion|Leather Wallet|499,1
ORD-20261004-4073,04/10/2026 13:15,Ishaan,Nair,"Bengaluru, Karnataka",Sports|Skipping Rope|199,5
ORD-20261004-0907,04-10-2026 11:24,Nidhi,Pandya,"Mumbai, Maharashtra",Beauty|Lipstick|399,1
ORD-20261004-3135,04/10/2026 20:16,ARJUN,MISHRA,"Ahmedabad, Gujarat",Sports|Skipping Rope|199,5.0
ORD-20261004-4623,04/10/2026 14:40,deepak,Thakkar,"Hyderabad, Telangana",Home And Kitchen|Wall Clock|649,3
ORD-20261004-1822,2026-10-04 13:40:06,Priya,bhatt,"  Hyderabad, Telangana ",Home And Kitchen|Wall Clock|649,1
ORD-20261004-0646,04/10/2026 07:58,Kriti,Bose,"mumbai, maharashtra",Home And Kitchen|Steel Water Bottle|399, 4 
ORD-20261004-4213,04/10/2026 14:47,jay,mishra,"kolkata, west bengal",Fashion|Running Shoes|2199,5
ORD-20261004-0933,04-10-2026 20:25,nidhi,  Nair ,"Jaipur, Rajasthan",Fashion|Denim Jeans|1199,1
,2026-10-04 18:11:15,Varun,Kulkarni,"mumbai, maharashtra",Electronics|Laptop Stand|749,1
ORD-20261004-3956,04/10/2026 09:21,Deepak,  Bhatt ,"Surat, Gujarat",Sports|Yoga Mat|699,1
ORD-20261004-2173,2026-10-04 19:33:04,Swati,  Mehta ,"  Mumbai, Maharashtra ",Fashion|Denim Jeans|1199,4
ORD-20261004-1449,2026-10-04 20:00:26,priya,  Mehta ,,Sports|Yoga Mat|699,2
ORD-20261004-2428,04/10/2026 12:18,Swati,Chaudhary,"Pune, Maharashtra",Beauty|Face Wash|249,2
ORD-20261004-2785,04-10-2026 08:39,Neel,  Desai ,"Ahmedabad, Gujarat",Sports|Football|799,1
ORD-20261004-4287,2026-10-04 08:29:36,  Vivaan ,Menon,"Jaipur, Rajasthan",Fashion|Cotton Kurta|799,1
ORD-20261004-0533,2026-10-04 18:30:54,Aarav,Modi,"Bengaluru, Karnataka",Electronics|Bluetooth Speaker|1799,2
ORD-20261004-4540,04/10/2026 22:05,Ishaan,Mukherjee,"Vadodara, Gujarat",Beauty|Face Wash|249,1
ORD-20261004-2848,04-10-2026 21:06,Ayaan,Mishra,"Lucknow, Uttar Pradesh",Fashion|Denim Jeans|1199,1
ORD-20261004-0697,,rajesh,Bose,"Surat, Gujarat",Fashion|Running Shoes|2199,1.0
ORD-20261004-3446,04-10-2026 12:10,Vikas,Bansal,"Delhi, Delhi",Electronics|Wireless Earbuds|1299,2
ORD-20261004-3720,2026-10-04 19:48:22,Kunal,pawar,"Nagpur, Maharashtra",Home And Kitchen|Storage Box|299,2
ORD-20261004-3566,2026-10-04 22:52:06,Nikhil,Gupta,"pune, maharashtra",Home And Kitchen|Non Stick Pan|1099,2
ORD-20261004-4826,04/10/2026 23:17,Riya,  Gupta ,"Chennai, Tamil Nadu",Electronics|Bluetooth Speaker|1799,1
ORD-20261004-4504,04/10/2026 21:06,Aanya,Dubey,"Mumbai, Maharashtra",Sports|Cricket Bat|1599,1
ORD-20261004-3296,04/10/2026 19:37,AANYA,mishra,"Chennai, Tamil Nadu",Beauty|Sunscreen|449,1
ORD-20261004-4112,04/10/2026 21:10,Roshni,Kalavadia,"Vadodara, Gujarat",Sports|Cricket Bat|1599,
ORD-20261004-4329,04-10-2026 11:32,Mansi,patil,"Delhi, Delhi",Home And Kitchen|Bedsheet Set|1499,two
ORD-20261004-0032,04/10/2026 18:30,Vikas,dubey,"surat, gujarat",Sports|Dumbbell Set|1899,3
ORD-20261004-2941,04/10/2026 12:20,shaurya,Malhotra,"Bengaluru, Karnataka",Electronics|Laptop Stand|749,2
ORD-20261004-3065,2026-10-04 20:42:44,Priya,Chaudhary,"  Bengaluru, Karnataka ",Electronics|Laptop Stand|749,2
ORD-20261004-3126,31/02/2026 15:46,Rajesh,modi,,Electronics|Power Bank|899,3
ORD-20261004-2664,04/10/2026 12:52,  Tushar ,Patel,"Surat, Gujarat",Beauty|Perfume|1299,1
ORD-20261004-0030,04/10/2026 14:43,Harsh,Shah,"  Nagpur, Maharashtra ",Sports|Cricket Bat|1599,5
ORD-20261004-2903,04-10-2026 20:30,Simran,yadav,"chennai, tamil nadu",Electronics|Wireless Earbuds|1299,1
ORD-20261004-1271,04/10/2026 06:10,Gaurav,Modi,"NAGPUR, MAHARASHTRA",Electronics|Laptop Stand|749,1
ORD-20261004-2995,2026-10-04 19:16:51,Rahul,Thakkar,"Bengaluru, Karnataka",Fashion|Cotton Kurta|799,2
ORD-20261004-1061,04-10-2026 21:12,Mansi,Shah,"Surat, Gujarat",Fashion|Denim Jeans|1199,1
ORD-20261004-4104,2026-10-04 17:10:53,Khushi,  Rathod ,"Mumbai, Maharashtra",Sports|Skipping Rope|199,1
ORD-20261004-0699,04/10/2026 21:59,deepak,Patil,"bengaluru, karnataka",Beauty|Lipstick|399,1.0
ORD-20261004-1069,2026-10-04 18:21:54,Sara,PANDYA,"COIMBATORE, TAMIL NADU",Beauty|Hair Serum|549,1
ORD-20261004-3815,04/10/2026 18:38,Krishna,kapoor,"Bengaluru, Karnataka",Fashion|Sunglasses|999,
ORD-20261004-2176,2026-10-04 21:40:38,Rudra,Sinha,"Delhi, Delhi",Sports|Skipping Rope|199,1
ORD-20261004-3629,04/10/2026 10:29,Khushi,Bhatt,"Bengaluru, Karnataka",Home And Kitchen|Storage Box|299,1
ORD-20261004-0788,04/10/2026 21:26,Rudra,Yadav,"Bengaluru, Karnataka",Sports|Skipping Rope|199,1
ORD-20261004-3608,2026-10-04 17:58:29,dhwani,Yadav,"Kolkata, West Bengal",Electronics|Bluetooth Speaker|1799,1
ORD-20261004-4194,04/10/2062 19:33,  Komal ,pawar,"Mumbai, Maharashtra",Fashion|Cotton Kurta|799,2
ORD-20261004-3627,04/10/2026 20:08,Sara,Pandya,"Coimbatore, Tamil Nadu",Beauty|Perfume|1299,4
ORD-20261004-2569,04/10/2026 09:52,,Jain,"BENGALURU, KARNATAKA",Fashion|Sunglasses|999,2
ORD-20261004-1492,04/10/2026 16:56,JAY,Desai,"Coimbatore, Tamil Nadu",Home And Kitchen|Steel Water Bottle|399,1
ORD-20261004-2345,04/10/2026 06:37,null,Bansal,"Pune, Maharashtra",Fashion|Cotton Kurta|799,5
ORD-20261004-4668,04/10/2026 11:14,Kabir,Kapoor,"  Chennai, Tamil Nadu ",Home And Kitchen|Bedsheet Set|1499,2
ORD-20261004-0969,04/10/2026 10:24,,Reddy,"Lucknow, Uttar Pradesh",Beauty|Lipstick|399,2.0
ORD-20261004-3754,2026-10-04 16:15:56,Dev,trivedi,"  Chennai, Tamil Nadu ",Home And Kitchen|Wall Clock|649,4
ORD-20261004-4235,04/10/2026 20:04,KARAN,Vyas,"Kolkata, West Bengal",Home And Kitchen|Wall Clock|649,1
ORD-20261004-2448,04/10/2026 20:44,harsh,KAPOOR,"  Pune, Maharashtra ",Home And Kitchen|Steel Water Bottle|399, 3 
ORD-20261004-3828,04/10/2026 07:35,sara,Gupta,"Jaipur, Rajasthan",Fashion|Running Shoes|2199,1
ORD-20261004-2775,04-10-2026 21:52,Gaurav,shah,"lucknow, uttar pradesh",Electronics|Smart Watch|2499,1
ORD-20261004-2598,04/10/2026 21:37,PALAK,Malhotra,"Nagpur, Maharashtra",Fashion|Running Shoes|2199,2
ORD-20261004-2421,04/10/2026 16:51,rahul,Verma,"BENGALURU, KARNATAKA",Electronics|Smart Watch|2499,1.0
,04/10/2026 16:51,Rahul,Gupta,"Surat, Gujarat",Electronics|Laptop Stand|749,1
ORD-20261004-3709,2026-10-04 22:35:14,Pranav,Dubey,"bengaluru, karnataka",Home And Kitchen|Steel Water Bottle|399,1
ORD-20261004-3202,04/10/2026 17:14,Jay,gupta,"Mumbai, Maharashtra",Electronics|Bluetooth Speaker|1799,1
ORD-20261004-4701,04/10/2026 20:01,Swati,Nair,"ahmedabad, gujarat",Fashion|Sunglasses|999,4
ORD-20261004-1761,2026-10-04 14:34:25,Sai,Sinha,"  Chennai, Tamil Nadu ",Beauty|Hair Serum|549,2.0
ORD-20261004-4216,2026-10-04 08:37:53,Varun,Vyas,"  Delhi, Delhi ",Fashion|Cotton Kurta|799,1
ORD-20261004-1381,04/10/2026 01:44,rajesh,Verma,"Kolkata, West Bengal",Electronics|Bluetooth Speaker|1799,3
ORD-20261004-1411,04/10/2026 20:32,sara,Sinha,"Vadodara, Gujarat",Fashion|Sunglasses|999,1
ORD-20261004-2013,2026-10-04 18:28:04,Aditi,Singh,"bengaluru, karnataka",Sports|Yoga Mat|699,3
ORD-20261004-2873,04/10/2026 03:31,sai,Sinha,"Ahmedabad, Gujarat",Sports|Football|799,3
ORD-20261004-4351,2026-10-04 22:21:04,Yash,RAO,"Hyderabad, Telangana",Fashion|Denim Jeans|1199,1
ORD-20261004-3139,04-10-2026 08:37,diya,verma,"Lucknow, Uttar Pradesh",Fashion|Running Shoes|2199,4
ORD-20261004-4679,04/10/2026 14:15,Krishna,Jain,"mumbai, maharashtra",Beauty|Sunscreen|449,2
ORD-20261004-4329,04-10-2026 11:32,Mansi,patil,"Delhi, Delhi",Home And Kitchen|Bedsheet Set|1499,two
ORD-20261004-0225,04/10/2026 18:37,ADITYA,mishra,"Pune, Maharashtra",Home And Kitchen|Storage Box|299,1
ORD-20261004-4792,04/10/2026 18:46,Deepak,kulkarni,"Chennai, Tamil Nadu",Fashion|Sunglasses|999,1
ORD-20261004-3278,04/10/2026 05:29,Ishaan,Bhatt,"Bengaluru, Karnataka",Fashion|Leather Wallet|499,2
ORD-20261004-1892,2026-10-04 21:12:01,Krishna,Menon,"Coimbatore, Tamil Nadu",Home And Kitchen|Bedsheet Set|1499,1
ORD-20261004-3545,04/10/2026 22:08,priya,ghosh,"delhi, delhi",Electronics|Bluetooth Speaker|1799,1
ORD-20261004-0200,04/10/2026 09:22,Nikhil,  Bhatt ,"delhi, delhi",Sports|Football|799,2
ORD-20261004-1302,04/10/2026 21:01,nidhi,CHOPRA,"Chennai, Tamil Nadu",Fashion|Denim Jeans|1199,1
ORD-20261004-3686,04-10-2026 13:38,Dhruv,reddy,"hyderabad, telangana",Fashion|Leather Wallet|499,1
ORD-20261004-4689,04/10/2026 17:32,Myra,Iyer,"Hyderabad, Telangana",Beauty|Hair Serum|549,2
ORD-20261004-1085,04-10-2026 21:10,SHREYA,Solanki,"  Mysuru, Karnataka ",Electronics|Power Bank|899,1
ORD-20261004-3468,04/10/2026 13:41,sneha,Gupta,"Mumbai, Maharashtra",Fashion|Leather Wallet|499,6
ORD-20261004-3877,04/10/2026 14:21,Vihaan,agarwal,"delhi, delhi",Electronics|Power Bank|899,1
ORD-20261004-2446,04/10/2026 12:20,simran,Joshi,"bengaluru, karnataka",Fashion|Cotton Kurta|799,1
ORD-20261004-4724,2026-10-04 00:25:17,  Saanvi ,Mishra,,Fashion|Sunglasses|999,1
ORD-20261004-0214,04/10/2026 17:52,Ananya,Desai,"mumbai, maharashtra",Fashion|Cotton Kurta|799,1
ORD-20261004-2280,04/10/2026 14:34,jay,pawar,"CHENNAI, TAMIL NADU",Fashion|Sunglasses|999,1
ORD-20261004-0300,04-10-2026 17:16,Pranav,CHAUDHARY,"MUMBAI, MAHARASHTRA",Sports|Yoga Mat|699,4.0
ORD-20261004-4472,04/10/2026 13:22,Pooja,  Gupta ,"  Pune, Maharashtra ",Home And Kitchen|Non Stick Pan|1099,1
ORD-20261004-0118,04-10-2026 11:41,Pari,Joshi,"  Pune, Maharashtra ",Beauty|Perfume|1299,1
ORD-20261004-3319,2026-10-04 14:47:56,SHAURYA,Patel,"pune, maharashtra",Beauty|Face Wash|249,1
ORD-20261004-2596,04/10/2026 10:35,Roshni,Patil,"Pune, Maharashtra",Sports|Football|799,1
ORD-20261004-4619,2026-10-04 06:38:38,Kavya,Nair,"Mumbai, Maharashtra",Electronics|Laptop Stand|749,2
ORD-20261004-3396,30/02/2026 09:09,  Aarav ,Parmar,"Delhi, Delhi",Fashion|Leather Wallet|499,1
ORD-20261004-1759,04/10/2026 20:21,vihaan,VYAS,"coimbatore, tamil nadu",Sports|Cricket Bat|1599,2
ORD-20261004-1106,2026-10-04 12:35:13,Tanvi,KUMAR,"Chennai, Tamil Nadu",Home And Kitchen|Non Stick Pan|1099,1
ORD-20261004-4126,04/10/2026 21:57,KRUPA,KAPOOR,"CHENNAI, TAMIL NADU",Fashion|Cotton Kurta|799,4
ORD-20261004-1551,04-10-2026 09:37,  Om ,Tiwari,"Pune, Maharashtra",Home And Kitchen|Storage Box|299,2
ORD-20261004-0681,30/02/2026 09:16,Parth,Mehta,"MUMBAI, MAHARASHTRA",Fashion|Denim Jeans|1199,4.0
ORD-20261004-0736,04/10/2026 13:22,ATHARV,kulkarni,"jaipur, rajasthan",Fashion|Denim Jeans|1199,1
ORD-20261004-2930,04/10/2026 22:41,nisha,,"lucknow, uttar pradesh",Fashion|Cotton Kurta|799,1
ORD-20261004-1037,04/10/2026 21:45,Diya,Pandya,"Nagpur, Maharashtra",Fashion|Sunglasses|999,1
ORD-20261004-0227,2026-10-04 18:49:55,Simran,CHOPRA,"Chennai, Tamil Nadu",Home And Kitchen|Storage Box|299,1
ORD-20261004-0232,04/10/2026 09:39,HETAL,kapoor,"Chennai, Tamil Nadu",,1
ORD-20261004-4277,04/10/2026 14:10,Shaurya,SAXENA,"AHMEDABAD, GUJARAT",Fashion|Sunglasses|999,1
ORD-20261004-2620,04-10-2026 11:35,Anjali,Bose,"Delhi, Delhi",Home And Kitchen|Wall Clock|649,1
ORD-20261004-2334,04-10-2026 17:02,Reyansh,Pawar,"mumbai, maharashtra",Electronics|Wireless Earbuds|1299,1
ORD-20261004-0775,2026-10-04 12:30:09,Kriti,  Menon ,"Vadodara, Gujarat",Electronics|Smart Watch|2499,2
ORD-20261004-0973,04/10/2026 20:11,Mihir,Chopra,"kolkata, west bengal",Fashion|Sunglasses|999,2.0
ORD-20261004-2164,2026-10-04 07:46:01,Arjun,Solanki,"Vadodara, Gujarat",Fashion|Running Shoes|2199,1
ORD-20261004-1027,2026-10-04 20:22:29,  Ananya ,chauhan,"Delhi, Delhi",Electronics|Wireless Earbuds|1299, 2 
ORD-20261004-4633,2026-10-04 22:40:40,deepak,bhatt,"Surat, Gujarat",Fashion|Sunglasses|999,3
ORD-20261004-2380,2026-10-04 01:30:13,simran,vyas,"Lucknow, Uttar Pradesh",Home And Kitchen|Steel Water Bottle|399,6
ORD-20261004-3864,2026-10-04 14:11:20,Aryan,Singh,"Bengaluru, Karnataka",Fashion|Sunglasses|999,1
ORD-20261004-3225,2026-10-04 15:41:38,myra,Arora,"Ahmedabad, Gujarat",Home And Kitchen|Storage Box|299,
ORD-20261004-0143,2026-10-04 00:50:35,Pari,Nair,"  Mysuru, Karnataka ",Electronics|Power Bank|899,1
ORD-20261004-2636,2026-10-04 21:44:22,Kavya,Desai,"Jaipur, Rajasthan",Sports|Yoga Mat|699,5
,04/10/2026 18:15,Krishna,Bose,"Mumbai, Maharashtra",Home And Kitchen|Wall Clock|649,2
ORD-20261004-1500,2026-10-04 12:25:15,  Arjun ,Sharma,"Chennai, Tamil Nadu",Home And Kitchen|Bedsheet Set|1499,1
ORD-20261004-4549,04/10/2026 02:35,Shreya,Jain,,Electronics|Smart Watch|2499,2
ORD-20261004-2437,04-10-2026 11:13,Deepak,Patil,"Bengaluru, Karnataka",Electronics|Laptop Stand|749, 1 
ORD-20261004-1279,04-10-2026 09:16,divya,Patil,"MUMBAI, MAHARASHTRA",Fashion|Running Shoes|2199,1.0
ORD-20261004-0410,2026-10-04 06:32:34,Manish,Sinha,"Ahmedabad, Gujarat",Fashion|Running Shoes|2199,1
ORD-20261004-1493,2026-10-04 19:23:55,sneha,  Kulkarni ,"Mysuru, Karnataka",Home And Kitchen|Non Stick Pan|1099,4
ORD-20261004-3169,2026-10-04 12:35:57,Advik,Yadav,"delhi, delhi",Electronics|Bluetooth Speaker|1799,2
ORD-20261004-1504,04/10/2026 16:46,Isha,rao,"chennai, tamil nadu",Fashion|Sunglasses|999,4
ORD-20261004-0436,04/10/2026 16:04,  Bhavna ,Chaudhary,"HYDERABAD, TELANGANA",Sports|Dumbbell Set|1899,4
ORD-20261004-3054,04/10/2026 21:21,Krupa,Arora,"Lucknow, Uttar Pradesh",Fashion|Denim Jeans|1199,1
ORD-20261004-4539,2026-10-04 08:26:27,aarav,Modi,"Bengaluru, Karnataka",Fashion|Sunglasses|999,1
ORD-20261004-1159,04/10/2026 16:15,  Janvi ,Reddy,"  Mysuru, Karnataka ",Home And Kitchen|Bedsheet Set|1499,1
ORD-20261004-3272,2026-10-04 11:04:24,Ayaan,Jain,"Delhi, Delhi",Electronics|Power Bank|899,1
ORD-20261004-0371,N/A,Kunal,ghosh,"pune, maharashtra",Home And Kitchen|Wall Clock|649,0
ORD-20261004-2143,2026-10-04 20:26:40,Dhruv,chopra,"bengaluru, karnataka",Fashion|Cotton Kurta|799,1
ORD-20261004-4736,2026-10-04 20:15:40,Vikas,THAKKAR,,Fashion|Cotton Kurta|799,2
ORD-20261004-1754,04/10/2026 19:03,Arjun,  Iyer ,"Lucknow, Uttar Pradesh",Sports|Skipping Rope|199,1
ORD-20261004-0525,2026-10-04 20:22:30,pari,Patil,"MUMBAI, MAHARASHTRA",Fashion|Leather Wallet|499,3
ORD-20261004-2090,2026-10-04 12:58:18,Aryan,Parmar,"mumbai, maharashtra",Electronics|Power Bank|899,1
ORD-20261004-2878,04-10-2026 18:55,Neha,PATEL,"  Mumbai, Maharashtra ",Electronics|Bluetooth Speaker|1799,1
ORD-20261004-0218,04/10/2026 14:43,Simran,Joshi,"Bengaluru, Karnataka",Electronics|Wireless Earbuds|1299,3
ORD-20261004-3447,2026-10-04 09:00:53,rudra,Pillai,"Ahmedabad, Gujarat",Electronics|Smart Watch|2499,3
ORD-20261004-0774,04/10/2026 11:44,palak,  Verma ,"ahmedabad, gujarat",Electronics|Bluetooth Speaker|1799,1
ORD-20261004-3243,04-10-2026 10:49,Hetal,Chauhan,"Vadodara, Gujarat",Fashion|Sunglasses|999,1
ORD-20261004-0432,04/10/2026 20:00,Arjun,Srivastava,"chennai, tamil nadu",Beauty|Perfume|1299,5.0
ORD-20261004-4266,04/10/2026 16:23,Neel,BHATT,"Lucknow, Uttar Pradesh",Beauty|Lipstick|399,1
ORD-20261004-3746,2026-10-04 00:55:17,Ishaan,Chaudhary,"kolkata, west bengal",Fashion|Sunglasses|999,3
ORD-20261004-3336,2026-10-04 07:13:52,Palak,Jain,"  Chennai, Tamil Nadu ",Beauty|Lipstick|399,1
ORD-20261004-2119,04/10/2026 15:01,Divya,ARORA,"Mumbai, Maharashtra",Fashion|Sunglasses|999,1
ORD-20261004-4564,2026-10-04 10:46:30,Sara,PAWAR,"bengaluru, karnataka",Fashion|Running Shoes|2199,1
ORD-20261004-0515,04/10/2026 13:48,vivaan,Jain,"Jaipur, Rajasthan",Sports|Football|799,1
ORD-20261004-4402,04/10/2026 16:30,Payal,Ghosh,"Bengaluru, Karnataka",Fashion|Sunglasses|999,1.0
ORD-20261004-3132,2026-10-04 19:37:20,ADVIK,kumar,N/A,Fashion|Sunglasses|999,2
ORD-20261004-1020,04-10-2026 08:08,Sara,THAKKAR,"Mumbai, Maharashtra",Fashion|Cotton Kurta|799,1
,04/10/2026 20:54,Sai,Kulkarni,"Bengaluru, Karnataka",Electronics|Bluetooth Speaker|1799,1
ORD-20261004-1261,04/10/2026 18:58,Dhruv,Parmar,"Delhi, Delhi",Home And Kitchen|Non Stick Pan|1099,1
ORD-20261004-4832,04/10/2026 23:45,kabir,Bhatt,"Chennai, Tamil Nadu",Electronics|Wireless Earbuds|1299,1
ORD-20261004-0487,04/10/2026 21:28,myra,Vyas,"ahmedabad, gujarat",Home And Kitchen|Bedsheet Set|1499,1
ORD-20261004-2022,04/10/2026 17:48,Pranav,Vyas,"Kolkata, West Bengal",Electronics|Wireless Earbuds|1299,3
ORD-20261004-0207,2026-10-04 11:14:21,Palak,modi,"Ahmedabad, Gujarat",Electronics|Smart Watch|2499,1
ORD-20261004-3590,04/10/2026 19:14,  Khushi ,  Sharma ,"KOLKATA, WEST BENGAL",Fashion|Running Shoes|2199,0
ORD-20261004-4644,04/10/2026 12:55,Hetal,  Rathod ,"mumbai, maharashtra",Beauty|Face Wash|249,3
ORD-20261004-2693,04/10/2026 12:40,PAYAL,sharma,"Vadodara, Gujarat",Fashion|Sunglasses|999,1
ORD-20261004-0834,04/10/2026 21:49,Jay,bansal,"  Jaipur, Rajasthan ",Fashion|Sunglasses|999,1
ORD-20261004-1309,2026-10-04 14:24:10,  Palak ,sinha,"  Chennai, Tamil Nadu ",Sports|Cricket Bat|1599,3
ORD-20261004-3616,04/10/2026 23:11,HETAL,PATEL,"Surat, Gujarat",Sports|Cricket Bat|1599,1
ORD-20261004-3789,04/10/2026 07:09,PRANAV,,"delhi, delhi",Fashion|Cotton Kurta|799,1
ORD-20261004-0871,04/10/2026 17:00,KOMAL,Gupta,"Mysuru, Karnataka",Electronics|Smart Watch|2499,-3
ORD-20261004-0926,04/10/2026 13:49,Parth,Kapoor,"Pune, Maharashtra",Home And Kitchen|Wall Clock|649,3
ORD-20261004-1272,04/10/2062 19:03,  Rohan ,Arora,"Surat, Gujarat",Electronics|Laptop Stand|749,1
ORD-20261004-4330,04/10/2026 21:51,rohan,Thakkar,"Bengaluru, Karnataka",Fashion|Cotton Kurta|799,6
ORD-20261004-2473,04/10/2026 21:25,shreya,sinha,"  Kolkata, West Bengal ",Home And Kitchen|Non Stick Pan|1099,5
ORD-20261004-0240,04/10/2026 12:05,ISHA,Mishra,"kolkata, west bengal",Fashion|Sunglasses|999, 2 
ORD-20261004-2408,04/10/2026 20:13,Sai,Mehta,"Delhi, Delhi",Home And Kitchen|Steel Water Bottle|399,1
ORD-20261004-2032,2026-10-04 02:33:47,Sara,Desai,"Nagpur, Maharashtra",Fashion|Denim Jeans|1199,2
ORD-20261004-4399,2026-10-04 18:15:43,SARA,  Sharma ,"Kolkata, West Bengal",Fashion|Running Shoes|2199,2
ORD-20261004-2594,2026-10-04 13:07:28,Aryan,Malhotra,"lucknow, uttar pradesh",Electronics|Laptop Stand|749,4.0
ORD-20261004-2735,04-10-2026 21:26,Saanvi,Kapoor,"Jaipur, Rajasthan",Home And Kitchen|Wall Clock|649,2
ORD-20261004-3375,04-10-2026 13:50,neel,Trivedi,"Kolkata, West Bengal",Sports|Dumbbell Set|1899,2
ORD-20261004-3412,2026-10-04 17:03:39,priya,Pawar,"Bengaluru, Karnataka",Home And Kitchen|Steel Water Bottle|399,1
ORD-20261004-3836,04/10/2026 12:00,Diya,Solanki,"Kolkata, West Bengal",Fashion|Denim Jeans|1199,5
ORD-20261004-3352,2026-10-04 18:38:07,Vihaan,Vyas,"COIMBATORE, TAMIL NADU",Sports|Dumbbell Set|1899,1.0
ORD-20261004-2194,04-10-2026 21:23,simran,Menon,"delhi, delhi",Sports|Football|799, 2 
ORD-20261004-4839,2026-10-04 19:52:27,Atharv,chaudhary,"Nagpur, Maharashtra",Electronics|Bluetooth Speaker|1799,2
ORD-20261004-1591,2026-10-04 09:21:40,krishna,Vyas,"Mysuru, Karnataka",Fashion|Sunglasses|999,2.0
ORD-20261004-2705,04/10/2026 15:53,Isha,Vyas,"Bengaluru, Karnataka",Beauty|Hair Serum|549, 1 
ORD-20261004-4023,04/10/2026 09:39,Pari,dubey,"CHENNAI, TAMIL NADU",Fashion|Sunglasses|999,4.0
ORD-20261004-0495,04/10/2026 21:29,Atharv,Kulkarni,"Mumbai, Maharashtra",Fashion|Sunglasses|999,3
ORD-20261004-0639,04-10-2026 17:03,Dhwani,mehta,"Bengaluru, Karnataka",Beauty|Sunscreen|449,1.0
ORD-20261004-1318,04-10-2026 20:59,roshni,Ghosh,"Chennai, Tamil Nadu",Electronics|Power Bank|899,-2
ORD-20261004-4045,04/10/2026 13:15,  Neha ,singh,"  Vadodara, Gujarat ",Sports|Cricket Bat|1599,3
ORD-20261004-2801,2026-10-04 10:19:14,Aanya,kalavadia,"chennai, tamil nadu",Fashion|Running Shoes|2199,1
ORD-20261004-2976,2026-10-04 13:02:44,Rudra,Mishra,"Mumbai, Maharashtra",Sports|Football|799,3
ORD-20261004-2614,2026-10-04 21:14:08,divya,Trivedi,"Jaipur, Rajasthan",Beauty|Hair Serum|549,2
ORD-20261004-3266,04/10/2026 18:51,,Singh,"hyderabad, telangana",Home And Kitchen|Wall Clock|649,2
ORD-20261004-3406,2026-10-04 18:57:11,Aditya,Mishra,"Delhi, Delhi",Home And Kitchen|Wall Clock|649,4
ORD-20261004-0589,04/10/2026 22:15,Dhruv,Menon,"Lucknow, Uttar Pradesh",Fashion|Cotton Kurta|799,1
ORD-20261004-1726,04-10-2026 20:02,Shreya,Mehta,"AHMEDABAD, GUJARAT",,4
ORD-20261004-3630,04/10/2026 16:22,Manish,Tiwari,"mumbai, maharashtra",Electronics|Smart Watch|2499, 2 
ORD-20261004-3841,04/10/2026 20:54,KRUPA,Parmar,"Pune, Maharashtra",Fashion|Sunglasses|999,1
ORD-20261004-1624,2026-10-04 08:22:00,,Pillai,"Pune, Maharashtra",Electronics|Smart Watch|2499,3
ORD-20261004-4687,04/10/2026 19:55,Kunal,ghosh,"mysuru, karnataka",Sports|Dumbbell Set|1899,1
ORD-20261004-4282,2026-10-04 09:05:03,Krupa,yadav,"Hyderabad, Telangana",Beauty|Face Wash|249,1
ORD-20261004-0731,04/10/2026 21:57,  Neel ,Patel,"Jaipur, Rajasthan",Fashion|Cotton Kurta|799,2
ORD-20261004-4434,2026-10-04 13:41:45,SHREYA,Chaudhary,"Kolkata, West Bengal",Fashion|Running Shoes|2199,2
ORD-20261004-1235,2026-10-04 23:58:57,Tushar,Shah,"Pune, Maharashtra",Electronics|Wireless Earbuds|1299,1
ORD-20261004-0014,04/10/2026 22:41,  Aadhya ,Vyas,"Bengaluru, Karnataka",Home And Kitchen|Bedsheet Set|1499,1
ORD-20261004-1836,2026-10-04 23:10:00,VIVAAN,Mukherjee,"Kolkata, West Bengal",Electronics|Wireless Earbuds|1299,1
ORD-20261004-4782,04-10-2026 02:35,SAANVI,VYAS,"Bengaluru, Karnataka",Home And Kitchen|Bedsheet Set|1499,1
ORD-20261004-1629,2026-10-04 13:03:02,  Sai ,  Ghosh ,"  Mumbai, Maharashtra ",Fashion|Running Shoes|2199, 2 
ORD-20261004-1226,04-10-2026 12:27,Ishaan,Khanna,"Jaipur, Rajasthan",Fashion|Leather Wallet|499,1
ORD-20261004-1050,04/10/2026 20:39,advik,Sharma,"NAGPUR, MAHARASHTRA",Electronics|Laptop Stand|749,2
ORD-20261004-3161,2026-10-04 12:01:46,kunal,Mishra,"delhi, delhi",Electronics|Bluetooth Speaker|1799,1
ORD-20261004-2905,2026-10-04 19:51:33,Neha,  Patil ,"bengaluru, karnataka",Beauty|Lipstick|399,1
ORD-20261004-0400,2026-10-04 07:32:54,Roshni,Pawar,"vadodara, gujarat",Sports|Yoga Mat|699, 1 
ORD-20261004-1772,04/10/2026 01:45,Priya,Ghosh,"Delhi, Delhi",Fashion|Sunglasses|999,4
ORD-20261004-4094,2026-10-04 12:56:17,Manish,malhotra,"Bengaluru, Karnataka",Home And Kitchen|Wall Clock|649,
ORD-20261004-1243,04/10/2026 17:25,Neha,  Yadav ,"Pune, Maharashtra",Fashion|Running Shoes|2199,1
ORD-20261004-1818,2026-10-04 13:48:03,REYANSH,iyer,"Ahmedabad, Gujarat",Electronics|Bluetooth Speaker|1799,2
ORD-20261004-4808,2026-10-04 07:23:01,KARAN,parmar,"  Delhi, Delhi ",Beauty|Perfume|1299,1
ORD-20261004-3876,04/10/2026 20:29,swati,desai,"Bengaluru, Karnataka",Sports|Yoga Mat|699,4
ORD-20261004-1225,04/10/2026 02:55,Rahul,Pandya,"vadodara, gujarat",Home And Kitchen|Storage Box|299,3.0
ORD-20261004-4707,04/10/2026 21:39,Anjali,parmar,"kolkata, west bengal",Sports|Yoga Mat|699,3
ORD-20261004-4442,2026-10-04 20:40:34,Jay,Das,"Surat, Gujarat",Fashion|Running Shoes|2199,
ORD-20261004-1064,04/10/2026 14:40,Shaurya,joshi,"BENGALURU, KARNATAKA",Home And Kitchen|Bedsheet Set|1499,2
ORD-20261004-1129,2026-10-04 08:20:42,Roshni,Arora,"hyderabad, telangana",Electronics|Bluetooth Speaker|1799,1
ORD-20261004-1390,2026-10-04 19:23:40,Sneha,Desai,"Chennai, Tamil Nadu",Home And Kitchen|Storage Box|299,3
ORD-20261004-3785,04/10/2026 16:34,navya,Sinha,"Vadodara, Gujarat",Fashion|Cotton Kurta|799,4
ORD-20261004-0302,04/10/2026 18:02,nikhil,Khanna,"Delhi, Delhi",Beauty|Face Wash|249,1
ORD-20261004-4322,2026-10-04 10:56:07,Navya,Chaudhary,"Bengaluru, Karnataka",Sports|Cricket Bat|1599,2.0
ORD-20261004-1132,2026-10-04 11:21:03,sai,bansal,"Ahmedabad, Gujarat",Fashion|Leather Wallet|499,2
ORD-20261004-4387,04/10/2026 11:00,Isha,Malhotra,"Mumbai, Maharashtra",Fashion|Cotton Kurta|799,2
ORD-20261004-4720,04/10/2026 16:33,Bhavna,  Singh ,"  Chennai, Tamil Nadu ",Sports|Yoga Mat|699,1
ORD-20261004-0684,04-10-2026 12:46,Krupa,Sharma,"Vadodara, Gujarat",Home And Kitchen|Steel Water Bottle|399,3
ORD-20261004-2191,04/10/2026 15:07,Shreya,Trivedi,"Jaipur, Rajasthan",Electronics|Bluetooth Speaker|1799, 2 
ORD-20261004-3333,04/10/2026 17:03,riya,khanna,"  Delhi, Delhi ",Home And Kitchen|Wall Clock|649,1
ORD-20261004-0399,04/10/2026 20:49,Dhruv,tiwari,"Hyderabad, Telangana",Beauty|Face Wash|249,1.0
ORD-20261004-0313,2026-10-04 13:01:00,TANVI,Mishra,"Hyderabad, Telangana",Sports|Football|799,1
ORD-20261004-2550,04/10/2026 22:37,Manish,Nair,"Hyderabad, Telangana",Fashion|Cotton Kurta|799,3
ORD-20261004-0377,04/10/2026 00:11,Varun,Solanki,"Bengaluru, Karnataka",Electronics|Smart Watch|2499,2
ORD-20261004-2146,04-10-2026 08:24,  Priya ,Srivastava,"Coimbatore, Tamil Nadu",Electronics|Wireless Earbuds|1299,2
ORD-20261004-0860,2026-10-04 16:13:47,Gaurav,SHAH,"Lucknow, Uttar Pradesh",Fashion|Sunglasses|999,1
ORD-20261004-2786,2026-10-04 16:48:20,  Aditya ,Malhotra,"Pune, Maharashtra",Electronics|Wireless Earbuds|1299,1
ORD-20261004-1796,04/10/2026 11:06,Mansi,Mehta,"kolkata, west bengal",Home And Kitchen|Bedsheet Set|1499,1.0
ORD-20261004-4750,04/10/2026 20:44,Kriti,chaudhary,"Ahmedabad, Gujarat",Fashion|Cotton Kurta|799,1
ORD-20261004-0608,04/10/2062 11:58,Hetal,VYAS,"  Kolkata, West Bengal ",Fashion|Sunglasses|999,1
ORD-20261004-4737,04-10-2026 19:48,Neel,Chaudhary,"Surat, Gujarat",Electronics|Power Bank|899,5
ORD-20261004-3192,04/10/2026 12:38,Mansi,  Mehta ,"Mumbai, Maharashtra",Sports|Football|799,3
ORD-20261004-1310,04-10-2026 20:23,khushi,iyer,"jaipur, rajasthan",Beauty|Lipstick|399,2
ORD-20261004-1391,04/10/2026 17:00,SAI,Reddy,"Vadodara, Gujarat",Beauty|Perfume|1299,2.0
ORD-20261004-4677,2026-10-04 12:42:12,Rudra,Reddy,"Surat, Gujarat",Sports|Football|799,2
ORD-20261004-4313,04/10/2026 21:19,KAVYA,Ghosh,"Delhi, Delhi",Sports|Skipping Rope|199,1
ORD-20261004-3984,2026-10-04 14:11:30,Riya,Kalavadia,"Pune, Maharashtra",Beauty|Hair Serum|549,2
ORD-20261004-4175,04/10/2026 08:02,Navya,Sinha,"DELHI, DELHI",,2
ORD-20261004-2802,04/10/2026 19:14,KHUSHI,MODI,"Ahmedabad, Gujarat",Beauty|Lipstick|399,1
ORD-20261004-3776,04/10/2026 17:55,Aarav,Mishra,"coimbatore, tamil nadu",Home And Kitchen|Wall Clock|649,6
ORD-20261004-3176,04/10/2026 11:52,  Suresh ,Chaudhary,"Hyderabad, Telangana",Electronics|Smart Watch|2499, 3 
ORD-20261004-3218,04/10/2026 02:26,  Parth ,,,Electronics|Smart Watch|2499,1
ORD-20261004-0768,04/10/2026 19:22,dhwani,Mukherjee,"mysuru, karnataka",Home And Kitchen|Steel Water Bottle|399,1
ORD-20261004-3569,2026-10-04 09:23:21,Aadhya,  Jain ,"Mysuru, Karnataka",Electronics|Wireless Earbuds|1299,2
ORD-20261004-4708,2026-10-04 14:02:34,Aditi,Mishra,"Surat, Gujarat",Sports|Cricket Bat|1599,1
ORD-20261004-1857,04/10/2026 22:32,rohan,Gupta,"pune, maharashtra",Electronics|Wireless Earbuds|1299,1
ORD-20261004-0593,2026-10-04 21:55:42,  Arjun ,bansal,"Kolkata, West Bengal",Fashion|Leather Wallet|499,2
ORD-20261004-0862,04/10/2026 17:20,Dhruv,BANSAL,"Vadodara, Gujarat",Fashion|Leather Wallet|499,1
ORD-20261004-3995,,Rudra,Yadav,"  Delhi, Delhi ",Sports|Cricket Bat|1599,1
ORD-20261004-3329,04/10/2026 14:02,pranav,Kapoor,"Surat, Gujarat",Home And Kitchen|Bedsheet Set|1499,4
ORD-20261004-3029,04/10/2026 06:50,Tanvi,Kumar,"Lucknow, Uttar Pradesh",Beauty|Sunscreen|449,2
ORD-20261004-0155,04/10/2026 10:44,  Shaurya ,Shah,"  Lucknow, Uttar Pradesh ",Beauty|Lipstick|399,1
ORD-20261004-3934,04/10/2026 10:22,Deepak,Malhotra,"mumbai, maharashtra",Electronics|Smart Watch|2499,3
ORD-20261004-4064,04-10-2026 10:52,Hetal,Iyer,"Chennai, Tamil Nadu",Sports|Skipping Rope|199,1
ORD-20261004-4579,04-10-2026 22:45,Rudra,kapoor,"MUMBAI, MAHARASHTRA",Home And Kitchen|Storage Box|299,2
ORD-20261004-0535,04-10-2026 20:24,  Vivaan ,Modi,"Vadodara, Gujarat",Sports|Dumbbell Set|1899,1
ORD-20261004-0729,2026-10-04 08:14:10,Aanya,Tiwari,"Mumbai, Maharashtra",Electronics|Wireless Earbuds|1299,1
ORD-20261004-0274,2026-10-04 11:07:06,amit,patel,"Bengaluru, Karnataka",Electronics|Smart Watch|2499,5
ORD-20261004-3758,04/10/2026 00:22,Diya,Patil,"Hyderabad, Telangana",Fashion|Leather Wallet|499,2
ORD-20261004-0806,04/10/2026 14:28,dev,SINHA,"Lucknow, Uttar Pradesh",Fashion|Cotton Kurta|799,1
ORD-20261004-3882,2026-10-04 21:24:51,Simran,Chopra,"Jaipur, Rajasthan",Beauty|Lipstick|399,1
ORD-20261004-1777,04/10/2026 11:59,Nikhil,Bhatt,"Coimbatore, Tamil Nadu",Sports|Dumbbell Set|1899,2
ORD-20261004-4346,2026-10-04 22:34:13,Deepak,Nair,"coimbatore, tamil nadu",Electronics|Power Bank|899, 4 
ORD-20261004-2756,04/10/2026 08:31,Myra,AGARWAL,"surat, gujarat",Fashion|Sunglasses|999,2
ORD-20261004-3579,04/10/2026 18:38,ATHARV,Joshi,"Ahmedabad, Gujarat",Fashion|Denim Jeans|1199,1
ORD-20261004-4315,04-10-2026 10:58,aryan,Thakkar,"mysuru, karnataka",Sports|Football|799,2
ORD-20261004-0171,04/10/2026 08:09,myra,jain,"Lucknow, Uttar Pradesh",Sports|Skipping Rope|199,1
ORD-20261004-0160,04/10/2026 02:31,aryan,Mukherjee,"Mumbai, Maharashtra",Beauty|Hair Serum|549,2
ORD-20261004-1102,2026-10-04 13:05:32,Pari,Agarwal,"  Jaipur, Rajasthan ",Electronics|Power Bank|899,2
ORD-20261004-2555,04/10/2026 13:22,Roshni,Parmar,"Ahmedabad, Gujarat",Beauty|Perfume|1299,1
ORD-20261004-1888,04-10-2026 22:42,Ayaan,Ghosh,"Surat, Gujarat",Electronics|Smart Watch|2499,2
ORD-20261004-4233,,Deepak,SINGH,"DELHI, DELHI",Home And Kitchen|Steel Water Bottle|399,2
ORD-20261004-3485,2026-10-04 16:52:45,  Ayaan ,Reddy,"Surat, Gujarat",Home And Kitchen|Steel Water Bottle|399,1
ORD-20261004-0347,2026-10-04 07:04:02,dev,Kulkarni,"Bengaluru, Karnataka",Sports|Yoga Mat|699,1
ORD-20261004-0975,2026-10-04 13:14:22,Ayaan,BOSE,"Mumbai, Maharashtra",Sports|Football|799,1.0
ORD-20261004-4314,04/10/2026 19:17,manish,Patel,"hyderabad, telangana",Fashion|Leather Wallet|499,3
ORD-20261004-1594,2026-10-04 16:29:15,Jay,  Rao ,"Mumbai, Maharashtra",Beauty|Hair Serum|549,1
ORD-20261004-4371,04-10-2026 17:01,Nikhil,Khanna,"Pune, Maharashtra",Sports|Football|799,1
ORD-20261004-1195,04-10-2026 14:34,ayaan,Das,"Delhi, Delhi",Fashion|Denim Jeans|1199,2
ORD-20261004-1791,2026-10-04 21:42:50,dhwani,Patil,"Bengaluru, Karnataka",Electronics|Wireless Earbuds|1299,1
ORD-20261004-4692,04/10/2026 12:12,ISHAAN,Mishra,"  Hyderabad, Telangana ",Home And Kitchen|Steel Water Bottle|399,3
ORD-20261004-2171,2026-10-04 22:14:40,Vihaan,Chopra,"HYDERABAD, TELANGANA",Fashion|Sunglasses|999,3
ORD-20261004-3700,04/10/2026 14:24,Pari,Agarwal,"kolkata, west bengal",Home And Kitchen|Wall Clock|649,3
ORD-20261004-1122,2026-10-04 09:42:18,Manish,Bhatt,"Kolkata, West Bengal",Electronics|Wireless Earbuds|1299,5
ORD-20261004-0244,2026-10-04 22:00:30,aryan,Mukherjee,"MUMBAI, MAHARASHTRA",Sports|Dumbbell Set|1899,-2
ORD-20261004-0664,04/10/2026 10:28,Sneha,Kapoor,"chennai, tamil nadu",Beauty|Hair Serum|549,
ORD-20261004-1734,2026-10-04 13:48:23,aditya,  Patel ,"Pune, Maharashtra",Sports|Football|799,1
ORD-20261004-1883,04/10/2026 20:00,Krishna,Mehta,"Ahmedabad, Gujarat",Sports|Yoga Mat|699,1
ORD-20261004-2539,04/10/2026 06:32,  Saanvi ,Vyas,"Nagpur, Maharashtra",Fashion|Leather Wallet|499,1
ORD-20261004-0647,2026-10-04 20:50:57,Sai,  Sinha ,"Pune, Maharashtra",Electronics|Bluetooth Speaker|1799,5
ORD-20261004-4136,2026-10-04 12:53:45,Karan,Gupta,"Bengaluru, Karnataka",Home And Kitchen|Bedsheet Set|1499,1
ORD-20261004-0626,04-10-2026 11:58,SHAURYA,Nair,"  Pune, Maharashtra ",Home And Kitchen|Non Stick Pan|1099,5
ORD-20261004-3076,04-10-2026 14:50,Parth,Mukherjee,"mumbai, maharashtra",Electronics|Smart Watch|2499,1
ORD-20261004-1337,04-10-2026 21:59,Vihaan,thakkar,"  Mumbai, Maharashtra ",Fashion|Running Shoes|2199,1
ORD-20261004-0537,2026-10-04 19:07:02,Aditya,Shah,"  Vadodara, Gujarat ",Home And Kitchen|Bedsheet Set|1499,2
ORD-20261004-1581,2026-10-04 21:18:15,Amit,Mukherjee,"Surat, Gujarat",Home And Kitchen|Steel Water Bottle|399,3
ORD-20261004-2713,04/10/2026 08:02,sneha,dubey,"Nagpur, Maharashtra",,0
ORD-20261004-2265,04/10/2026 15:26,mihir,singh,"Ahmedabad, Gujarat",Fashion|Running Shoes|2199,3
ORD-20261004-1187,2026-10-04 16:47:07,Krishna,Solanki,"Hyderabad, Telangana",Electronics|Bluetooth Speaker|1799,1
ORD-20261004-2749,04/10/2026 09:42,ARYAN,Mukherjee,"  Mumbai, Maharashtra ",Electronics|Smart Watch|2499,2
ORD-20261004-1237,04/10/2026 06:00,Ishaan,Malhotra,"Jaipur, Rajasthan",Fashion|Running Shoes|2199,2
ORD-20261004-1228,2026-10-04 14:11:53,SAANVI,kapoor,"  Delhi, Delhi ",Electronics|Bluetooth Speaker|1799,4
ORD-20261004-4845,04/10/2026 14:02,suresh,Jain,"Surat, Gujarat",Beauty|Lipstick|399,1
ORD-20261004-2438,04/10/2026 21:18,Manish,  Singh ,"Mysuru, Karnataka",Fashion|Running Shoes|2199,1
ORD-20261004-4466,04-10-2026 22:05,Bhavna,Bose,"Vadodara, Gujarat",Fashion|Denim Jeans|1199,1
ORD-20261004-3129,04/10/2026 02:49,ananya,Parmar,"chennai, tamil nadu",Home And Kitchen|Steel Water Bottle|399,1
ORD-20261004-1727,04/10/2026 22:24,  Kunal ,Verma,"Ahmedabad, Gujarat",Sports|Skipping Rope|199,5
ORD-20261004-0091,04/10/2026 21:32,Pooja,Malhotra,"Bengaluru, Karnataka",Beauty|Hair Serum|549,1
ORD-20261004-0904,2026-10-04 11:33:35,Priya,trivedi,"PUNE, MAHARASHTRA",Beauty|Lipstick|399,3
ORD-20261004-1380,04/10/2026 09:49,SWATI,  Solanki ,"Pune, Maharashtra",Fashion|Denim Jeans|1199,4
ORD-20261004-1700,2026-10-04 13:20:26,gaurav,Iyer,"Mumbai, Maharashtra",Fashion|Leather Wallet|499,3
ORD-20261004-0720,04/10/2026 07:01,  Nisha ,Jain,"pune, maharashtra",Fashion|Leather Wallet|499,2
ORD-20261004-3170,2026-10-04 20:48:29,Yash,bhatt,"ahmedabad, gujarat",Electronics|Bluetooth Speaker|1799,1
ORD-20261004-0305,04/10/2026 03:09,ROSHNI,Das,"Mumbai, Maharashtra",Fashion|Cotton Kurta|799,2
ORD-20261004-1707,04/10/2026 20:16,Vihaan,RAO,"chennai, tamil nadu",Home And Kitchen|Bedsheet Set|1499,1
ORD-20261004-2991,2026-10-04 19:40:19,manish,Bhatt,"coimbatore, tamil nadu",Sports|Yoga Mat|699,3
ORD-20261004-2728,04/10/2026 17:36,Nisha,Modi,"Ahmedabad, Gujarat",Fashion|Running Shoes|2199,2
ORD-20261004-2938,04/10/2026 19:40,kriti,  Singh ,"Bengaluru, Karnataka",Electronics|Bluetooth Speaker|1799,2
ORD-20261004-3489,04/10/2026 21:22,Aryan,Trivedi,"Lucknow, Uttar Pradesh",Sports|Skipping Rope|199,2
ORD-20261004-2003,2026-10-04 20:44:43,  Advik ,Iyer,"Bengaluru, Karnataka",Electronics|Wireless Earbuds|1299,1
ORD-20261004-1992,04/10/2026 14:31,Nisha,ghosh,"vadodara, gujarat",Fashion|Cotton Kurta|799,1
ORD-20261004-1131,2026-10-04 16:24:44,null,Kulkarni,"KOLKATA, WEST BENGAL",Beauty|Lipstick|399,
ORD-20261004-0967,2026-10-04 16:01:29,Harsh,Dubey,"hyderabad, telangana",Electronics|Power Bank|899,1
ORD-20261004-0893,04/10/2026 14:43,Shreya,pawar,"Delhi, Delhi",Electronics|Smart Watch|2499,
ORD-20261004-0306,04/10/2026 11:07,Kriti,MODI,"mumbai, maharashtra",,1
ORD-20261004-1366,04/10/2026 22:40,deepak,Bhatt,"Surat, Gujarat",Home And Kitchen|Wall Clock|649,1
ORD-20261004-4828,2026-10-04 20:19:10,Anika,Sinha,"Nagpur, Maharashtra",Fashion|Denim Jeans|1199,1
ORD-20261004-1456,04/10/2026 09:54,mihir,Saxena,"Coimbatore, Tamil Nadu",Fashion|Leather Wallet|499, 2 
ORD-20261004-1333,2026-10-04 13:55:36,Anjali,Trivedi,"Ahmedabad, Gujarat",Beauty|Face Wash|249,1
ORD-20261004-0614,04/10/2026 15:39,Mansi,pillai,"Bengaluru, Karnataka",,3
ORD-20261004-3363,04/10/2026 20:20,DHWANI,  Mukherjee ,"PUNE, MAHARASHTRA",Fashion|Running Shoes|2199,2
ORD-20261004-1073,04/10/2026 22:56,  Shreya ,Chauhan,"Mumbai, Maharashtra",Fashion|Denim Jeans|1199,1
ORD-20261004-2161,04-10-2026 23:26,Neha,mehta,"Kolkata, West Bengal",Electronics|Laptop Stand|749,1
ORD-20261004-4639,04-10-2026 22:09,Megha,patel,"Kolkata, West Bengal",Fashion|Running Shoes|2199,1
ORD-20261004-1358,2026-10-04 21:41:09,Atharv,Saxena,"Mumbai, Maharashtra",Home And Kitchen|Storage Box|299,3
ORD-20261004-3223,04/10/2026 18:23,sneha,  Reddy ,"Mumbai, Maharashtra",Beauty|Sunscreen|449,1
ORD-20261004-2663,04-10-2026 12:07,AADHYA,Chauhan,,Fashion|Leather Wallet|499,3
ORD-20261004-1632,2026-10-04 19:00:11,Aadhya,VYAS,"Delhi, Delhi",Sports|Yoga Mat|699,1
ORD-20261004-3071,04-10-2026 09:23,Nikhil,Kapoor,"Ahmedabad, Gujarat",Beauty|Face Wash|249,1
ORD-20261004-4820,2026-10-04 05:42:19,Sneha,mehta,"BENGALURU, KARNATAKA",Electronics|Smart Watch|2499,0
ORD-20261004-4375,04/10/2026 10:28,Ananya,Shah,"  Delhi, Delhi ",Home And Kitchen|Storage Box|299,5
ORD-20261004-1334,04/10/2026 20:21,Payal,Ghosh,"  Bengaluru, Karnataka ",Electronics|Smart Watch|2499,1
ORD-20261004-2907,04-10-2026 08:15,Aarav,bose,"DELHI, DELHI",Beauty|Sunscreen|449,3
ORD-20261004-3269,04/10/2026 22:06,Rahul,GHOSH,"pune, maharashtra",Sports|Dumbbell Set|1899,6
ORD-20261004-0035,04-10-2026 17:55,Aanya,Sinha,"Chennai, Tamil Nadu",Electronics|Laptop Stand|749,3
ORD-20261004-1484,04/10/2026 19:21,Tanvi,Arora,"Mumbai, Maharashtra",Home And Kitchen|Wall Clock|649,1
ORD-20261004-1896,2026-10-04 15:37:08,ARYAN,Solanki,"Bengaluru, Karnataka",Sports|Dumbbell Set|1899,2.0
,04/10/2026 14:30,Yash,Pawar,"Chennai, Tamil Nadu",Home And Kitchen|Storage Box|299,3
ORD-20261004-3131,04/10/2026 10:08,ARJUN,bansal,"Kolkata, West Bengal",Fashion|Sunglasses|999,1
ORD-20261004-3263,04/10/2025 08:51,GAURAV,thakkar,"Kolkata, West Bengal",Beauty|Hair Serum|549,1
ORD-20261004-2719,04/10/2026 21:41,Om,Tiwari,"pune, maharashtra",Fashion|Cotton Kurta|799,1
ORD-20261004-3868,04/10/2026 13:25,  Priya ,Modi,"Surat, Gujarat",Fashion|Leather Wallet|499,2
ORD-20261004-3963,04/10/2062 14:58,vihaan,rao,"Delhi, Delhi",Beauty|Lipstick|399,1
ORD-20261004-0446,04/10/2026 18:06,  Reyansh ,  Sharma ,"Bengaluru, Karnataka",Beauty|Sunscreen|449,2
ORD-20261004-3892,04/10/2026 20:50,Khushi,  Rathod ,"Mumbai, Maharashtra",Fashion|Cotton Kurta|799,4
ORD-20261004-0447,04/10/2026 14:03,  Suresh ,CHAUDHARY,"Chennai, Tamil Nadu",Electronics|Smart Watch|2499,2
ORD-20261004-1783,04/10/2026 07:02,megha,  Pillai ,"Hyderabad, Telangana",Sports|Skipping Rope|199,2
ORD-20261004-3648,04/10/2026 11:10,NEEL,  Chaudhary ,"Chennai, Tamil Nadu",Electronics|Bluetooth Speaker|1799, 1 
ORD-20261004-3045,04-10-2026 21:54,Shaurya,  Iyer ,"Pune, Maharashtra",Home And Kitchen|Non Stick Pan|1099, 1 
ORD-20261004-2167,2026-10-04 17:15:06,Aarav,Arora,"Coimbatore, Tamil Nadu",Home And Kitchen|Non Stick Pan|1099,1
ORD-20261004-2661,04/10/2026 19:04,Kavya,khanna,"chennai, tamil nadu",Fashion|Sunglasses|999,2
ORD-20261004-1470,2026-10-04 07:35:00,Nikhil,  Bansal ,"Hyderabad, Telangana",Fashion|Sunglasses|999,1
ORD-20261004-2865,04/10/2026 06:31,Aryan,Pillai,"mumbai, maharashtra",Fashion|Denim Jeans|1199, 2 
ORD-20261004-3658,04/10/2026 20:29,SIMRAN,Mukherjee,"Delhi, Delhi",Fashion|Running Shoes|2199,2
ORD-20261004-0336,2026-10-04 15:19:49,Aarav,Parmar,"delhi, delhi",Fashion|Denim Jeans|1199,1
ORD-20261004-2612,04-10-2026 12:46,Karan,Ghosh,"vadodara, gujarat",Home And Kitchen|Steel Water Bottle|399,5
ORD-20261004-0312,2026-10-04 02:50:48,Vikas,Thakkar,"Delhi, Delhi",Home And Kitchen|Steel Water Bottle|399,1
ORD-20261004-1055,04/10/2026 17:08,VIKAS,Gupta,"Vadodara, Gujarat",Electronics|Wireless Earbuds|1299,3
ORD-20261004-0458,04/10/2026 19:49,Harsh,Verma,"mumbai, maharashtra",Home And Kitchen|Wall Clock|649,1
ORD-20261004-3031,2026-10-04 23:03:30,isha,MISHRA,"Lucknow, Uttar Pradesh",Fashion|Denim Jeans|1199,1
ORD-20261004-1480,04/10/2026 20:13,Ritu,desai,"MUMBAI, MAHARASHTRA",Beauty|Perfume|1299,1
ORD-20261004-0875,04/10/2026 20:23,Shaurya,Agarwal,N/A,Home And Kitchen|Non Stick Pan|1099,1
ORD-20261004-4821,04/10/2026 15:40,Aditi,Parmar,"Kolkata, West Bengal",Electronics|Wireless Earbuds|1299,1
ORD-20261004-0330,04/10/2026 13:41,vikas,Das,"Vadodara, Gujarat",Beauty|Hair Serum|549,0
ORD-20261004-0116,04/10/2026 03:12,Karan,Chauhan,"ahmedabad, gujarat",Electronics|Wireless Earbuds|1299,1
ORD-20261004-4705,04/10/2026 00:31,  Bhavna ,Dubey,"Delhi, Delhi",Home And Kitchen|Wall Clock|649,2
ORD-20261004-2159,04/10/2026 20:08,isha,MODI,"Kolkata, West Bengal",Fashion|Sunglasses|999,1
ORD-20261004-0102,04/10/2026 21:12,ADITYA,yadav,"BENGALURU, KARNATAKA",Fashion|Sunglasses|999,2
ORD-20261004-4714,04/10/2026 22:56,Nisha,khanna,"Delhi, Delhi",Beauty|Face Wash|249,1
ORD-20261004-1863,04/10/2026 17:50,AARAV,Parmar,"Bengaluru, Karnataka",Beauty|Face Wash|249,three
ORD-20261004-1401,04-10-2026 18:34,Amit,Thakkar,"  Vadodara, Gujarat ",Electronics|Bluetooth Speaker|1799,1
ORD-20261004-0799,04/10/2026 15:19,suresh,Reddy,"bengaluru, karnataka",Fashion|Denim Jeans|1199,2
ORD-20261004-3252,04/10/2026 22:26,Dhruv,Dubey,"NAGPUR, MAHARASHTRA",Electronics|Smart Watch|2499,2
ORD-20261004-2828,2026-10-04 07:30:13,Pooja,Srivastava,"Surat, Gujarat",Sports|Skipping Rope|199,1
ORD-20261004-0128,04-10-2026 11:20,Navya,Bansal,"  Mumbai, Maharashtra ",Sports|Cricket Bat|1599,1
ORD-20261004-3439,04/10/2026 09:52,Vihaan,Gupta,"Surat, Gujarat",Fashion|Cotton Kurta|799, 1 
ORD-20261004-0219,,Mihir,vyas,"MUMBAI, MAHARASHTRA",Beauty|Perfume|1299,1
ORD-20261004-3003,2026-10-04 19:59:01,Sara,  Kumar ,"Kolkata, West Bengal",Fashion|Leather Wallet|499,1
ORD-20261004-4743,04/10/2026 13:56,Vikas,Modi,"Hyderabad, Telangana",Sports|Skipping Rope|199,1
ORD-20261004-3011,04/10/2026 16:06,harsh,Mishra,"hyderabad, telangana",Fashion|Denim Jeans|1199,2
ORD-20261004-1463,04/10/2026 16:48,  Harsh ,Pawar,"Hyderabad, Telangana",Home And Kitchen|Wall Clock|649,1
ORD-20261004-4769,04/10/2026 23:54,Khushi,DUBEY,"BENGALURU, KARNATAKA",Fashion|Denim Jeans|1199,1
ORD-20261004-0640,04-10-2026 16:55,KARAN,Bansal,"  Bengaluru, Karnataka ",Fashion|Cotton Kurta|799,1
ORD-20261004-1152,04/10/2026 20:31,ANIKA,PAWAR,"Bengaluru, Karnataka",Electronics|Laptop Stand|749,2
ORD-20261004-3703,2026-10-04 23:44:30,Roshni,Rathod,"chennai, tamil nadu",Electronics|Bluetooth Speaker|1799,1
ORD-20261004-1675,04/10/2026 22:05,  Roshni ,Modi,"BENGALURU, KARNATAKA",Electronics|Power Bank|899,2
ORD-20261004-0424,04/10/2026 16:56,Harsh,Sharma,"KOLKATA, WEST BENGAL",,1
ORD-20261004-3526,2026-10-04 09:47:32,Vihaan,Dubey,"Hyderabad, Telangana",Electronics|Smart Watch|2499,2
ORD-20261004-1306,04/10/2026 21:09,gaurav,Ghosh,"delhi, delhi",Fashion|Cotton Kurta|799,2
ORD-20261004-4762,2026-10-04 12:01:58,Neha,Tiwari,"jaipur, rajasthan",Beauty|Face Wash|249,6
ORD-20261004-0210,04/10/2026 20:11,Diya,Patil,"Kolkata, West Bengal",Sports|Skipping Rope|199,
ORD-20261004-1320,04/10/2026 19:53,Diya,Chaudhary,"nagpur, maharashtra",Fashion|Sunglasses|999,1
ORD-20261004-1928,04/10/2026 13:29,BHAVNA,Kumar,"  Bengaluru, Karnataka ",Fashion|Cotton Kurta|799,2
ORD-20261004-4789,04/10/2026 19:28,KHUSHI,mehta,"KOLKATA, WEST BENGAL",Fashion|Sunglasses|999,1
ORD-20261004-0965,04/10/2026 20:40,Harsh,kumar,"AHMEDABAD, GUJARAT",Fashion|Running Shoes|2199,4
ORD-20261004-3827,04-10-2026 03:56,Shreya,Pandya,"Bengaluru, Karnataka",Sports|Yoga Mat|699,4
ORD-20261004-0317,2026-10-04 20:31:31,Vivaan,Modi,"Vadodara, Gujarat",Electronics|Bluetooth Speaker|1799,2
ORD-20261004-2505,2026-10-04 15:23:54,ARJUN,mukherjee,"Surat, Gujarat",Fashion|Running Shoes|2199,6
ORD-20261004-0170,2026-10-04 13:20:33,  Amit ,gupta,"Ahmedabad, Gujarat",Fashion|Denim Jeans|1199,4
ORD-20261004-1531,2026-10-04 14:17:32,Mansi,Tiwari,"Surat, Gujarat",Fashion|Sunglasses|999,2
ORD-20261004-4451,04-10-2026 18:55,Tushar,sharma,"Delhi, Delhi",Electronics|Laptop Stand|749,4
ORD-20261004-2869,2026-10-04 12:23:18,Ishaan,Trivedi,"Bengaluru, Karnataka",Sports|Skipping Rope|199,1
ORD-20261004-3359,2026-10-04 12:13:57,Sara,Reddy,"Pune, Maharashtra",Fashion|Cotton Kurta|799,0
ORD-20261004-4819,2026-10-04 03:26:21,Shreya,Gupta,"Delhi, Delhi",Electronics|Smart Watch|2499,1.0
ORD-20261004-1473,04/10/2026 12:10,Diya,Chaudhary,"bengaluru, karnataka",Electronics|Laptop Stand|749,1
ORD-20261004-2068,04/10/2026 08:26,Navya,Bansal,"  Mumbai, Maharashtra ",Sports|Football|799,2
ORD-20261004-1342,2026-10-04 10:11:09,MEGHA,Rao,"bengaluru, karnataka",Electronics|Smart Watch|2499,3
ORD-20261004-2597,2026-10-04 07:05:06,advik,TRIVEDI,"  Hyderabad, Telangana ",Fashion|Sunglasses|999,1
ORD-20261004-2997,2026-10-04 19:45:17,Kriti,Agarwal,"Mumbai, Maharashtra",Fashion|Leather Wallet|499,
ORD-20261004-4818,2026-10-04 18:58:54,Advik,MEHTA,"Nagpur, Maharashtra",Fashion|Running Shoes|2199,3
ORD-20261004-2127,2026-10-04 11:43:26,manish,Nair,"  Ahmedabad, Gujarat ",Sports|Cricket Bat|1599,1
ORD-20261004-2108,04/10/2026 21:11,DEV,Modi,"JAIPUR, RAJASTHAN",Home And Kitchen|Steel Water Bottle|399,1
ORD-20261004-1695,04/10/2026 22:37,Gaurav,  Malhotra ,"Pune, Maharashtra",Home And Kitchen|Storage Box|299, 1 
ORD-20261004-2677,,Parth,Jain,"Chennai, Tamil Nadu",Home And Kitchen|Storage Box|299,2
ORD-20261004-1420,04/10/2026 19:27,Parth,Joshi,"nagpur, maharashtra",Home And Kitchen|Bedsheet Set|1499,1
ORD-20261004-2960,2026-10-04 11:10:52,  Pooja ,rao,"ahmedabad, gujarat",Fashion|Denim Jeans|1199,4
ORD-20261004-2039,2026-10-04 19:49:27,Myra,Srivastava,"delhi, delhi",Beauty|Hair Serum|549, 1 
ORD-20261004-3500,2026-10-04 07:55:25,Komal,Sharma,"hyderabad, telangana",Fashion|Sunglasses|999,
ORD-20261004-4280,04-10-2026 14:09,Kabir,Kulkarni,"Ahmedabad, Gujarat",Electronics|Laptop Stand|749, 2 
ORD-20261004-2553,04/10/2026 19:51,Neha,PAWAR,"jaipur, rajasthan",Electronics|Bluetooth Speaker|1799,2
ORD-20261004-0333,2026-10-04 22:06:35,karan,patel,"CHENNAI, TAMIL NADU",Fashion|Denim Jeans|1199,3
ORD-20261004-1421,04/10/2026 18:41,sai,Arora,"chennai, tamil nadu",Electronics|Smart Watch|2499,1
ORD-20261004-2358,04/10/2026 14:35,Manish,Nair,"hyderabad, telangana",Electronics|Power Bank|899,1.0
ORD-20261004-1555,2026-10-04 03:41:45,janvi,  Saxena ,"Vadodara, Gujarat",Sports|Football|799,4.0
ORD-20261004-0900,N/A,ritu,menon,"Pune, Maharashtra",Fashion|Denim Jeans|1199, 3 
ORD-20261004-4129,04-10-2026 23:45,Dhruv,Iyer,"mysuru, karnataka",Beauty|Hair Serum|549,1
ORD-20261004-0906,2026-10-04 09:21:26,Simran,joshi,"Bengaluru, Karnataka",Fashion|Running Shoes|2199,1
ORD-20261004-3540,04/10/2026 22:05,,Srivastava,"Mumbai, Maharashtra",Beauty|Hair Serum|549,1
ORD-20261004-0504,2026-10-04 22:30:44,NISHA,Modi,"  Ahmedabad, Gujarat ",Fashion|Sunglasses|999,3
ORD-20261004-4648,04/10/2026 20:30,Gaurav,  Kumar ,"Jaipur, Rajasthan",Fashion|Leather Wallet|499,1
ORD-20261004-3641,2026-10-04 14:33:06,Bhavna,Parmar,"Delhi, Delhi",Sports|Skipping Rope|199, 1 
ORD-20261004-1022,2026-10-04 15:01:20,Jay,Chaudhary,"PUNE, MAHARASHTRA",Fashion|Sunglasses|999,2
ORD-20261004-3865,04-10-2026 20:08,Pooja,chaudhary,"bengaluru, karnataka",Fashion|Sunglasses|999,4
ORD-20261004-1679,04-10-2026 11:16,  Khushi ,Kumar,"bengaluru, karnataka",Fashion|Denim Jeans|1199,3
ORD-20261004-4785,2026-10-04 14:38:46,ADITI,Tiwari,"Chennai, Tamil Nadu",Home And Kitchen|Storage Box|299,2
ORD-20261004-1490,04/10/2026 23:19,,Mishra,"Delhi, Delhi",Fashion|Denim Jeans|1199,1
ORD-20261004-0939,04/10/2026 15:21,Tanvi,Bose,"Vadodara, Gujarat",Fashion|Leather Wallet|499,3
ORD-20261004-3482,04-10-2026 17:15,Tanvi,Kalavadia,"Pune, Maharashtra",Fashion|Leather Wallet|499,-2
ORD-20261004-1007,04/10/2026 17:47,  Kriti ,Saxena,"Jaipur, Rajasthan",Home And Kitchen|Non Stick Pan|1099,1
ORD-20261004-0067,04/10/2026 18:45,Advik,Patel,"Chennai, Tamil Nadu",Electronics|Laptop Stand|749,2
ORD-20261004-2687,04/10/2026 22:37,Yash,Patil,"hyderabad, telangana",Sports|Skipping Rope|199,3
ORD-20261004-2876,04/10/2025 23:11,bhavna,KALAVADIA,"BENGALURU, KARNATAKA",Electronics|Wireless Earbuds|1299,3
ORD-20261004-3138,04/10/2026 23:44,PRIYA,Tiwari,"Mysuru, Karnataka",Beauty|Perfume|1299,2
ORD-20261004-0794,2026-10-04 22:21:17,Komal,yadav,"Bengaluru, Karnataka",Sports|Dumbbell Set|1899,2
ORD-20261004-2177,04-10-2026 22:17,TUSHAR,BHATT,"bengaluru, karnataka",Fashion|Running Shoes|2199,3
ORD-20261004-1471,04/10/2026 14:24,Pooja,  Mukherjee ,"Pune, Maharashtra",Fashion|Denim Jeans|1199,1
ORD-20261004-3605,2026-10-04 08:06:41,KRISHNA,TRIVEDI,"Mumbai, Maharashtra",Home And Kitchen|Bedsheet Set|1499,two
ORD-20261004-1977,2026-10-04 04:47:11,Sara,agarwal,"Hyderabad, Telangana",Fashion|Denim Jeans|1199,2
ORD-20261004-4012,04-10-2026 21:07,Rajesh,Malhotra,"pune, maharashtra",Fashion|Denim Jeans|1199,1
ORD-20261004-4288,04-10-2026 11:34,,SHARMA,"Mumbai, Maharashtra",Fashion|Sunglasses|999,2
ORD-20261004-0109,04/10/2026 19:09,POOJA,Bansal,"Delhi, Delhi",Fashion|Running Shoes|2199,3
ORD-20261004-0475,2026-10-04 17:30:52,Aditya,Srivastava,"  Ahmedabad, Gujarat ",Electronics|Bluetooth Speaker|1799, 2 
ORD-20261004-2722,04-10-2026 18:46,PRIYA,CHAUDHARY,"Surat, Gujarat",Electronics|Smart Watch|2499,1
ORD-20261004-0449,04-10-2026 13:15,ADVIK,patil,"Delhi, Delhi",Sports|Football|799,1
ORD-20261004-3801,04/10/2026 18:00,,Singh,"Ahmedabad, Gujarat",Beauty|Lipstick|399,4
ORD-20261004-1136,2026-10-04 00:08:31,Dhruv,Patel,"Mumbai, Maharashtra",Fashion|Cotton Kurta|799,1.0
ORD-20261004-1285,04/10/2026 15:49,  Ayaan ,Thakkar,"Mumbai, Maharashtra",Sports|Cricket Bat|1599,1
ORD-20261004-0271,2026-10-04 22:42:50,Aanya,  Desai ,"HYDERABAD, TELANGANA",Fashion|Cotton Kurta|799,1
ORD-20261004-1164,04/10/2026 17:35,Varun,  Joshi ,"Bengaluru, Karnataka",Fashion|Leather Wallet|499,4
ORD-20261004-1801,04/10/2026 14:52,VARUN,kapoor,"Lucknow, Uttar Pradesh",Sports|Dumbbell Set|1899,1.0
ORD-20261004-4735,,Ayaan,kapoor,"bengaluru, karnataka",Electronics|Wireless Earbuds|1299,2
ORD-20261004-1304,2026-10-04 15:09:31,Nidhi,Patel,"Bengaluru, Karnataka",Fashion|Denim Jeans|1199,1
ORD-20261004-2420,04/10/2026 19:03,Aditi,Mishra,"Delhi, Delhi",Fashion|Leather Wallet|499,1
ORD-20261004-0865,2026-10-04 15:35:44,Kabir,Saxena,"Mumbai, Maharashtra",Fashion|Leather Wallet|499,2
ORD-20261004-3410,04/10/2026 14:39,RUDRA,dubey,"Mumbai, Maharashtra",Sports|Yoga Mat|699,1.0
ORD-20261004-3095,04/10/2026 19:19,Parth,Solanki,"Coimbatore, Tamil Nadu",Sports|Dumbbell Set|1899,4
ORD-20261004-4121,04/10/2026 15:20,Janvi,Patil,"  Lucknow, Uttar Pradesh ",Electronics|Bluetooth Speaker|1799,1
ORD-20261004-0448,04/10/2026 22:18,Nisha,,"  Mumbai, Maharashtra ",Sports|Football|799,1
ORD-20261004-2516,04/10/2026 15:52,shreya,  Srivastava ,"Ahmedabad, Gujarat",Home And Kitchen|Wall Clock|649,2
ORD-20261004-3211,04/10/2026 17:45,Karan,Malhotra,"PUNE, MAHARASHTRA",Fashion|Denim Jeans|1199,3
ORD-20261004-1088,2026-10-04 02:09:58,harsh,SHAH,"Vadodara, Gujarat",Beauty|Lipstick|399,2
ORD-20261004-2379,04/10/2026 20:39,advik,Khanna,"  Bengaluru, Karnataka ",Sports|Yoga Mat|699,2
ORD-20261004-4670,04/10/2026 21:56,,Solanki,"DELHI, DELHI",Beauty|Hair Serum|549,
ORD-20261004-2696,04/10/2026 09:47,Shaurya,Thakkar,"Nagpur, Maharashtra",Beauty|Lipstick|399, 1 
ORD-20261004-1208,04-10-2026 07:00,Rohan,GUPTA,"pune, maharashtra",Fashion|Running Shoes|2199,2
ORD-20261004-2311,04/10/2026 12:21,  Simran ,Pawar,"Delhi, Delhi",Sports|Dumbbell Set|1899,1
ORD-20261004-3222,2026-10-04 16:43:05,neel,Sinha,"AHMEDABAD, GUJARAT",Sports|Yoga Mat|699,1
ORD-20261004-4515,04-10-2026 15:02,rajesh,VYAS,"bengaluru, karnataka",Electronics|Smart Watch|2499,2
ORD-20261004-1805,04/10/2026 14:14,Pooja,Sinha,"PUNE, MAHARASHTRA",Electronics|Bluetooth Speaker|1799,2
ORD-20261004-4350,2026-10-04 18:09:44,  Rahul ,  Pawar ,N/A,Electronics|Wireless Earbuds|1299,0
ORD-20261004-4840,2026-10-04 06:18:22,khushi,rathod,"Mumbai, Maharashtra",Beauty|Sunscreen|449,2
ORD-20261004-1148,04/10/2026 12:36,anika,Reddy,"Delhi, Delhi",Beauty|Hair Serum|549,4.0
ORD-20261004-4652,2026-10-04 13:54:33,Khushi,Dubey,"Bengaluru, Karnataka",Beauty|Hair Serum|549,2
ORD-20261004-0373,04-10-2026 08:08,Tanvi,Pillai,"Jaipur, Rajasthan",Home And Kitchen|Storage Box|299,2
ORD-20261004-0080,2026-10-04 14:01:00,Deepak,Nair,"Delhi, Delhi",Home And Kitchen|Storage Box|299,2
ORD-20261004-3097,2026-10-04 21:40:57,Nikhil,Gupta,"pune, maharashtra",Fashion|Running Shoes|2199,1
ORD-20261004-3077,04-10-2026 15:38,  Anika ,sinha,"Nagpur, Maharashtra",Electronics|Smart Watch|2499,1
ORD-20261004-4491,04/10/2026 08:28,Neel,Agarwal,"chennai, tamil nadu",Fashion|Cotton Kurta|799,1
ORD-20261004-4465,2026-10-04 20:35:00,Megha,,"pune, maharashtra",Sports|Skipping Rope|199,4
ORD-20261004-1517,2026-10-04 10:56:04,Sara,  Kumar ,"kolkata, west bengal",Home And Kitchen|Non Stick Pan|1099,1
ORD-20261004-1895,04/10/2026 17:51,pranav,Pawar,"Kolkata, West Bengal",Sports|Football|799,3
ORD-20261004-3248,04-10-2026 21:19,Janvi,DUBEY,"pune, maharashtra",Fashion|Sunglasses|999,1
ORD-20261004-4075,04/10/2026 09:34,  Saanvi ,  Ghosh ,"Pune, Maharashtra",Fashion|Leather Wallet|499,1
ORD-20261004-2852,31/02/2026 13:23,  Pranav ,rathod,"  Ahmedabad, Gujarat ",Fashion|Sunglasses|999,5
ORD-20261004-1662,04-10-2026 06:56,Rudra,Kapoor,"Delhi, Delhi",Electronics|Bluetooth Speaker|1799,4
ORD-20261004-2670,04/10/2026 21:53,Saanvi,dubey,"Pune, Maharashtra",Sports|Yoga Mat|699,1
ORD-20261004-0710,2026-10-04 21:49:20,Megha,tiwari,"  Mumbai, Maharashtra ",Fashion|Denim Jeans|1199,5
ORD-20261004-4392,2026-10-04 14:18:47,Saanvi,  Chaudhary ,"Bengaluru, Karnataka",Fashion|Leather Wallet|499,1
ORD-20261004-1197,04/10/2026 11:10,Kriti,arora,"  Chennai, Tamil Nadu ",Home And Kitchen|Non Stick Pan|1099,1
ORD-20261004-2922,04/10/2026 20:23,Vivaan,bose,"Bengaluru, Karnataka",Fashion|Denim Jeans|1199,1
ORD-20261004-3927,04/10/2026 14:45,Tushar,chopra,"Chennai, Tamil Nadu",Beauty|Hair Serum|549,3
ORD-20261004-0938,2026-10-04 21:03:31,Aryan,kulkarni,"chennai, tamil nadu",Electronics|Smart Watch|2499,3.0
ORD-20261004-2002,04/10/2026 11:25,nisha,Srivastava,"pune, maharashtra",,3
ORD-20261004-2839,04/10/2026 19:07,Janvi,CHAUHAN,"Nagpur, Maharashtra",Fashion|Sunglasses|999,1
ORD-20261004-3993,04-10-2026 13:45,Shaurya,Joshi,"bengaluru, karnataka",Beauty|Face Wash|249,5
ORD-20261004-0581,04-10-2026 20:36,Sneha,dubey,"  Nagpur, Maharashtra ",,2
ORD-20261004-2218,04/10/2026 19:50,Swati,kumar,"Chennai, Tamil Nadu",Fashion|Sunglasses|999,1
ORD-20261004-0136,04/10/2026 18:25,Janvi,  Patel ,"Bengaluru, Karnataka",Beauty|Sunscreen|449,1
ORD-20261004-1275,2026-10-04 17:40:03,Bhavna,Tiwari,"Coimbatore, Tamil Nadu",Home And Kitchen|Storage Box|299,0
ORD-20261004-2844,2026-10-04 08:26:04,Aadhya,Desai,"Ahmedabad, Gujarat",Electronics|Laptop Stand|749,4
ORD-20261004-2732,04-10-2026 17:01,Hetal,  Nair ,"Kolkata, West Bengal",, 1 
ORD-20261004-4516,04/10/2026 21:11,Karan,Jain,"bengaluru, karnataka",Fashion|Leather Wallet|499,1
ORD-20261004-0777,2026-10-04 09:56:28,  Divya ,Modi,"hyderabad, telangana",Sports|Cricket Bat|1599,4
ORD-20261004-4846,04/10/2026 22:37,Nikhil,Bhatt,"Coimbatore, Tamil Nadu",Sports|Football|799,2.0
ORD-20261004-1936,04-10-2026 21:53,Priya,DUBEY,"mumbai, maharashtra",Home And Kitchen|Bedsheet Set|1499,1
ORD-20261004-0409,04/10/2026 12:52,Pari,bhatt,"Pune, Maharashtra",Home And Kitchen|Non Stick Pan|1099,2
ORD-20261004-4027,2026-10-04 09:52:09,  Rudra ,Rao,"ahmedabad, gujarat",Electronics|Laptop Stand|749,2
ORD-20261004-2431,04/10/2026 20:30,myra,dubey,"Mumbai, Maharashtra",Fashion|Cotton Kurta|799,1
ORD-20261004-4211,2026-10-04 09:17:25,REYANSH,Pawar,"Mumbai, Maharashtra",Beauty|Perfume|1299,1.0
ORD-20261004-1485,04/10/2026 14:49,Tanvi,Bose,"DELHI, DELHI",Home And Kitchen|Wall Clock|649,5
ORD-20261004-3444,04/10/2026 14:25,Mansi,Khanna,"Hyderabad, Telangana",Sports|Skipping Rope|199,1
ORD-20261004-0189,04/10/2026 11:32,Rajesh,PILLAI,"Pune, Maharashtra",Fashion|Denim Jeans|1199,1
ORD-20261004-1293,04-10-2026 21:53,Gaurav,Menon,"  Ahmedabad, Gujarat ",Home And Kitchen|Non Stick Pan|1099,1.0
ORD-20261004-0166,2026-10-04 18:05:45,Roshni,  Patil ,"Pune, Maharashtra",Fashion|Cotton Kurta|799,2
ORD-20261004-3134,2026-10-04 12:54:14,Komal,  Kulkarni ,"delhi, delhi",Electronics|Power Bank|899, 1 
ORD-20261004-1359,04/10/2026 17:27,SURESH,Srivastava,"kolkata, west bengal",Beauty|Sunscreen|449,3
ORD-20261004-2422,2026-10-04 19:43:09,Palak,Chaudhary,"Pune, Maharashtra",Fashion|Denim Jeans|1199,3
ORD-20261004-1093,2026-10-04 10:32:59,Kavya,Mishra,"delhi, delhi",Beauty|Sunscreen|449,3
ORD-20261004-3593,04-10-2026 18:00,Pari,Kapoor,"hyderabad, telangana",Fashion|Sunglasses|999,1
ORD-20261004-3901,30/02/2026 18:16,DEEPAK,patil,"  Bengaluru, Karnataka ",Sports|Skipping Rope|199,1
ORD-20261004-2945,04/10/2026 11:52,  Khushi ,Pillai,"kolkata, west bengal",Home And Kitchen|Non Stick Pan|1099,3
ORD-20261004-4663,2026-10-04 14:55:02,neel,SINHA,"Ahmedabad, Gujarat",Home And Kitchen|Wall Clock|649, 2 
ORD-20261004-3919,2026-10-04 20:22:33,Navya,Rathod,"Chennai, Tamil Nadu",Home And Kitchen|Storage Box|299,2
ORD-20261004-1457,2026-10-04 20:31:39,harsh,Kumar,"Chennai, Tamil Nadu",Fashion|Leather Wallet|499,5.0
ORD-20261004-3696,2026-10-04 13:50:30,  Komal ,  Vyas ,"Mumbai, Maharashtra",Beauty|Lipstick|399,2
ORD-20261004-2580,2026-10-04 17:17:26,Anjali,  Kumar ,"Bengaluru, Karnataka",Sports|Skipping Rope|199,1
ORD-20261004-0254,04/10/2026 21:53,  Aarav ,modi,"Surat, Gujarat",Fashion|Leather Wallet|499,1
ORD-20261004-4678,2026-10-04 14:49:38,Mansi,Ghosh,"Mumbai, Maharashtra",Sports|Cricket Bat|1599,1
ORD-20261004-1554,04/10/2026 15:31,Isha,Agarwal,"vadodara, gujarat",Fashion|Running Shoes|2199,2
ORD-20261004-2994,04/10/2026 21:47,aryan,  Arora ,"bengaluru, karnataka",Fashion|Cotton Kurta|799,1
ORD-20261004-2447,04/10/2026 16:37,ananya,  Pillai ,"  Delhi, Delhi ",Fashion|Running Shoes|2199,1
ORD-20261004-3552,04-10-2026 11:39,Aditya,Mehta,"Ahmedabad, Gujarat",Home And Kitchen|Steel Water Bottle|399,1
ORD-20261004-4072,04/10/2062 06:28,PRIYA,Jain,"Vadodara, Gujarat",Beauty|Sunscreen|449,2
ORD-20261004-2140,04-10-2026 20:34,,Kumar,"chennai, tamil nadu",Beauty|Hair Serum|549,2
ORD-20261004-1562,2026-10-04 17:24:22,Rudra,Pandya,"Hyderabad, Telangana",Fashion|Cotton Kurta|799,2
ORD-20261004-2181,04/10/2026 05:31,Pranav,Arora,"  Ahmedabad, Gujarat ",Fashion|Sunglasses|999,1.0
ORD-20261004-3689,04/10/2026 16:50,  Bhavna ,  Arora ,"Hyderabad, Telangana",Sports|Football|799,3
ORD-20261004-2697,04-10-2026 18:09,Aanya,Rathod,"Lucknow, Uttar Pradesh",Beauty|Lipstick|399,2
ORD-20261004-1807,04/10/2026 12:04,komal,thakkar,"Mysuru, Karnataka",Sports|Yoga Mat|699,2
ORD-20261004-4396,2026-10-04 07:57:37,Kriti,Khanna,"lucknow, uttar pradesh",Electronics|Bluetooth Speaker|1799,1.0
ORD-20261004-2055,04-10-2026 14:58,gaurav,kalavadia,N/A,Fashion|Running Shoes|2199, 1 
ORD-20261004-2074,04-10-2026 11:22,tushar,Malhotra,"HYDERABAD, TELANGANA",Electronics|Bluetooth Speaker|1799,0
ORD-20261004-1731,2026-10-04 20:42:54,  Parth ,rathod,"  Delhi, Delhi ",Electronics|Power Bank|899,1
ORD-20261004-2958,04-10-2026 22:50,manish,Bansal,"Delhi, Delhi",Home And Kitchen|Storage Box|299,1
ORD-20261004-0941,04/10/2026 18:04,  Jay ,srivastava,"Surat, Gujarat",Sports|Cricket Bat|1599,1
ORD-20261004-4262,2026-10-04 20:06:57,Varun,Reddy,"AHMEDABAD, GUJARAT",Beauty|Lipstick|399,1
ORD-20261004-3435,04-10-2026 10:11,navya,MALHOTRA,"hyderabad, telangana",Home And Kitchen|Storage Box|299,1
ORD-20261004-1276,2026-10-04 12:27:42,rudra,bhatt,"kolkata, west bengal",Sports|Cricket Bat|1599,1
ORD-20261004-0025,04/10/2026 17:08,Priya,bansal,"Mumbai, Maharashtra",Electronics|Smart Watch|2499,4
ORD-20261004-2789,04-10-2026 13:34,Myra,Ghosh,"Coimbatore, Tamil Nadu",Fashion|Running Shoes|2199,1
ORD-20261004-3998,,RAJESH,MISHRA,"Jaipur, Rajasthan",Beauty|Perfume|1299,2
ORD-20261004-1747,2026-10-04 14:02:29,Neha,  Thakkar ,"mumbai, maharashtra",Home And Kitchen|Storage Box|299,2
ORD-20261004-4119,2026-10-04 15:11:16,Divya,arora,"  Ahmedabad, Gujarat ",Sports|Skipping Rope|199, 1 
ORD-20261004-4334,04-10-2026 03:34,Amit,,"Kolkata, West Bengal",Sports|Skipping Rope|199,1
ORD-20261004-0231,2026-10-04 11:39:32,Saanvi,Kumar,"Hyderabad, Telangana",Sports|Yoga Mat|699,3
ORD-20261004-2726,2026-10-04 15:45:10,KRITI,Shah,"chennai, tamil nadu",Home And Kitchen|Non Stick Pan|1099,2
ORD-20261004-0828,2026-10-04 18:54:01,Dev,Verma,"Pune, Maharashtra",Sports|Dumbbell Set|1899,2
ORD-20261004-0157,,Swati,Joshi,"Mysuru, Karnataka",Sports|Skipping Rope|199,1
ORD-20261004-1820,04/10/2026 12:05,  Vikas ,  Sharma ,"Coimbatore, Tamil Nadu",Sports|Yoga Mat|699,2
ORD-20261004-2829,2026-10-04 12:06:46,null,singh,"Bengaluru, Karnataka",Beauty|Hair Serum|549,2
ORD-20261004-4160,04/10/2026 21:09,  Ayaan ,Pawar,"bengaluru, karnataka",Fashion|Denim Jeans|1199, 2 
ORD-20261004-3304,04/10/2026 18:56,Neha,Chopra,"Delhi, Delhi",Sports|Football|799,1
ORD-20261004-2588,2026-10-04 15:54:14,TUSHAR,REDDY,"Bengaluru, Karnataka",Fashion|Running Shoes|2199,6.0
ORD-20261004-2633,04/10/2026 09:50,Reyansh,iyer,"Bengaluru, Karnataka",Fashion|Running Shoes|2199,2
ORD-20261004-3874,2026-10-04 22:30:04,Nisha,  Kalavadia ,"Kolkata, West Bengal",Electronics|Wireless Earbuds|1299,2
ORD-20261004-3724,04-10-2026 13:00,saanvi,Patel,"  Ahmedabad, Gujarat ",Fashion|Denim Jeans|1199,3.0
ORD-20261004-3191,04-10-2026 15:43,Atharv,Jain,"PUNE, MAHARASHTRA",Sports|Skipping Rope|199, 1 
ORD-20261004-0917,04-10-2026 11:58,reyansh,Bose,"Kolkata, West Bengal",Fashion|Cotton Kurta|799,3
ORD-20261004-0286,04/10/2026 13:04,  Megha ,Nair,"mysuru, karnataka",Fashion|Running Shoes|2199,1
ORD-20261004-2198,2026-10-04 13:18:02,swati,Malhotra,"surat, gujarat",Electronics|Bluetooth Speaker|1799,1
ORD-20261004-3716,04/10/2026 20:07,Aryan,pandya,"Mumbai, Maharashtra",Home And Kitchen|Storage Box|299,3
ORD-20261004-3850,04/10/2026 13:24,khushi,Bansal,"HYDERABAD, TELANGANA",Electronics|Power Bank|899,1
ORD-20261004-1223,04/10/2026 23:26,Ritu,Mukherjee,"bengaluru, karnataka",Home And Kitchen|Non Stick Pan|1099,2
ORD-20261004-2249,04/10/2026 10:00,SWATI,  Chaudhary ,"Chennai, Tamil Nadu",Sports|Skipping Rope|199,2
ORD-20261004-4566,2026-10-04 21:46:52,Yash,Kalavadia,"Hyderabad, Telangana",Fashion|Sunglasses|999,2
ORD-20261004-0857,2026-10-04 17:45:24,PAYAL,parmar,"Chennai, Tamil Nadu",Fashion|Cotton Kurta|799,4
ORD-20261004-1256,04/10/2026 14:49,aarav,Bhatt,"Hyderabad, Telangana",Fashion|Cotton Kurta|799,1.0
,2026-10-04 17:39:36,Payal,Reddy,"Ahmedabad, Gujarat",Electronics|Wireless Earbuds|1299,1
ORD-20261004-1943,04/10/2026 17:26,  Aarav ,Mehta,"pune, maharashtra",Home And Kitchen|Non Stick Pan|1099, 1 
ORD-20261004-4506,2026-10-04 10:13:29,  Neha ,Gupta,"Surat, Gujarat",,2
ORD-20261004-4554,04/10/2026 12:01,Karan,kulkarni,"  Jaipur, Rajasthan ",Sports|Dumbbell Set|1899,2
ORD-20261004-3438,04/10/2026 13:17,shaurya,  Solanki ,"Bengaluru, Karnataka",Sports|Dumbbell Set|1899,1
ORD-20261004-2278,04/10/2026 16:25,Sara,bansal,"mumbai, maharashtra",Electronics|Smart Watch|2499,1
ORD-20261004-4222,04/10/2026 15:34,Yash,thakkar,"Mumbai, Maharashtra",Beauty|Hair Serum|549,1
ORD-20261004-0523,04-10-2026 16:02,ishaan,joshi,"MUMBAI, MAHARASHTRA",Home And Kitchen|Non Stick Pan|1099,3
ORD-20261004-0966,04/10/2026 20:20,TANVI,Pandya,"surat, gujarat",Fashion|Sunglasses|999,1
ORD-20261004-3387,2026-10-04 14:45:17,sara,KUMAR,"kolkata, west bengal",Electronics|Smart Watch|2499,1
ORD-20261004-4795,2026-10-04 11:05:04,NEHA,Chauhan,"lucknow, uttar pradesh",Fashion|Leather Wallet|499,2
ORD-20261004-0142,2026-10-04 20:19:52,krupa,Vyas,"Pune, Maharashtra",Home And Kitchen|Storage Box|299,2
ORD-20261004-3713,04/10/2026 17:14,Karan,malhotra,"surat, gujarat",Beauty|Hair Serum|549,3
ORD-20261004-3475,04/10/2026 07:37,mansi,pawar,"pune, maharashtra",Sports|Yoga Mat|699,3
ORD-20261004-3559,2026-10-04 11:28:48,Aryan,  Chaudhary ,"chennai, tamil nadu",Beauty|Perfume|1299,3
ORD-20261004-4793,04/10/2026 18:32,Ishaan,Rathod,"chennai, tamil nadu",Fashion|Cotton Kurta|799,1
ORD-20261004-0814,2026-10-04 22:33:57,Advik,Kulkarni,"Chennai, Tamil Nadu",Sports|Cricket Bat|1599, 2 
ORD-20261004-1862,04/10/2026 12:01,Rajesh,REDDY,"bengaluru, karnataka",Fashion|Denim Jeans|1199,2
ORD-20261004-2125,2026-10-04 20:35:30,Roshni,Gupta,"Bengaluru, Karnataka",Beauty|Perfume|1299,1
ORD-20261004-2946,04-10-2026 12:40,Advik,Trivedi,"Hyderabad, Telangana",Electronics|Bluetooth Speaker|1799,1
ORD-20261004-1544,04/10/2026 14:05,ishaan,Agarwal,"Delhi, Delhi",Home And Kitchen|Wall Clock|649,1
ORD-20261004-1720,04-10-2026 12:46,priya,Joshi,"Pune, Maharashtra",Sports|Yoga Mat|699,3
ORD-20261004-3894,2026-10-04 02:25:17,  Saanvi ,dubey,"Pune, Maharashtra",Fashion|Cotton Kurta|799,2
ORD-20261004-0191,04/10/2026 22:44,om,  Nair ,"bengaluru, karnataka",Sports|Football|799,1
ORD-20261004-2020,2026-10-04 13:22:48,Neha,Malhotra,"Chennai, Tamil Nadu",Sports|Dumbbell Set|1899,1
ORD-20261004-4328,04-10-2026 20:19,Ritu,Chauhan,"mumbai, maharashtra",Fashion|Sunglasses|999,2
ORD-20261004-0621,2026-10-04 13:52:57,Vivaan,Modi,"Bengaluru, Karnataka",Electronics|Smart Watch|2499,1
ORD-20261004-3373,04/10/2026 19:17,ananya,DUBEY,"Ahmedabad, Gujarat",Home And Kitchen|Non Stick Pan|1099,4
ORD-20261004-1884,04/10/2026 11:44,,  Sharma ,"  Lucknow, Uttar Pradesh ",Fashion|Running Shoes|2199,2
ORD-20261004-3771,2026-10-04 12:02:14,aanya,Mehta,,Fashion|Denim Jeans|1199,4
ORD-20261004-1954,04/10/2026 09:19,Deepak,singh,"Delhi, Delhi",Home And Kitchen|Non Stick Pan|1099,2
ORD-20261004-3276,2026-10-04 19:32:34,Aanya,PARMAR,"Hyderabad, Telangana",Beauty|Hair Serum|549,3
ORD-20261004-3189,2026-10-04 13:09:29,Deepak,IYER,"Chennai, Tamil Nadu",Beauty|Hair Serum|549,2
ORD-20261004-0905,04/10/2026 21:18,Komal,ARORA,"Surat, Gujarat",Fashion|Running Shoes|2199,3
ORD-20261004-2847,04/10/2026 01:42,dhwani,Rathod,"Mumbai, Maharashtra",Beauty|Hair Serum|549,1
ORD-20261004-1942,04/10/2026 19:52,  Aanya ,mishra,"HYDERABAD, TELANGANA",Fashion|Sunglasses|999,1
ORD-20261004-3554,04/10/2026 20:12,Advik,Chauhan,"Nagpur, Maharashtra",Electronics|Bluetooth Speaker|1799,1
ORD-20261004-3042,2026-10-04 11:24:57,Manish,RATHOD,"  Hyderabad, Telangana ",Sports|Football|799,3
ORD-20261004-2103,2026-10-04 07:59:21,Anika,Verma,"Bengaluru, Karnataka",Home And Kitchen|Bedsheet Set|1499,1
ORD-20261004-4010,2026-10-04 20:43:03,  Krupa ,  Shah ,"Kolkata, West Bengal",Fashion|Sunglasses|999,2
ORD-20261004-3199,2026-10-04 19:24:12,Varun,Mehta,"  Nagpur, Maharashtra ",Fashion|Leather Wallet|499,1
ORD-20261004-0561,04-10-2026 11:12,Suresh,Patel,"Mysuru, Karnataka",Electronics|Power Bank|899,5
ORD-20261004-2306,04/10/2026 19:49,AARAV,  Arora ,"COIMBATORE, TAMIL NADU",Sports|Yoga Mat|699,3
ORD-20261004-4144,2026-10-04 20:06:49,Harsh,Patil,"mumbai, maharashtra",Electronics|Smart Watch|2499,2
ORD-20261004-4228,2026-10-04 23:22:11,Arjun,Bansal,"Kolkata, West Bengal",Fashion|Denim Jeans|1199,3
ORD-20261004-4390,2026-10-04 18:24:34,sara,Chauhan,"Mumbai, Maharashtra",Sports|Cricket Bat|1599,1.0
ORD-20261004-1407,04-10-2026 11:41,Nidhi,MUKHERJEE,"Mumbai, Maharashtra",Fashion|Cotton Kurta|799,1
ORD-20261004-4585,04/10/2026 17:30,megha,Dubey,"AHMEDABAD, GUJARAT",Fashion|Sunglasses|999,1
ORD-20261004-4398,04/10/2026 22:44,neha,Verma,"MUMBAI, MAHARASHTRA",Sports|Dumbbell Set|1899,5
ORD-20261004-3599,04/10/2026 21:36,Janvi,patel,"Bengaluru, Karnataka",Fashion|Sunglasses|999,1
ORD-20261004-3119,04/10/2026 14:34,reyansh,trivedi,"BENGALURU, KARNATAKA",Electronics|Bluetooth Speaker|1799,1
ORD-20261004-2904,04/10/2026 07:34,dhruv,,"Pune, Maharashtra",Fashion|Cotton Kurta|799,3
ORD-20261004-2540,04-10-2026 16:22,Pooja,  Joshi ,"  Bengaluru, Karnataka ",Home And Kitchen|Steel Water Bottle|399,1
ORD-20261004-2667,04-10-2026 22:25,vivaan,Pawar,"Lucknow, Uttar Pradesh",Sports|Skipping Rope|199,2
ORD-20261004-3866,04/10/2026 06:39,Deepak,Shah,"Ahmedabad, Gujarat",Fashion|Running Shoes|2199,6
ORD-20261004-2562,04/10/2026 16:05,Krupa,Sinha,"  Delhi, Delhi ",Electronics|Wireless Earbuds|1299,2
ORD-20261004-0630,04-10-2026 14:56,bhavna,Kumar,"bengaluru, karnataka",Fashion|Sunglasses|999,1
ORD-20261004-0623,04-10-2026 09:39,amit,kalavadia,"bengaluru, karnataka",Beauty|Lipstick|399,1.0
ORD-20261004-4256,04-10-2026 23:53,Karan,verma,"  Kolkata, West Bengal ",Home And Kitchen|Steel Water Bottle|399,4
ORD-20261004-1217,04/10/2026 22:51,aarav,bose,"Surat, Gujarat",Sports|Skipping Rope|199,1
ORD-20261004-3606,2026-10-04 07:48:45,NAVYA,menon,"Ahmedabad, Gujarat",Home And Kitchen|Storage Box|299,3
ORD-20261004-0616,2026-10-04 17:23:08,advik,Solanki,"Ahmedabad, Gujarat",Beauty|Lipstick|399,3
ORD-20261004-1704,04/10/2026 12:58,vivaan,PAWAR,"Mysuru, Karnataka",Electronics|Bluetooth Speaker|1799,1.0
ORD-20261004-2818,04/10/2026 15:57,Ishaan,dubey,"  Bengaluru, Karnataka ",Fashion|Running Shoes|2199,1
ORD-20261004-4001,04-10-2026 23:41,Jay,bose,"Ahmedabad, Gujarat",Beauty|Sunscreen|449,1
ORD-20261004-3527,2026-10-04 08:57:01,Neel,Trivedi,"Chennai, Tamil Nadu",Electronics|Bluetooth Speaker|1799,1
ORD-20261004-4388,04/10/2026 02:14,Parth,Singh,"DELHI, DELHI",Electronics|Bluetooth Speaker|1799,2
ORD-20261004-3450,2026-10-04 23:27:23,Hetal,Patil,"Kolkata, West Bengal",Sports|Yoga Mat|699,2
ORD-20261004-2097,2026-10-04 19:35:44,Varun,Bansal,"AHMEDABAD, GUJARAT",Sports|Dumbbell Set|1899,1
ORD-20261004-1762,04/10/2026 23:08,Saanvi,  Patel ,"Ahmedabad, Gujarat",Sports|Cricket Bat|1599,1
ORD-20261004-4560,04/10/2026 18:22,Ishaan,Thakkar,"MYSURU, KARNATAKA",Home And Kitchen|Bedsheet Set|1499,3
ORD-20261004-0926,04/10/2026 13:49,Parth,Kapoor,"Pune, Maharashtra",Home And Kitchen|Wall Clock|649,3
ORD-20261004-0057,04/10/2026 21:57,Kunal,Ghosh,"Mysuru, Karnataka",Fashion|Sunglasses|999,2
ORD-20261004-4082,04/10/2026 16:00,arjun,Rao,"  Jaipur, Rajasthan ",Beauty|Face Wash|249,1
ORD-20261004-4147,04/10/2026 02:43,Nidhi,Saxena,"Mumbai, Maharashtra",Electronics|Laptop Stand|749,1
ORD-20261004-2832,2026-10-04 14:50:33,JANVI,Bhatt,"  Pune, Maharashtra ",Fashion|Denim Jeans|1199,3
ORD-20261004-4312,04/10/2026 19:48,Tanvi,Bose,"vadodara, gujarat",Beauty|Hair Serum|549,1
ORD-20261004-3055,04-10-2026 12:20,Pari,Ghosh,"CHENNAI, TAMIL NADU",Electronics|Wireless Earbuds|1299,2
ORD-20261004-1324,2026-10-04 12:48:13,saanvi,VYAS,"mumbai, maharashtra",Beauty|Lipstick|399,1
ORD-20261004-2901,04-10-2026 09:08,tanvi,  Patil ,"Hyderabad, Telangana",Fashion|Running Shoes|2199,1
ORD-20261004-2239,04/10/2062 17:17,Navya,Desai,"NAGPUR, MAHARASHTRA",Home And Kitchen|Non Stick Pan|1099,1
ORD-20261004-1379,04/10/2026 11:22,Advik,arora,,Sports|Cricket Bat|1599,1
ORD-20261004-3781,04-10-2026 11:15,,Shah,"pune, maharashtra",Home And Kitchen|Bedsheet Set|1499,1
ORD-20261004-0072,04-10-2026 12:06,Suresh,Patil,"Delhi, Delhi",Home And Kitchen|Non Stick Pan|1099,1
ORD-20261004-2200,2026-10-04 00:36:54,Kriti,  Arora ,"chennai, tamil nadu",Beauty|Lipstick|399,1
ORD-20261004-2541,04/10/2026 20:26,  Swati ,  Agarwal ,"pune, maharashtra",Home And Kitchen|Steel Water Bottle|399,1
ORD-20261004-4192,04-10-2026 10:09,Hetal,chauhan,"Mumbai, Maharashtra",Fashion|Cotton Kurta|799,1
ORD-20261004-1804,2026-10-04 20:09:10,Vihaan,Jain,"Mumbai, Maharashtra",Sports|Yoga Mat|699,2
ORD-20261004-2092,04/10/2026 15:12,Komal,Yadav,"Ahmedabad, Gujarat",Sports|Dumbbell Set|1899,1
ORD-20261004-4639,04-10-2026 22:09,Megha,patel,"Kolkata, West Bengal",Fashion|Running Shoes|2199,1
ORD-20261004-0594,2026-10-04 19:31:02,AARAV,Vyas,"mumbai, maharashtra",Sports|Dumbbell Set|1899,2
ORD-20261004-2690,04/10/2026 16:46,ananya,Jain,"Delhi, Delhi",Electronics|Bluetooth Speaker|1799,2
ORD-20261004-4521,2026-10-04 20:15:48,advik,Kapoor,"Bengaluru, Karnataka",Sports|Football|799,1
ORD-20261004-1156,04/10/2026 14:08,Harsh,patil,"Mumbai, Maharashtra",Fashion|Leather Wallet|499,1
ORD-20261004-2790,04-10-2026 10:11,Sai,KAPOOR,"Bengaluru, Karnataka",Beauty|Lipstick|399,5
ORD-20261004-1610,04/10/2026 18:05,Amit,shah,"Surat, Gujarat",Electronics|Smart Watch|2499,1
ORD-20261004-1938,2026-10-04 13:35:40,KHUSHI,  Rathod ,"Mumbai, Maharashtra",Fashion|Leather Wallet|499, 3 
ORD-20261004-2097,2026-10-04 19:35:44,Varun,Bansal,"AHMEDABAD, GUJARAT",Sports|Dumbbell Set|1899,1
ORD-20261004-4150,04-10-2026 12:48,Khushi,  Dubey ,"bengaluru, karnataka",Electronics|Wireless Earbuds|1299,4
ORD-20261004-3050,2026-10-04 11:07:31,parth,Sharma,"Mumbai, Maharashtra",Fashion|Running Shoes|2199,1
ORD-20261004-3308,2026-10-04 23:32:25,Dhwani,gupta,"Bengaluru, Karnataka",Sports|Skipping Rope|199,2
ORD-20261004-4393,2026-10-04 20:52:38,palak,Agarwal,"CHENNAI, TAMIL NADU",Home And Kitchen|Bedsheet Set|1499,3
ORD-20261004-1904,04/10/2026 16:59,Kunal,Ghosh,"Mysuru, Karnataka",Fashion|Denim Jeans|1199,1
ORD-20261004-2023,2026-10-04 22:31:10,Sara,Kalavadia,"surat, gujarat",Sports|Skipping Rope|199,2
ORD-20261004-2052,04/10/2026 20:10,Dhruv,Kalavadia,,Fashion|Leather Wallet|499,5
ORD-20261004-3670,04/10/2026 16:57,  Yash ,  Bose ,"kolkata, west bengal",Fashion|Leather Wallet|499,2
ORD-20261004-4721,2026-10-04 12:54:01,Deepak,Mishra,"Delhi, Delhi",Electronics|Wireless Earbuds|1299,1
ORD-20261004-0167,2026-10-04 18:32:49,Ishaan,singh,"Kolkata, West Bengal",Fashion|Sunglasses|999,2
ORD-20261004-3695,2026-10-04 22:57:50,,Kapoor,"  Delhi, Delhi ",Electronics|Power Bank|899,1
ORD-20261004-4830,04/10/2026 20:09,DIVYA,das,"surat, gujarat",Home And Kitchen|Non Stick Pan|1099,1.0
ORD-20261004-2501,04-10-2026 16:26,vikas,iyer,"  Surat, Gujarat ",Sports|Football|799,1
ORD-20261004-1508,04/10/2026 06:03,  Kriti ,trivedi,"CHENNAI, TAMIL NADU",Beauty|Lipstick|399,1
ORD-20261004-2792,04-10-2026 12:31,Swati,Desai,"Delhi, Delhi",Sports|Cricket Bat|1599,3
ORD-20261004-0931,04/10/2026 13:09,Simran,Kulkarni,"  Chennai, Tamil Nadu ",Sports|Skipping Rope|199,1
ORD-20261004-3293,2026-10-04 15:58:10,  Yash ,Pawar,"Chennai, Tamil Nadu",Electronics|Bluetooth Speaker|1799,2
ORD-20261004-3452,04/10/2026 10:00,Priya,  Gupta ,"Surat, Gujarat",Fashion|Running Shoes|2199,2
ORD-20261004-1428,2026-10-04 09:02:02,  Kriti ,Patil,"Hyderabad, Telangana",Sports|Cricket Bat|1599,
ORD-20261004-1614,04/10/2026 20:05,myra,mehta,"  Bengaluru, Karnataka ",Fashion|Leather Wallet|499,2
ORD-20261004-1829,04-10-2026 20:29,navya,Bansal,,Sports|Football|799,1
ORD-20261004-4523,2026-10-04 18:36:47,Isha,Trivedi,"Lucknow, Uttar Pradesh",Electronics|Wireless Earbuds|1299,3
ORD-20261004-4838,04/10/2026 13:34,ATHARV,Joshi,"Ahmedabad, Gujarat",Fashion|Leather Wallet|499,
ORD-20261004-0375,04/10/2026 12:16,Rudra,Bose,"Mysuru, Karnataka",Beauty|Hair Serum|549,1
ORD-20261004-3662,2026-10-04 13:18:21,myra,Rao,"Delhi, Delhi",Electronics|Wireless Earbuds|1299,2
ORD-20261004-3761,04/10/2026 22:36,manish,VERMA,"Mumbai, Maharashtra",Electronics|Smart Watch|2499,1
ORD-20261004-1265,2026-10-04 13:51:49,  Amit ,Mukherjee,"Surat, Gujarat",Electronics|Power Bank|899,3
ORD-20261004-2859,04/10/2026 10:02,Ishaan,Ghosh,"Delhi, Delhi",Fashion|Sunglasses|999,1
ORD-20261004-1005,2026-10-04 01:46:12,,Mukherjee,"VADODARA, GUJARAT",Electronics|Smart Watch|2499,1
ORD-20261004-0385,04/10/2026 15:03,saanvi,gupta,"NAGPUR, MAHARASHTRA",Fashion|Cotton Kurta|799, 2 
ORD-20261004-1301,04-10-2026 18:59,aditi,CHAUHAN,"nagpur, maharashtra",Electronics|Laptop Stand|749,4
ORD-20261004-2561,2026-10-04 20:41:10,Nidhi,yadav,"COIMBATORE, TAMIL NADU",Home And Kitchen|Bedsheet Set|1499,1
ORD-20261004-2658,04-10-2026 22:51,Kriti,Reddy,"Surat, Gujarat",Electronics|Bluetooth Speaker|1799,1
ORD-20261004-1865,04-10-2026 07:11,sara,Chaudhary,"hyderabad, telangana",Home And Kitchen|Bedsheet Set|1499,2
ORD-20261004-3411,04/10/2026 08:28,JANVI,Kumar,"Bengaluru, Karnataka",Home And Kitchen|Non Stick Pan|1099,1
ORD-20261004-1948,04-10-2026 14:36,  Vikas ,Rathod,"Delhi, Delhi",Home And Kitchen|Wall Clock|649, 2 
ORD-20261004-3345,04/10/2026 20:22,dev,Chaudhary,"  Hyderabad, Telangana ",Fashion|Leather Wallet|499, 2 
ORD-20261004-2793,2026-10-04 12:03:01,jay,Pandya,"Mumbai, Maharashtra",Electronics|Wireless Earbuds|1299,1
ORD-20261004-2266,04/10/2026 14:24,Myra,Mehta,"Bengaluru, Karnataka",Beauty|Perfume|1299,1
ORD-20261004-2346,04/10/2026 20:15,Kriti,Parmar,"Ahmedabad, Gujarat",Home And Kitchen|Steel Water Bottle|399,2
ORD-20261004-3653,2026-10-04 13:51:23,Om,Malhotra,"kolkata, west bengal",Beauty|Lipstick|399,2
ORD-20261004-2272,2026-10-04 18:46:22,Aditya,Iyer,"Pune, Maharashtra",Beauty|Hair Serum|549,1
ORD-20261004-1858,2026-10-04 04:25:22,Kriti,Srivastava,"MUMBAI, MAHARASHTRA",Beauty|Sunscreen|449,1
ORD-20261004-1178,04-10-2026 17:12,Arjun,  Patel ,"Ahmedabad, Gujarat",Home And Kitchen|Non Stick Pan|1099,5
ORD-20261004-2952,04/10/2026 18:07,PAYAL,GHOSH,"BENGALURU, KARNATAKA",Home And Kitchen|Steel Water Bottle|399,3.0
ORD-20261004-1260,2026-10-04 14:44:36,Nikhil,Bhatt,"Jaipur, Rajasthan",Fashion|Cotton Kurta|799,3
ORD-20261004-4296,04/10/2026 12:13,Khushi,malhotra,"  Kolkata, West Bengal ",Beauty|Lipstick|399,1
ORD-20261004-3701,04-10-2026 18:45,Swati,thakkar,"Mumbai, Maharashtra",Fashion|Denim Jeans|1199,2
ORD-20261004-2049,04/10/2026 23:04,  Megha ,Yadav,"kolkata, west bengal",Sports|Dumbbell Set|1899,1
ORD-20261004-3631,04/10/2026 06:59,Aarav,Nair,"Surat, Gujarat",Sports|Football|799,2
ORD-20261004-2084,2026-10-04 01:43:23,nisha,verma,"Lucknow, Uttar Pradesh",Fashion|Leather Wallet|499,3
ORD-20261004-3112,04-10-2026 23:19,Ritu,Das,"Delhi, Delhi",Fashion|Denim Jeans|1199,1.0
ORD-20261004-3356,04/10/2026 13:56,jay,Gupta,"Vadodara, Gujarat",Home And Kitchen|Steel Water Bottle|399,5
ORD-20261004-4417,04/10/2026 16:38,Pooja,THAKKAR,"mumbai, maharashtra",Home And Kitchen|Wall Clock|649,2
ORD-20261004-0428,2026-10-04 21:17:15,atharv,Verma,"  Kolkata, West Bengal ",Fashion|Running Shoes|2199,6
ORD-20261004-0631,04/10/2026 17:31,Payal,rao,"Bengaluru, Karnataka",Electronics|Laptop Stand|749,2.0
ORD-20261004-0277,2026-10-04 23:41:18,Neha,Malhotra,"Jaipur, Rajasthan",Electronics|Bluetooth Speaker|1799,1.0
ORD-20261004-4487,04/10/2026 03:46,  Anika ,Reddy,"Delhi, Delhi",Beauty|Sunscreen|449,2
ORD-20261004-1766,04-10-2026 02:27,Gaurav,tiwari,"mumbai, maharashtra",Home And Kitchen|Storage Box|299,3
ORD-20261004-3184,04/10/2026 02:12,neha,mukherjee,"mysuru, karnataka",Electronics|Bluetooth Speaker|1799,1
ORD-20261004-0480,04/10/2026 11:54,  Krupa ,  Kumar ,"Kolkata, West Bengal",Fashion|Sunglasses|999,4
ORD-20261004-2880,04/10/2026 20:16,parth,Shah,"Surat, Gujarat",Electronics|Smart Watch|2499,1
ORD-20261004-2086,04/10/2026 16:52,Nidhi,Kulkarni,"Surat, Gujarat",,2
ORD-20261004-0627,04-10-2026 21:48,Isha,Singh,"Kolkata, West Bengal",Fashion|Running Shoes|2199,1
ORD-20261004-0534,04/10/2026 08:47,Aryan,patel,"Hyderabad, Telangana",Home And Kitchen|Wall Clock|649,3
ORD-20261004-1242,2026-10-04 21:41:02,,Chauhan,"Bengaluru, Karnataka",Sports|Skipping Rope|199,1
ORD-20261004-1688,04/10/2026 17:42,Roshni,Modi,"pune, maharashtra",Sports|Dumbbell Set|1899,1
ORD-20261004-2774,04/10/2026 05:38,Harsh,Kumar,"Chennai, Tamil Nadu",Fashion|Running Shoes|2199,
ORD-20261004-3310,2026-10-04 19:03:55,  Aarav ,Yadav,"pune, maharashtra",Home And Kitchen|Non Stick Pan|1099,1
ORD-20261004-0071,04/10/2026 21:50,palak,Malhotra,"Chennai, Tamil Nadu",Home And Kitchen|Steel Water Bottle|399,0
ORD-20261004-0034,2026-10-04 12:51:13,khushi,,"Surat, Gujarat",Fashion|Sunglasses|999,1
ORD-20261004-4763,04/10/2026 22:04,Atharv,Joshi,"Ahmedabad, Gujarat",Fashion|Cotton Kurta|799,1
ORD-20261004-1288,2026-10-04 09:01:31,Aditi,arora,"Chennai, Tamil Nadu",Fashion|Leather Wallet|499,1
ORD-20261004-1553,04/10/2026 20:44,Kabir,Pawar,"Bengaluru, Karnataka",Fashion|Leather Wallet|499,3
ORD-20261004-3518,2026-10-04 20:11:00,Amit,Kapoor,"Chennai, Tamil Nadu",Beauty|Sunscreen|449,three
ORD-20261004-4403,04/10/2026 23:43,Krishna,Bhatt,"  Lucknow, Uttar Pradesh ",Fashion|Running Shoes|2199,2
ORD-20261004-0587,2026-10-04 00:51:39,Komal,Sinha,"VADODARA, GUJARAT",Home And Kitchen|Non Stick Pan|1099,1
ORD-20261004-1173,2026-10-04 21:50:40,Swati,  Joshi ,"Kolkata, West Bengal",Fashion|Leather Wallet|499,4
ORD-20261004-3571,2026-10-04 20:01:03,vihaan,Trivedi,"Ahmedabad, Gujarat",Electronics|Smart Watch|2499,1
ORD-20261004-3332,04/10/2026 12:35,Navya,ghosh,"Ahmedabad, Gujarat",Sports|Dumbbell Set|1899,1
ORD-20261004-1894,04/10/2026 12:17,SURESH,Tiwari,"surat, gujarat",Beauty|Sunscreen|449,4
ORD-20261004-3098,2026-10-04 20:17:05,  Kriti ,  Vyas ,"Delhi, Delhi",Beauty|Hair Serum|549,5
ORD-20261004-0187,04-10-2026 18:08,Khushi,Bhatt,"BENGALURU, KARNATAKA",Fashion|Sunglasses|999,3
ORD-20261004-2131,2026-10-04 20:34:54,Neel,  Saxena ,"Mumbai, Maharashtra",Home And Kitchen|Bedsheet Set|1499,5
ORD-20261004-0168,04/10/2026 13:43,mansi,Arora,"Delhi, Delhi",Home And Kitchen|Wall Clock|649,2
ORD-20261004-0486,2026-10-04 15:04:51,Vikas,Yadav,"surat, gujarat",Electronics|Bluetooth Speaker|1799,2
ORD-20261004-1140,2026-10-04 15:13:49,Janvi,Gupta,"LUCKNOW, UTTAR PRADESH",Fashion|Running Shoes|2199,1
ORD-20261004-3208,04/10/2026 21:46,Swati,saxena,"Delhi, Delhi",Electronics|Laptop Stand|749, 1 
ORD-20261004-0212,04/10/2026 23:06,Roshni,Singh,"ahmedabad, gujarat",Fashion|Sunglasses|999,1
ORD-20261004-3062,2026-10-04 20:16:35,  Harsh ,jain,"BENGALURU, KARNATAKA",Electronics|Smart Watch|2499,2
ORD-20261004-2395,04/10/2026 01:00,Ayaan,shah,"Delhi, Delhi",Fashion|Cotton Kurta|799,1
ORD-20261004-2577,04/10/2026 09:25,Varun,Agarwal,"Kolkata, West Bengal",Electronics|Power Bank|899,1
ORD-20261004-0738,2026-10-04 02:58:08,  Pooja ,Ghosh,"  Surat, Gujarat ",Electronics|Power Bank|899,5
ORD-20261004-0552,2026-10-04 11:43:30,Shreya,Chopra,"  Ahmedabad, Gujarat ",Sports|Football|799,2
ORD-20261004-0188,04/10/2026 22:20,  Janvi ,  Reddy ,"Bengaluru, Karnataka",Fashion|Sunglasses|999,5
ORD-20261004-2708,2026-10-04 21:29:05,Rajesh,Vyas,"Bengaluru, Karnataka",Fashion|Denim Jeans|1199,2.0
ORD-20261004-4711,2026-10-04 23:43:01,Vikas,chauhan,"Hyderabad, Telangana",,3
ORD-20261004-4269,2026-10-04 06:23:37,Ananya,Menon,"HYDERABAD, TELANGANA",Electronics|Wireless Earbuds|1299,1
ORD-20261004-2186,04-10-2026 16:06,neel,agarwal,"Lucknow, Uttar Pradesh",Sports|Skipping Rope|199,1
ORD-20261004-0332,04/10/2026 17:42,Kunal,Vyas,"Mumbai, Maharashtra",Beauty|Perfume|1299,4
ORD-20261004-2731,04/10/2026 17:06,Sneha,rao,"Pune, Maharashtra",Fashion|Leather Wallet|499,4
ORD-20261004-4800,04/10/2026 23:12,  Atharv ,Joshi,"ahmedabad, gujarat",Fashion|Sunglasses|999,1
ORD-20261004-0513,04/10/2026 10:42,Rahul,srivastava,"  Delhi, Delhi ",Sports|Football|799,2
ORD-20261004-4140,N/A,Krupa,kapoor,"MUMBAI, MAHARASHTRA",Electronics|Power Bank|899,3
ORD-20261004-0708,04-10-2026 23:10,Arjun,bhatt,"Surat, Gujarat",Fashion|Denim Jeans|1199,2
ORD-20261004-4847,2026-10-04 07:25:25,pari,Kapoor,"jaipur, rajasthan",Fashion|Denim Jeans|1199,2
ORD-20261004-1081,N/A,Shreya,Rao,"nagpur, maharashtra",Beauty|Face Wash|249,2
ORD-20261004-1979,04/10/2026 05:31,Ishaan,  Agarwal ,"DELHI, DELHI",Electronics|Bluetooth Speaker|1799,1
ORD-20261004-0472,04-10-2026 14:29,JANVI,,"Mumbai, Maharashtra",Fashion|Sunglasses|999,
ORD-20261004-2495,04/10/2026 19:43,Atharv,BANSAL,"Mumbai, Maharashtra",Fashion|Cotton Kurta|799,2
,,KUNAL,PATEL,"Mumbai, Maharashtra",Fashion|Cotton Kurta|799,1
ORD-20261004-0295,04/10/2026 13:04,Khushi,Kumar,"coimbatore, tamil nadu",Home And Kitchen|Bedsheet Set|1499,1
ORD-20261004-2980,04/10/2026 11:12,Roshni,Bhatt,"Bengaluru, Karnataka",Electronics|Power Bank|899,1.0
ORD-20261004-4681,04/10/2026 01:16,Rohan,Vyas,"coimbatore, tamil nadu",Sports|Dumbbell Set|1899,3
ORD-20261004-2352,2026-10-04 15:21:16,Vikas,,"MUMBAI, MAHARASHTRA",Home And Kitchen|Bedsheet Set|1499,1
ORD-20261004-3264,04/10/2026 22:32,vivaan,  Sinha ,"PUNE, MAHARASHTRA",Fashion|Sunglasses|999,3
ORD-20261004-1648,2026-10-04 22:39:54,DEEPAK,Das,"Surat, Gujarat",Electronics|Bluetooth Speaker|1799,2
ORD-20261004-2080,04/10/2026 21:14,  Dev ,Ghosh,"Bengaluru, Karnataka",Fashion|Sunglasses|999,1
ORD-20261004-4093,2026-10-04 19:02:40,Yash,Pandya,"Bengaluru, Karnataka",Beauty|Lipstick|399,1
ORD-20261004-2471,2026-10-04 20:06:27,Ritu,Yadav,"Chennai, Tamil Nadu",Electronics|Bluetooth Speaker|1799,1
ORD-20261004-0020,04/10/2026 13:34,isha,Das,"lucknow, uttar pradesh",Home And Kitchen|Steel Water Bottle|399, 1 
ORD-20261004-1536,04/10/2026 14:09,Atharv,KAPOOR,"Jaipur, Rajasthan",Sports|Yoga Mat|699,2
ORD-20261004-2860,04/10/2026 23:14,krishna,Trivedi,"Bengaluru, Karnataka",Electronics|Smart Watch|2499,2
ORD-20261004-1176,2026-10-04 06:27:40,Isha,PILLAI,"Pune, Maharashtra",Electronics|Wireless Earbuds|1299,1
ORD-20261004-1789,04/10/2026 15:03,Kabir,VYAS,"Ahmedabad, Gujarat",Fashion|Running Shoes|2199,3
ORD-20261004-1660,04/10/2026 14:35,aarav,KALAVADIA,"Mumbai, Maharashtra",Fashion|Sunglasses|999,2
ORD-20261004-4542,2026-10-04 21:46:54,Nidhi,  Rathod ,"  Hyderabad, Telangana ",Electronics|Laptop Stand|749, 2 
ORD-20261004-3152,2026-10-04 13:22:38,Manish,Tiwari,"mumbai, maharashtra",Sports|Football|799,0
ORD-20261004-3719,04/10/2026 12:04,myra,Modi,"Jaipur, Rajasthan",Sports|Yoga Mat|699,2
ORD-20261004-2017,04/10/2026 02:15,Sneha,Iyer,"Kolkata, West Bengal",Fashion|Denim Jeans|1199,2
ORD-20261004-1607,04/10/2026 15:09,Aanya,THAKKAR,"Kolkata, West Bengal",Electronics|Bluetooth Speaker|1799,1
ORD-20261004-3402,2026-10-04 08:09:37,Anika,menon,"nagpur, maharashtra",Home And Kitchen|Storage Box|299,1
ORD-20261004-1383,2026-10-04 21:45:31,  Aanya ,pillai,"Jaipur, Rajasthan",Fashion|Running Shoes|2199,2
ORD-20261004-1841,2026-10-04 18:13:07,Aanya,SHAH,"Kolkata, West Bengal",Fashion|Cotton Kurta|799,1
ORD-20261004-2069,04/10/2026 20:05,om,Verma,"Hyderabad, Telangana",Fashion|Running Shoes|2199,3
ORD-20261004-1670,04/10/2026 18:54,  Reyansh ,Patil,"Hyderabad, Telangana",Beauty|Face Wash|249,1
ORD-20261004-3806,2026-10-04 20:49:50,ROSHNI,  Shah ,"Mumbai, Maharashtra",Beauty|Lipstick|399,1
ORD-20261004-4106,04/10/2026 19:18,Sai,patel,"Jaipur, Rajasthan",Beauty|Lipstick|399,1
ORD-20261004-3818,04-10-2026 15:59,rajesh,Kulkarni,"Jaipur, Rajasthan",Sports|Cricket Bat|1599,1
ORD-20261004-2628,2026-10-04 19:31:29,Advik,Desai,"DELHI, DELHI",Home And Kitchen|Wall Clock|649,5
ORD-20261004-3753,2026-10-04 13:26:09,  Isha ,Bhatt,"  Surat, Gujarat ",Electronics|Laptop Stand|749,6
ORD-20261004-4741,04/10/2026 07:26,Sara,Pandya,"COIMBATORE, TAMIL NADU",Home And Kitchen|Storage Box|299,2
ORD-20261004-4223,2026-10-04 23:31:21,Vihaan,rathod,"Mumbai, Maharashtra",Fashion|Running Shoes|2199,2
ORD-20261004-0393,04/10/2026 07:24,Swati,Srivastava,"Mumbai, Maharashtra",Home And Kitchen|Non Stick Pan|1099,1
ORD-20261004-4663,2026-10-04 14:55:02,neel,SINHA,"Ahmedabad, Gujarat",Home And Kitchen|Wall Clock|649, 2 
ORD-20261004-2874,2026-10-04 15:23:52,Komal,SINGH,"Chennai, Tamil Nadu",Beauty|Sunscreen|449,2
ORD-20261004-3124,2026-10-04 22:29:30,nisha,saxena,"SURAT, GUJARAT",Fashion|Running Shoes|2199,1
ORD-20261004-0316,2026-10-04 12:47:49,  Simran ,Joshi,"BENGALURU, KARNATAKA",Electronics|Wireless Earbuds|1299,
ORD-20261004-4508,2026-10-04 13:17:32,Om,Gupta,"ahmedabad, gujarat",Home And Kitchen|Non Stick Pan|1099,2
ORD-20261004-1763,2026-10-04 11:32:09,Anika,reddy,"delhi, delhi",Home And Kitchen|Storage Box|299,1
ORD-20261004-4752,04/10/2026 13:43,Divya,Kumar,"Bengaluru, Karnataka",Electronics|Laptop Stand|749,1
ORD-20261004-0492,04/10/2026 13:47,Ritu,Vyas,"hyderabad, telangana",,1
ORD-20261004-0058,2026-10-04 13:30:28,Hetal,Verma,"Chennai, Tamil Nadu",Home And Kitchen|Wall Clock|649,3
ORD-20261004-2162,04/10/2026 05:32,  Aryan ,mukherjee,"Mumbai, Maharashtra",Beauty|Perfume|1299,2
ORD-20261004-4111,04-10-2026 14:35,Sai,Desai,"Mumbai, Maharashtra",Beauty|Sunscreen|449,1
ORD-20261004-4519,2026-10-04 11:01:40,Rahul,Ghosh,"Ahmedabad, Gujarat",Fashion|Running Shoes|2199,1
ORD-20261004-1453,2026-10-04 14:42:29,Aanya,Solanki,"mumbai, maharashtra",Fashion|Cotton Kurta|799,2
ORD-20261004-3309,04/10/2062 08:30,isha,chaudhary,"Vadodara, Gujarat",Sports|Football|799,1
ORD-20261004-3205,04/10/2026 21:18,  Dhwani ,menon,"Kolkata, West Bengal",Beauty|Hair Serum|549,2
ORD-20261004-4733,04/10/2026 20:53,Yash,Desai,"Delhi, Delhi",Home And Kitchen|Wall Clock|649,2
ORD-20261004-1284,04/10/2026 22:03,  Sneha ,Mehta,"Ahmedabad, Gujarat",Sports|Cricket Bat|1599,1
ORD-20261004-3663,04/10/2026 13:07,  Aadhya ,MEHTA,"Jaipur, Rajasthan",Beauty|Face Wash|249,2
ORD-20261004-3507,04-10-2026 16:35,  Kriti ,Menon,"Vadodara, Gujarat",Fashion|Leather Wallet|499,1
ORD-20261004-0010,04-10-2026 15:44,Krishna,  Ghosh ,"hyderabad, telangana",Sports|Skipping Rope|199,1
ORD-20261004-0596,04/10/2026 23:36,  Advik ,Kulkarni,"chennai, tamil nadu",Fashion|Denim Jeans|1199,3
ORD-20261004-1079,04/10/2026 21:56,,Arora,"Pune, Maharashtra",Electronics|Laptop Stand|749,3
ORD-20261004-3903,04/10/2026 11:52,Bhavna,Chaudhary,"Jaipur, Rajasthan",Sports|Cricket Bat|1599,2
ORD-20261004-2158,04/10/2026 10:28,  Krishna ,Singh,"Surat, Gujarat",Sports|Cricket Bat|1599,1
ORD-20261004-4742,04/10/2026 20:19,NIDHI,SHAH,"hyderabad, telangana",Home And Kitchen|Non Stick Pan|1099,2
ORD-20261004-2401,04/10/2026 11:36,  Dev ,Reddy,"Coimbatore, Tamil Nadu",Fashion|Cotton Kurta|799,1
ORD-20261004-1347,04-10-2026 11:03,NIKHIL,Vyas,"Pune, Maharashtra",Beauty|Lipstick|399,6.0
ORD-20261004-1121,04/10/2026 16:14,manish,Singh,"Mumbai, Maharashtra",Fashion|Cotton Kurta|799,5
ORD-20261004-0248,2026-10-04 20:21:46,Komal,gupta,"delhi, delhi",Home And Kitchen|Wall Clock|649,3
ORD-20261004-0641,04-10-2026 16:06,KRISHNA,  Gupta ,"Surat, Gujarat",Beauty|Sunscreen|449,4
ORD-20261004-4248,04/10/2026 21:33,Khushi,Bansal,"HYDERABAD, TELANGANA",Fashion|Sunglasses|999,1
ORD-20261004-1454,2026-10-04 12:22:48,VARUN,  Modi ,"  Bengaluru, Karnataka ",Home And Kitchen|Steel Water Bottle|399,2
ORD-20261004-0019,04-10-2026 19:19,ARJUN,bhatt,"Surat, Gujarat",Electronics|Bluetooth Speaker|1799,1
ORD-20261004-3281,04/10/2026 23:00,Kabir,saxena,"Mysuru, Karnataka",Fashion|Denim Jeans|1199,-1
ORD-20261004-0326,2026-10-04 22:04:48,Tushar,Das,"Pune, Maharashtra",Fashion|Leather Wallet|499,
ORD-20261004-3136,04-10-2026 19:33,Amit,mehta,"Delhi, Delhi",Fashion|Sunglasses|999,1
ORD-20261004-3147,2026-10-04 21:10:37,Simran,Tiwari,"jaipur, rajasthan",Fashion|Leather Wallet|499,1
ORD-20261004-2984,2026-10-04 08:48:26,Krishna,nair,"HYDERABAD, TELANGANA",Fashion|Running Shoes|2199,2
ORD-20261004-1923,04-10-2026 21:00,Harsh,Bhatt,"Hyderabad, Telangana",Sports|Dumbbell Set|1899,1
ORD-20261004-4626,2026-10-04 05:14:42,Megha,srivastava,"Bengaluru, Karnataka",Beauty|Face Wash|249, 1 
ORD-20261004-3409,2026-10-04 11:30:52,Roshni,  Khanna ,"Nagpur, Maharashtra",Home And Kitchen|Storage Box|299,1
ORD-20261004-0818,04/10/2026 18:59,parth,Bose,"Delhi, Delhi",Electronics|Power Bank|899,3
ORD-20261004-4229,04-10-2026 09:33,dhwani,chaudhary,"Coimbatore, Tamil Nadu",Fashion|Denim Jeans|1199,1
ORD-20261004-1658,2026-10-04 19:26:22,  Dev ,Malhotra,"Mumbai, Maharashtra",Electronics|Laptop Stand|749,1
ORD-20261004-0004,2026-10-04 07:41:27,reyansh,Desai,"Chennai, Tamil Nadu",Home And Kitchen|Wall Clock|649,1
ORD-20261004-1874,2026-10-04 19:01:29,  Tanvi ,menon,"Hyderabad, Telangana",Beauty|Hair Serum|549,3
ORD-20261004-0812,04/10/2026 12:16,OM,Gupta,"Ahmedabad, Gujarat",Beauty|Perfume|1299,1
ORD-20261004-1878,2026-10-04 02:40:01,Mansi,,"Surat, Gujarat",Sports|Cricket Bat|1599,3
ORD-20261004-2045,04/10/2026 21:44,Rahul,thakkar,,Sports|Dumbbell Set|1899,1
ORD-20261004-3734,04/10/2026 15:39,rudra,agarwal,"Delhi, Delhi",Electronics|Power Bank|899,3
ORD-20261004-3624,2026-10-04 13:40:55,Ishaan,Chaudhary,"mysuru, karnataka",Fashion|Leather Wallet|499,1
ORD-20261004-2491,04/10/2026 21:41,ANANYA,Chaudhary,"Lucknow, Uttar Pradesh",Electronics|Bluetooth Speaker|1799,1
ORD-20261004-1329,04/10/2026 10:32,Advik,Vyas,"jaipur, rajasthan",Sports|Football|799,2
ORD-20261004-3667,04/10/2026 18:07,Mansi,Das,"  Mysuru, Karnataka ",Home And Kitchen|Wall Clock|649,1
ORD-20261004-3118,04/10/2026 23:26,Pranav,pandya,"Mumbai, Maharashtra",Home And Kitchen|Steel Water Bottle|399, 1 
ORD-20261004-0329,04/10/2026 07:20,Kriti,saxena,"Ahmedabad, Gujarat",Electronics|Bluetooth Speaker|1799,1
ORD-20261004-3602,2026-10-04 11:11:23,Vikas,arora,"bengaluru, karnataka",Fashion|Leather Wallet|499,1
ORD-20261004-1685,04/10/2026 16:32,DEEPAK,Agarwal,"pune, maharashtra",Electronics|Power Bank|899,1
ORD-20261004-3362,04/10/2026 22:44,  Anika ,Dubey,"Mysuru, Karnataka",Electronics|Smart Watch|2499,1
ORD-20261004-4000,2026-10-04 21:12:39,Rudra,Yadav,"bengaluru, karnataka",Sports|Yoga Mat|699,2
ORD-20261004-0740,04/10/2026 17:22,Sara,  Yadav ,"Pune, Maharashtra",Home And Kitchen|Wall Clock|649, 3 
ORD-20261004-1475,04/10/2026 17:41,  Karan ,Das,"Delhi, Delhi",Fashion|Cotton Kurta|799,1
ORD-20261004-0053,04/10/2026 19:18,Ritu,Mehta,"Kolkata, West Bengal",Sports|Football|799,2
ORD-20261004-2936,04/10/2026 14:42,Vivaan,Menon,"  Jaipur, Rajasthan ",Sports|Dumbbell Set|1899,1
ORD-20261004-0343,04/10/2026 22:40,Neha,Arora,"  Mumbai, Maharashtra ",Electronics|Laptop Stand|749,0
ORD-20261004-0932,04/10/2026 19:28,shaurya,,,Electronics|Laptop Stand|749,1
ORD-20261004-0983,04/10/2026 18:23,Harsh,Pawar,"Mumbai, Maharashtra",Home And Kitchen|Non Stick Pan|1099,2
ORD-20261004-4739,2026-10-04 13:25:06,Nisha,pandya,"Hyderabad, Telangana",Fashion|Running Shoes|2199,2
ORD-20261004-1330,04/10/2026 19:51,Dhruv,Parmar,"  Delhi, Delhi ",Fashion|Cotton Kurta|799,5
ORD-20261004-3104,04/10/2026 13:02,Aditi,Chopra,"chennai, tamil nadu",Beauty|Sunscreen|449,1
ORD-20261004-1452,04-10-2026 08:49,Rahul,,"Pune, Maharashtra",Beauty|Lipstick|399,2
ORD-20261004-0935,04/10/2026 06:20,Rahul,dubey,"Jaipur, Rajasthan",Fashion|Leather Wallet|499,5
ORD-20261004-3840,04/10/2026 12:20,Nidhi,SINGH,"Pune, Maharashtra",Home And Kitchen|Wall Clock|649,1
ORD-20261004-4223,2026-10-04 23:31:21,Vihaan,rathod,"Mumbai, Maharashtra",Fashion|Running Shoes|2199,2
ORD-20261004-4139,04-10-2026 08:29,tushar,Reddy,"chennai, tamil nadu",Home And Kitchen|Steel Water Bottle|399,3
ORD-20261004-1546,04/10/2026 15:57,khushi,  Rao ,"Bengaluru, Karnataka",Home And Kitchen|Wall Clock|649,3
ORD-20261004-1224,2026-10-04 10:36:05,rajesh,Vyas,"bengaluru, karnataka",Sports|Skipping Rope|199,4
ORD-20261004-2834,04/10/2026 17:05,Manish,Verma,"  Chennai, Tamil Nadu ",Electronics|Wireless Earbuds|1299,5
ORD-20261004-1326,04/10/2026 21:02,Pari,ghosh,"  Lucknow, Uttar Pradesh ",Beauty|Perfume|1299,4
ORD-20261004-3464,04/10/2026 13:36,Aditi,Thakkar,"Pune, Maharashtra",Fashion|Denim Jeans|1199,2
ORD-20261004-2462,04-10-2026 15:50,Anjali,sinha,"Bengaluru, Karnataka",Sports|Football|799,
ORD-20261004-2479,2026-10-04 13:43:16,Khushi,bhatt,"Bengaluru, Karnataka",Sports|Football|799,1.0
ORD-20261004-2692,,Kriti,trivedi,"  Delhi, Delhi ",Beauty|Lipstick|399,2
ORD-20261004-4738,2026-10-04 06:05:18,khushi,bansal,"Hyderabad, Telangana",Home And Kitchen|Storage Box|299,3
ORD-20261004-0671,2026-10-04 14:07:04,Kabir,Kulkarni,"Ahmedabad, Gujarat",Electronics|Smart Watch|2499,1
ORD-20261004-2139,2026-10-04 13:34:41,Aditya,SRIVASTAVA,"Ahmedabad, Gujarat",Sports|Cricket Bat|1599,1
ORD-20261004-3127,04/10/2026 09:18,Nidhi,Kapoor,"Jaipur, Rajasthan",Fashion|Leather Wallet|499,4
ORD-20261004-4368,2026-10-04 08:41:15,  Krupa ,Kapoor,"Kolkata, West Bengal",Sports|Cricket Bat|1599,1
ORD-20261004-4404,2026-10-04 21:48:13,Kunal,  Vyas ,"Mumbai, Maharashtra",Fashion|Cotton Kurta|799,3
ORD-20261004-4664,04/10/2026 12:53,Dev,Thakkar,"Pune, Maharashtra",Electronics|Smart Watch|2499,1
ORD-20261004-2465,04/10/2026 20:58,Varun,khanna,"AHMEDABAD, GUJARAT",Electronics|Wireless Earbuds|1299,2
ORD-20261004-1165,2026-10-04 11:57:02,  Aanya ,Kapoor,"Mumbai, Maharashtra",Fashion|Cotton Kurta|799,1
ORD-20261004-0456,04/10/2026 23:19,Dhruv,Ghosh,"Delhi, Delhi",Sports|Dumbbell Set|1899,1
ORD-20261004-4695,04/10/2026 01:26,null,Khanna,"delhi, delhi",Electronics|Power Bank|899,1
ORD-20261004-1740,04/10/2026 12:35,Om,Chaudhary,"Kolkata, West Bengal",Electronics|Bluetooth Speaker|1799,3
ORD-20261004-1735,04/10/2026 21:33,Aryan,Tiwari,"Chennai, Tamil Nadu",Fashion|Sunglasses|999,1
ORD-20261004-4470,04-10-2026 21:32,Saanvi,malhotra,"  Pune, Maharashtra ",Electronics|Smart Watch|2499,2
ORD-20261004-1319,04/10/2026 21:51,Tushar,Arora,"Kolkata, West Bengal",Beauty|Perfume|1299,6
ORD-20261004-1021,2026-10-04 11:51:42,atharv,Kulkarni,"Pune, Maharashtra",Electronics|Bluetooth Speaker|1799,1
ORD-20261004-1710,2026-10-04 14:32:07,Vihaan,Thakkar,"Mumbai, Maharashtra",Electronics|Power Bank|899,1
ORD-20261004-0712,04/10/2026 21:44,Atharv,Trivedi,"Kolkata, West Bengal",Fashion|Leather Wallet|499,2
ORD-20261004-4309,04/10/2026 21:56,SARA,Agarwal,"Surat, Gujarat",Fashion|Running Shoes|2199,1
ORD-20261004-4774,2026-10-04 18:28:19,RAHUL,srivastava,"Pune, Maharashtra",Beauty|Lipstick|399,1
ORD-20261004-2183,04-10-2026 22:09,Parth,mukherjee,"nagpur, maharashtra",Sports|Skipping Rope|199,1
ORD-20261004-4031,04/10/2026 17:22,gaurav,Chauhan,"Kolkata, West Bengal",Sports|Yoga Mat|699,4
ORD-20261004-1227,2026-10-04 17:45:47,Tanvi,Solanki,"Chennai, Tamil Nadu",Electronics|Laptop Stand|749,
ORD-20261004-3181,2026-10-04 10:27:26,  Riya ,THAKKAR,"hyderabad, telangana",Electronics|Laptop Stand|749,1
ORD-20261004-1830,2026-10-04 14:21:57,saanvi,kapoor,"Chennai, Tamil Nadu",Electronics|Laptop Stand|749,1
ORD-20261004-2932,04-10-2026 07:44,Bhavna,Parmar,"Jaipur, Rajasthan",Home And Kitchen|Non Stick Pan|1099,5
ORD-20261004-1647,2026-10-04 14:58:56,PARI,chopra,"Ahmedabad, Gujarat",Fashion|Cotton Kurta|799,1
ORD-20261004-3163,04-10-2026 20:06,nisha,kalavadia,"Kolkata, West Bengal",Electronics|Bluetooth Speaker|1799,1
ORD-20261004-2915,04/10/2026 17:01,pooja,Mehta,"  Pune, Maharashtra ",Fashion|Cotton Kurta|799,4.0
ORD-20261004-2083,04/10/2026 21:57,priya,desai,"bengaluru, karnataka",Fashion|Leather Wallet|499,1
ORD-20261004-1793,04/10/2026 13:47,Kabir,Arora,"jaipur, rajasthan",Fashion|Leather Wallet|499,1.0
ORD-20261004-3745,04/10/2026 10:49,Reyansh,Verma,"Nagpur, Maharashtra",Home And Kitchen|Non Stick Pan|1099,1
ORD-20261004-2574,04/10/2026 12:58,aditi,Chauhan,"Bengaluru, Karnataka",Electronics|Wireless Earbuds|1299,1
ORD-20261004-0153,04/10/2026 12:53,null,Patel,"Bengaluru, Karnataka",Sports|Yoga Mat|699,1
ORD-20261004-3053,04/10/2026 17:16,Tushar,Parmar,"chennai, tamil nadu",Sports|Dumbbell Set|1899,1
ORD-20261004-1908,2026-10-04 22:40:43,  Aarav ,Solanki,"Ahmedabad, Gujarat",Sports|Football|799,1
ORD-20261004-2660,04/10/2026 14:09,Aryan,RATHOD,"Lucknow, Uttar Pradesh",Home And Kitchen|Bedsheet Set|1499,2
ORD-20261004-4418,04/10/2026 21:01,  Rahul ,MENON,"Mumbai, Maharashtra",Electronics|Power Bank|899,4
ORD-20261004-1942,04/10/2026 19:52,  Aanya ,mishra,"HYDERABAD, TELANGANA",Fashion|Sunglasses|999,1
ORD-20261004-2325,04/10/2026 17:25,vihaan,singh,"Coimbatore, Tamil Nadu",Sports|Yoga Mat|699,3
ORD-20261004-0060,04-10-2026 18:54,Payal,patil,,Sports|Yoga Mat|699,3
ORD-20261004-0980,04/10/2025 18:01,PRANAV,Kumar,,Fashion|Leather Wallet|499,-1
ORD-20261004-2224,04-10-2026 12:17,POOJA,Bansal,"Delhi, Delhi",Sports|Yoga Mat|699,2
ORD-20261004-2855,04/10/2026 15:03,KABIR,das,"Vadodara, Gujarat",Electronics|Power Bank|899,1
ORD-20261004-4049,04-10-2026 10:57,Vivaan,sinha,"PUNE, MAHARASHTRA",Sports|Yoga Mat|699,1
ORD-20261004-3511,04/10/2026 21:27,Kriti,  Nair ,"mysuru, karnataka",Fashion|Sunglasses|999,1
ORD-20261004-3083,04/10/2026 12:04,Komal,Rao,"Jaipur, Rajasthan",Electronics|Bluetooth Speaker|1799,2
ORD-20261004-0795,2026-10-04 14:38:03,Hetal,NAIR,"  Jaipur, Rajasthan ",Electronics|Wireless Earbuds|1299,1
ORD-20261004-3049,04/10/2026 22:08,Arjun,Pillai,"Chennai, Tamil Nadu",Beauty|Lipstick|399,1
ORD-20261004-1144,2026-10-04 21:59:43,Vihaan,pillai,N/A,Fashion|Sunglasses|999,2
ORD-20261004-3843,04/10/2026 13:01,karan,  Rao ,"mumbai, maharashtra",Beauty|Lipstick|399,4
ORD-20261004-4740,2026-10-04 19:25:07,Suresh,  Shah ,"CHENNAI, TAMIL NADU",Sports|Cricket Bat|1599,1
ORD-20261004-3455,2026-10-04 18:12:33,  Riya ,Rao,"bengaluru, karnataka",Beauty|Face Wash|249,1
ORD-20261004-1378,2026-10-04 12:47:59,null,PATIL,"Nagpur, Maharashtra",Fashion|Running Shoes|2199, 1 
ORD-20261004-1798,2026-10-04 08:16:50,PARTH,  Bansal ,"  Nagpur, Maharashtra ",Beauty|Lipstick|399,1
ORD-20261004-0039,04/10/2026 00:31,atharv,JOSHI,"Ahmedabad, Gujarat",Home And Kitchen|Wall Clock|649,4
ORD-20261004-0469,2026-10-04 22:11:07,ADVIK,Tiwari,"Ahmedabad, Gujarat",Home And Kitchen|Steel Water Bottle|399,1
ORD-20261004-4754,04/10/2026 18:14,Rudra,pawar,"Delhi, Delhi",Fashion|Cotton Kurta|799,2
ORD-20261004-2208,04-10-2026 17:28,parth,Arora,"Ahmedabad, Gujarat",,2
ORD-20261004-2587,04/10/2026 17:51,kunal,Menon,"  Mumbai, Maharashtra ",Home And Kitchen|Non Stick Pan|1099,6
ORD-20261004-2694,04/10/2026 20:46,KRUPA,mukherjee,"Bengaluru, Karnataka",Fashion|Sunglasses|999,1
ORD-20261004-0545,04/10/2026 20:44,Pranav,  Das ,"vadodara, gujarat",Beauty|Sunscreen|449,4
ORD-20261004-2912,2026-10-04 18:35:51,  Janvi ,Iyer,"Delhi, Delhi",Fashion|Denim Jeans|1199,2
ORD-20261004-3964,04/10/2026 08:58,Varun,  Yadav ,"surat, gujarat",Home And Kitchen|Steel Water Bottle|399,1
ORD-20261004-1687,04/10/2026 20:48,  Aditi ,Singh,,Fashion|Denim Jeans|1199,1
ORD-20261004-2967,04-10-2026 23:18,Saanvi,pillai,"Kolkata, West Bengal",Home And Kitchen|Steel Water Bottle|399,2
ORD-20261004-0430,04/10/2026 17:04,Mihir,chopra,"DELHI, DELHI",Fashion|Cotton Kurta|799,2
ORD-20261004-2943,04/10/2026 17:28,Anika,Reddy,"Delhi, Delhi",Fashion|Leather Wallet|499,2
ORD-20261004-2026,2026-10-04 21:13:55,Vivaan,Joshi,"jaipur, rajasthan",Sports|Skipping Rope|199,2
ORD-20261004-3557,2026-10-04 23:08:58,Priya,Ghosh,"Delhi, Delhi",Sports|Cricket Bat|1599,6
ORD-20261004-3311,2026-10-04 13:29:17,Nidhi,joshi,"  Coimbatore, Tamil Nadu ",Sports|Skipping Rope|199,2
ORD-20261004-0096,04-10-2026 21:05,Dhwani,NAIR,"delhi, delhi",Electronics|Power Bank|899,4
ORD-20261004-0692,04-10-2026 11:40,Atharv,chaudhary,"Nagpur, Maharashtra",Beauty|Lipstick|399,2
ORD-20261004-0129,04/10/2026 11:06,  Hetal ,Mukherjee,"Lucknow, Uttar Pradesh",Sports|Yoga Mat|699,5
ORD-20261004-0083,2026-10-04 18:09:47,Harsh,Tiwari,"hyderabad, telangana",Fashion|Leather Wallet|499,
ORD-20261004-0695,04-10-2026 15:46,  Parth ,bose,"Jaipur, Rajasthan",Fashion|Denim Jeans|1199,
ORD-20261004-0431,04/10/2026 15:23,Deepak,Khanna,"Bengaluru, Karnataka",Electronics|Power Bank|899,4
ORD-20261004-4558,04-10-2026 08:52,Vihaan,vyas,"  Coimbatore, Tamil Nadu ",Fashion|Sunglasses|999,2
ORD-20261004-3386,2026-10-04 11:49:40,Mansi,khanna,"Pune, Maharashtra",Fashion|Running Shoes|2199,3
ORD-20261004-2333,2026-10-04 05:03:24,Ritu,Mehta,"Kolkata, West Bengal",Electronics|Wireless Earbuds|1299,1
ORD-20261004-4012,04-10-2026 21:07,Rajesh,Malhotra,"pune, maharashtra",Fashion|Denim Jeans|1199,1
ORD-20261004-0981,04/10/2026 08:14,Rahul,  Ghosh ,"PUNE, MAHARASHTRA",Sports|Football|799,4
ORD-20261004-0968,2026-10-04 10:12:47,aditi,Arora,"chennai, tamil nadu",Beauty|Hair Serum|549,2
ORD-20261004-4257,2026-10-04 21:09:38,VARUN,solanki,"pune, maharashtra",Beauty|Hair Serum|549,1
ORD-20261004-2988,04/10/2026 20:08,,  Gupta ,"Mysuru, Karnataka",Sports|Skipping Rope|199,2
ORD-20261004-2949,,Swati,Joshi,"DELHI, DELHI",Beauty|Sunscreen|449,
ORD-20261004-4544,04/10/2026 20:54,Tanvi,Patil,"Hyderabad, Telangana",Home And Kitchen|Non Stick Pan|1099,2
ORD-20261004-3685,04/10/2026 23:11,Anjali,Bhatt,"Bengaluru, Karnataka",Home And Kitchen|Bedsheet Set|1499,1
ORD-20261004-2830,04/10/2062 01:09,ananya,patel,"Delhi, Delhi",Fashion|Cotton Kurta|799,2
ORD-20261004-0422,2026-10-04 09:09:13,manish,Chaudhary,"Bengaluru, Karnataka",Electronics|Laptop Stand|749,4
ORD-20261004-3756,2026-10-04 23:43:27,Deepak,SINGH,"Delhi, Delhi",Home And Kitchen|Steel Water Bottle|399,1
ORD-20261004-3869,2026-10-04 19:43:16,tushar,TRIVEDI,"hyderabad, telangana",Home And Kitchen|Non Stick Pan|1099,3
ORD-20261004-4116,04-10-2026 16:29,Jay,Patil,"Surat, Gujarat",Home And Kitchen|Steel Water Bottle|399,1
ORD-20261004-0604,04-10-2026 08:19,Vikas,joshi,"  Delhi, Delhi ",Sports|Cricket Bat|1599,1
ORD-20261004-4219,04/10/2026 11:59,Vivaan,Modi,"vadodara, gujarat",Sports|Cricket Bat|1599,1
ORD-20261004-1962,04/10/2026 16:04,Suresh,iyer,"Delhi, Delhi",Beauty|Sunscreen|449,1
ORD-20261004-4146,2026-10-04 02:06:02,Khushi,Mukherjee,"Mumbai, Maharashtra",Home And Kitchen|Steel Water Bottle|399,1
ORD-20261004-2263,04/10/2026 06:47,  Varun ,  Solanki ,"Pune, Maharashtra",Fashion|Running Shoes|2199,1
ORD-20261004-1637,2026-10-04 12:43:28,Kavya,  Trivedi ,"  Pune, Maharashtra ",Beauty|Face Wash|249,one
ORD-20261004-2769,2026-10-04 11:08:34,Om,Singh,"HYDERABAD, TELANGANA",Home And Kitchen|Storage Box|299,1
ORD-20261004-0185,04-10-2026 12:45,myra,Iyer,"coimbatore, tamil nadu",Beauty|Face Wash|249,1
ORD-20261004-0059,04/10/2026 12:20,Sara,Patil,"Bengaluru, Karnataka",Electronics|Smart Watch|2499,2
ORD-20261004-3505,2026-10-04 22:32:29,priya,Kapoor,N/A,Beauty|Face Wash|249,1
ORD-20261004-4488,04/10/2026 23:17,NIDHI,Chopra,"Delhi, Delhi",Home And Kitchen|Non Stick Pan|1099,4
ORD-20261004-3849,04/10/2026 15:03,Diya,IYER,"Ahmedabad, Gujarat",Fashion|Denim Jeans|1199,1
ORD-20261004-1995,2026-10-04 16:14:04,Ritu,Vyas,"DELHI, DELHI",Beauty|Face Wash|249,
ORD-20261004-4716,04/10/2026 10:02,AYAAN,Thakkar,"lucknow, uttar pradesh",Fashion|Denim Jeans|1199,1
ORD-20261004-0487,04/10/2026 21:28,myra,Vyas,"ahmedabad, gujarat",Home And Kitchen|Bedsheet Set|1499,1
ORD-20261004-4041,04/10/2026 12:49,Gaurav,Vyas,"DELHI, DELHI",Beauty|Hair Serum|549,1
ORD-20261004-2165,04/10/2026 22:21,Aditya,mishra,"Delhi, Delhi",Electronics|Wireless Earbuds|1299,1
ORD-20261004-3378,2026-10-04 22:01:53,Rudra,Khanna,"  Mysuru, Karnataka ",Electronics|Smart Watch|2499,1
ORD-20261004-0826,2026-10-04 13:51:12,Saanvi,Kulkarni,"Ahmedabad, Gujarat",Electronics|Smart Watch|2499,1
ORD-20261004-4534,2026-10-04 22:22:09,Nidhi,Kalavadia,"Hyderabad, Telangana",,1
ORD-20261004-0600,2026-10-04 15:20:26,  Gaurav ,  Vyas ,"delhi, delhi",Beauty|Perfume|1299, 3 
ORD-20261004-1254,04/10/2026 15:19,Kavya,DESAI,"Mysuru, Karnataka",,1
ORD-20261004-4479,04/10/2026 20:05,DHWANI,chopra,"Hyderabad, Telangana",Fashion|Denim Jeans|1199,2
ORD-20261004-2599,04/10/2026 14:51,Krupa,kapoor,"Mumbai, Maharashtra",Fashion|Cotton Kurta|799, 1 
ORD-20261004-0889,2026-10-04 15:30:37,shaurya,Jain,"Delhi, Delhi",Electronics|Wireless Earbuds|1299,1
ORD-20261004-3547,04-10-2026 13:39,Pranav,PILLAI,"Hyderabad, Telangana",Home And Kitchen|Non Stick Pan|1099,3
ORD-20261004-1941,04/10/2026 13:49,Vikas,Nair,"LUCKNOW, UTTAR PRADESH",Beauty|Perfume|1299,1
ORD-20261004-1434,2026-10-04 12:48:58,Tushar,GHOSH,"Jaipur, Rajasthan",Electronics|Laptop Stand|749, 1 
ORD-20261004-3636,04/10/2026 21:00,Simran,MALHOTRA,"  Hyderabad, Telangana ",Fashion|Denim Jeans|1199,1.0
ORD-20261004-0518,04-10-2026 13:05,arjun,  Sharma ,"chennai, tamil nadu",Electronics|Laptop Stand|749,3
ORD-20261004-1606,04/10/2026 17:39,Diya,Bhatt,"Hyderabad, Telangana",Fashion|Denim Jeans|1199,3
ORD-20261004-0958,2026-10-04 17:25:28,shreya,Desai,"Bengaluru, Karnataka",Sports|Skipping Rope|199,5
ORD-20261004-0055,04/10/2026 12:06,Ayaan,Reddy,"Surat, Gujarat",Fashion|Denim Jeans|1199,1
ORD-20261004-2228,04/10/2026 11:22,Krishna,Ghosh,"hyderabad, telangana",Sports|Dumbbell Set|1899,1
ORD-20261004-4359,04/10/2026 23:37,Krupa,  Singh ,"CHENNAI, TAMIL NADU",Sports|Skipping Rope|199,2
ORD-20261004-3434,2026-10-04 02:25:59,diya,Kalavadia,"hyderabad, telangana",Sports|Yoga Mat|699,1
ORD-20261004-4756,2026-10-04 19:09:39,  Shreya ,MEHTA,"bengaluru, karnataka",Fashion|Denim Jeans|1199,2
ORD-20261004-4191,04/10/2026 21:54,  Roshni ,Pawar,"Vadodara, Gujarat",Home And Kitchen|Non Stick Pan|1099,2
ORD-20261004-4577,04/10/2026 23:58,Neel,Tiwari,"Mumbai, Maharashtra",Sports|Skipping Rope|199,1
ORD-20261004-3395,04-10-2026 14:46,Ayaan,patil,"mysuru, karnataka",Fashion|Cotton Kurta|799,-1
ORD-20261004-3553,04/10/2026 22:29,arjun,Pillai,"  Chennai, Tamil Nadu ",Fashion|Denim Jeans|1199,2
ORD-20261004-1831,2026-10-04 21:56:12,,Agarwal,"Vadodara, Gujarat",Fashion|Leather Wallet|499,2
ORD-20261004-3285,N/A,tushar,Reddy,"Mysuru, Karnataka",Fashion|Leather Wallet|499,1
ORD-20261004-0183,04/10/2062 18:57,Pari,Patel,"  Bengaluru, Karnataka ",Fashion|Denim Jeans|1199, 2 
ORD-20261004-2364,04-10-2026 18:05,Gaurav,Chauhan,"Kolkata, West Bengal",Home And Kitchen|Bedsheet Set|1499,1
ORD-20261004-2609,,DHRUV,Jain,"pune, maharashtra",Home And Kitchen|Non Stick Pan|1099,2
ORD-20261004-3344,N/A,ADITI,Srivastava,"jaipur, rajasthan",Electronics|Bluetooth Speaker|1799,2
ORD-20261004-1524,04/10/2026 17:59,krupa,Sinha,"Coimbatore, Tamil Nadu",Beauty|Sunscreen|449, 1 
ORD-20261004-0808,2026-10-04 22:56:33,pari,Menon,"BENGALURU, KARNATAKA",Fashion|Cotton Kurta|799,1
ORD-20261004-2886,04/10/2026 14:07,vihaan,Saxena,"Lucknow, Uttar Pradesh",Fashion|Leather Wallet|499,4
ORD-20261004-1933,04/10/2026 21:55,myra,Vyas,"Bengaluru, Karnataka",Sports|Dumbbell Set|1899,2
ORD-20261004-2939,04/10/2026 21:23,janvi,saxena,"Vadodara, Gujarat",Sports|Football|799,4
ORD-20261004-0809,04/10/2026 20:14,Bhavna,Vyas,"Ahmedabad, Gujarat",Fashion|Running Shoes|2199,3
ORD-20261004-0625,04/10/2026 10:23,ananya,patil,"mumbai, maharashtra",Home And Kitchen|Non Stick Pan|1099,1
ORD-20261004-1387,04/10/2026 21:38,Om,parmar,"  Surat, Gujarat ",Electronics|Wireless Earbuds|1299,1
ORD-20261004-1886,2026-10-04 21:49:35,RUDRA,Tiwari,,Fashion|Running Shoes|2199,2.0
ORD-20261004-0526,04/10/2026 20:42,  Ishaan ,Dubey,"Delhi, Delhi",Beauty|Face Wash|249,1
ORD-20261004-4536,04/10/2026 08:52,Gaurav,Chauhan,"Surat, Gujarat",Home And Kitchen|Non Stick Pan|1099,1
ORD-20261004-0204,04/10/2026 18:13,Pari,parmar,"  Hyderabad, Telangana ",Electronics|Laptop Stand|749,1
ORD-20261004-0787,04/10/2026 13:34,Nikhil,  Gupta ,"Delhi, Delhi",Fashion|Running Shoes|2199,4
ORD-20261004-2800,04-10-2026 21:31,KOMAL,Chopra,"Kolkata, West Bengal",Fashion|Running Shoes|2199,1.0
ORD-20261004-0293,2026-10-04 07:50:01,VARUN,Tiwari,"mysuru, karnataka",Home And Kitchen|Steel Water Bottle|399,1
ORD-20261004-0972,04/10/2026 21:58,Pranav,Rao,"Mumbai, Maharashtra",Fashion|Sunglasses|999,1
ORD-20261004-2906,31/02/2026 20:43,Rahul,Pandya,"vadodara, gujarat",Beauty|Hair Serum|549,2
ORD-20261004-4044,2026-10-04 13:32:05,Bhavna,JAIN,"mysuru, karnataka",Electronics|Power Bank|899,3
ORD-20261004-4628,2026-10-04 15:46:42,Neha,  Kapoor ,"LUCKNOW, UTTAR PRADESH",Sports|Dumbbell Set|1899,1
ORD-20261004-1566,04-10-2026 12:45,Anjali,KAPOOR,"DELHI, DELHI",Sports|Dumbbell Set|1899,-2
ORD-20261004-3419,04-10-2026 14:14,  Tushar ,Yadav,"Lucknow, Uttar Pradesh",Sports|Dumbbell Set|1899,1
ORD-20261004-2464,2026-10-04 18:36:23,  Divya ,Khanna,"Kolkata, West Bengal",Home And Kitchen|Wall Clock|649,1
ORD-20261004-0982,04-10-2026 14:11,rajesh,Verma,"Kolkata, West Bengal",Electronics|Laptop Stand|749,1
ORD-20261004-1433,04/10/2026 15:50,Khushi,  Rao ,"Kolkata, West Bengal",Home And Kitchen|Non Stick Pan|1099,1
ORD-20261004-1075,2026-10-04 14:21:51,  Jay ,Patel,"Bengaluru, Karnataka",Fashion|Sunglasses|999,1
ORD-20261004-2153,04/10/2026 19:15,nisha,Khanna,"DELHI, DELHI",Fashion|Running Shoes|2199,1
ORD-20261004-4208,2026-10-04 17:27:42,Anika,mehta,"Delhi, Delhi",Fashion|Cotton Kurta|799,6
ORD-20261004-2275,04/10/2026 17:30,Myra,Singh,"bengaluru, karnataka",Beauty|Sunscreen|449,2
ORD-20261004-4074,04/10/2026 18:00,Om,Saxena,"nagpur, maharashtra",Sports|Skipping Rope|199,1
ORD-20261004-2760,2026-10-04 22:47:52,Harsh,ghosh,"Chennai, Tamil Nadu",Fashion|Running Shoes|2199,2
ORD-20261004-2724,,rajesh,saxena,"ahmedabad, gujarat",Fashion|Cotton Kurta|799,3
ORD-20261004-3880,04/10/2026 18:59,Manish,Parmar,"Mumbai, Maharashtra",Home And Kitchen|Steel Water Bottle|399,1
ORD-20261004-1305,04/10/2026 16:41,Khushi,Rathod,"Mumbai, Maharashtra",Sports|Dumbbell Set|1899,1
ORD-20261004-0285,04-10-2026 19:00,  Dhruv ,  Shah ,"  Chennai, Tamil Nadu ",Fashion|Denim Jeans|1199, 2 
ORD-20261004-4185,04/10/2026 21:30,  Mansi ,vyas,"Hyderabad, Telangana",Electronics|Bluetooth Speaker|1799,1
ORD-20261004-4436,04/10/2026 19:16,Pooja,Solanki,"Hyderabad, Telangana",Electronics|Bluetooth Speaker|1799,1
ORD-20261004-1010,2026-10-04 10:37:31,neel,Pandya,"Bengaluru, Karnataka",Fashion|Running Shoes|2199,4
ORD-20261004-2137,04/10/2026 09:53,Parth,Gupta,,Sports|Football|799,2
ORD-20261004-0915,2026-10-04 18:31:51,Ritu,Rathod,"mumbai, maharashtra",Beauty|Lipstick|399,4
ORD-20261004-4198,04/10/2026 06:54,Riya,rathod,"mumbai, maharashtra",Beauty|Hair Serum|549,3
ORD-20261004-2896,2026-10-04 20:39:57,neha,rathod,"Pune, Maharashtra",Electronics|Laptop Stand|749,1
ORD-20261004-0353,04/10/2026 13:56,Rahul,Patil,"MUMBAI, MAHARASHTRA",Sports|Cricket Bat|1599,1
ORD-20261004-1448,04/10/2026 17:51,Advik,TIWARI,"chennai, tamil nadu",Electronics|Power Bank|899,1
ORD-20261004-1781,2026-10-04 12:26:25,DEV,Solanki,"Bengaluru, Karnataka",Fashion|Running Shoes|2199,1
ORD-20261004-3149,04/10/2026 13:50,Anika,Chaudhary,"Delhi, Delhi",Home And Kitchen|Bedsheet Set|1499,2
ORD-20261004-4152,2026-10-04 12:41:27,ADITYA,SHAH,"Vadodara, Gujarat",Fashion|Leather Wallet|499,1
ORD-20261004-2706,2026-10-04 12:11:17,Rahul,mukherjee,"chennai, tamil nadu",Beauty|Lipstick|399,1
ORD-20261004-2895,2026-10-04 07:37:47,arjun,Kulkarni,"Hyderabad, Telangana",Beauty|Sunscreen|449,4
ORD-20261004-0878,04/10/2026 18:00,priya,Thakkar,"Kolkata, West Bengal",Home And Kitchen|Steel Water Bottle|399,1
ORD-20261004-3476,2026-10-04 10:06:36,  Deepak ,Singh,"Bengaluru, Karnataka",Fashion|Leather Wallet|499, 1 
ORD-20261004-4586,2026-10-04 22:38:29,Jay,Trivedi,"bengaluru, karnataka",Beauty|Hair Serum|549,2
ORD-20261004-1917,2026-10-04 21:04:26,Myra,  Singh ,"Delhi, Delhi",Sports|Dumbbell Set|1899,1
ORD-20261004-4767,31/02/2026 10:48,Simran,Sharma,"Mysuru, Karnataka",Fashion|Sunglasses|999,1
ORD-20261004-0990,04/10/2026 12:39,roshni,Desai,"Hyderabad, Telangana",Electronics|Wireless Earbuds|1299,2
ORD-20261004-2387,2026-10-04 11:30:25,Priya,Srivastava,"Chennai, Tamil Nadu",Sports|Yoga Mat|699,5
ORD-20261004-1145,2026-10-04 08:15:43,ANIKA,rathod,"Nagpur, Maharashtra",Beauty|Lipstick|399,2
ORD-20261004-1241,04/10/2026 14:40,mihir,Arora,"Jaipur, Rajasthan",Home And Kitchen|Bedsheet Set|1499,4
ORD-20261004-1850,2026-10-04 10:15:49,Pooja,Modi,"Ahmedabad, Gujarat",Electronics|Bluetooth Speaker|1799,1
ORD-20261004-0741,30/02/2026 17:38,Ishaan,Malhotra,"delhi, delhi",Beauty|Sunscreen|449,1
ORD-20261004-2506,04/10/2026 12:53,Simran,Modi,"mumbai, maharashtra",Sports|Football|799,2
ORD-20261004-3992,2026-10-04 14:18:20,Shaurya,Thakkar,"  Hyderabad, Telangana ",Sports|Cricket Bat|1599,4
ORD-20261004-3718,04-10-2026 16:21,Palak,Joshi,"  Mumbai, Maharashtra ",Sports|Dumbbell Set|1899,1
ORD-20261004-0357,04/10/2026 21:54,Tanvi,Saxena,"Delhi, Delhi",Fashion|Denim Jeans|1199,1.0
ORD-20261004-2536,2026-10-04 23:36:51,Simran,thakkar,"kolkata, west bengal",Fashion|Running Shoes|2199,1
ORD-20261004-2771,2026-10-04 22:19:02,Kavya,chopra,"delhi, delhi",Electronics|Laptop Stand|749,1
ORD-20261004-2772,2026-10-04 19:55:49,Ananya,Agarwal,"Ahmedabad, Gujarat",Electronics|Bluetooth Speaker|1799,2
ORD-20261004-2350,2026-10-04 22:03:58,Harsh,  Chauhan ,"Ahmedabad, Gujarat",Electronics|Bluetooth Speaker|1799,2
ORD-20261004-4447,04-10-2026 19:01,Varun,  Tiwari ,,Fashion|Sunglasses|999,2
ORD-20261004-1907,2026-10-04 23:32:29,SAANVI,Thakkar,"Hyderabad, Telangana",Sports|Yoga Mat|699,3
ORD-20261004-1969,04/10/2026 12:39,janvi,Mishra,"Lucknow, Uttar Pradesh",Fashion|Leather Wallet|499,4
ORD-20261004-4249,04/10/2026 21:56,Dev,Srivastava,"pune, maharashtra",Electronics|Bluetooth Speaker|1799,1
ORD-20261004-1426,2026-10-04 15:04:35,Pooja,sinha,"ahmedabad, gujarat",Fashion|Leather Wallet|499,1
ORD-20261004-2803,2026-10-04 20:26:42,ANIKA,  Sinha ,"NAGPUR, MAHARASHTRA",Sports|Football|799,2
ORD-20261004-4226,2026-10-04 11:52:18,Ayaan,Menon,"Hyderabad, Telangana",Beauty|Perfume|1299,2
ORD-20261004-2141,2026-10-04 23:16:16,Swati,Solanki,"Pune, Maharashtra",Beauty|Hair Serum|549,5
ORD-20261004-1900,04/10/2026 10:47,myra,Desai,"Bengaluru, Karnataka",Electronics|Bluetooth Speaker|1799,1
ORD-20261004-1232,04/10/2026 19:25,Shaurya,  Malhotra ,"Delhi, Delhi",Fashion|Leather Wallet|499, 2 
ORD-20261004-0868,04/10/2026 18:03,Neel,agarwal,"LUCKNOW, UTTAR PRADESH",Beauty|Sunscreen|449,2
ORD-20261004-0702,04/10/2026 20:07,advik,Gupta,"kolkata, west bengal",Electronics|Laptop Stand|749, 2 
ORD-20261004-2862,04/10/2025 11:28,Ritu,Solanki,"Chennai, Tamil Nadu",Beauty|Sunscreen|449,2
ORD-20261004-1196,04/10/2026 17:37,  Kriti ,Malhotra,"Hyderabad, Telangana",Fashion|Leather Wallet|499,1
ORD-20261004-2200,2026-10-04 00:36:54,Kriti,  Arora ,"chennai, tamil nadu",Beauty|Lipstick|399,1
ORD-20261004-0601,04/10/2026 18:14,Vivaan,agarwal,"pune, maharashtra",Beauty|Sunscreen|449,1
ORD-20261004-0602,04-10-2026 19:20,Tanvi,chaudhary,"Delhi, Delhi",Beauty|Perfume|1299, 4 
ORD-20261004-2767,04/10/2026 17:58,Kriti,vyas,"Ahmedabad, Gujarat",Fashion|Denim Jeans|1199,1
ORD-20261004-0452,2026-10-04 11:17:17,KHUSHI,reddy,"Hyderabad, Telangana",Fashion|Leather Wallet|499,5
ORD-20261004-2063,04/10/2026 10:48,Rudra,Pawar,"DELHI, DELHI",Electronics|Bluetooth Speaker|1799,1
ORD-20261004-2425,04-10-2026 13:41,Manish,shah,"PUNE, MAHARASHTRA",Home And Kitchen|Non Stick Pan|1099,1
ORD-20261004-0297,04-10-2026 21:49,Aditya,pawar,"pune, maharashtra",Home And Kitchen|Storage Box|299,3
ORD-20261004-1987,04-10-2026 12:23,Aditya,Srivastava,"AHMEDABAD, GUJARAT",Home And Kitchen|Wall Clock|649,3
ORD-20261004-4114,2026-10-04 13:26:03,Rahul,Chauhan,"Coimbatore, Tamil Nadu",Home And Kitchen|Wall Clock|649,3
ORD-20261004-0382,04-10-2026 17:54,Priya,Ghosh,"delhi, delhi",Fashion|Denim Jeans|1199,1
ORD-20261004-1672,04/10/2026 08:21,hetal,thakkar,"  Delhi, Delhi ",Sports|Dumbbell Set|1899,1
ORD-20261004-4482,04/10/2026 02:29,Anika,,"pune, maharashtra",Beauty|Perfume|1299,2
ORD-20261004-4184,2026-10-04 12:20:31,Nikhil,Vyas,"pune, maharashtra",Fashion|Cotton Kurta|799,1
ORD-20261004-0303,04/10/2026 13:32,Jay,Pawar,"Chennai, Tamil Nadu",Home And Kitchen|Wall Clock|649, 2 
ORD-20261004-3821,2026-10-04 10:02:03,KARAN,Verma,"Coimbatore, Tamil Nadu",Electronics|Smart Watch|2499,3
ORD-20261004-0081,2026-10-04 21:48:25,aditi,Patil,"Surat, Gujarat",Beauty|Lipstick|399,3
ORD-20261004-1721,04/10/2026 15:50,simran,,"Kolkata, West Bengal",Home And Kitchen|Bedsheet Set|1499,2
ORD-20261004-2335,04-10-2026 16:45,Aadhya,Nair,"Lucknow, Uttar Pradesh",Electronics|Smart Watch|2499,2
ORD-20261004-4461,04/10/2026 17:13,Nisha,nair,"Bengaluru, Karnataka",Sports|Dumbbell Set|1899, 3 
ORD-20261004-4599,2026-10-04 20:28:56,kriti,PANDYA,"Nagpur, Maharashtra",Electronics|Bluetooth Speaker|1799,3
ORD-20261004-4550,04-10-2026 20:46,Suresh,sharma,"Chennai, Tamil Nadu",Sports|Cricket Bat|1599,2
ORD-20261004-3282,2026-10-04 23:22:50,HETAL,MODI,"Delhi, Delhi",Sports|Cricket Bat|1599,4
ORD-20261004-0758,2026-10-04 19:11:01,Palak,khanna,"kolkata, west bengal",Beauty|Hair Serum|549,1
ORD-20261004-0063,2026-10-04 09:19:10,Anjali,Singh,"hyderabad, telangana",Electronics|Laptop Stand|749,1
ORD-20261004-1252,2026-10-04 11:53:03,null,pillai,"Ahmedabad, Gujarat",Beauty|Face Wash|249,2
ORD-20261004-0558,04/10/2026 22:52,ishaan,Bose,"Surat, Gujarat",,3
ORD-20261004-4496,04/10/2026 19:30,,Trivedi,"DELHI, DELHI",Sports|Skipping Rope|199,1.0
ORD-20261004-0290,04/10/2026 20:35,roshni,Singh,"ahmedabad, gujarat",Fashion|Running Shoes|2199,1
ORD-20261004-0928,04-10-2026 10:28,Yash,THAKKAR,"Mumbai, Maharashtra",Sports|Skipping Rope|199,3
ORD-20261004-1400,04/10/2026 03:49,Nidhi,Gupta,"  Ahmedabad, Gujarat ",Electronics|Smart Watch|2499,1
ORD-20261004-0203,04/10/2026 09:36,Kabir,Thakkar,"Jaipur, Rajasthan",Fashion|Sunglasses|999,1
ORD-20261004-4834,04/10/2026 12:09,Roshni,  Chopra ,"Bengaluru, Karnataka",Beauty|Hair Serum|549, 1 
ORD-20261004-4046,2026-10-04 19:36:31,Reyansh,Vyas,"Delhi, Delhi",Electronics|Wireless Earbuds|1299,5
ORD-20261004-1976,04/10/2026 01:51,  Aadhya ,Kulkarni,"Mumbai, Maharashtra",Home And Kitchen|Bedsheet Set|1499,2
ORD-20261004-3946,2026-10-04 18:46:57,Priya,  Srivastava ,"Chennai, Tamil Nadu",Beauty|Sunscreen|449,3
ORD-20261004-3851,04-10-2026 06:57,shreya,gupta,"Delhi, Delhi",Electronics|Wireless Earbuds|1299,3
ORD-20261004-1104,N/A,  Vihaan ,Joshi,"PUNE, MAHARASHTRA",Fashion|Cotton Kurta|799,1
ORD-20261004-2378,04/10/2026 21:41,null,Verma,"Pune, Maharashtra",Beauty|Face Wash|249,3
ORD-20261004-0638,2026-10-04 18:17:31,vivaan,  Saxena ,"Mumbai, Maharashtra",Sports|Dumbbell Set|1899,3
ORD-20261004-0803,2026-10-04 01:43:11,anika,Shah,"pune, maharashtra",Beauty|Lipstick|399,1.0
ORD-20261004-2204,04/10/2026 14:41,Megha,bansal,"MUMBAI, MAHARASHTRA",Sports|Football|799,2
ORD-20261004-3922,04/10/2026 21:08,Kavya,  Bansal ,"  Lucknow, Uttar Pradesh ",Beauty|Lipstick|399,1
ORD-20261004-4341,04/10/2026 21:16,parth,agarwal,"Vadodara, Gujarat",,2
ORD-20261004-1764,04/10/2026 17:52,Rahul,  Menon ,"Hyderabad, Telangana",Fashion|Cotton Kurta|799,2
ORD-20261004-2472,04/10/2026 11:51,saanvi,Khanna,"ahmedabad, gujarat",Fashion|Denim Jeans|1199,3
ORD-20261004-3857,04/10/2026 14:02,Karan,Kulkarni,"  Jaipur, Rajasthan ",Fashion|Sunglasses|999,2
ORD-20261004-2088,2026-10-04 22:20:25,riya,Saxena,"  Lucknow, Uttar Pradesh ",Electronics|Power Bank|899,1.0
ORD-20261004-3826,04-10-2026 21:24,Janvi,Saxena,"Vadodara, Gujarat",Sports|Football|799,4
ORD-20261004-0115,04/10/2026 10:25,KRITI,Menon,"Vadodara, Gujarat",Sports|Dumbbell Set|1899,4
ORD-20261004-3722,2026-10-04 11:28:36,Pranav,Bansal,"mysuru, karnataka",Fashion|Sunglasses|999,1
ORD-20261004-0216,04/10/2026 08:43,Arjun,Mukherjee,"Mysuru, Karnataka",Electronics|Power Bank|899,0
ORD-20261004-0825,04-10-2026 09:36,MANISH,Malhotra,N/A,Sports|Cricket Bat|1599,3
ORD-20261004-2321,2026-10-04 12:38:40,Sneha,Patil,"Vadodara, Gujarat",Beauty|Face Wash|249,1
ORD-20261004-2116,04/10/2026 18:11,Anika,PARMAR,"  Bengaluru, Karnataka ",Fashion|Denim Jeans|1199,1.0
ORD-20261004-0322,04/10/2026 22:02,Suresh,Parmar,"Surat, Gujarat",Fashion|Sunglasses|999,1
ORD-20261004-0013,2026-10-04 21:33:33,Roshni,chopra,"CHENNAI, TAMIL NADU",Beauty|Face Wash|249,5
ORD-20261004-0851,04/10/2026 19:46,KRISHNA,Reddy,"Pune, Maharashtra",Beauty|Hair Serum|549,1
ORD-20261004-3063,04/10/2026 19:30,Amit,Chopra,"chennai, tamil nadu",Fashion|Sunglasses|999,1
ORD-20261004-2214,04/10/2062 21:49,Anika,Gupta,"nagpur, maharashtra",Electronics|Smart Watch|2499,4
ORD-20261004-2096,04/10/2026 22:31,Parth,Ghosh,"nagpur, maharashtra",Fashion|Leather Wallet|499,1
ORD-20261004-1207,04/10/2026 11:34,Pooja,Reddy,"  Chennai, Tamil Nadu ",Beauty|Face Wash|249,1.0
ORD-20261004-4043,04/10/2026 23:21,Harsh,patil,"Mumbai, Maharashtra",Sports|Football|799,2
ORD-20261004-0252,04-10-2026 17:57,navya,Reddy,"JAIPUR, RAJASTHAN",Electronics|Power Bank|899,5
ORD-20261004-4171,2026-10-04 17:19:26,aarav,Kapoor,"Mysuru, Karnataka",Home And Kitchen|Non Stick Pan|1099,1
ORD-20261004-0224,04-10-2026 10:07,  Varun ,desai,"  Delhi, Delhi ",Sports|Dumbbell Set|1899,2
ORD-20261004-0388,04-10-2026 12:32,MYRA,sharma,"Hyderabad, Telangana",Home And Kitchen|Non Stick Pan|1099,1
ORD-20261004-4593,04/10/2062 20:33,Tanvi,BANSAL,"Mysuru, Karnataka",Electronics|Smart Watch|2499,2.0
ORD-20261004-0802,04/10/2026 18:17,  Gaurav ,Iyer,"Coimbatore, Tamil Nadu",Fashion|Leather Wallet|499, 3 
ORD-20261004-0880,2026-10-04 14:53:25,  Pari ,Joshi,"Pune, Maharashtra",Sports|Yoga Mat|699,3
ORD-20261004-3057,2026-10-04 18:12:09,kavya,chopra,"ahmedabad, gujarat",Electronics|Wireless Earbuds|1299,3
ORD-20261004-2768,04-10-2026 14:48,Priya,Kalavadia,"Pune, Maharashtra",Home And Kitchen|Bedsheet Set|1499,1
ORD-20261004-1697,04/10/2026 17:26,Dev,Thakkar,"DELHI, DELHI",Sports|Cricket Bat|1599,3
ORD-20261004-4052,04/10/2026 17:03,Nisha,  Verma ,"surat, gujarat",Fashion|Denim Jeans|1199,2
ORD-20261004-2511,04/10/2026 15:24,ATHARV,Bansal,"Delhi, Delhi",Electronics|Laptop Stand|749,1
ORD-20261004-1443,2026-10-04 05:45:32,Komal,khanna,"delhi, delhi",Fashion|Leather Wallet|499,2
ORD-20261004-0301,04/10/2026 07:58,ISHA,Sinha,"Vadodara, Gujarat",Electronics|Smart Watch|2499,1
ORD-20261004-4505,2026-10-04 08:02:31,Reyansh,Tiwari,"delhi, delhi",Home And Kitchen|Non Stick Pan|1099,1
ORD-20261004-3650,04/10/2026 16:28,Neel,Thakkar,"Nagpur, Maharashtra",Fashion|Running Shoes|2199, 2 
ORD-20261004-0100,2026-10-04 12:43:08,aditya,mishra,"PUNE, MAHARASHTRA",Electronics|Power Bank|899,one
ORD-20261004-0780,04-10-2026 13:24,Gaurav,Iyer,"mumbai, maharashtra",Home And Kitchen|Wall Clock|649,3
ORD-20261004-1982,,  Pooja ,TRIVEDI,"chennai, tamil nadu",Home And Kitchen|Steel Water Bottle|399,4
ORD-20261004-1395,04/10/2026 11:16,Aryan,Singh,"Mumbai, Maharashtra",Home And Kitchen|Non Stick Pan|1099, 1 
ORD-20261004-4424,04/10/2026 21:49,krupa,DAS,"Nagpur, Maharashtra",Fashion|Denim Jeans|1199,3
ORD-20261004-4684,04/10/2026 12:59,MEGHA,mishra,"Kolkata, West Bengal",Home And Kitchen|Wall Clock|649,1
ORD-20261004-1239,04/10/2026 19:31,Aditya,  Modi ,"Surat, Gujarat",Fashion|Sunglasses|999,3
ORD-20261004-1045,04/10/2026 17:33,Ananya,Thakkar,"Jaipur, Rajasthan",Electronics|Bluetooth Speaker|1799,1
ORD-20261004-1488,04-10-2026 13:09,Ishaan,Chauhan,"chennai, tamil nadu",Fashion|Cotton Kurta|799,1
ORD-20261004-4469,04/10/2026 22:04,Aditi,SRIVASTAVA,"BENGALURU, KARNATAKA",Fashion|Denim Jeans|1199,2
ORD-20261004-3556,2026-10-04 22:46:25,Yash,GHOSH,"Hyderabad, Telangana",Fashion|Cotton Kurta|799,3
ORD-20261004-3620,04/10/2026 13:18,Sneha,Srivastava,"Delhi, Delhi",Beauty|Face Wash|249,1
ORD-20261004-1899,04/10/2026 05:27,  Jay ,chaudhary,"jaipur, rajasthan",Fashion|Cotton Kurta|799,2
ORD-20261004-2551,04/10/2026 16:28,Shreya,Chauhan,"pune, maharashtra",Sports|Dumbbell Set|1899,1
ORD-20261004-1934,04/10/2026 20:42,Kunal,Shah,"Surat, Gujarat",Sports|Cricket Bat|1599,2
ORD-20261004-0507,2026-10-04 21:25:49,dev,Kalavadia,"SURAT, GUJARAT",Electronics|Wireless Earbuds|1299,5
ORD-20261004-3725,04/10/2026 21:15,Aanya,  Saxena ,"chennai, tamil nadu",Electronics|Wireless Earbuds|1299,1
ORD-20261004-0832,04/10/2026 09:15,  Khushi ,joshi,"  Kolkata, West Bengal ",Electronics|Laptop Stand|749,2
ORD-20261004-2755,04/10/2026 13:21,Vikas,Patil,"Vadodara, Gujarat",Home And Kitchen|Non Stick Pan|1099,1
ORD-20261004-4344,04/10/2026 18:48,,trivedi,"hyderabad, telangana",Electronics|Power Bank|899,1
ORD-20261004-0038,2026-10-04 13:54:36,Palak,  Chopra ,"coimbatore, tamil nadu",Electronics|Bluetooth Speaker|1799,1.0
ORD-20261004-1355,04/10/2026 21:47,Khushi,Bhatt,"bengaluru, karnataka",Home And Kitchen|Steel Water Bottle|399,2
ORD-20261004-2202,04/10/2026 22:46,bhavna,khanna,"Mysuru, Karnataka",Sports|Cricket Bat|1599,2
ORD-20261004-1940,2026-10-04 19:46:35,Dhwani,ghosh,"Jaipur, Rajasthan",Beauty|Face Wash|249,1
ORD-20261004-1993,04/10/2026 20:02,Rahul,ghosh,"pune, maharashtra",Fashion|Leather Wallet|499,1
ORD-20261004-1259,04/10/2026 15:22,KRUPA,desai,"Mumbai, Maharashtra",Home And Kitchen|Bedsheet Set|1499,1
ORD-20261004-1949,04/10/2026 17:41,Om,Gupta,"Ahmedabad, Gujarat",Beauty|Hair Serum|549,2
ORD-20261004-0442,2026-10-04 19:58:52,Nisha,KULKARNI,"Ahmedabad, Gujarat",Sports|Cricket Bat|1599,2
ORD-20261004-1091,2026-10-04 05:53:38,myra,Das,"DELHI, DELHI",Sports|Yoga Mat|699,2
ORD-20261004-2041,04/10/2026 13:34,Ayaan,Menon,"Hyderabad, Telangana",Home And Kitchen|Non Stick Pan|1099,1
ORD-20261004-1999,31/02/2026 20:28,,Ghosh,"Vadodara, Gujarat",Electronics|Bluetooth Speaker|1799,1
ORD-20261004-1194,04-10-2026 17:37,nisha,Khanna,"Delhi, Delhi",Beauty|Sunscreen|449,1.0
ORD-20261004-3886,04-10-2026 08:09,PRANAV,Rathod,"Ahmedabad, Gujarat",Electronics|Wireless Earbuds|1299,3
ORD-20261004-0484,04/10/2026 12:53,Rohan,Gupta,"chennai, tamil nadu",Home And Kitchen|Storage Box|299,3
ORD-20261004-2623,04/10/2062 09:03,Vikas,Patil,"Vadodara, Gujarat",Electronics|Power Bank|899,1
ORD-20261004-1530,2026-10-04 15:17:50,Komal,Reddy,"delhi, delhi",Beauty|Sunscreen|449,3
ORD-20261004-3326,04/10/2026 22:19,rajesh,,"Bengaluru, Karnataka",Sports|Yoga Mat|699,1
ORD-20261004-4080,2026-10-04 22:45:14,jay,Chaudhary,"Ahmedabad, Gujarat",Sports|Cricket Bat|1599,1
ORD-20261004-2371,04-10-2026 17:41,Simran,Tiwari,"  Jaipur, Rajasthan ",Fashion|Leather Wallet|499,1
ORD-20261004-0783,04/10/2026 13:32,Bhavna,desai,"Pune, Maharashtra",Electronics|Wireless Earbuds|1299,2
ORD-20261004-0405,2026-10-04 20:25:18,Sneha,Gupta,"Mysuru, Karnataka",Fashion|Cotton Kurta|799,5
ORD-20261004-4024,04/10/2026 20:31,sneha,Nair,"Mumbai, Maharashtra",Home And Kitchen|Wall Clock|649,1
ORD-20261004-1042,04/10/2026 13:53,Anjali,  Ghosh ,"ahmedabad, gujarat",Home And Kitchen|Steel Water Bottle|399,4
ORD-20261004-0146,04/10/2026 21:36,jay,Singh,"Ahmedabad, Gujarat",Fashion|Cotton Kurta|799,5
ORD-20261004-2780,2026-10-04 15:31:10,Khushi,Iyer,"COIMBATORE, TAMIL NADU",Sports|Football|799,1
ORD-20261004-3737,04-10-2026 14:08,  Kavya ,Rathod,"Surat, Gujarat",Fashion|Leather Wallet|499,5.0
ORD-20261004-2923,2026-10-04 12:13:27,Deepak,Nair,"  Coimbatore, Tamil Nadu ",Electronics|Wireless Earbuds|1299,2
ORD-20261004-3339,04/10/2026 10:39,,Ghosh,"Chennai, Tamil Nadu",Beauty|Hair Serum|549,1
ORD-20261004-3945,04-10-2026 17:04,Sneha,bhatt,"Delhi, Delhi",Fashion|Sunglasses|999,1
ORD-20261004-4179,04/10/2026 11:49,Krishna,Nair,"Vadodara, Gujarat",Sports|Football|799,2
ORD-20261004-1325,2026-10-04 17:42:36,Vihaan,Jain,"Mumbai, Maharashtra",Sports|Dumbbell Set|1899,2
ORD-20261004-2549,2026-10-04 14:02:31,Arjun,Dubey,"Kolkata, West Bengal",Fashion|Leather Wallet|499,2
ORD-20261004-2361,04/10/2026 20:25,Simran,Thakkar,"Kolkata, West Bengal",Fashion|Sunglasses|999,2
ORD-20261004-2236,04/10/2026 21:36,Nidhi,Solanki,"Kolkata, West Bengal",Fashion|Running Shoes|2199,1
ORD-20261004-3016,04-10-2026 20:46,  Khushi ,Bose,"Jaipur, Rajasthan",Electronics|Bluetooth Speaker|1799,1
ORD-20261004-2430,2026-10-04 15:45:34,Manish,Verma,"Delhi, Delhi",Beauty|Lipstick|399,1
ORD-20261004-4836,2026-10-04 11:58:21,Krupa,mehta,"hyderabad, telangana",Fashion|Denim Jeans|1199,2
ORD-20261004-1577,04-10-2026 14:30,Deepak,Kalavadia,"Coimbatore, Tamil Nadu",,2
ORD-20261004-2484,2026-10-04 13:55:34,Dhruv,reddy,"nagpur, maharashtra",Electronics|Wireless Earbuds|1299,4
ORD-20261004-2036,2026-10-04 22:13:32,Shreya,SHAH,"Lucknow, Uttar Pradesh",Home And Kitchen|Non Stick Pan|1099,1
ORD-20261004-0505,04-10-2026 15:09,Rudra,CHAUHAN,"  Delhi, Delhi ",Fashion|Sunglasses|999,
ORD-20261004-2066,04-10-2026 10:05,Sara,pandya,"Delhi, Delhi",Fashion|Cotton Kurta|799,2
ORD-20261004-1659,N/A,mansi,Malhotra,"delhi, delhi",Beauty|Hair Serum|549,3
ORD-20261004-4138,2026-10-04 21:33:31,Yash,thakkar,"MUMBAI, MAHARASHTRA",Sports|Football|799,1
ORD-20261004-3742,04/10/2026 22:32,Karan,  Kulkarni ,"Jaipur, Rajasthan",Beauty|Sunscreen|449,1
ORD-20261004-2480,04-10-2026 20:26,Deepak,Gupta,"kolkata, west bengal",Electronics|Bluetooth Speaker|1799,1
ORD-20261004-4818,2026-10-04 18:58:54,Advik,MEHTA,"Nagpur, Maharashtra",Fashion|Running Shoes|2199,3
ORD-20261004-1107,2026-10-04 13:26:07,Tanvi,Chopra,"Bengaluru, Karnataka",Home And Kitchen|Wall Clock|649,1
ORD-20261004-3007,2026-10-04 15:04:37,Janvi,Gupta,"lucknow, uttar pradesh",Home And Kitchen|Bedsheet Set|1499,5
ORD-20261004-4766,04/10/2026 16:40,  Ayaan ,jain,"Delhi, Delhi",Fashion|Sunglasses|999,2
ORD-20261004-4591,2026-10-04 14:35:46,Amit,Bhatt,"  Delhi, Delhi ",Fashion|Sunglasses|999,1
ORD-20261004-2518,2026-10-04 02:28:57,Priya,Khanna,"  Chennai, Tamil Nadu ",Fashion|Running Shoes|2199,2
ORD-20261004-4771,04-10-2026 11:53,isha,Chaudhary,"vadodara, gujarat",Home And Kitchen|Bedsheet Set|1499,2
ORD-20261004-3671,2026-10-04 12:28:09,Kunal,  Ghosh ,"Mysuru, Karnataka",Fashion|Sunglasses|999, 2 
ORD-20261004-1952,04/10/2026 15:50,navya,bose,"Delhi, Delhi",Home And Kitchen|Steel Water Bottle|399,3.0
ORD-20261004-0414,04/10/2026 23:16,NAVYA,REDDY,"Kolkata, West Bengal",Fashion|Leather Wallet|499,6
ORD-20261004-1518,04/10/2026 02:13,  Simran ,Kalavadia,"hyderabad, telangana",Beauty|Hair Serum|549,1
ORD-20261004-2747,30/02/2026 20:05,bhavna,Malhotra,"Jaipur, Rajasthan",Sports|Skipping Rope|199,1
ORD-20261004-2788,04/10/2026 15:26,Amit,PATIL,"BENGALURU, KARNATAKA",Beauty|Lipstick|399,1
ORD-20261004-0711,04-10-2026 12:34,Sara,Dubey,"hyderabad, telangana",Fashion|Leather Wallet|499,1
ORD-20261004-1389,04/10/2026 02:20,suresh,Agarwal,N/A,Sports|Skipping Rope|199,5
ORD-20261004-2526,04-10-2026 10:42,Rajesh,BOSE,"Ahmedabad, Gujarat",Sports|Football|799,1.0
ORD-20261004-2542,04/10/2026 19:02,aditi,pandya,"  Jaipur, Rajasthan ",Home And Kitchen|Wall Clock|649,5
ORD-20261004-1778,04-10-2026 15:40,swati,Singh,"Surat, Gujarat",Beauty|Lipstick|399, 1 
ORD-20261004-2179,04/10/2026 03:21,Khushi,Arora,"Surat, Gujarat",Sports|Cricket Bat|1599,1
ORD-20261004-3891,04/10/2026 03:36,  Ishaan ,MISHRA,"Hyderabad, Telangana",Fashion|Sunglasses|999,3
ORD-20261004-3195,2026-10-04 22:57:35,Pranav,malhotra,"mumbai, maharashtra",Beauty|Sunscreen|449,1
ORD-20261004-2301,04/10/2026 16:04,Roshni,arora,"  Mumbai, Maharashtra ",Fashion|Denim Jeans|1199,1
ORD-20261004-1150,04/10/2026 20:37,Yash,Pawar,"  Chennai, Tamil Nadu ",Fashion|Running Shoes|2199,-1
ORD-20261004-3619,04/10/2026 16:16,Karan,Chauhan,"ahmedabad, gujarat",Home And Kitchen|Wall Clock|649,1
ORD-20261004-4142,04-10-2026 13:53,  Vikas ,singh,"Delhi, Delhi",Electronics|Power Bank|899,-4
ORD-20261004-3436,2026-10-04 11:34:29,  Shreya ,Nair,"Bengaluru, Karnataka",Electronics|Laptop Stand|749,-1
ORD-20261004-3322,2026-10-04 15:31:03,,Parmar,"Mysuru, Karnataka",Electronics|Bluetooth Speaker|1799,1
ORD-20261004-1350,04/10/2026 22:54,sara,bhatt,"Hyderabad, Telangana",Beauty|Lipstick|399, 1 
ORD-20261004-4459,04/10/2026 20:55,suresh,Vyas,"Surat, Gujarat",Home And Kitchen|Non Stick Pan|1099,2.0
ORD-20261004-3067,04/10/2026 15:06,Varun,Ghosh,"delhi, delhi",,2
ORD-20261004-2965,04-10-2026 23:19,BHAVNA,MALHOTRA,"jaipur, rajasthan",Beauty|Perfume|1299,1
ORD-20261004-1963,2026-10-04 13:54:18,Payal,GHOSH,"bengaluru, karnataka",Sports|Skipping Rope|199, 2 
ORD-20261004-3111,04-10-2026 18:25,saanvi,yadav,"hyderabad, telangana",Home And Kitchen|Wall Clock|649,2
ORD-20261004-1341,04/10/2026 20:39,Sneha,PAWAR,"NAGPUR, MAHARASHTRA",Sports|Yoga Mat|699,2
ORD-20261004-0173,04/10/2026 22:42,Neel,trivedi,"  Mumbai, Maharashtra ",Fashion|Leather Wallet|499,1
ORD-20261004-1044,2026-10-04 11:48:09,  Aanya ,Saxena,"Hyderabad, Telangana",Beauty|Sunscreen|449,
ORD-20261004-2554,04/10/2026 11:19,Isha,Rao,"  Mumbai, Maharashtra ",Fashion|Cotton Kurta|799,2
ORD-20261004-3549,04/10/2026 12:08,nikhil,Bhatt,"Delhi, Delhi",Home And Kitchen|Storage Box|299,1
ORD-20261004-0147,2026-10-04 15:47:59,Atharv,Saxena,"Chennai, Tamil Nadu",Fashion|Running Shoes|2199,2
ORD-20261004-1771,04/10/2026 14:09,Sai,Nair,"Delhi, Delhi",Fashion|Cotton Kurta|799, 1 
ORD-20261004-1184,2026-10-04 21:04:53,Rohan,arora,"Surat, Gujarat",Electronics|Power Bank|899,3
ORD-20261004-3249,04/10/2026 13:35,,ARORA,"Mumbai, Maharashtra",Sports|Football|799,1
ORD-20261004-2662,04/10/2026 19:32,Rudra,Menon,"kolkata, west bengal",Beauty|Hair Serum|549,4
ORD-20261004-2940,2026-10-04 14:12:12,Kunal,Joshi,"Delhi, Delhi",Fashion|Denim Jeans|1199,1
ORD-20261004-2544,2026-10-04 15:44:14,Rudra,rao,"surat, gujarat",Beauty|Lipstick|399,1
ORD-20261004-3491,04/10/2026 19:40,Karan,dubey,"Ahmedabad, Gujarat",Fashion|Sunglasses|999,1.0
ORD-20261004-0761,04-10-2026 08:15,Rudra,Bhatt,"Hyderabad, Telangana",Electronics|Bluetooth Speaker|1799,2
ORD-20261004-0659,04/10/2026 11:53,ritu,Khanna,"Chennai, Tamil Nadu",Beauty|Lipstick|399,2
ORD-20261004-0571,04/10/2026 06:45,ADVIK,tiwari,"Chennai, Tamil Nadu",Sports|Skipping Rope|199,1
ORD-20261004-0635,04/10/2026 08:08,Myra,Trivedi,"Pune, Maharashtra",Sports|Football|799, 1 
ORD-20261004-0923,04-10-2026 18:32,Rahul,Pandya,"  Vadodara, Gujarat ",Fashion|Sunglasses|999,2
ORD-20261004-2400,04/10/2026 20:07,  Saanvi ,Desai,"bengaluru, karnataka",Sports|Dumbbell Set|1899,2
ORD-20261004-2044,04-10-2026 12:28,  Aarav ,Thakkar,"Pune, Maharashtra",Fashion|Denim Jeans|1199,1
ORD-20261004-4811,04/10/2026 16:18,Diya,Saxena,"Pune, Maharashtra",Fashion|Denim Jeans|1199,5
ORD-20261004-2213,04-10-2026 15:09,pari,Agarwal,"DELHI, DELHI",Beauty|Lipstick|399,4
ORD-20261004-2795,04/10/2025 13:33,Krupa,agarwal,"Jaipur, Rajasthan",Fashion|Sunglasses|999,2
ORD-20261004-2744,04/10/2026 04:10,Rudra,Pawar,"delhi, delhi",Sports|Football|799,1
ORD-20261004-2048,2026-10-04 15:58:30,ROHAN,Kapoor,"Nagpur, Maharashtra",Fashion|Leather Wallet|499,3
ORD-20261004-3125,04-10-2026 08:28,Vivaan,Desai,"Chennai, Tamil Nadu",Electronics|Bluetooth Speaker|1799,1.0
ORD-20261004-1469,04-10-2026 13:00,Arjun,Pillai,"Mumbai, Maharashtra",Home And Kitchen|Wall Clock|649,4
ORD-20261004-1677,04-10-2026 16:14,isha,Vyas,"Surat, Gujarat",Beauty|Perfume|1299,4
ORD-20261004-1869,04/10/2026 10:40,Janvi,  Thakkar ,"Mysuru, Karnataka",Beauty|Perfume|1299,1
ORD-20261004-2702,04/10/2026 20:09,Karan,  Pandya ,"Mysuru, Karnataka",Beauty|Sunscreen|449,1
ORD-20261004-4391,04/10/2026 15:07,Aryan,Desai,"Mumbai, Maharashtra",Fashion|Sunglasses|999,1
ORD-20261004-3201,2026-10-04 18:32:49,  Tushar ,Parmar,"lucknow, uttar pradesh",Electronics|Bluetooth Speaker|1799,1
ORD-20261004-4730,04/10/2026 16:36,yash,MODI,"Coimbatore, Tamil Nadu",Home And Kitchen|Bedsheet Set|1499,2
ORD-20261004-3210,04-10-2026 13:55,Kunal,Gupta,"Vadodara, Gujarat",Home And Kitchen|Non Stick Pan|1099,1
ORD-20261004-3389,2026-10-04 21:55:08,Varun,Arora,"chennai, tamil nadu",Home And Kitchen|Storage Box|299,4
ORD-20261004-3033,04/10/2026 22:35,pranav,Agarwal,"Bengaluru, Karnataka",Electronics|Power Bank|899,2
ORD-20261004-2363,2026-10-04 18:36:31,Neha,Sinha,"  Vadodara, Gujarat ",Electronics|Bluetooth Speaker|1799,1.0
ORD-20261004-3838,04/10/2026 10:57,Reyansh,Desai,"Surat, Gujarat",Electronics|Wireless Earbuds|1299,6
ORD-20261004-1706,2026-10-04 13:12:51,Arjun,BOSE,"Delhi, Delhi",Electronics|Power Bank|899,2
ORD-20261004-0633,04/10/2026 08:37,  Khushi ,Mukherjee,"  Mumbai, Maharashtra ",Fashion|Sunglasses|999,2
ORD-20261004-2240,04/10/2026 15:49,Rahul,dubey,"pune, maharashtra",Beauty|Perfume|1299,1
ORD-20261004-2404,2026-10-04 13:06:06,Nikhil,Pandya,"Chennai, Tamil Nadu",Fashion|Sunglasses|999,-1
ORD-20261004-0827,04/10/2026 14:43,Mihir,Yadav,"  Kolkata, West Bengal ",Beauty|Perfume|1299,
ORD-20261004-0021,04/10/2026 18:27,  Priya ,PAWAR,"delhi, delhi",Sports|Skipping Rope|199,1
ORD-20261004-0979,04/10/2026 17:59,payal,SHARMA,"nagpur, maharashtra",Electronics|Laptop Stand|749,2
ORD-20261004-2010,2026-10-04 02:39:05,Anjali,Patel,"Mumbai, Maharashtra",Home And Kitchen|Non Stick Pan|1099,2
ORD-20261004-1439,04/10/2026 20:59,suresh,Agarwal,"delhi, delhi",Beauty|Face Wash|249,1
ORD-20261004-2316,2026-10-04 21:57:31,isha,Saxena,"Hyderabad, Telangana",Beauty|Sunscreen|449,1
ORD-20261004-4204,04/10/2026 19:37,Nidhi,Sharma,"Mumbai, Maharashtra",Electronics|Laptop Stand|749, 2 
ORD-20261004-2948,04/10/2026 13:15,Swati,Mishra,"  Hyderabad, Telangana ",Electronics|Laptop Stand|749,-2
ORD-20261004-0364,N/A,  Parth ,Mishra,"Bengaluru, Karnataka",Sports|Dumbbell Set|1899,3
ORD-20261004-2427,04/10/2026 00:23,Priya,Agarwal,"  Chennai, Tamil Nadu ",Fashion|Denim Jeans|1199,1
ORD-20261004-4017,2026-10-04 22:15:20,sai,Rao,"Bengaluru, Karnataka",Home And Kitchen|Steel Water Bottle|399,5
ORD-20261004-0529,04-10-2026 15:53,Om,KULKARNI,"Chennai, Tamil Nadu",Fashion|Leather Wallet|499,3
ORD-20261004-0977,04/10/2026 07:23,KRISHNA,Sharma,"Ahmedabad, Gujarat",Home And Kitchen|Storage Box|299,2
ORD-20261004-3937,04/10/2026 19:40,hetal,Yadav,"CHENNAI, TAMIL NADU",Beauty|Sunscreen|449,3
ORD-20261004-0821,04/10/2026 18:39,  Nikhil ,Mukherjee,"  Delhi, Delhi ",Fashion|Leather Wallet|499,2
ORD-20261004-3846,04/10/2026 21:26,harsh,Agarwal,"Bengaluru, Karnataka",Beauty|Hair Serum|549,
ORD-20261004-3006,04-10-2026 12:05,khushi,Chopra,"ahmedabad, gujarat",Sports|Dumbbell Set|1899,1
ORD-20261004-2496,04/10/2026 13:09,Kunal,Joshi,"Delhi, Delhi",Electronics|Laptop Stand|749,1
ORD-20261004-4698,04/10/2026 09:31,Dhruv,Pawar,"MUMBAI, MAHARASHTRA",Fashion|Leather Wallet|499,2
ORD-20261004-2310,2026-10-04 17:58:46,Gaurav,  Kumar ,"Mumbai, Maharashtra",Fashion|Cotton Kurta|799,3
ORD-20261004-4025,2026-10-04 12:06:37,Simran,sinha,"  Nagpur, Maharashtra ",Fashion|Running Shoes|2199,5
ORD-20261004-0555,04/10/2026 12:40,Khushi,Dubey,"  Bengaluru, Karnataka ",Fashion|Leather Wallet|499,2.0
ORD-20261004-3182,2026-10-04 14:14:02,Karan,Sinha,"Hyderabad, Telangana",Beauty|Face Wash|249,1
ORD-20261004-2304,04/10/2026 06:50,myra,Srivastava,"Hyderabad, Telangana",Fashion|Cotton Kurta|799,1
ORD-20261004-0398,04/10/2026 03:22,  Gaurav ,BHATT,"Hyderabad, Telangana",Electronics|Power Bank|899,2
ORD-20261004-0962,04/10/2026 19:32,Priya,Modi,"Pune, Maharashtra",Beauty|Lipstick|399,2
ORD-20261004-3848,04/10/2026 19:35,Suresh,Desai,"Bengaluru, Karnataka",Fashion|Running Shoes|2199,2
ORD-20261004-3175,04-10-2026 15:23,Bhavna,Kalavadia,"bengaluru, karnataka",Fashion|Leather Wallet|499, 5 
ORD-20261004-2532,2026-10-04 21:37:48,aditi,YADAV,"Chennai, Tamil Nadu",Electronics|Wireless Earbuds|1299, 2 
ORD-20261004-0570,2026-10-04 19:11:56,Riya,  Rao ,"mumbai, maharashtra",Home And Kitchen|Bedsheet Set|1499,4
ORD-20261004-3572,2026-10-04 17:28:20,,Chauhan,"Hyderabad, Telangana",Sports|Yoga Mat|699,2
ORD-20261004-1671,04/10/2026 15:34,Megha,Gupta,"bengaluru, karnataka",Fashion|Running Shoes|2199,2
ORD-20261004-0192,2026-10-04 07:12:32,Sara,  Nair ,"Kolkata, West Bengal",Electronics|Bluetooth Speaker|1799, 1 
ORD-20261004-2043,2026-10-04 03:02:43,Simran,Malhotra,"surat, gujarat",Electronics|Bluetooth Speaker|1799,0
ORD-20261004-1654,04/10/2026 13:13,Vivaan,Joshi,"jaipur, rajasthan",Fashion|Sunglasses|999,6
ORD-20261004-0686,2026-10-04 13:50:55,Kabir,Kulkarni,"Kolkata, West Bengal",Beauty|Hair Serum|549,1.0
ORD-20261004-2987,2026-10-04 14:19:07,SHREYA,bhatt,"Mumbai, Maharashtra",Electronics|Laptop Stand|749,3
ORD-20261004-3665,04/10/2026 06:34,Harsh,Saxena,"Kolkata, West Bengal",Beauty|Lipstick|399,1
ORD-20261004-2727,,Rohan,DAS,"SURAT, GUJARAT",Fashion|Denim Jeans|1199,1
ORD-20261004-3529,04-10-2026 14:24,shreya,Desai,"Chennai, Tamil Nadu",Beauty|Face Wash|249,2
ORD-20261004-0575,2026-10-04 10:17:32,Navya,ghosh,"Kolkata, West Bengal",Electronics|Laptop Stand|749,1
ORD-20261004-4514,04/10/2026 13:46,Aanya,menon,"Pune, Maharashtra",Fashion|Running Shoes|2199,
ORD-20261004-4448,04/10/2026 19:15,Rajesh,  Kapoor ,"Chennai, Tamil Nadu",Sports|Dumbbell Set|1899,2
ORD-20261004-3800,2026-10-04 22:15:48,Palak,dubey,"Mumbai, Maharashtra",Beauty|Face Wash|249,3
ORD-20261004-2641,2026-10-04 22:27:13,Ayaan,Solanki,"  Ahmedabad, Gujarat ",Fashion|Denim Jeans|1199,1
ORD-20261004-2765,04/10/2026 11:37,divya,patil,"Mumbai, Maharashtra",Sports|Cricket Bat|1599,1.0
ORD-20261004-4636,04/10/2026 00:02,Manish,Trivedi,"Jaipur, Rajasthan",Beauty|Sunscreen|449,-2
ORD-20261004-0494,2026-10-04 10:39:42,Arjun,Agarwal,"Bengaluru, Karnataka",Sports|Football|799,2
ORD-20261004-2517,2026-10-04 12:17:24,Ananya,KUMAR,"Mumbai, Maharashtra",Electronics|Smart Watch|2499,3
ORD-20261004-3996,04-10-2026 15:48,Vikas,modi,"Delhi, Delhi",Electronics|Bluetooth Speaker|1799,1
ORD-20261004-0755,04/10/2026 19:12,Parth,Nair,"  Pune, Maharashtra ",Fashion|Sunglasses|999,3
ORD-20261004-0735,04/10/2026 22:52,Vihaan,  Thakkar ,"Mumbai, Maharashtra",Fashion|Cotton Kurta|799,2
ORD-20261004-2113,2026-10-04 22:59:19,Sara,Agarwal,"Bengaluru, Karnataka",Home And Kitchen|Non Stick Pan|1099,2
ORD-20261004-1615,2026-10-04 19:29:36,Rudra,Pawar,"Delhi, Delhi",Fashion|Denim Jeans|1199,3
ORD-20261004-1169,04/10/2026 20:04,aditi,Khanna,"Surat, Gujarat",Fashion|Denim Jeans|1199,1
ORD-20261004-3600,04/10/2026 08:26,Nisha,Khanna,"Delhi, Delhi",Fashion|Running Shoes|2199,1
ORD-20261004-3699,04/10/2026 14:02,Megha,Rao,"Delhi, Delhi",Beauty|Hair Serum|549,2
ORD-20261004-3423,04/10/2026 18:45,ishaan,Mishra,"hyderabad, telangana",Fashion|Leather Wallet|499, 4 
ORD-20261004-4640,04/10/2026 21:20,  Swati ,Desai,"Bengaluru, Karnataka",Beauty|Face Wash|249, 2 
ORD-20261004-2606,04/10/2026 18:08,Kabir,Shah,"Pune, Maharashtra",Fashion|Running Shoes|2199,1
ORD-20261004-0528,04/10/2026 12:51,Tanvi,Kumar,"Ahmedabad, Gujarat",Fashion|Leather Wallet|499,1
ORD-20261004-4263,04/10/2026 13:11,ananya,Bhatt,"  Bengaluru, Karnataka ",Fashion|Leather Wallet|499,1
ORD-20261004-0544,04/10/2026 13:55,aanya,Saxena,"Jaipur, Rajasthan",Fashion|Leather Wallet|499,1
ORD-20261004-0668,2026-10-04 21:50:50,nisha,Modi,"Ahmedabad, Gujarat",Home And Kitchen|Bedsheet Set|1499,2
ORD-20261004-3782,04-10-2026 10:22,neel,Iyer,"Nagpur, Maharashtra",Sports|Dumbbell Set|1899,4
ORD-20261004-4271,2026-10-04 21:32:45,KUNAL,Agarwal,,Electronics|Wireless Earbuds|1299,2
ORD-20261004-4339,2026-10-04 21:44:30,advik,Trivedi,"Hyderabad, Telangana",Electronics|Wireless Earbuds|1299,1
ORD-20261004-4289,04/10/2026 01:03,Varun,tiwari,"mumbai, maharashtra",Sports|Yoga Mat|699,1
ORD-20261004-4568,2026-10-04 20:33:34,isha,Iyer,"nagpur, maharashtra",Electronics|Laptop Stand|749,1
ORD-20261004-0748,2026-10-04 20:32:33,Divya,solanki,"Jaipur, Rajasthan",Fashion|Leather Wallet|499,2
ORD-20261004-3528,04/10/2026 12:48,,  Mukherjee ,"MUMBAI, MAHARASHTRA",Electronics|Power Bank|899,1
ORD-20261004-4372,04/10/2026 20:28,Pari,Chaudhary,"Surat, Gujarat",Sports|Football|799,3
ORD-20261004-1233,04-10-2026 20:57,vivaan,Ghosh,"PUNE, MAHARASHTRA",Fashion|Denim Jeans|1199,1
ORD-20261004-2305,2026-10-04 17:05:15,krishna,NAIR,"Hyderabad, Telangana",Electronics|Power Bank|899,2
ORD-20261004-3093,2026-10-04 22:17:35,riya,  Joshi ,"Surat, Gujarat",Sports|Yoga Mat|699,1
ORD-20261004-0408,2026-10-04 21:01:07,Reyansh,Iyer,"Bengaluru, Karnataka",Fashion|Sunglasses|999,1
ORD-20261004-4512,2026-10-04 20:32:35,Aditya,Ghosh,"JAIPUR, RAJASTHAN",Home And Kitchen|Non Stick Pan|1099,4
ORD-20261004-2482,2026-10-04 09:10:16,advik,Mehta,"Chennai, Tamil Nadu",Home And Kitchen|Non Stick Pan|1099,1
ORD-20261004-2608,04/10/2025 11:41,Sai,patel,"Delhi, Delhi",Electronics|Wireless Earbuds|1299,2
ORD-20261004-2259,04/10/2026 16:32,Neha,  Das ,"Bengaluru, Karnataka",Fashion|Sunglasses|999,3
ORD-20261004-2552,04/10/2026 19:00,dhruv,  Pandya ,"Coimbatore, Tamil Nadu",Beauty|Hair Serum|549,1
ORD-20261004-3854,04/10/2026 20:56,Rohan,reddy,,Electronics|Smart Watch|2499,2
ORD-20261004-2187,2026-10-04 10:54:20,riya,Desai,"Pune, Maharashtra",Beauty|Perfume|1299,1
ORD-20261004-0887,04/10/2026 15:35,ROSHNI,  Iyer ,"BENGALURU, KARNATAKA",Fashion|Running Shoes|2199,1.0
ORD-20261004-3802,2026-10-04 21:48:50,Shreya,Gupta,"Delhi, Delhi",Sports|Cricket Bat|1599,1
ORD-20261004-3554,04/10/2026 20:12,Advik,Chauhan,"Nagpur, Maharashtra",Electronics|Bluetooth Speaker|1799,1
ORD-20261004-3094,2026-10-04 18:35:59,Yash,  Arora ,"mumbai, maharashtra",Fashion|Denim Jeans|1199,2
ORD-20261004-1418,2026-10-04 19:50:42,Swati,Sinha,"mysuru, karnataka",Fashion|Cotton Kurta|799,1
ORD-20261004-2799,2026-10-04 12:36:25,Advik,Menon,"Surat, Gujarat",Home And Kitchen|Steel Water Bottle|399,1
ORD-20261004-0042,2026-10-04 16:31:20,Sai,patil,"Delhi, Delhi",Electronics|Power Bank|899,1
ORD-20261004-3969,04/10/2026 22:40,ishaan,  Sinha ,"Hyderabad, Telangana",Sports|Dumbbell Set|1899,1
ORD-20261004-2999,04-10-2026 22:42,navya,Kapoor,"AHMEDABAD, GUJARAT",,2
ORD-20261004-0713,04-10-2026 16:39,Vivaan,Menon,"Jaipur, Rajasthan",Electronics|Bluetooth Speaker|1799,5
ORD-20261004-3710,04/10/2026 07:44,Megha,Srivastava,"Delhi, Delhi",Electronics|Laptop Stand|749,1
ORD-20261004-4532,04/10/2026 18:47,Mihir,Desai,"  Chennai, Tamil Nadu ",Sports|Cricket Bat|1599,1
ORD-20261004-0156,2026-10-04 21:07:33,Pari,PARMAR,"  Pune, Maharashtra ",Electronics|Smart Watch|2499,1
ORD-20261004-4325,2026-10-04 10:08:01,,  Nair ,"mysuru, karnataka",Electronics|Smart Watch|2499,2
ORD-20261004-4183,04/10/2062 22:48,vivaan,modi,"  Vadodara, Gujarat ",Fashion|Leather Wallet|499,3
ORD-20261004-4612,2026-10-04 20:58:57,Isha,Sinha,"Surat, Gujarat",Sports|Football|799,3
ORD-20261004-3611,2026-10-04 02:36:25,jay,  Patel ,"  Coimbatore, Tamil Nadu ",Fashion|Running Shoes|2199,1
ORD-20261004-1666,04/10/2026 08:07,manish,Iyer,"kolkata, west bengal",Electronics|Wireless Earbuds|1299,2
ORD-20261004-1502,2026-10-04 20:14:46,  Riya ,SHARMA,"Bengaluru, Karnataka",Beauty|Sunscreen|449,1
ORD-20261004-3798,04-10-2026 13:55,Arjun,  Bose ,"Mumbai, Maharashtra",Beauty|Sunscreen|449,2
ORD-20261004-2458,2026-10-04 08:10:21,Karan,  Rao ,"Mumbai, Maharashtra",Sports|Skipping Rope|199,2
ORD-20261004-2805,04/10/2026 21:30,Myra,kumar,"Vadodara, Gujarat",Fashion|Denim Jeans|1199, 1 
ORD-20261004-0459,2026-10-04 11:27:20,  Sara ,KUMAR,"kolkata, west bengal",Sports|Yoga Mat|699,1
ORD-20261004-3784,04/10/2026 10:21,riya,Patel,"ahmedabad, gujarat",Fashion|Denim Jeans|1199,3
ORD-20261004-2365,,Krupa,Mishra,"Lucknow, Uttar Pradesh",Fashion|Cotton Kurta|799,1
ORD-20261004-2517,2026-10-04 12:17:24,Ananya,KUMAR,"Mumbai, Maharashtra",Electronics|Smart Watch|2499,3
ORD-20261004-4406,04/10/2026 20:39,  Aarav ,thakkar,"Hyderabad, Telangana",Fashion|Sunglasses|999, 2 
ORD-20261004-4697,04/10/2026 16:33,Nidhi,Patel,"  Bengaluru, Karnataka ",Sports|Yoga Mat|699,1
ORD-20261004-0397,04/10/2026 12:09,Vivaan,sinha,"Pune, Maharashtra",Electronics|Bluetooth Speaker|1799,2
ORD-20261004-3494,04/10/2026 09:34,sara,pandya,"coimbatore, tamil nadu",Sports|Skipping Rope|199,1
ORD-20261004-4178,04/10/2026 20:27,Kriti,Desai,"Lucknow, Uttar Pradesh",Home And Kitchen|Steel Water Bottle|399,2
ORD-20261004-1335,04/10/2026 23:10,  Dhruv ,rao,"Chennai, Tamil Nadu",Electronics|Wireless Earbuds|1299,2
ORD-20261004-1754,04/10/2026 19:03,Arjun,  Iyer ,"Lucknow, Uttar Pradesh",Sports|Skipping Rope|199,1
ORD-20261004-4275,04/10/2026 12:50,NAVYA,Mukherjee,"Pune, Maharashtra",Fashion|Leather Wallet|499,1
ORD-20261004-1983,04/10/2025 08:09,nisha,YADAV,"Vadodara, Gujarat",Beauty|Lipstick|399,1
ORD-20261004-3717,04/10/2026 19:14,SARA,YADAV,"  Pune, Maharashtra ",Fashion|Sunglasses|999,2.0
ORD-20261004-1372,2026-10-04 13:29:57,Aryan,Dubey,"Surat, Gujarat",Home And Kitchen|Storage Box|299,1
ORD-20261004-1115,04/10/2026 17:45,Navya,Chaudhary,"Ahmedabad, Gujarat",Electronics|Bluetooth Speaker|1799,1
ORD-20261004-4190,04/10/2026 14:08,Payal,Pawar,"Chennai, Tamil Nadu",Home And Kitchen|Wall Clock|649,1
ORD-20261004-0031,2026-10-04 20:25:09,Ayaan,Thakkar,"Mumbai, Maharashtra",Beauty|Lipstick|399,2
ORD-20261004-2500,04/10/2026 08:01,Vivaan,Pawar,"Mysuru, Karnataka",Sports|Dumbbell Set|1899,3
ORD-20261004-4493,04/10/2026 19:36,Myra,KAPOOR,"Lucknow, Uttar Pradesh",Electronics|Laptop Stand|749,1
ORD-20261004-1683,2026-10-04 08:12:44,Suresh,Joshi,"Delhi, Delhi",Home And Kitchen|Bedsheet Set|1499, 3 
ORD-20261004-3499,04/10/2026 15:38,  Dhruv ,Dubey,"NAGPUR, MAHARASHTRA",Home And Kitchen|Wall Clock|649,1.0
ORD-20261004-1542,04/10/2026 20:07,Varun,TIWARI,"Mysuru, Karnataka",Fashion|Cotton Kurta|799,2
ORD-20261004-2042,04/10/2026 10:58,Anika,,"  Surat, Gujarat ",Electronics|Smart Watch|2499,5
ORD-20261004-3977,04/10/2026 18:40,Reyansh,chauhan,,Fashion|Sunglasses|999, 1 
ORD-20261004-2975,2026-10-04 16:03:42,simran,SRIVASTAVA,"Delhi, Delhi",Fashion|Sunglasses|999,1
ORD-20261004-4462,2026-10-04 23:16:36,Dhwani,Chopra,"Mumbai, Maharashtra",Electronics|Smart Watch|2499,1
ORD-20261004-0266,04/10/2026 21:57,Advik,Mishra,"jaipur, rajasthan",Home And Kitchen|Wall Clock|649,3
ORD-20261004-1913,04/10/2026 13:58,Rajesh,Pandya,"  Nagpur, Maharashtra ",Sports|Dumbbell Set|1899,1
ORD-20261004-0340,04/10/2026 14:18,Parth,Pawar,"Bengaluru, Karnataka",Beauty|Face Wash|249,1
ORD-20261004-2185,04/10/2026 23:39,PARTH,Desai,"pune, maharashtra",Fashion|Denim Jeans|1199,1
ORD-20261004-4427,2026-10-04 15:13:31,  Saanvi ,Pillai,"Kolkata, West Bengal",Sports|Skipping Rope|199,1
ORD-20261004-0961,04/10/2026 20:12,karan,Reddy,"Coimbatore, Tamil Nadu",Home And Kitchen|Wall Clock|649,6
ORD-20261004-2492,2026-10-04 07:35:33,rajesh,Kulkarni,"Mumbai, Maharashtra",Fashion|Denim Jeans|1199,5
ORD-20261004-2736,04/10/2026 00:30,Shreya,Shah,"Hyderabad, Telangana",Electronics|Laptop Stand|749,1
ORD-20261004-3376,2026-10-04 12:59:05,Aryan,Pillai,"Mumbai, Maharashtra",Fashion|Denim Jeans|1199,2
,2026-10-04 01:49:10,Shreya,DUBEY,"ahmedabad, gujarat",Fashion|Cotton Kurta|799,1
ORD-20261004-1802,04/10/2062 19:24,nisha,jain,"PUNE, MAHARASHTRA",Home And Kitchen|Wall Clock|649,2
ORD-20261004-0996,04/10/2026 21:56,Divya,Kapoor,"  Hyderabad, Telangana ",Beauty|Perfume|1299,1
ORD-20261004-1840,04/10/2026 17:51,Simran,Parmar,"Chennai, Tamil Nadu",Fashion|Sunglasses|999,1
ORD-20261004-3833,04-10-2026 13:17,jay,Pawar,"Chennai, Tamil Nadu",Fashion|Sunglasses|999,1
ORD-20261004-4661,2026-10-04 14:04:37,hetal,PILLAI,"Delhi, Delhi",Electronics|Bluetooth Speaker|1799,1
ORD-20261004-4592,2026-10-04 23:55:02,Kunal,Bansal,"Mumbai, Maharashtra",Electronics|Laptop Stand|749,1
ORD-20261004-3292,2026-10-04 07:21:09,  Advik ,mukherjee,"Coimbatore, Tamil Nadu",Fashion|Cotton Kurta|799,1
ORD-20261004-3167,04/10/2026 01:00,  Neha ,,"bengaluru, karnataka",Fashion|Running Shoes|2199,2
ORD-20261004-4734,04/10/2026 11:19,KOMAL,Vyas,"Delhi, Delhi",Beauty|Face Wash|249, 1 
ORD-20261004-0510,2026-10-04 15:04:06,tushar,shah,"  Pune, Maharashtra ",Electronics|Smart Watch|2499,1
ORD-20261004-1025,04/10/2026 20:29,rahul,Patil,"Mumbai, Maharashtra",Sports|Yoga Mat|699,1
ORD-20261004-3616,04/10/2026 23:11,HETAL,PATEL,"Surat, Gujarat",Sports|Cricket Bat|1599,1
ORD-20261004-3374,2026-10-04 20:00:11,ananya,Patel,"  Jaipur, Rajasthan ",Fashion|Leather Wallet|499,3
ORD-20261004-4170,04/10/2026 12:02,Tushar,Bhatt,"Mumbai, Maharashtra",Home And Kitchen|Steel Water Bottle|399,1
ORD-20261004-1990,2026-10-04 12:02:25,Vihaan,reddy,"Delhi, Delhi",Fashion|Sunglasses|999,3
ORD-20261004-1668,04-10-2026 21:35,Navya,  Mukherjee ,"pune, maharashtra",Home And Kitchen|Wall Clock|649,4
ORD-20261004-3456,2026-10-04 15:57:16,mansi,Ghosh,"Delhi, Delhi",Fashion|Running Shoes|2199,2
ORD-20261004-4647,2026-10-04 21:10:11,varun,IYER,"Delhi, Delhi",Beauty|Lipstick|399,5
ORD-20261004-4220,2026-10-04 11:46:10,Kunal,patel,"nagpur, maharashtra",Fashion|Running Shoes|2199,1
ORD-20261004-3180,04/10/2026 15:31,Swati,ghosh,"Chennai, Tamil Nadu",Fashion|Sunglasses|999,1
ORD-20261004-1287,04/10/2026 22:41,vivaan,Shah,"Mumbai, Maharashtra",Fashion|Running Shoes|2199,3
ORD-20261004-4251,04/10/2026 22:18,Priya,GUPTA,"Hyderabad, Telangana",Fashion|Leather Wallet|499,1
ORD-20261004-1478,04/10/2026 23:16,varun,Srivastava,"Bengaluru, Karnataka",Electronics|Laptop Stand|749,3
ORD-20261004-1690,04/10/2026 19:06,navya,iyer,"hyderabad, telangana",Electronics|Smart Watch|2499,6.0
ORD-20261004-3367,2026-10-04 11:10:50,  Riya ,,"Bengaluru, Karnataka",Sports|Cricket Bat|1599,1
ORD-20261004-4486,2026-10-04 08:43:47,Isha,GHOSH,"delhi, delhi",Sports|Cricket Bat|1599,1
ORD-20261004-4366,2026-10-04 21:23:22,RIYA,  Reddy ,"bengaluru, karnataka",Electronics|Laptop Stand|749,1.0
ORD-20261004-1394,04/10/2026 15:49,Navya,Desai,"Coimbatore, Tamil Nadu",Beauty|Perfume|1299,2
ORD-20261004-4551,04/10/2026 11:02,navya,Mukherjee,"Pune, Maharashtra",Fashion|Running Shoes|2199,2
ORD-20261004-3145,04/10/2026 07:52,suresh,YADAV,"lucknow, uttar pradesh",Home And Kitchen|Non Stick Pan|1099,1
ORD-20261004-0971,,Varun,PANDYA,"Kolkata, West Bengal",Fashion|Running Shoes|2199,1
ORD-20261004-3581,2026-10-04 18:47:25,Simran,Mukherjee,"Pune, Maharashtra",Home And Kitchen|Wall Clock|649,2
ORD-20261004-1071,2026-10-04 17:07:06,Harsh,mishra,"Jaipur, Rajasthan",Home And Kitchen|Storage Box|299,1
ORD-20261004-4242,04/10/2026 10:10,neha,Iyer,"Chennai, Tamil Nadu",Fashion|Sunglasses|999,3
ORD-20261004-0561,04-10-2026 11:12,Suresh,Patel,"Mysuru, Karnataka",Electronics|Power Bank|899,5
ORD-20261004-4627,04/10/2026 11:11,Deepak,Solanki,"Mumbai, Maharashtra",Fashion|Running Shoes|2199,4
ORD-20261004-3407,2026-10-04 08:13:45,Roshni,Patil,"Jaipur, Rajasthan",Fashion|Cotton Kurta|799,4
ORD-20261004-1282,2026-10-04 18:43:38,  Tushar ,Nair,"  Bengaluru, Karnataka ",Beauty|Lipstick|399,1
ORD-20261004-0839,2026-10-04 08:06:53,Krishna,bose,"mumbai, maharashtra",Fashion|Running Shoes|2199,1.0
ORD-20261004-3232,2026-10-04 18:25:26,Hetal,Pawar,"jaipur, rajasthan",Electronics|Power Bank|899,1
ORD-20261004-2615,04/10/2026 20:39,simran,rao,"Mumbai, Maharashtra",Sports|Football|799,1
ORD-20261004-0474,2026-10-04 17:39:31,RAHUL,Mukherjee,"Chennai, Tamil Nadu",Fashion|Running Shoes|2199, 5 
ORD-20261004-4338,04-10-2026 21:46,Roshni,Khanna,"Jaipur, Rajasthan",Fashion|Denim Jeans|1199,1
ORD-20261004-2145,04/10/2026 22:43,isha,Chaudhary,"Ahmedabad, Gujarat",Fashion|Running Shoes|2199,2
ORD-20261004-1277,04/10/2026 10:37,Dhwani,verma,"hyderabad, telangana",Sports|Skipping Rope|199,1
ORD-20261004-1989,2026-10-04 18:55:35,Aditya,mehta,"Nagpur, Maharashtra",Sports|Dumbbell Set|1899,3
ORD-20261004-1353,2026-10-04 10:41:39,Ishaan,Khanna,"JAIPUR, RAJASTHAN",Fashion|Sunglasses|999,5
ORD-20261004-3417,04/10/2026 17:26,yash,pandya,"CHENNAI, TAMIL NADU",Electronics|Power Bank|899,2
ORD-20261004-1903,04-10-2026 15:10,Neel,Agarwal,"Surat, Gujarat",Fashion|Leather Wallet|499,1
ORD-20261004-4428,04/10/2062 13:46,Parth,chopra,"Chennai, Tamil Nadu",Electronics|Wireless Earbuds|1299,1
ORD-20261004-1583,2026-10-04 11:19:21,MYRA,Dubey,"pune, maharashtra",Sports|Skipping Rope|199,1
ORD-20261004-3113,2026-10-04 14:25:36,Vivaan,Sinha,"pune, maharashtra",Sports|Yoga Mat|699, 2 
ORD-20261004-2207,2026-10-04 13:48:07,Roshni,Chaudhary,"mysuru, karnataka",Fashion|Leather Wallet|499,3
ORD-20261004-2657,04/10/2026 15:24,ANIKA,shah,"Hyderabad, Telangana",Sports|Dumbbell Set|1899,1
ORD-20261004-0989,04/10/2026 14:33,Deepak,Sharma,"Chennai, Tamil Nadu",Sports|Dumbbell Set|1899,3
ORD-20261004-0220,04-10-2026 11:33,amit,Mukherjee,"  Surat, Gujarat ",Electronics|Wireless Earbuds|1299,4
ORD-20261004-2398,2026-10-04 18:35:17,Priya,  Ghosh ,"Pune, Maharashtra",Sports|Yoga Mat|699,1
ORD-20261004-4559,04-10-2026 15:53,  Rohan ,Pawar,"delhi, delhi",Fashion|Sunglasses|999,2
ORD-20261004-1343,04/10/2026 20:13,Amit,Bhatt,"jaipur, rajasthan",Fashion|Cotton Kurta|799,1
ORD-20261004-4107,2026-10-04 22:13:47,Hetal,Modi,"  Mysuru, Karnataka ",Sports|Football|799,2
ORD-20261004-1422,04/10/2026 21:37,KUNAL,desai,"Delhi, Delhi",Home And Kitchen|Bedsheet Set|1499,-1
ORD-20261004-0922,04-10-2026 17:13,Ritu,yadav,"Surat, Gujarat",Fashion|Leather Wallet|499,1
ORD-20261004-2241,2026-10-04 18:46:35,KRUPA,Patel,"bengaluru, karnataka",Fashion|Denim Jeans|1199,3
ORD-20261004-3256,04/10/2026 15:03,aanya,trivedi,"Delhi, Delhi",Fashion|Leather Wallet|499,1
ORD-20261004-3484,04/10/2026 10:38,Priya,,"Hyderabad, Telangana",Sports|Skipping Rope|199,1
ORD-20261004-0651,2026-10-04 19:20:53,Khushi,JAIN,"Surat, Gujarat",Fashion|Denim Jeans|1199,2
ORD-20261004-1564,2026-10-04 19:31:29,Ritu,Thakkar,"  Surat, Gujarat ",Fashion|Leather Wallet|499,1
ORD-20261004-2679,04/10/2026 14:21,Harsh,solanki,"Mumbai, Maharashtra",Sports|Football|799,1
ORD-20261004-1118,04-10-2026 17:10,Yash,Kalavadia,"Lucknow, Uttar Pradesh",Electronics|Wireless Earbuds|1299,2.0
ORD-20261004-3280,2026-10-04 14:25:14,dhwani,khanna,"Nagpur, Maharashtra",Electronics|Laptop Stand|749,5
ORD-20261004-1958,04/10/2026 20:54,Aadhya,Bose,"ahmedabad, gujarat",Fashion|Denim Jeans|1199,1
ORD-20261004-2963,04/10/2062 19:36,Krishna,Bose,"Mumbai, Maharashtra",Sports|Football|799,2
ORD-20261004-0517,2026-10-04 06:55:48,Nikhil,malhotra,"Delhi, Delhi",Sports|Cricket Bat|1599,1
ORD-20261004-4732,2026-10-04 12:29:24,Krishna,Chopra,"Surat, Gujarat",Home And Kitchen|Wall Clock|649,1
ORD-20261004-0654,04/10/2026 16:19,Myra,  Nair ,"Pune, Maharashtra",Fashion|Sunglasses|999,4
ORD-20261004-1689,04/10/2026 22:18,Vikas,Kalavadia,"HYDERABAD, TELANGANA",Home And Kitchen|Non Stick Pan|1099,3
ORD-20261004-0308,04/10/2026 09:15,vikas,MENON,"  Mumbai, Maharashtra ",Beauty|Face Wash|249,4
ORD-20261004-3535,2026-10-04 12:26:09,Amit,  Vyas ,"mumbai, maharashtra",Electronics|Laptop Stand|749,1
ORD-20261004-0619,2026-10-04 16:04:09,rahul,Patil,"mumbai, maharashtra",Beauty|Face Wash|249,2
ORD-20261004-1103,04/10/2026 20:13,Janvi,kulkarni,"Delhi, Delhi",Beauty|Lipstick|399,1.0
ORD-20261004-4120,2026-10-04 13:37:08,Bhavna,Arora,"Kolkata, West Bengal",Fashion|Leather Wallet|499,2
ORD-20261004-2486,2026-10-04 19:43:26,tushar,KUMAR,"Mumbai, Maharashtra",Home And Kitchen|Bedsheet Set|1499,2
ORD-20261004-1957,04-10-2026 16:25,,Modi,"Kolkata, West Bengal",Fashion|Denim Jeans|1199,1
ORD-20261004-4130,04/10/2026 19:17,hetal,modi,"hyderabad, telangana",Beauty|Sunscreen|449,3
ORD-20261004-0678,2026-10-04 08:44:09,Myra,Trivedi,"Nagpur, Maharashtra",Beauty|Sunscreen|449,1
ORD-20261004-1323,04/10/2026 20:29,  Vivaan ,Das,"  Delhi, Delhi ",Home And Kitchen|Non Stick Pan|1099,1
ORD-20261004-0791,04/10/2026 06:35,sneha,Sinha,"Bengaluru, Karnataka",Electronics|Smart Watch|2499,3
ORD-20261004-4437,04/10/2026 16:19,Aditya,MENON,"Mumbai, Maharashtra",Home And Kitchen|Wall Clock|649,3
ORD-20261004-0425,04/10/2026 14:39,aarav,jain,"  Ahmedabad, Gujarat ",Electronics|Wireless Earbuds|1299,1
ORD-20261004-4113,04/10/2026 21:17,parth,Chopra,"  Mumbai, Maharashtra ",Fashion|Leather Wallet|499,1.0
ORD-20261004-1056,2026-10-04 20:20:14,Jay,Vyas,"delhi, delhi",Sports|Dumbbell Set|1899,1.0
ORD-20261004-0263,2026-10-04 22:50:25,  Kabir ,Menon,"lucknow, uttar pradesh",Sports|Football|799,1
ORD-20261004-4439,04/10/2026 19:53,Navya,Jain,"Chennai, Tamil Nadu",Fashion|Running Shoes|2199,1.0
ORD-20261004-1823,2026-10-04 12:06:26,Aryan,MISHRA,"bengaluru, karnataka",Electronics|Bluetooth Speaker|1799,4
ORD-20261004-3026,04/10/2026 11:37,Pranav,Srivastava,"bengaluru, karnataka",Beauty|Lipstick|399,1
ORD-20261004-3834,2026-10-04 20:11:41,Riya,  Rao ,"Mumbai, Maharashtra",Electronics|Laptop Stand|749,2
ORD-20261004-2007,2026-10-04 20:59:46,Navya,Pillai,,Electronics|Wireless Earbuds|1299,2
ORD-20261004-2704,04/10/2026 12:54,mihir,KAPOOR,"nagpur, maharashtra",Fashion|Sunglasses|999,2
ORD-20261004-1374,04/10/2026 19:20,Isha,Trivedi,"Delhi, Delhi",Home And Kitchen|Wall Clock|649,1
ORD-20261004-2911,04-10-2026 03:45,Ritu,Rathod,"Kolkata, West Bengal",Electronics|Laptop Stand|749,2
ORD-20261004-1522,04-10-2026 12:03,KABIR,Kalavadia,"lucknow, uttar pradesh",Electronics|Power Bank|899,1.0
ORD-20261004-1953,04-10-2026 12:45,Kabir,jain,"Coimbatore, Tamil Nadu",Home And Kitchen|Steel Water Bottle|399,1.0
ORD-20261004-3726,04/10/2026 18:25,Anjali,Rathod,"Chennai, Tamil Nadu",Sports|Dumbbell Set|1899,2
ORD-20261004-4605,2026-10-04 22:43:10,Rohan,Arora,"Surat, Gujarat",Sports|Cricket Bat|1599,1
ORD-20261004-0211,04/10/2026 12:28,Rudra,Dubey,"Ahmedabad, Gujarat",Home And Kitchen|Non Stick Pan|1099,
ORD-20261004-1111,31/02/2026 22:12,AADHYA,  Mehta ,"kolkata, west bengal",Beauty|Perfume|1299,4
ORD-20261004-0318,04/10/2026 10:10,Shreya,dubey,"  Ahmedabad, Gujarat ",,3
ORD-20261004-3503,2026-10-04 20:35:37,simran,Pawar,"Mumbai, Maharashtra",Fashion|Leather Wallet|499,1
ORD-20261004-2567,2026-10-04 12:25:23,Krishna,Chauhan,"CHENNAI, TAMIL NADU",Fashion|Leather Wallet|499,1
ORD-20261004-4020,04/10/2026 19:59,  Divya ,Ghosh,"Surat, Gujarat",Home And Kitchen|Steel Water Bottle|399,1
ORD-20261004-4456,2026-10-04 18:54:03,Om,Tiwari,"Pune, Maharashtra",Fashion|Running Shoes|2199,5
ORD-20261004-1961,2026-10-04 16:02:32,GAURAV,  Joshi ,"Delhi, Delhi",Beauty|Lipstick|399,4
ORD-20261004-1304,2026-10-04 15:09:31,Nidhi,Patel,"Bengaluru, Karnataka",Fashion|Denim Jeans|1199,1
ORD-20261004-0567,04-10-2026 15:10,  Vihaan ,Rathod,"delhi, delhi",Fashion|Cotton Kurta|799,
ORD-20261004-0662,04/10/2026 15:12,Shreya,Pillai,"Delhi, Delhi",Fashion|Running Shoes|2199,2
,04/10/2026 11:49,NEHA,Malhotra,"surat, gujarat",Fashion|Denim Jeans|1199,6.0
ORD-20261004-1617,2026-10-04 13:20:20,PARI,Kumar,"Jaipur, Rajasthan",Sports|Yoga Mat|699,1
ORD-20261004-2845,04/10/2026 18:45,anika,  Chauhan ,"Mumbai, Maharashtra",Electronics|Smart Watch|2499,1
ORD-20261004-0319,2026-10-04 20:26:53,VIHAAN,Shah,"Vadodara, Gujarat",Fashion|Leather Wallet|499,1
ORD-20261004-3533,04/10/2026 15:39,Aryan,sharma,"Bengaluru, Karnataka",Home And Kitchen|Bedsheet Set|1499,2
ORD-20261004-0103,2026-10-04 17:04:51,  Priya ,  Pandya ,"  Mumbai, Maharashtra ",Electronics|Smart Watch|2499,1
ORD-20261004-3568,04/10/2026 13:49,Vihaan,PANDYA,"  Delhi, Delhi ",Electronics|Smart Watch|2499,1
ORD-20261004-4446,04/10/2026 11:19,  Ananya ,KHANNA,"Ahmedabad, Gujarat",Fashion|Cotton Kurta|799,2
ORD-20261004-1970,04/10/2026 19:05,advik,Arora,"Nagpur, Maharashtra",Fashion|Denim Jeans|1199,1
ORD-20261004-0122,04-10-2026 19:18,pranav,  Kapoor ,"Surat, Gujarat",Fashion|Cotton Kurta|799,4
ORD-20261004-1626,2026-10-04 20:54:25,diya,RAO,"Bengaluru, Karnataka",Home And Kitchen|Non Stick Pan|1099,2
ORD-20261004-3190,04/10/2026 13:26,SARA,Arora,"mumbai, maharashtra",Sports|Cricket Bat|1599,1
ORD-20261004-3250,04-10-2026 20:29,Ananya,  Sharma ,"Hyderabad, Telangana",Fashion|Sunglasses|999,3
ORD-20261004-1755,04-10-2026 19:12,Aditya,Khanna,"nagpur, maharashtra",Electronics|Smart Watch|2499,4
ORD-20261004-0739,04/10/2026 12:38,atharv,Chopra,"AHMEDABAD, GUJARAT",Fashion|Leather Wallet|499,2
ORD-20261004-3246,04/10/2026 19:56,  Aadhya ,Vyas,"Ahmedabad, Gujarat",Home And Kitchen|Storage Box|299,four
ORD-20261004-0583,04-10-2026 16:40,Ayaan,  Bose ,"Chennai, Tamil Nadu",Sports|Football|799,
ORD-20261004-4382,04-10-2026 19:47,Aryan,DUBEY,"Lucknow, Uttar Pradesh",Home And Kitchen|Non Stick Pan|1099,1
ORD-20261004-4814,,pranav,Das,"BENGALURU, KARNATAKA",Fashion|Running Shoes|2199,1
ORD-20261004-4445,04-10-2026 21:04,  Om ,das,"Hyderabad, Telangana",Home And Kitchen|Bedsheet Set|1499,1
ORD-20261004-2835,04/10/2026 21:14,karan,kumar,"Lucknow, Uttar Pradesh",Fashion|Running Shoes|2199,2
ORD-20261004-0445,04/10/2026 21:42,roshni,Shah,"delhi, delhi",Fashion|Sunglasses|999,1
ORD-20261004-2085,04/10/2026 12:56,Rajesh,Sharma,"KOLKATA, WEST BENGAL",Sports|Skipping Rope|199,1
ORD-20261004-2525,04/10/2026 15:20,Navya,PARMAR,"Ahmedabad, Gujarat",Beauty|Hair Serum|549,2
ORD-20261004-0946,2026-10-04 22:04:09,PRIYA,Chauhan,"  Mysuru, Karnataka ",Home And Kitchen|Storage Box|299,1
ORD-20261004-3872,2026-10-04 06:58:41,jay,patel,"KOLKATA, WEST BENGAL",Electronics|Bluetooth Speaker|1799,2
ORD-20261004-1119,2026-10-04 13:47:10,dhruv,Dubey,"Nagpur, Maharashtra",Fashion|Running Shoes|2199,1
ORD-20261004-3683,04/10/2026 20:41,Ritu,Vyas,"hyderabad, telangana",Electronics|Wireless Earbuds|1299,1
ORD-20261004-3327,2026-10-04 10:45:08,Pari,Ghosh,"Lucknow, Uttar Pradesh",Fashion|Cotton Kurta|799,1
ORD-20261004-0180,04/10/2026 20:56,mihir,Sinha,"pune, maharashtra",Sports|Football|799,4
ORD-20261004-2121,2026-10-04 10:12:12,Jay,Sinha,"delhi, delhi",Beauty|Face Wash|249,3
ORD-20261004-3493,2026-10-04 16:22:36,Dhruv,Gupta,"  Surat, Gujarat ",Fashion|Cotton Kurta|799,1
ORD-20261004-1268,04-10-2026 16:40,Deepak,Nair,"coimbatore, tamil nadu",Sports|Skipping Rope|199,1
ORD-20261004-0087,04/10/2026 12:11,Aarav,Shah,"chennai, tamil nadu",Electronics|Bluetooth Speaker|1799,2
ORD-20261004-3495,2026-10-04 15:40:10,Krupa,Chopra,"Mumbai, Maharashtra",Sports|Dumbbell Set|1899,1
ORD-20261004-1442,2026-10-04 22:04:53,Nisha,Chopra,"Mysuru, Karnataka",Sports|Dumbbell Set|1899,1
ORD-20261004-1552,30/02/2026 19:27,  Kavya ,Sharma,"Delhi, Delhi",Electronics|Wireless Earbuds|1299,2
ORD-20261004-0987,04/10/2026 09:54,  Anjali ,JOSHI,"Bengaluru, Karnataka",Beauty|Sunscreen|449,1
ORD-20261004-1945,04/10/2026 16:44,  Pari ,tiwari,"delhi, delhi",Electronics|Power Bank|899,1
ORD-20261004-1515,2026-10-04 08:36:25,Myra,Kapoor,"Lucknow, Uttar Pradesh",Fashion|Sunglasses|999,1
ORD-20261004-3551,04/10/2026 21:39,Sai,saxena,"Bengaluru, Karnataka",Fashion|Cotton Kurta|799,1
ORD-20261004-4704,04/10/2026 13:39,Ritu,Jain,"  Delhi, Delhi ",Beauty|Sunscreen|449,2
ORD-20261004-3672,04/10/2026 12:54,RAJESH,  Reddy ,"hyderabad, telangana",Sports|Football|799,6
ORD-20261004-1352,04/10/2026 09:24,Kriti,arora,"Chennai, Tamil Nadu",Electronics|Bluetooth Speaker|1799,1
ORD-20261004-2964,2026-10-04 10:25:24,KABIR,Tiwari,"delhi, delhi",Fashion|Running Shoes|2199,1
ORD-20261004-4608,04/10/2026 22:57,Ritu,Bose,"  Bengaluru, Karnataka ",Home And Kitchen|Steel Water Bottle|399,3
ORD-20261004-3628,04/10/2026 21:03,Hetal,Joshi,"  Vadodara, Gujarat ",Electronics|Bluetooth Speaker|1799, 1 
ORD-20261004-3783,04/10/2026 23:42,Payal,Rao,"Bengaluru, Karnataka",Home And Kitchen|Steel Water Bottle|399,1
ORD-20261004-4319,2026-10-04 10:06:30,megha,DESAI,"Bengaluru, Karnataka",Fashion|Denim Jeans|1199,1
ORD-20261004-0412,2026-10-04 20:14:04,navya,MODI,"Coimbatore, Tamil Nadu",Sports|Skipping Rope|199,1
ORD-20261004-3477,04/10/2026 11:03,Mansi,GHOSH,"surat, gujarat",Electronics|Bluetooth Speaker|1799,3
ORD-20261004-3567,2026-10-04 22:09:42,Shreya,  Srivastava ,"Coimbatore, Tamil Nadu",Fashion|Leather Wallet|499,1
ORD-20261004-3617,04/10/2026 04:38,Vihaan,PAWAR,"Mumbai, Maharashtra",Beauty|Sunscreen|449,1
ORD-20261004-4162,2026-10-04 19:34:40,Manish,vyas,"PUNE, MAHARASHTRA",Electronics|Smart Watch|2499,1
ORD-20261004-1321,04/10/2026 21:02,Parth,Parmar,"kolkata, west bengal",,2.0
ORD-20261004-1794,04/10/2026 20:38,Aryan,Patel,"Bengaluru, Karnataka",Electronics|Wireless Earbuds|1299,1
ORD-20261004-4180,2026-10-04 21:47:08,Hetal,  Desai ,"pune, maharashtra",Electronics|Bluetooth Speaker|1799,1
ORD-20261004-3383,04/10/2062 10:27,PAYAL,GHOSH,"Bengaluru, Karnataka",Fashion|Cotton Kurta|799,2
ORD-20261004-3772,04/10/2026 23:43,Anika,sharma,N/A,Beauty|Hair Serum|549,2
ORD-20261004-3957,04/10/2026 15:09,Payal,Rao,"bengaluru, karnataka",Fashion|Denim Jeans|1199, 4 
ORD-20261004-1108,30/02/2026 08:07,Ishaan,arora,"Lucknow, Uttar Pradesh",Electronics|Laptop Stand|749,1
ORD-20261004-1244,04/10/2026 10:16,Harsh,mishra,"hyderabad, telangana",Electronics|Wireless Earbuds|1299,1
ORD-20261004-3944,04/10/2026 04:35,jay,sharma,"Mumbai, Maharashtra",Electronics|Laptop Stand|749,4
ORD-20261004-0199,04/10/2026 19:41,Krupa,  Mukherjee ,"Bengaluru, Karnataka",Electronics|Laptop Stand|749,1
ORD-20261004-0580,04/10/2026 21:22,Sai,Rao,"Kolkata, West Bengal",Fashion|Denim Jeans|1199,2
ORD-20261004-4699,04/10/2062 07:08,saanvi,,"Coimbatore, Tamil Nadu",Sports|Football|799,4
ORD-20261004-2450,2026-10-04 22:00:02,Komal,arora,"delhi, delhi",Home And Kitchen|Steel Water Bottle|399,1
ORD-20261004-3151,04-10-2026 22:53,Aryan,Mukherjee,"mumbai, maharashtra",Fashion|Running Shoes|2199,3
ORD-20261004-0415,04-10-2026 13:31,parth,Patel,"  Ahmedabad, Gujarat ",Electronics|Laptop Stand|749,4
ORD-20261004-3183,04/10/2026 22:55,Aanya,  Trivedi ,"Delhi, Delhi",Fashion|Running Shoes|2199,-2
ORD-20261004-2796,04-10-2026 05:55,Advik,Vyas,"DELHI, DELHI",Home And Kitchen|Wall Clock|649,4
ORD-20261004-1507,04/10/2026 10:54,vikas,Thakkar,"hyderabad, telangana",Sports|Football|799,1
ORD-20261004-1813,2026-10-04 13:04:27,MEGHA,chopra,"  Jaipur, Rajasthan ",Home And Kitchen|Steel Water Bottle|399,1
ORD-20261004-3154,04-10-2026 16:15,Pooja,Arora,"Mumbai, Maharashtra",Home And Kitchen|Storage Box|299, 2 
ORD-20261004-0988,04/10/2026 19:43,atharv,Saxena,"Pune, Maharashtra",Fashion|Sunglasses|999,6
ORD-20261004-4464,04/10/2026 12:37,Vivaan,TIWARI,"  Kolkata, West Bengal ",,5
ORD-20261004-1967,04/10/2026 10:05,,  Vyas ,"Surat, Gujarat",Electronics|Bluetooth Speaker|1799,1
ORD-20261004-3965,04/10/2026 12:51,Ritu,Kalavadia,"nagpur, maharashtra",Home And Kitchen|Non Stick Pan|1099,1
,04/10/2026 20:56,gaurav,Kumar,"  Ahmedabad, Gujarat ",Fashion|Sunglasses|999,1
ORD-20261004-3377,04-10-2026 12:49,Navya,SINHA,"Delhi, Delhi",Sports|Cricket Bat|1599, 1 
ORD-20261004-4728,04-10-2026 07:52,Kavya,Rao,"Bengaluru, Karnataka",Fashion|Running Shoes|2199, 4 
ORD-20261004-4573,04/10/2025 19:58,Aanya,Saxena,"Chennai, Tamil Nadu",Fashion|Leather Wallet|499,2
ORD-20261004-0584,04-10-2026 02:46,Janvi,Saxena,"Vadodara, Gujarat",Electronics|Wireless Earbuds|1299,2
ORD-20261004-3805,2026-10-04 22:45:51,Dev,Reddy,"Lucknow, Uttar Pradesh",Sports|Dumbbell Set|1899,1
ORD-20261004-0615,2026-10-04 19:12:08,kabir,Malhotra,"Mumbai, Maharashtra",Fashion|Running Shoes|2199,1
ORD-20261004-3079,04/10/2026 18:56,krishna,CHAUHAN,"Chennai, Tamil Nadu",Fashion|Leather Wallet|499,6
ORD-20261004-4355,04/10/2026 22:33,Simran,Tiwari,"Jaipur, Rajasthan",Home And Kitchen|Steel Water Bottle|399,2
ORD-20261004-0404,2026-10-04 21:46:10,Myra,Bhatt,"Bengaluru, Karnataka",Beauty|Lipstick|399,3
ORD-20261004-3601,04/10/2026 09:33,Divya,  Ghosh ,"Mumbai, Maharashtra",Sports|Yoga Mat|699,3
ORD-20261004-1819,04/10/2026 21:06,Anika,sharma,,Fashion|Denim Jeans|1199,1
ORD-20261004-0002,2026-10-04 13:57:01,Nidhi,Tiwari,"  Bengaluru, Karnataka ",Sports|Cricket Bat|1599,4
ORD-20261004-0954,2026-10-04 19:51:31,Krupa,Gupta,"Lucknow, Uttar Pradesh",Fashion|Leather Wallet|499,2
ORD-20261004-2841,2026-10-04 18:42:56,Dev,Reddy,"Coimbatore, Tamil Nadu",Fashion|Leather Wallet|499,1
ORD-20261004-3939,04/10/2026 16:29,  Ritu ,Kumar,"Ahmedabad, Gujarat",Fashion|Sunglasses|999,1
ORD-20261004-0473,2026-10-04 14:09:08,Neel,SOLANKI,"Ahmedabad, Gujarat",Beauty|Hair Serum|549,3
ORD-20261004-2035,04/10/2026 22:29,Payal,Pillai,"chennai, tamil nadu",Home And Kitchen|Non Stick Pan|1099, 1 
ORD-20261004-3014,04/10/2026 15:08,,Yadav,"coimbatore, tamil nadu",Fashion|Cotton Kurta|799,2
ORD-20261004-2483,04/10/2026 20:07,  Tushar ,  Kulkarni ,"Bengaluru, Karnataka",Home And Kitchen|Bedsheet Set|1499,2
ORD-20261004-3985,04-10-2026 14:19,Riya,saxena,"Lucknow, Uttar Pradesh",Fashion|Leather Wallet|499,6
ORD-20261004-0845,04/10/2026 07:58,Dhwani,  Chopra ,"hyderabad, telangana",Fashion|Cotton Kurta|799,1
ORD-20261004-2163,2026-10-04 19:53:41,Nisha,mukherjee,"Bengaluru, Karnataka",Fashion|Denim Jeans|1199,6
ORD-20261004-0324,04-10-2026 22:07,harsh,  Tiwari ,"Kolkata, West Bengal",Home And Kitchen|Bedsheet Set|1499,2
ORD-20261004-4780,2026-10-04 18:21:06,Aarav,Mehta,"Delhi, Delhi",Electronics|Smart Watch|2499,1
ORD-20261004-1354,04/10/2026 16:48,SWATI,Agarwal,"  Hyderabad, Telangana ",Sports|Skipping Rope|199,1
ORD-20261004-4141,04-10-2026 17:41,Aarav,patel,"Lucknow, Uttar Pradesh",Fashion|Cotton Kurta|799,3
ORD-20261004-4360,04-10-2026 20:35,  Tushar ,Yadav,"Nagpur, Maharashtra",Home And Kitchen|Non Stick Pan|1099,3
ORD-20261004-0426,04/10/2026 20:44,Sneha,  Kumar ,"Mysuru, Karnataka",,1
ORD-20261004-4725,2026-10-04 20:37:34,Priya,yadav,"Mumbai, Maharashtra",Fashion|Sunglasses|999,2
ORD-20261004-4326,04/10/2026 20:31,reyansh,Desai,"Delhi, Delhi",Electronics|Laptop Stand|749,3
ORD-20261004-1620,04/10/2026 21:12,neha,Dubey,"  Ahmedabad, Gujarat ",Fashion|Cotton Kurta|799,3
ORD-20261004-3871,2026-10-04 17:16:32,Vikas,Sinha,"Pune, Maharashtra",Sports|Skipping Rope|199,1
ORD-20261004-3350,2026-10-04 12:05:28,nikhil,thakkar,"Ahmedabad, Gujarat",Home And Kitchen|Bedsheet Set|1499,2
ORD-20261004-1803,04/10/2026 10:38,Atharv,Patel,"Mumbai, Maharashtra",Home And Kitchen|Storage Box|299,1
ORD-20261004-0949,04/10/2026 18:44,Varun,arora,"Delhi, Delhi",Fashion|Leather Wallet|499,3
ORD-20261004-1084,04/10/2025 03:38,nisha,Bhatt,"lucknow, uttar pradesh",Sports|Football|799,2
ORD-20261004-0607,04-10-2026 18:57,sara,KULKARNI,"mumbai, maharashtra",Fashion|Sunglasses|999,2
ORD-20261004-3335,04/10/2026 13:32,Sneha,Yadav,"DELHI, DELHI",Fashion|Leather Wallet|499,1
ORD-20261004-3051,31/02/2026 20:24,amit,Patel,"Bengaluru, Karnataka",Beauty|Perfume|1299,1
ORD-20261004-3851,04-10-2026 06:57,shreya,gupta,"Delhi, Delhi",Electronics|Wireless Earbuds|1299,3
ORD-20261004-0920,2026-10-04 16:46:49,swati,MODI,"lucknow, uttar pradesh",Beauty|Hair Serum|549,1
ORD-20261004-2743,04-10-2026 21:51,Riya,rao,"Mumbai, Maharashtra",Beauty|Sunscreen|449,1
ORD-20261004-0995,04/10/2026 01:16,arjun,Chaudhary,"Vadodara, Gujarat",Fashion|Running Shoes|2199,3
ORD-20261004-0325,2026-10-04 17:09:34,KUNAL,bansal,"Mumbai, Maharashtra",Electronics|Wireless Earbuds|1299,4
ORD-20261004-3204,04/10/2062 15:27,Sai,agarwal,"bengaluru, karnataka",Home And Kitchen|Wall Clock|649,2
ORD-20261004-2476,04/10/2026 22:25,,kulkarni,"Chennai, Tamil Nadu",Home And Kitchen|Storage Box|299,4
ORD-20261004-1154,04/10/2026 16:00,MEGHA,Arora,N/A,Fashion|Cotton Kurta|799,3
ORD-20261004-0822,04/10/2026 14:24,divya,,"chennai, tamil nadu",Fashion|Running Shoes|2199,1
ORD-20261004-3929,04-10-2026 12:28,Dev,Vyas,"vadodara, gujarat",Electronics|Smart Watch|2499, 6 
ORD-20261004-2748,2026-10-04 19:51:49,Pranav,Bansal,"Chennai, Tamil Nadu",Sports|Football|799,two
ORD-20261004-0592,2026-10-04 17:27:33,ROHAN,kapoor,"NAGPUR, MAHARASHTRA",Electronics|Smart Watch|2499,2.0
ORD-20261004-3340,04/10/2026 11:40,  Atharv ,Kapoor,"Jaipur, Rajasthan",,1
ORD-20261004-2432,04/10/2026 12:49,Mansi,  Trivedi ,"Ahmedabad, Gujarat",Fashion|Running Shoes|2199,1
ORD-20261004-0095,04-10-2026 09:08,Rudra,Pawar,"Delhi, Delhi",Beauty|Sunscreen|449,4
ORD-20261004-2391,2026-10-04 11:01:24,Advik,kumar,"Vadodara, Gujarat",Fashion|Leather Wallet|499,3
ORD-20261004-2261,04-10-2026 13:22,aarav,Modi,"Bengaluru, Karnataka",Sports|Cricket Bat|1599,1
ORD-20261004-2029,2026-10-04 21:17:21,Aditi,Ghosh,"Coimbatore, Tamil Nadu",Home And Kitchen|Steel Water Bottle|399,1
ORD-20261004-1814,04-10-2026 10:36,  Om ,  Trivedi ,"Surat, Gujarat",Sports|Dumbbell Set|1899,2
ORD-20261004-0164,2026-10-04 23:05:31,Navya,Bansal,"MUMBAI, MAHARASHTRA",Sports|Football|799,1
ORD-20261004-2369,2026-10-04 23:08:06,Advik,Yadav,"Ahmedabad, Gujarat",Electronics|Power Bank|899,1
ORD-20261004-0548,04/10/2026 14:08,Ishaan,nair,"Mysuru, Karnataka",Electronics|Smart Watch|2499,1
ORD-20261004-1491,04/10/2026 20:38,atharv,  Dubey ,"pune, maharashtra",Fashion|Cotton Kurta|799,4
ORD-20261004-4589,04/10/2026 20:29,Isha,Agarwal,"Surat, Gujarat",Sports|Skipping Rope|199,4
ORD-20261004-4265,2026-10-04 08:44:03,Aditi,gupta,"MUMBAI, MAHARASHTRA",Beauty|Face Wash|249,1
ORD-20261004-1488,04-10-2026 13:09,Ishaan,Chauhan,"chennai, tamil nadu",Fashion|Cotton Kurta|799,1
ORD-20261004-4833,04/10/2026 10:25,Rudra,,"Pune, Maharashtra",Home And Kitchen|Storage Box|299,1
ORD-20261004-3220,04/10/2026 17:01,Sneha,Kapoor,"Pune, Maharashtra",Fashion|Sunglasses|999,1
ORD-20261004-0550,2026-10-04 08:59:21,  Reyansh ,Desai,"MUMBAI, MAHARASHTRA",Fashion|Running Shoes|2199,1
ORD-20261004-0784,04/10/2026 01:16,null,Pillai,"Bengaluru, Karnataka",Sports|Dumbbell Set|1899,2
ORD-20261004-1787,2026-10-04 14:24:58,  Tanvi ,  Kumar ,"kolkata, west bengal",Beauty|Lipstick|399,1
ORD-20261004-3277,04/10/2026 20:30,Reyansh,Desai,"ahmedabad, gujarat",Electronics|Bluetooth Speaker|1799,1
ORD-20261004-3088,2026-10-04 18:07:48,Aditya,vyas,"Pune, Maharashtra",Sports|Yoga Mat|699,0
ORD-20261004-3835,2026-10-04 10:56:49,diya,  Menon ,"Bengaluru, Karnataka",Home And Kitchen|Non Stick Pan|1099,2
ORD-20261004-2027,04/10/2026 23:09,Kabir,Kulkarni,"  Ahmedabad, Gujarat ",Electronics|Power Bank|899,5
ORD-20261004-2485,04/10/2026 15:56,Aanya,Patil,"Pune, Maharashtra",Electronics|Wireless Earbuds|1299,2
ORD-20261004-3481,04/10/2062 11:03,Riya,Patil,"lucknow, uttar pradesh",Electronics|Power Bank|899,4
ORD-20261004-2419,04/10/2026 02:17,Rajesh,Verma,"Kolkata, West Bengal",Electronics|Bluetooth Speaker|1799,1
ORD-20261004-0286,04/10/2026 13:04,  Megha ,Nair,"mysuru, karnataka",Fashion|Running Shoes|2199,1
ORD-20261004-1185,2026-10-04 19:24:23,Harsh,Chaudhary,"  Mumbai, Maharashtra ",Home And Kitchen|Steel Water Bottle|399,2.0
ORD-20261004-0841,2026-10-04 22:59:04,Gaurav,Vyas,"Delhi, Delhi",Sports|Dumbbell Set|1899,1
ORD-20261004-3388,04-10-2026 16:06,ARYAN,pandya,"chennai, tamil nadu",Fashion|Leather Wallet|499,2
ORD-20261004-4556,2026-10-04 14:55:18,Kriti,  Bhatt ,"HYDERABAD, TELANGANA",Beauty|Sunscreen|449,1
ORD-20261004-3273,04/10/2026 08:27,Dhwani,das,"Bengaluru, Karnataka",Electronics|Power Bank|899,2
ORD-20261004-2201,31/02/2026 16:50,Dhwani,ARORA,"Bengaluru, Karnataka",Sports|Cricket Bat|1599,1
ORD-20261004-0538,04/10/2026 16:44,dhruv,dubey,"NAGPUR, MAHARASHTRA",Electronics|Power Bank|899,1
ORD-20261004-1548,04-10-2026 17:28,Komal,THAKKAR,"MUMBAI, MAHARASHTRA",Fashion|Running Shoes|2199,6
ORD-20261004-2566,04/10/2026 11:51,Swati,Trivedi,"  Delhi, Delhi ",Electronics|Power Bank|899,4
ORD-20261004-0350,04-10-2026 16:57,Bhavna,Yadav,"Hyderabad, Telangana",Beauty|Lipstick|399,2
ORD-20261004-1216,2026-10-04 11:47:56,ADVIK,THAKKAR,"Jaipur, Rajasthan",Fashion|Sunglasses|999,2
ORD-20261004-1458,04-10-2026 20:07,Amit,ARORA,"Jaipur, Rajasthan",Fashion|Leather Wallet|499, 2 
ORD-20261004-1012,04-10-2026 15:45,tushar,rathod,"nagpur, maharashtra",Beauty|Lipstick|399,1
ORD-20261004-2269,04/10/2026 20:07,SWATI,Nair,"BENGALURU, KARNATAKA",Home And Kitchen|Wall Clock|649,1
ORD-20261004-3168,04/10/2026 07:54,Pranav,pandya,"Pune, Maharashtra",Fashion|Leather Wallet|499,1
ORD-20261004-1511,04/10/2026 10:39,manish,BHATT,"KOLKATA, WEST BENGAL",Sports|Football|799,1
ORD-20261004-1639,04/10/2026 01:55,Rahul,Patil,"Mumbai, Maharashtra",Fashion|Cotton Kurta|799,1
ORD-20261004-0176,04/10/2026 22:06,Varun,Bose,"mysuru, karnataka",Beauty|Hair Serum|549,3
ORD-20261004-4320,2026-10-04 22:23:50,tanvi,rathod,"Hyderabad, Telangana",Fashion|Denim Jeans|1199,1
ORD-20261004-0009,2026-10-04 21:48:55,aditya,Mishra,"Jaipur, Rajasthan",Fashion|Running Shoes|2199,1
ORD-20261004-1998,04/10/2026 22:44,Deepak,  Sharma ,"  Chennai, Tamil Nadu ",Sports|Cricket Bat|1599,1
ORD-20261004-2849,04-10-2026 21:05,Neel,JOSHI,"Vadodara, Gujarat",Electronics|Bluetooth Speaker|1799,1
ORD-20261004-2867,2026-10-04 00:15:36,Navya,Vyas,"Delhi, Delhi",Home And Kitchen|Bedsheet Set|1499,-1
ORD-20261004-1503,04/10/2026 17:44,Om,khanna,"Mumbai, Maharashtra",Beauty|Perfume|1299,1
ORD-20261004-3682,2026-10-04 16:59:30,Om,Bose,"Surat, Gujarat",Sports|Yoga Mat|699,1
ORD-20261004-4758,04/10/2026 08:17,Tushar,Tiwari,"jaipur, rajasthan",Fashion|Denim Jeans|1199,2
ORD-20261004-1455,04-10-2026 15:49,riya,patil,"Bengaluru, Karnataka",Beauty|Face Wash|249,3
ORD-20261004-3291,04/10/2026 00:43,Jay,pawar,"  Chennai, Tamil Nadu ",Fashion|Sunglasses|999,2
ORD-20261004-3289,2026-10-04 16:41:29,Anika,Gupta,"Pune, Maharashtra",Beauty|Sunscreen|449,5
ORD-20261004-2607,2026-10-04 17:00:23,  Vikas ,PATIL,"Vadodara, Gujarat",Electronics|Bluetooth Speaker|1799,1
ORD-20261004-2752,2026-10-04 10:04:10,KRUPA,,"surat, gujarat",Electronics|Bluetooth Speaker|1799,3
ORD-20261004-3651,04/10/2026 15:05,Amit,Thakkar,"Delhi, Delhi",Home And Kitchen|Wall Clock|649,2
ORD-20261004-0268,04-10-2026 13:56,  Dhruv ,Menon,"Mumbai, Maharashtra",Home And Kitchen|Bedsheet Set|1499,1
ORD-20261004-3638,2026-10-04 21:11:11,Bhavna,,"BENGALURU, KARNATAKA",Fashion|Running Shoes|2199,3
ORD-20261004-4009,2026-10-04 12:45:32,Advik,Parmar,"Lucknow, Uttar Pradesh",Beauty|Lipstick|399,4
ORD-20261004-1559,04/10/2026 09:11,Kavya,saxena,"Mumbai, Maharashtra",Electronics|Smart Watch|2499,1
ORD-20261004-2833,04/10/2026 15:34,Aanya,Mishra,"Kolkata, West Bengal",Electronics|Smart Watch|2499,1
ORD-20261004-2665,04/10/2026 22:52,Pooja,das,"  Delhi, Delhi ",Sports|Yoga Mat|699,2
ORD-20261004-2627,2026-10-04 12:26:12,aditya,Khanna,"Mumbai, Maharashtra",Sports|Cricket Bat|1599,5
ORD-20261004-2885,2026-10-04 08:48:45,Dhruv,Patel,"Delhi, Delhi",Fashion|Leather Wallet|499,5
ORD-20261004-2322,2026-10-04 22:32:14,Kunal,mehta,"  Mumbai, Maharashtra ",Fashion|Running Shoes|2199,6
ORD-20261004-4411,2026-10-04 14:21:35,  Sneha ,Rathod,"  Mysuru, Karnataka ",Beauty|Face Wash|249,3
ORD-20261004-4379,2026-10-04 22:09:06,  Amit ,Saxena,"Kolkata, West Bengal",Sports|Skipping Rope|199,1
ORD-20261004-2742,2026-10-04 16:22:12,SIMRAN,nair,"Ahmedabad, Gujarat",Electronics|Smart Watch|2499,4
ORD-20261004-2961,04/10/2026 22:42,Vihaan,Thakkar,"Mumbai, Maharashtra",Electronics|Wireless Earbuds|1299,4
ORD-20261004-4499,04/10/2026 16:04,Swati,Patil,"  Bengaluru, Karnataka ",Electronics|Power Bank|899,2
ORD-20261004-2277,04/10/2026 09:45,Jay,Pawar,"  Chennai, Tamil Nadu ",Beauty|Perfume|1299,3
ORD-20261004-2654,04/10/2026 10:31,Sara,DESAI,"Nagpur, Maharashtra",Fashion|Cotton Kurta|799,one
ORD-20261004-1736,2026-10-04 18:31:41,divya,pillai,"Mumbai, Maharashtra",Home And Kitchen|Wall Clock|649,2
ORD-20261004-2151,04/10/2026 12:02,Amit,  Das ,"Chennai, Tamil Nadu",Sports|Dumbbell Set|1899,1
ORD-20261004-1709,04/10/2026 10:06,Rohan,arora,"Surat, Gujarat",Sports|Football|799,2
ORD-20261004-3556,2026-10-04 22:46:25,Yash,GHOSH,"Hyderabad, Telangana",Fashion|Cotton Kurta|799,3
ORD-20261004-2150,04/10/2026 12:09,Simran,Pawar,"Delhi, Delhi",Fashion|Denim Jeans|1199,2
ORD-20261004-3255,04/10/2026 20:22,pranav,Chauhan,N/A,Electronics|Laptop Stand|749,1
ORD-20261004-0805,04/10/2026 20:29,Reyansh,Vyas,"Mysuru, Karnataka",Beauty|Face Wash|249,1
ORD-20261004-2030,04/10/2026 18:02,Palak,Das,"Pune, Maharashtra",Electronics|Smart Watch|2499,1
ORD-20261004-2384,04/10/2026 19:28,Yash,nair,"mumbai, maharashtra",Sports|Football|799,1
ORD-20261004-1741,30/02/2026 23:20,  Swati ,Yadav,"Lucknow, Uttar Pradesh",Fashion|Running Shoes|2199,1
ORD-20261004-3958,2026-10-04 18:45:27,Simran,Tiwari,"Jaipur, Rajasthan",Fashion|Running Shoes|2199,1
ORD-20261004-2678,04/10/2026 18:53,ARJUN,Bhatt,"Chennai, Tamil Nadu",Fashion|Running Shoes|2199,3
ORD-20261004-2935,04/10/2026 11:00,Aarav,Patil,"Delhi, Delhi",Electronics|Smart Watch|2499,1
ORD-20261004-3370,04/10/2026 18:46,Vihaan,Rathod,"  Mumbai, Maharashtra ",Home And Kitchen|Non Stick Pan|1099,2
ORD-20261004-4407,04/10/2026 11:21,Advik,  Chauhan ,"Nagpur, Maharashtra",Sports|Skipping Rope|199,2
ORD-20261004-1534,04/10/2026 20:17,Atharv,VERMA,"  Ahmedabad, Gujarat ",Sports|Cricket Bat|1599,3
ORD-20261004-1435,04/10/2062 05:10,Jay,mukherjee,"Mumbai, Maharashtra",Fashion|Leather Wallet|499,1
ORD-20261004-0450,04/10/2026 20:01,Priya,Bansal,"Mumbai, Maharashtra",Sports|Football|799,2
ORD-20261004-0265,04/10/2026 20:15,Anjali,Saxena,"SURAT, GUJARAT",Sports|Dumbbell Set|1899,3
ORD-20261004-1074,04/10/2026 16:24,Aditi,  Mishra ,"delhi, delhi",Fashion|Sunglasses|999,1
ORD-20261004-0202,2026-10-04 20:58:30,Rudra,yadav,"BENGALURU, KARNATAKA",Fashion|Leather Wallet|499,1
ORD-20261004-2781,04-10-2026 21:42,Shreya,joshi,"Delhi, Delhi",Electronics|Bluetooth Speaker|1799,1
ORD-20261004-1680,2026-10-04 16:07:58,Megha,Thakkar,"Mumbai, Maharashtra",Beauty|Sunscreen|449,1
ORD-20261004-2457,04/10/2026 18:19,aanya,gupta,"Bengaluru, Karnataka",Fashion|Denim Jeans|1199,1
ORD-20261004-3158,04/10/2026 21:38,Reyansh,Das,"bengaluru, karnataka",Fashion|Leather Wallet|499,1
ORD-20261004-1558,,aditya,Chauhan,"Delhi, Delhi",Fashion|Denim Jeans|1199, 1 
ORD-20261004-4805,04/10/2026 10:44,ISHAAN,agarwal,"delhi, delhi",Electronics|Bluetooth Speaker|1799, 2 
ORD-20261004-2392,2026-10-04 08:38:59,Myra,Trivedi,"Mumbai, Maharashtra",Fashion|Leather Wallet|499,1
ORD-20261004-2836,04/10/2026 21:40,Jay,Tiwari,"Pune, Maharashtra",Beauty|Face Wash|249,1
ORD-20261004-3532,04-10-2026 19:04,Isha,DAS,"mumbai, maharashtra",Home And Kitchen|Non Stick Pan|1099,2
ORD-20261004-4631,04/10/2026 14:52,pooja,Trivedi,"Chennai, Tamil Nadu",Electronics|Smart Watch|2499,3
ORD-20261004-3739,2026-10-04 21:11:22,Divya,  Rathod ,"Mumbai, Maharashtra",Sports|Skipping Rope|199,1
ORD-20261004-3156,04/10/2026 09:38,Manish,Chauhan,,Home And Kitchen|Steel Water Bottle|399,3
ORD-20261004-3454,04/10/2026 15:26,Om,Patel,"DELHI, DELHI",Sports|Football|799,3
ORD-20261004-1361,04-10-2026 20:32,Aadhya,Das,"Delhi, Delhi",Beauty|Sunscreen|449,5
ORD-20261004-1205,04/10/2026 22:04,Harsh,Mishra,"Mysuru, Karnataka",Fashion|Cotton Kurta|799, 1 
ORD-20261004-0239,04/10/2026 12:09,Manish,Pawar,"Kolkata, West Bengal",Beauty|Face Wash|249,2
ORD-20261004-0727,2026-10-04 20:10:12,vihaan,Verma,"Chennai, Tamil Nadu",Fashion|Denim Jeans|1199,1.0
ORD-20261004-3860,04/10/2026 21:58,Shreya,Nair,"Ahmedabad, Gujarat",Beauty|Sunscreen|449,2
ORD-20261004-4077,04/10/2026 11:48,Om,Jain,"hyderabad, telangana",Fashion|Denim Jeans|1199,1.0
ORD-20261004-0724,04/10/2026 19:08,Bhavna,Yadav,"kolkata, west bengal",Electronics|Bluetooth Speaker|1799,2
ORD-20261004-4690,04/10/2026 12:50,Mihir,Arora,"Pune, Maharashtra",Electronics|Power Bank|899,3
ORD-20261004-3517,04-10-2026 10:10,Rahul,Patil,"Mumbai, Maharashtra",Beauty|Hair Serum|549,1
ORD-20261004-2390,2026-10-04 17:58:10,Diya,  Iyer ,"Surat, Gujarat",Beauty|Perfume|1299,1
ORD-20261004-0590,2026-10-04 11:00:08,NISHA,,"Delhi, Delhi",Fashion|Running Shoes|2199,1
ORD-20261004-4835,2026-10-04 17:20:46,parth,Singh,"Delhi, Delhi",Fashion|Running Shoes|2199,2
ORD-20261004-2220,04/10/2026 20:09,atharv,Modi,"Kolkata, West Bengal",Sports|Skipping Rope|199,
ORD-20261004-3166,2026-10-04 08:55:52,null,parmar,"KOLKATA, WEST BENGAL",Fashion|Denim Jeans|1199,1
ORD-20261004-2884,04/10/2026 20:59,Kavya,YADAV,"Delhi, Delhi",Beauty|Hair Serum|549,3
ORD-20261004-1267,04/10/2026 16:59,KHUSHI,Bansal,"Hyderabad, Telangana",Sports|Football|799,1
ORD-20261004-3229,04/10/2026 13:45,RAJESH,  Saxena ,"ahmedabad, gujarat",Beauty|Perfume|1299,5
ORD-20261004-0195,2026-10-04 14:56:59,Nidhi,Patil,"Ahmedabad, Gujarat",Sports|Cricket Bat|1599,1
ORD-20261004-1067,04/10/2026 11:01,Deepak,Pillai,"Delhi, Delhi",Electronics|Smart Watch|2499,1
ORD-20261004-0007,04-10-2026 08:31,Diya,DAS,"Coimbatore, Tamil Nadu",Electronics|Wireless Earbuds|1299,4
ORD-20261004-0089,04/10/2026 06:43,Parth,,"  Delhi, Delhi ",Fashion|Cotton Kurta|799,2
ORD-20261004-4128,2026-10-04 14:36:58,Kabir,Pandya,"hyderabad, telangana",Fashion|Running Shoes|2199,1
ORD-20261004-4611,04/10/2026 12:27,  Sara ,Ghosh,"Chennai, Tamil Nadu",Fashion|Running Shoes|2199,2
ORD-20261004-2067,04/10/2026 12:18,Diya,Iyer,"surat, gujarat",Home And Kitchen|Storage Box|299,1
ORD-20261004-2610,04/10/2026 15:22,Jay,GHOSH,"Pune, Maharashtra",Fashion|Cotton Kurta|799,1
ORD-20261004-2415,2026-10-04 07:24:16,kriti,DAS,"Delhi, Delhi",Fashion|Denim Jeans|1199,1
ORD-20261004-3702,2026-10-04 19:03:53,Gaurav,Kulkarni,"MUMBAI, MAHARASHTRA",Beauty|Sunscreen|449,1
ORD-20261004-3305,04-10-2026 12:08,,Rao,"bengaluru, karnataka",Fashion|Sunglasses|999,2
ORD-20261004-0073,04/10/2026 19:10,Krishna,Nair,"Hyderabad, Telangana",Home And Kitchen|Non Stick Pan|1099,5
ORD-20261004-1770,04/10/2026 21:18,Krupa,Gupta,"Lucknow, Uttar Pradesh",Beauty|Perfume|1299,3
ORD-20261004-4381,04/10/2026 21:50,janvi,Agarwal,"  Kolkata, West Bengal ",Fashion|Sunglasses|999,2
ORD-20261004-3753,2026-10-04 13:26:09,  Isha ,Bhatt,"  Surat, Gujarat ",Electronics|Laptop Stand|749,6
ORD-20261004-2827,2026-10-04 17:00:47,Komal,Thakkar,"Coimbatore, Tamil Nadu",Electronics|Power Bank|899,2
ORD-20261004-0345,04/10/2026 08:50,Tushar,Singh,"Delhi, Delhi",Sports|Cricket Bat|1599,1
ORD-20261004-0407,04-10-2026 11:41,Aryan,kulkarni,"kolkata, west bengal",Home And Kitchen|Wall Clock|649,2
ORD-20261004-2251,04/10/2026 08:19,Pooja,malhotra,"  Pune, Maharashtra ",Beauty|Lipstick|399,1
ORD-20261004-3472,04/10/2026 10:56,,  Bansal ,"Jaipur, Rajasthan",Fashion|Cotton Kurta|799,1
ORD-20261004-4760,04/10/2026 15:49,Varun,Yadav,"  Surat, Gujarat ",Beauty|Sunscreen|449,1
ORD-20261004-2908,2026-10-04 13:50:34,Rahul,CHOPRA,"Hyderabad, Telangana",Electronics|Wireless Earbuds|1299,1
ORD-20261004-4842,04/10/2026 10:26,saanvi,Khanna,"Ahmedabad, Gujarat",Electronics|Smart Watch|2499,6
ORD-20261004-1964,04/10/2026 21:54,Kavya,,"Vadodara, Gujarat",Electronics|Wireless Earbuds|1299,1
ORD-20261004-2938,04/10/2026 19:40,kriti,  Singh ,"Bengaluru, Karnataka",Electronics|Bluetooth Speaker|1799,2
ORD-20261004-1133,04/10/2026 16:17,Karan,  Ghosh ,,Sports|Yoga Mat|699,3
ORD-20261004-4181,04/10/2026 11:01,  Om ,Bhatt,"SURAT, GUJARAT",Home And Kitchen|Steel Water Bottle|399, 1 
ORD-20261004-0092,2026-10-04 17:28:44,Anjali,kapoor,"delhi, delhi",Sports|Yoga Mat|699,6
ORD-20261004-3820,04/10/2026 22:32,swati,Agarwal,"Bengaluru, Karnataka",Home And Kitchen|Non Stick Pan|1099,1
ORD-20261004-1412,04/10/2026 12:39,Krupa,MISHRA,"Delhi, Delhi",Fashion|Cotton Kurta|799,1
ORD-20261004-1866,04-10-2026 01:25,Rajesh,saxena,,Home And Kitchen|Wall Clock|649,2
ORD-20261004-3744,2026-10-04 18:52:58,Arjun,Nair,"  Delhi, Delhi ",Home And Kitchen|Storage Box|299,1
ORD-20261004-0656,2026-10-04 09:53:16,rudra,Yadav,"bengaluru, karnataka",Home And Kitchen|Steel Water Bottle|399,0
ORD-20261004-0773,2026-10-04 06:29:36,Saanvi,Mehta,"vadodara, gujarat",Sports|Yoga Mat|699,2
ORD-20261004-3380,2026-10-04 12:20:00,Arjun,Sharma,"Chennai, Tamil Nadu",Fashion|Sunglasses|999,2
ORD-20261004-0722,04/10/2026 22:30,Manish,Chauhan,"Pune, Maharashtra",Beauty|Hair Serum|549,2
ORD-20261004-0876,2026-10-04 21:26:41,jay,Trivedi,"Mumbai, Maharashtra",Home And Kitchen|Wall Clock|649,2
ORD-20261004-0046,2026-10-04 23:38:07,rahul,Patil,"Nagpur, Maharashtra",Home And Kitchen|Wall Clock|649,1
ORD-20261004-1661,2026-10-04 20:56:37,Kriti,Yadav,"Pune, Maharashtra",Sports|Skipping Rope|199,1
ORD-20261004-1215,04/10/2026 09:59,Vihaan,Singh,"Coimbatore, Tamil Nadu",Electronics|Smart Watch|2499,1
ORD-20261004-1757,04/10/2026 23:10,Komal,,"Delhi, Delhi",Beauty|Lipstick|399,2
ORD-20261004-1825,2026-10-04 08:56:56,Vikas,MENON,"Bengaluru, Karnataka",Fashion|Sunglasses|999,2
ORD-20261004-2124,04/10/2026 22:47,Ananya,Chopra,"Lucknow, Uttar Pradesh",Electronics|Laptop Stand|749,1
ORD-20261004-0669,2026-10-04 16:35:11,Sneha,Patil,"Mumbai, Maharashtra",Fashion|Denim Jeans|1199,0
ORD-20261004-2973,04/10/2026 22:50,DHRUV,ghosh,"Surat, Gujarat",Beauty|Hair Serum|549,1
ORD-20261004-4625,04/10/2026 12:45,  Varun ,Bansal,"ahmedabad, gujarat",Home And Kitchen|Steel Water Bottle|399,1
ORD-20261004-0247,2026-10-04 08:11:58,Krupa,SHARMA,"VADODARA, GUJARAT",Sports|Skipping Rope|199,1
ORD-20261004-4849,04-10-2026 16:52,reyansh,Sharma,"Pune, Maharashtra",Fashion|Leather Wallet|499,2
ORD-20261004-4236,2026-10-04 23:31:34,Myra,  Patel ,"Delhi, Delhi",Electronics|Power Bank|899,1
ORD-20261004-4495,2026-10-04 11:43:53,Myra,sharma,"Hyderabad, Telangana",Electronics|Smart Watch|2499,4
ORD-20261004-3537,04-10-2026 21:22,  Om ,Menon,"Vadodara, Gujarat",Sports|Cricket Bat|1599,1
ORD-20261004-2925,04/10/2026 14:24,Pari,Kapoor,"hyderabad, telangana",Sports|Cricket Bat|1599,6
ORD-20261004-1438,2026-10-04 10:41:25,divya,patil,"Mumbai, Maharashtra",Beauty|Perfume|1299,3
ORD-20261004-2890,2026-10-04 16:11:53,Advik,  Singh ,"Mumbai, Maharashtra",Home And Kitchen|Non Stick Pan|1099,1
ORD-20261004-0540,04/10/2026 21:00,KRUPA,Chaudhary,"Jaipur, Rajasthan",Home And Kitchen|Bedsheet Set|1499, 3 
ORD-20261004-1588,04-10-2026 21:27,harsh,srivastava,"Chennai, Tamil Nadu",Beauty|Hair Serum|549,1.0
ORD-20261004-2866,04-10-2026 20:40,kabir,Modi,"  Bengaluru, Karnataka ",Sports|Skipping Rope|199,0
ORD-20261004-0850,04-10-2026 16:55,Krupa,Sharma,"vadodara, gujarat",Sports|Yoga Mat|699,2.0
ORD-20261004-1580,2026-10-04 09:22:44,Riya,CHOPRA,"KOLKATA, WEST BENGAL",Home And Kitchen|Storage Box|299,2
ORD-20261004-4356,04/10/2026 12:54,  Karan ,Pillai,"Mumbai, Maharashtra",Fashion|Running Shoes|2199,1
ORD-20261004-4363,2026-10-04 22:23:01,Reyansh,Dubey,"Chennai, Tamil Nadu",Home And Kitchen|Bedsheet Set|1499,1
ORD-20261004-1149,2026-10-04 21:54:20,mihir,Menon,"Ahmedabad, Gujarat",Electronics|Smart Watch|2499,1
ORD-20261004-4557,04-10-2026 21:24,SARA,Pandya,"Coimbatore, Tamil Nadu",Sports|Skipping Rope|199,3
ORD-20261004-0992,04/10/2026 20:02,vikas,Parmar,"chennai, tamil nadu",Home And Kitchen|Non Stick Pan|1099,1
ORD-20261004-3809,04/10/2026 13:47,Advik,Sharma,"Pune, Maharashtra",Electronics|Smart Watch|2499, 3 
ORD-20261004-1048,2026-10-04 09:37:59,Shaurya,Patel,"hyderabad, telangana",Fashion|Leather Wallet|499,1
ORD-20261004-2242,04-10-2026 11:04,HARSH,Verma,"delhi, delhi",Electronics|Bluetooth Speaker|1799,6
ORD-20261004-4100,04/10/2026 15:01,palak,nair,"ahmedabad, gujarat",Fashion|Sunglasses|999,1
ORD-20261004-1960,2026-10-04 19:39:09,Kunal,Ghosh,"MYSURU, KARNATAKA",Electronics|Power Bank|899,1
ORD-20261004-2917,2026-10-04 11:03:46,Ishaan,  Bansal ,"Jaipur, Rajasthan",Home And Kitchen|Storage Box|299,
ORD-20261004-1068,2026-10-04 13:19:40,Ayaan,Rao,"Hyderabad, Telangana",Electronics|Bluetooth Speaker|1799,3
ORD-20261004-3706,2026-10-04 14:10:55,bhavna,Malhotra,"Jaipur, Rajasthan",Fashion|Denim Jeans|1199,0
ORD-20261004-1693,04/10/2026 10:16,Arjun,Kapoor,"Delhi, Delhi",Home And Kitchen|Steel Water Bottle|399,1
ORD-20261004-0269,04/10/2026 13:46,Rajesh,Saxena,"AHMEDABAD, GUJARAT",Sports|Skipping Rope|199, 1 
ORD-20261004-0866,04/10/2026 06:48,Dhruv,Dubey,"Nagpur, Maharashtra",Electronics|Laptop Stand|749,1
ORD-20261004-4497,04-10-2026 21:22,advik,Kulkarni,"  Delhi, Delhi ",Electronics|Wireless Earbuds|1299,1
ORD-20261004-3080,04/10/2026 21:43,Reyansh,Patel,"CHENNAI, TAMIL NADU",Home And Kitchen|Bedsheet Set|1499,1
ORD-20261004-3392,2026-10-04 12:16:24,Dhwani,Iyer,"  Ahmedabad, Gujarat ",Home And Kitchen|Wall Clock|649,-2
ORD-20261004-3005,04/10/2026 14:53,Jay,Vyas,"CHENNAI, TAMIL NADU",Beauty|Face Wash|249,1
ORD-20261004-3646,2026-10-04 19:29:55,divya,Kulkarni,"CHENNAI, TAMIL NADU",Beauty|Sunscreen|449,1
ORD-20261004-1756,2026-10-04 11:49:59,Jay,pawar,"chennai, tamil nadu",Beauty|Hair Serum|549,1
ORD-20261004-4841,2026-10-04 13:29:27,yash,Tiwari,"ahmedabad, gujarat",Sports|Cricket Bat|1599,3
ORD-20261004-4188,04/10/2026 13:17,Rudra,sinha,"mumbai, maharashtra",Fashion|Running Shoes|2199,1
ORD-20261004-3056,2026-10-04 11:46:50,  Myra ,Vyas,"bengaluru, karnataka",Home And Kitchen|Bedsheet Set|1499,1
ORD-20261004-2089,04/10/2026 18:51,ADITYA,Mishra,"Pune, Maharashtra",Home And Kitchen|Wall Clock|649,1
ORD-20261004-3144,04/10/2026 01:41,Hetal,  Sharma ,"DELHI, DELHI",Beauty|Hair Serum|549,2
ORD-20261004-0925,2026-10-04 14:20:05,Rajesh,Mishra,"delhi, delhi",Electronics|Laptop Stand|749,1
ORD-20261004-0491,2026-10-04 18:03:31,SARA,Desai,"Nagpur, Maharashtra",Sports|Cricket Bat|1599,2
ORD-20261004-1441,04/10/2026 15:33,  Saanvi ,KHANNA,"bengaluru, karnataka",Home And Kitchen|Non Stick Pan|1099,1
ORD-20261004-2245,04-10-2026 17:41,  Dhwani ,Desai,"jaipur, rajasthan",,
ORD-20261004-3462,04-10-2026 12:39,Shreya,Gupta,"Delhi, Delhi",Electronics|Smart Watch|2499,2
ORD-20261004-2317,04/10/2026 16:55,priya,Saxena,"Bengaluru, Karnataka",Beauty|Perfume|1299,1
ORD-20261004-1281,04/10/2026 17:36,Vikas,Kapoor,"pune, maharashtra",Fashion|Running Shoes|2199,2
ORD-20261004-1345,04/10/2026 05:44,Varun,Srivastava,"bengaluru, karnataka",Fashion|Denim Jeans|1199,3
ORD-20261004-0016,04/10/2026 21:15,NIKHIL,Pillai,"Delhi, Delhi",Beauty|Hair Serum|549,2
ORD-20261004-3109,2026-10-04 17:36:33,  Nisha ,,"Surat, Gujarat",Beauty|Face Wash|249,1
ORD-20261004-4761,04-10-2026 20:16,kunal,  Yadav ,"Pune, Maharashtra",Sports|Football|799,5
ORD-20261004-4794,2026-10-04 13:16:54,,RAO,"Delhi, Delhi",Beauty|Hair Serum|549,1
ORD-20261004-2950,04/10/2026 12:00,  Palak ,Agarwal,"chennai, tamil nadu",Sports|Dumbbell Set|1899,2
ORD-20261004-2416,04/10/2026 09:37,Navya,Khanna,"Pune, Maharashtra",Beauty|Hair Serum|549,3
ORD-20261004-3847,04-10-2026 16:02,Tushar,RATHOD,"Kolkata, West Bengal",Fashion|Leather Wallet|499,1
ORD-20261004-1368,2026-10-04 15:23:32,  Om ,Chaudhary,"JAIPUR, RAJASTHAN",Home And Kitchen|Non Stick Pan|1099,2
ORD-20261004-1533,31/02/2026 18:31,diya,pawar,"Mumbai, Maharashtra",Electronics|Power Bank|899,1
ORD-20261004-3534,04/10/2026 23:40,dhwani,mehta,"BENGALURU, KARNATAKA",Sports|Skipping Rope|199, 2 
ORD-20261004-3401,04/10/2026 13:52,Simran,Chopra,"chennai, tamil nadu",Fashion|Sunglasses|999,1
ORD-20261004-0081,2026-10-04 21:48:25,aditi,Patil,"Surat, Gujarat",Beauty|Lipstick|399,3
ORD-20261004-1432,04/10/2026 20:19,RUDRA,VERMA,"AHMEDABAD, GUJARAT",Fashion|Leather Wallet|499,2
ORD-20261004-1013,04/10/2026 09:42,Ananya,Pillai,"Delhi, Delhi",Beauty|Hair Serum|549,3
ORD-20261004-2499,2026-10-04 21:55:59,KABIR,Malhotra,"Bengaluru, Karnataka",Beauty|Face Wash|249,2.0
ORD-20261004-1286,2026-10-04 20:32:51,Vikas,VYAS,"hyderabad, telangana",Electronics|Wireless Earbuds|1299,4
ORD-20261004-0951,04/10/2026 01:07,Varun,tiwari,"Mumbai, Maharashtra",Electronics|Power Bank|899,2
ORD-20261004-1327,04-10-2026 21:38,parth,Pandya,"Vadodara, Gujarat",Fashion|Cotton Kurta|799,1
ORD-20261004-4029,2026-10-04 14:46:07,Aryan,Bansal,"Hyderabad, Telangana",Home And Kitchen|Storage Box|299,1
ORD-20261004-0110,2026-10-04 19:30:24,PALAK,Chaudhary,"PUNE, MAHARASHTRA",Fashion|Sunglasses|999,1
ORD-20261004-3510,04-10-2026 00:54,Dhwani,Pandya,"Delhi, Delhi",Electronics|Smart Watch|2499,2
ORD-20261004-2134,04/10/2026 22:53,Nisha,  Bhatt ,"Jaipur, Rajasthan",Fashion|Denim Jeans|1199,2
ORD-20261004-1114,04/10/2026 13:00,Kriti,kapoor,"PUNE, MAHARASHTRA",Fashion|Sunglasses|999,2
ORD-20261004-3893,04/10/2026 19:30,Kavya,Bansal,"mumbai, maharashtra",Fashion|Leather Wallet|499,1
ORD-20261004-3698,04/10/2026 20:32,Atharv,Malhotra,"MUMBAI, MAHARASHTRA",Sports|Dumbbell Set|1899,2
ORD-20261004-1445,04/10/2026 21:13,,mukherjee,"Surat, Gujarat",Fashion|Running Shoes|2199,2
ORD-20261004-3331,04/10/2026 22:46,Yash,Dubey,"Bengaluru, Karnataka",Electronics|Power Bank|899,4
ORD-20261004-4365,04-10-2026 21:20,Shreya,dubey,"Ahmedabad, Gujarat",Sports|Yoga Mat|699,1
ORD-20261004-2300,2026-10-04 15:03:19,Kavya,Parmar,"Surat, Gujarat",Home And Kitchen|Wall Clock|649,2
ORD-20261004-0572,2026-10-04 08:50:50,mansi,Pillai,"Chennai, Tamil Nadu",Sports|Yoga Mat|699,4
ORD-20261004-2160,04/10/2026 10:02,,Menon,"Mumbai, Maharashtra",Sports|Football|799,1
ORD-20261004-4109,2026-10-04 21:54:14,Om,gupta,"Ahmedabad, Gujarat",Fashion|Sunglasses|999,2
ORD-20261004-4584,04/10/2026 07:52,mansi,TRIVEDI,"mysuru, karnataka",Fashion|Running Shoes|2199,4
ORD-20261004-1535,04/10/2026 20:36,Sara,  Shah ,"mumbai, maharashtra",Fashion|Sunglasses|999,0
ORD-20261004-4021,04/10/2026 21:14,Hetal,TIWARI,"Lucknow, Uttar Pradesh",Fashion|Denim Jeans|1199,2
ORD-20261004-2424,2026-10-04 12:03:59,krishna,  Vyas ,"Bengaluru, Karnataka",Electronics|Wireless Earbuds|1299,4
ORD-20261004-0801,04/10/2026 19:54,Nikhil,IYER,"kolkata, west bengal",Electronics|Bluetooth Speaker|1799,1
ORD-20261004-0291,04-10-2026 11:02,SAI,Patel,"mumbai, maharashtra",Fashion|Running Shoes|2199,2
ORD-20261004-0238,04/10/2026 12:03,vivaan,modi,"Vadodara, Gujarat",Home And Kitchen|Storage Box|299,1
ORD-20261004-3832,04/10/2026 10:07,Nisha,  Thakkar ,"  Chennai, Tamil Nadu ",Fashion|Sunglasses|999,1
ORD-20261004-1128,04/10/2026 09:05,Saanvi,Kumar,"Hyderabad, Telangana",Fashion|Leather Wallet|499,1
ORD-20261004-4489,04/10/2026 19:38,Deepak,solanki,"Mumbai, Maharashtra",Sports|Skipping Rope|199,2
ORD-20261004-2503,04-10-2026 17:03,varun,Malhotra,"bengaluru, karnataka",Beauty|Hair Serum|549,2
ORD-20261004-2798,2026-10-04 23:11:58,Aryan,Mukherjee,"mumbai, maharashtra",Electronics|Smart Watch|2499,3
ORD-20261004-3916,2026-10-04 15:41:56,Sneha,Ghosh,"Surat, Gujarat",Fashion|Running Shoes|2199,1
ORD-20261004-0706,04-10-2026 09:01,Vihaan,modi,"Bengaluru, Karnataka",Fashion|Cotton Kurta|799,2.0
ORD-20261004-3895,04/10/2026 15:27,Dhwani,Sinha,"surat, gujarat",Electronics|Bluetooth Speaker|1799,2
ORD-20261004-4421,04-10-2026 20:38,Manish,SAXENA,"pune, maharashtra",Electronics|Wireless Earbuds|1299,1
ORD-20261004-0886,04-10-2026 10:42,Ayaan,Sinha,"KOLKATA, WEST BENGAL",Electronics|Laptop Stand|749,1
ORD-20261004-2147,2026-10-04 14:15:02,  Hetal ,reddy,"  Lucknow, Uttar Pradesh ",Sports|Football|799,1
ORD-20261004-3530,2026-10-04 13:48:36,Payal,Srivastava,"Mumbai, Maharashtra",Fashion|Denim Jeans|1199,2
ORD-20261004-3730,04/10/2026 20:50,Shaurya,Gupta,"Jaipur, Rajasthan",Sports|Football|799,1
ORD-20261004-0797,2026-10-04 18:29:54,Om,  Iyer ,"coimbatore, tamil nadu",Fashion|Running Shoes|2199,1
ORD-20261004-4217,2026-10-04 18:35:02,Harsh,Jain,"Delhi, Delhi",Beauty|Hair Serum|549,1
ORD-20261004-2871,04/10/2026 12:25,ayaan,Tiwari,"Bengaluru, Karnataka",Sports|Yoga Mat|699,2
ORD-20261004-3334,2026-10-04 13:21:23,Vihaan,,"MUMBAI, MAHARASHTRA",Fashion|Leather Wallet|499,2
ORD-20261004-4666,04-10-2026 19:11,  Priya ,Desai,"delhi, delhi",Fashion|Sunglasses|999,6
ORD-20261004-3427,04/10/2026 17:23,Sara,Singh,"Bengaluru, Karnataka",Home And Kitchen|Storage Box|299,1
ORD-20261004-3196,04/10/2026 15:32,Anika,Saxena,"Mysuru, Karnataka",Fashion|Cotton Kurta|799,4
ORD-20261004-3286,04/10/2026 06:46,Myra,MEHTA,"Bengaluru, Karnataka",Sports|Yoga Mat|699,1
ORD-20261004-0974,04/10/2026 12:37,RAHUL,  Pandya ,"vadodara, gujarat",Sports|Cricket Bat|1599,2
ORD-20261004-2212,04/10/2026 11:36,  Amit ,Pandya,"Ahmedabad, Gujarat",Fashion|Running Shoes|2199,2
ORD-20261004-0177,04/10/2026 17:13,Jay,KHANNA,"bengaluru, karnataka",Electronics|Laptop Stand|749,1.0
ORD-20261004-3521,04/10/2026 20:25,Khushi,Vyas,"KOLKATA, WEST BENGAL",Electronics|Wireless Earbuds|1299,1
ORD-20261004-0680,04/10/2026 07:39,Mansi,  Kumar ,"Delhi, Delhi",Home And Kitchen|Steel Water Bottle|399,3
ORD-20261004-4458,04/10/2026 17:17,RAJESH,jain,"  Vadodara, Gujarat ",Electronics|Smart Watch|2499,0
ORD-20261004-4471,2026-10-04 20:11:49,Swati,iyer,"Mumbai, Maharashtra",Electronics|Wireless Earbuds|1299,1
ORD-20261004-1633,04/10/2026 22:48,kriti,srivastava,"Mumbai, Maharashtra",Electronics|Bluetooth Speaker|1799,1
ORD-20261004-3254,04/10/2062 11:26,arjun,Bhatt,"Surat, Gujarat",Electronics|Smart Watch|2499,2
ORD-20261004-1776,04/10/2026 04:37,Aanya,Iyer,"JAIPUR, RAJASTHAN",Beauty|Perfume|1299,1
ORD-20261004-1984,2026-10-04 22:20:56,Kunal,  Joshi ,"Delhi, Delhi",Sports|Football|799,1
,04/10/2026 12:13,PRIYA,Malhotra,"Mumbai, Maharashtra",Fashion|Sunglasses|999,1
ORD-20261004-1101,04/10/2026 08:51,  Mansi ,Kalavadia,"  Mysuru, Karnataka ",Fashion|Sunglasses|999,1
ORD-20261004-0819,2026-10-04 20:56:25,  Varun ,Solanki,"Bengaluru, Karnataka",Electronics|Laptop Stand|749,-1
ORD-20261004-0053,04/10/2026 19:18,Ritu,Mehta,"Kolkata, West Bengal",Sports|Football|799,2
ORD-20261004-1482,04/10/2026 18:02,  Nikhil ,Vyas,"Pune, Maharashtra",,1
ORD-20261004-0767,04/10/2026 21:39,Myra,Saxena,"DELHI, DELHI",Home And Kitchen|Steel Water Bottle|399,2
ORD-20261004-1291,2026-10-04 11:23:14,Diya,Ghosh,"surat, gujarat",Electronics|Bluetooth Speaker|1799,one
ORD-20261004-3982,04/10/2026 17:06,Ritu,Khanna,"Delhi, Delhi",Fashion|Leather Wallet|499,1
ORD-20261004-1816,04/10/2026 17:48,anika,patel,"pune, maharashtra",Sports|Dumbbell Set|1899,1.0
ORD-20261004-3364,04-10-2026 22:08,mansi,bose,"Kolkata, West Bengal",Beauty|Lipstick|399,0
ORD-20261004-1876,04/10/2026 10:04,Vihaan,Agarwal,"Vadodara, Gujarat",Fashion|Leather Wallet|499,2
ORD-20261004-0811,2026-10-04 18:34:57,ADITYA,Mishra,"pune, maharashtra",Sports|Cricket Bat|1599,1
ORD-20261004-4238,04-10-2026 20:15,shaurya,Ghosh,"DELHI, DELHI",Home And Kitchen|Wall Clock|649,4.0
,04/10/2026 12:05,  Megha ,Thakkar,"Ahmedabad, Gujarat",Fashion|Leather Wallet|499,1
ORD-20261004-0585,2026-10-04 20:47:23,Deepak,ghosh,"jaipur, rajasthan",Sports|Skipping Rope|199,1
ORD-20261004-0234,2026-10-04 18:38:26,vivaan,MODI,"Vadodara, Gujarat",Beauty|Hair Serum|549,2
ORD-20261004-3314,04/10/2026 22:57,Shreya,yadav,"  Hyderabad, Telangana ",Electronics|Laptop Stand|749,2
ORD-20261004-0348,2026-10-04 17:52:38,Vikas,Modi,"Bengaluru, Karnataka",Sports|Cricket Bat|1599,5
ORD-20261004-1806,2026-10-04 06:44:20,priya,Das,"Delhi, Delhi",Fashion|Cotton Kurta|799,3
ORD-20261004-1563,04/10/2026 12:26,Varun,Solanki,"Bengaluru, Karnataka",Fashion|Leather Wallet|499,1
ORD-20261004-1058,04/10/2026 07:43,riya,Tiwari,"Hyderabad, Telangana",Beauty|Face Wash|249,1
ORD-20261004-3661,2026-10-04 10:59:31,Atharv,  Rao ,,Electronics|Bluetooth Speaker|1799,5
ORD-20261004-2402,04/10/2026 15:05,advik,Das,"Pune, Maharashtra",Fashion|Denim Jeans|1199,3.0
ORD-20261004-4450,2026-10-04 19:09:04,Aryan,solanki,"Kolkata, West Bengal",Sports|Football|799,1
ORD-20261004-3542,2026-10-04 16:30:23,  Pari ,Arora,"Mumbai, Maharashtra",Fashion|Cotton Kurta|799,4
ORD-20261004-3622,04-10-2026 18:03,neel,bhatt,"Mumbai, Maharashtra",Beauty|Hair Serum|549,3
ORD-20261004-2709,04-10-2026 20:03,Anika,arora,"  Kolkata, West Bengal ",Sports|Cricket Bat|1599,1
ORD-20261004-1336,04/10/2026 01:00,Bhavna,srivastava,"jaipur, rajasthan",Beauty|Hair Serum|549,0
ORD-20261004-2983,04/10/2026 14:59,Pari,GHOSH,"Lucknow, Uttar Pradesh",Fashion|Running Shoes|2199,1
ORD-20261004-4232,2026-10-04 20:06:55,shreya,Yadav,"pune, maharashtra",Home And Kitchen|Non Stick Pan|1099,1
ORD-20261004-2746,,Ayaan,Chauhan,"Hyderabad, Telangana",Fashion|Denim Jeans|1199,3
ORD-20261004-1078,2026-10-04 12:41:37,Mihir,vyas,"chennai, tamil nadu",Sports|Cricket Bat|1599,1
ORD-20261004-1643,N/A,Myra,Vyas,"  Bengaluru, Karnataka ",Beauty|Hair Serum|549,1
ORD-20261004-1799,04/10/2026 10:28,neha,Mishra,"  Kolkata, West Bengal ",Beauty|Sunscreen|449,1
ORD-20261004-2504,2026-10-04 15:27:28,Ritu,Bhatt,"Mysuru, Karnataka",Sports|Dumbbell Set|1899,1
ORD-20261004-2328,04/10/2026 17:30,Swati,Solanki,"Pune, Maharashtra",Sports|Dumbbell Set|1899,1
ORD-20261004-0135,2026-10-04 19:07:02,Rajesh,Das,"Jaipur, Rajasthan",Home And Kitchen|Steel Water Bottle|399, 2 
ORD-20261004-2101,04/10/2026 19:43,Deepak,Singh,"Delhi, Delhi",Beauty|Sunscreen|449,1
ORD-20261004-4525,04/10/2026 14:49,AMIT,Trivedi,"CHENNAI, TAMIL NADU",Beauty|Sunscreen|449,3
ORD-20261004-1289,2026-10-04 17:16:23,karan,Das,"kolkata, west bengal",Electronics|Smart Watch|2499,2
ORD-20261004-0206,2026-10-04 20:54:34,Janvi,Pillai,"hyderabad, telangana",Beauty|Perfume|1299,-1
ORD-20261004-0942,04-10-2026 16:17,Parth,Pawar,"bengaluru, karnataka",Electronics|Smart Watch|2499,4
ORD-20261004-0296,2026-10-04 11:06:13,Om,singh,"MUMBAI, MAHARASHTRA",Beauty|Lipstick|399,1
ORD-20261004-4295,04/10/2026 19:17,Sara,kumar,"Kolkata, West Bengal",Sports|Dumbbell Set|1899,1
ORD-20261004-0847,04/10/2026 16:33,Arjun,Mehta,"Kolkata, West Bengal",Fashion|Cotton Kurta|799,0
ORD-20261004-0488,04/10/2026 18:14,Rudra,gupta,"Delhi, Delhi",Fashion|Sunglasses|999,3
ORD-20261004-4717,04/10/2026 22:57,  Pari ,Rathod,"  Coimbatore, Tamil Nadu ",Electronics|Power Bank|899,1
ORD-20261004-4431,2026-10-04 07:20:31,sneha,Pillai,"Lucknow, Uttar Pradesh",Electronics|Power Bank|899,1
ORD-20261004-1375,2026-10-04 17:35:18,Vivaan,Mukherjee,"  Bengaluru, Karnataka ",Home And Kitchen|Bedsheet Set|1499,1
ORD-20261004-1579,2026-10-04 13:04:28,Aarav,Kumar,"JAIPUR, RAJASTHAN",Sports|Yoga Mat|699,2
ORD-20261004-2646,04/10/2026 22:11,parth,  Ghosh ,"Delhi, Delhi",Electronics|Power Bank|899,1
ORD-20261004-1409,04/10/2026 16:36,Dhwani,Ghosh,"Jaipur, Rajasthan",Fashion|Running Shoes|2199,1
ORD-20261004-4063,2026-10-04 20:11:32,ADVIK,THAKKAR,"jaipur, rajasthan",Beauty|Sunscreen|449, 5 
ORD-20261004-1060,04/10/2026 18:19,Simran,Saxena,"Chennai, Tamil Nadu",Fashion|Running Shoes|2199,1
ORD-20261004-1915,2026-10-04 20:30:10,Vivaan,Joshi,"Ahmedabad, Gujarat",Electronics|Smart Watch|2499,2
ORD-20261004-0502,2026-10-04 11:38:33,Krishna,Reddy,"BENGALURU, KARNATAKA",Sports|Dumbbell Set|1899,1
ORD-20261004-2711,30/02/2026 22:47,Aditya,VYAS,"Delhi, Delhi",Fashion|Cotton Kurta|799,2
ORD-20261004-1385,2026-10-04 21:00:28,Parth,MUKHERJEE,"  Coimbatore, Tamil Nadu ",Home And Kitchen|Storage Box|299,5
ORD-20261004-2343,04/10/2026 17:02,AMIT,Bansal,N/A,Beauty|Perfume|1299,
ORD-20261004-1980,04/10/2026 18:24,Saanvi,,"Mumbai, Maharashtra",Sports|Football|799,1
ORD-20261004-0566,04/10/2026 04:01,  Riya ,Saxena,"Lucknow, Uttar Pradesh",Electronics|Bluetooth Speaker|1799,1
ORD-20261004-2815,2026-10-04 23:38:15,Sneha,reddy,"Vadodara, Gujarat",Fashion|Sunglasses|999,3
ORD-20261004-1299,2026-10-04 14:56:02,  Sara ,desai,"Mumbai, Maharashtra",Electronics|Wireless Earbuds|1299,
ORD-20261004-0256,2026-10-04 13:29:44,Yash,Nair,"Mumbai, Maharashtra",Beauty|Face Wash|249,
ORD-20261004-4210,04-10-2026 13:06,  Rajesh ,Pandya,"Chennai, Tamil Nadu",Fashion|Denim Jeans|1199,1.0
ORD-20261004-1142,04-10-2026 21:18,Komal,reddy,"NAGPUR, MAHARASHTRA",Fashion|Leather Wallet|499,2
ORD-20261004-0362,2026-10-04 11:59:56,Nidhi,Patel,"  Bengaluru, Karnataka ",Fashion|Sunglasses|999,1
ORD-20261004-1935,04/10/2026 21:47,anika,Kalavadia,"SURAT, GUJARAT",Fashion|Cotton Kurta|799,5
ORD-20261004-4290,04/10/2026 10:50,Priya,Sharma,"JAIPUR, RAJASTHAN",Electronics|Laptop Stand|749,1
ORD-20261004-4088,04/10/2026 22:31,Rudra,Patil,"mysuru, karnataka",Fashion|Running Shoes|2199,2
ORD-20261004-4575,2026-10-04 20:08:22,Karan,Das,N/A,Electronics|Bluetooth Speaker|1799,2
ORD-20261004-3173,04/10/2026 14:38,Navya,Menon,"Surat, Gujarat",Home And Kitchen|Storage Box|299,1
ORD-20261004-1120,04-10-2026 22:11,  Aditya ,modi,"delhi, delhi",Electronics|Power Bank|899,2
ORD-20261004-3159,2026-10-04 17:47:04,Isha,sharma,"Ahmedabad, Gujarat",Home And Kitchen|Storage Box|299,1
ORD-20261004-2418,04/10/2026 22:00,VARUN,Vyas,"lucknow, uttar pradesh",Fashion|Leather Wallet|499,3
ORD-20261004-0687,2026-10-04 12:31:47,Komal,Yadav,"Vadodara, Gujarat",Fashion|Cotton Kurta|799,3
ORD-20261004-3660,04/10/2026 20:06,  Rudra ,Pillai,"AHMEDABAD, GUJARAT",Home And Kitchen|Bedsheet Set|1499,2
ORD-20261004-1758,04/10/2026 08:06,Rudra,jain,"Mumbai, Maharashtra",Electronics|Smart Watch|2499,2
ORD-20261004-4044,2026-10-04 13:32:05,Bhavna,JAIN,"mysuru, karnataka",Electronics|Power Bank|899,3
ORD-20261004-3541,04/10/2026 21:29,Aadhya,pillai,"bengaluru, karnataka",Beauty|Perfume|1299,1
ORD-20261004-3259,04/10/2026 12:58,  Kabir ,Kulkarni,"AHMEDABAD, GUJARAT",Fashion|Denim Jeans|1199,1
ORD-20261004-4693,2026-10-04 21:38:23,  Saanvi ,  Rathod ,"jaipur, rajasthan",Fashion|Leather Wallet|499,2
ORD-20261004-3677,04/10/2026 12:44,Nidhi,Patel,"Bengaluru, Karnataka",Sports|Cricket Bat|1599,1
ORD-20261004-0837,2026-10-04 20:37:37,bhavna,Chaudhary,"Surat, Gujarat",Beauty|Sunscreen|449,1
ORD-20261004-4546,04-10-2026 21:40,Ishaan,bose,"Mumbai, Maharashtra",Electronics|Power Bank|899,1
ORD-20261004-1003,,Reyansh,pillai,"Ahmedabad, Gujarat",Home And Kitchen|Steel Water Bottle|399,3
ORD-20261004-0765,04/10/2062 18:11,Sara,Agarwal,"HYDERABAD, TELANGANA",Sports|Dumbbell Set|1899,1
ORD-20261004-2407,2026-10-04 21:33:34,Ananya,Rathod,"Hyderabad, Telangana",Beauty|Sunscreen|449,2
ORD-20261004-2423,04/10/2026 10:41,Yash,PATIL,"Mumbai, Maharashtra",Electronics|Laptop Stand|749,1
ORD-20261004-3171,2026-10-04 11:11:53,Manish,Rao,"Coimbatore, Tamil Nadu",Fashion|Sunglasses|999,4
ORD-20261004-2838,04/10/2026 20:46,Karan,Rao,"Mumbai, Maharashtra",Sports|Football|799,1.0
ORD-20261004-2700,2026-10-04 23:58:21,yash,Agarwal,,Beauty|Hair Serum|549,1
ORD-20261004-0352,04/10/2026 23:29,Kavya,nair,"ahmedabad, gujarat",Electronics|Power Bank|899,1
ORD-20261004-1843,04/10/2026 07:31,Swati,Dubey,"Jaipur, Rajasthan",Beauty|Lipstick|399,4
ORD-20261004-4688,04/10/2026 12:42,tushar,Bhatt,"Mysuru, Karnataka",Fashion|Running Shoes|2199,3.0
ORD-20261004-2312,04/10/2026 12:53,rajesh,SRIVASTAVA,"Ahmedabad, Gujarat",Sports|Football|799,1
ORD-20261004-4357,04/10/2026 12:29,  Ayaan ,Thakkar,"Mumbai, Maharashtra",Electronics|Smart Watch|2499, 1 
ORD-20261004-4731,04/10/2026 21:15,Jay,Modi,"Chennai, Tamil Nadu",Sports|Football|799,3
ORD-20261004-3490,04/10/2026 19:34,Varun,chauhan,"  Delhi, Delhi ",Beauty|Face Wash|249,1
ORD-20261004-0673,2026-10-04 18:07:17,dhwani,Patel,"  Nagpur, Maharashtra ",Fashion|Leather Wallet|499,5
ORD-20261004-1809,04/10/2026 17:39,Aanya,agarwal,"chennai, tamil nadu",Home And Kitchen|Storage Box|299,one
ORD-20261004-0503,04/10/2026 15:52,Myra,  Thakkar ,"hyderabad, telangana",Beauty|Sunscreen|449,5
ORD-20261004-3645,04/10/2026 22:01,kriti,Nair,"Nagpur, Maharashtra",Home And Kitchen|Steel Water Bottle|399,2
ORD-20261004-3379,04-10-2026 08:39,Amit,Gupta,"Mumbai, Maharashtra",Sports|Football|799,1
ORD-20261004-4710,04/10/2026 19:24,Kabir,  Rao ,"Kolkata, West Bengal",Home And Kitchen|Storage Box|299,2
ORD-20261004-3741,2026-10-04 12:36:46,Advik,Das,"Delhi, Delhi",Electronics|Power Bank|899,1
ORD-20261004-4252,2026-10-04 13:07:44,Aditi,Chopra,"Nagpur, Maharashtra",Fashion|Leather Wallet|499,1
ORD-20261004-1824,04/10/2026 12:07,Bhavna,Chopra,"Jaipur, Rajasthan",Home And Kitchen|Non Stick Pan|1099,two
ORD-20261004-3083,04/10/2026 12:04,Komal,Rao,"Jaipur, Rajasthan",Electronics|Bluetooth Speaker|1799,2
ORD-20261004-1921,04/10/2026 10:13,Reyansh,arora,"Coimbatore, Tamil Nadu",Electronics|Power Bank|899,1
ORD-20261004-0897,04/10/2026 11:08,gaurav,iyer,"Mumbai, Maharashtra",Electronics|Power Bank|899,1
ORD-20261004-0282,2026-10-04 16:18:27,Dev,Kumar,"Bengaluru, Karnataka",Fashion|Leather Wallet|499,1
ORD-20261004-4167,04/10/2026 18:01,Suresh,ARORA,"Bengaluru, Karnataka",Sports|Skipping Rope|199,4
ORD-20261004-1635,04-10-2026 00:05,KRITI,malhotra,"Hyderabad, Telangana",Electronics|Laptop Stand|749,3
ORD-20261004-2716,2026-10-04 11:11:25,null,patel,"pune, maharashtra",Sports|Skipping Rope|199,2
ORD-20261004-3791,2026-10-04 18:25:16,Aanya,khanna,"Mumbai, Maharashtra",Fashion|Running Shoes|2199,3
ORD-20261004-2065,04/10/2026 18:22,Navya,Sinha,"delhi, delhi",Home And Kitchen|Bedsheet Set|1499,1
ORD-20261004-2601,,  Krupa ,Arora,"Pune, Maharashtra",Sports|Dumbbell Set|1899,
ORD-20261004-3563,04/10/2026 19:09,  Yash ,Patel,"Chennai, Tamil Nadu",Sports|Cricket Bat|1599, 1 
ORD-20261004-0264,04/10/2026 07:20,Vihaan,  Pawar ,"MUMBAI, MAHARASHTRA",Fashion|Cotton Kurta|799,1
ORD-20261004-0701,04/10/2026 15:26,Ritu,Saxena,"pune, maharashtra",Electronics|Bluetooth Speaker|1799,2
ORD-20261004-1931,04/10/2026 09:04,Navya,Rao,"Pune, Maharashtra",Fashion|Denim Jeans|1199,3
ORD-20261004-2426,2026-10-04 07:28:00,Kavya,Thakkar,"Delhi, Delhi",Sports|Cricket Bat|1599,2
ORD-20261004-0381,2026-10-04 09:26:24,Khushi,BANSAL,"Hyderabad, Telangana",Sports|Cricket Bat|1599,3
ORD-20261004-2563,2026-10-04 09:15:53,ADITI,Ghosh,"Coimbatore, Tamil Nadu",Electronics|Smart Watch|2499,1
ORD-20261004-0882,04/10/2026 02:11,  Isha ,Bhatt,"MUMBAI, MAHARASHTRA",Beauty|Hair Serum|549,2
ORD-20261004-2440,04-10-2026 23:18,null,Nair,"hyderabad, telangana",Electronics|Laptop Stand|749,1
ORD-20261004-2799,2026-10-04 12:36:25,Advik,Menon,"Surat, Gujarat",Home And Kitchen|Steel Water Bottle|399,1
ORD-20261004-3640,2026-10-04 19:10:49,Sai,Nair,"Delhi, Delhi",Fashion|Sunglasses|999,2
ORD-20261004-2573,04/10/2026 17:36,  Vihaan ,thakkar,"Mumbai, Maharashtra",Beauty|Perfume|1299,2
ORD-20261004-2126,04/10/2026 18:38,VIHAAN,Thakkar,"DELHI, DELHI",Fashion|Running Shoes|2199, 1 
ORD-20261004-3085,04/10/2026 21:24,Vikas,Vyas,"Pune, Maharashtra",Home And Kitchen|Bedsheet Set|1499,1
ORD-20261004-3715,04-10-2026 05:28,  Khushi ,Joshi,"ahmedabad, gujarat",Electronics|Wireless Earbuds|1299,2
ORD-20261004-1174,04/10/2026 07:09,  Arjun ,  Bhatt ,"Surat, Gujarat",Home And Kitchen|Steel Water Bottle|399,4
ORD-20261004-0649,04-10-2026 13:13,Advik,kulkarni,"chennai, tamil nadu",Electronics|Laptop Stand|749, 2 
ORD-20261004-0663,04/10/2026 13:47,Dhruv,Mehta,"Kolkata, West Bengal",Fashion|Running Shoes|2199,0
ORD-20261004-3822,04/10/2026 16:13,parth,Pawar,"Bengaluru, Karnataka",Sports|Cricket Bat|1599,1
ORD-20261004-3390,2026-10-04 19:44:40,Karan,verma,"  Chennai, Tamil Nadu ",Fashion|Leather Wallet|499,0
ORD-20261004-0759,04/10/2026 12:31,khushi,  Chauhan ,"Nagpur, Maharashtra",Beauty|Face Wash|249,1
ORD-20261004-3899,04-10-2026 15:46,dev,solanki,"Bengaluru, Karnataka",Home And Kitchen|Steel Water Bottle|399,1
ORD-20261004-4090,04-10-2026 12:02,kabir,Chauhan,"Delhi, Delhi",Fashion|Leather Wallet|499,3
ORD-20261004-1959,2026-10-04 12:15:59,Diya,SHAH,"Delhi, Delhi",Electronics|Bluetooth Speaker|1799,3
ORD-20261004-1109,04-10-2026 12:25,Tushar,sharma,"Delhi, Delhi",Fashion|Cotton Kurta|799,2
ORD-20261004-4713,2026-10-04 12:59:22,Rahul,Modi,"Bengaluru, Karnataka",Home And Kitchen|Storage Box|299, 1 
ORD-20261004-4432,04/10/2026 17:00,Vihaan,Dubey,"Bengaluru, Karnataka",Electronics|Wireless Earbuds|1299,1
ORD-20261004-1506,04/10/2026 15:40,Pooja,TIWARI,"Pune, Maharashtra",Sports|Yoga Mat|699,1
ORD-20261004-3762,04/10/2026 21:19,jay,Pawar,"CHENNAI, TAMIL NADU",Home And Kitchen|Wall Clock|649,2
ORD-20261004-0831,2026-10-04 06:13:23,  Roshni ,Solanki,"HYDERABAD, TELANGANA",Beauty|Sunscreen|449,4
ORD-20261004-1382,04/10/2026 20:32,Komal,RATHOD,"Ahmedabad, Gujarat",Fashion|Cotton Kurta|799, 3 
ORD-20261004-2686,04/10/2026 22:44,Kunal,srivastava,"ahmedabad, gujarat",Sports|Skipping Rope|199,3
ORD-20261004-1290,2026-10-04 21:07:14,aarav,Gupta,"Pune, Maharashtra",Electronics|Power Bank|899,1
ORD-20261004-3473,04/10/2026 10:42,Ayaan,arora,"Chennai, Tamil Nadu",Electronics|Bluetooth Speaker|1799,2
ORD-20261004-4719,04/10/2026 20:45,Aadhya,Verma,"Hyderabad, Telangana",Fashion|Leather Wallet|499,1
ORD-20261004-2989,04/10/2026 14:40,  Manish ,Pandya,"Vadodara, Gujarat",Fashion|Sunglasses|999,4
ORD-20261004-0334,04-10-2026 12:14,Navya,Chopra,"Mumbai, Maharashtra",Home And Kitchen|Bedsheet Set|1499,1
ORD-20261004-4209,04/10/2026 15:53,ISHA,NAIR,"Ahmedabad, Gujarat",Electronics|Wireless Earbuds|1299,1
ORD-20261004-2232,04/10/2026 13:12,Pranav,Sinha,"Mumbai, Maharashtra",Sports|Skipping Rope|199,1
ORD-20261004-0145,04-10-2026 23:23,ritu,  Chopra ,"Vadodara, Gujarat",Home And Kitchen|Non Stick Pan|1099,
ORD-20261004-0309,04/10/2026 13:07,  Hetal ,Arora,"nagpur, maharashtra",Electronics|Power Bank|899,2
ORD-20261004-2409,04-10-2026 13:59,Janvi,Mukherjee,"Jaipur, Rajasthan",Fashion|Cotton Kurta|799,2
ORD-20261004-4283,04/10/2026 13:46,Priya,Trivedi,"Pune, Maharashtra",Sports|Cricket Bat|1599,3
ORD-20261004-1823,2026-10-04 12:06:26,Aryan,MISHRA,"bengaluru, karnataka",Electronics|Bluetooth Speaker|1799,4
ORD-20261004-3108,04-10-2026 21:23,tanvi,malhotra,"Coimbatore, Tamil Nadu",Electronics|Wireless Earbuds|1299,2
ORD-20261004-1143,04/10/2026 19:47,  Aditi ,parmar,"Pune, Maharashtra",Fashion|Running Shoes|2199,2
ORD-20261004-0957,04/10/2026 13:14,Arjun,Thakkar,"  Bengaluru, Karnataka ",Fashion|Denim Jeans|1199,1
,04/10/2026 12:37,Megha,Mishra,"Kolkata, West Bengal",Home And Kitchen|Storage Box|299,4
ORD-20261004-0361,04/10/2026 23:26,Neel,Pawar,"LUCKNOW, UTTAR PRADESH",Fashion|Leather Wallet|499, 1 
ORD-20261004-0921,2026-10-04 12:55:51,ADITYA,chopra,"  Hyderabad, Telangana ",Fashion|Denim Jeans|1199,1.0
ORD-20261004-3986,2026-10-04 14:34:41,gaurav,sharma,"Mumbai, Maharashtra",Sports|Cricket Bat|1599,1
ORD-20261004-1100,2026-10-04 19:21:45,simran,Chopra,"Pune, Maharashtra",Fashion|Cotton Kurta|799,1
ORD-20261004-3443,04/10/2026 22:04,Megha,Modi,"Chennai, Tamil Nadu",Fashion|Leather Wallet|499,1
ORD-20261004-3342,04/10/2026 20:16,pranav,Kalavadia,"Kolkata, West Bengal",Electronics|Wireless Earbuds|1299,five
ORD-20261004-4609,04/10/2026 02:52,Rajesh,RATHOD,"mumbai, maharashtra",Fashion|Denim Jeans|1199,5
ORD-20261004-3898,04-10-2026 12:10,Anika,Reddy,"delhi, delhi",Fashion|Denim Jeans|1199,1
ORD-20261004-4634,04/10/2026 19:11,rohan,bose,"Mumbai, Maharashtra",Home And Kitchen|Bedsheet Set|1499,1
ORD-20261004-1901,2026-10-04 22:49:01,Anjali,Mishra,"Pune, Maharashtra",Fashion|Cotton Kurta|799,1
ORD-20261004-0360,04/10/2026 22:05,ishaan,Mehta,"  Bengaluru, Karnataka ",Beauty|Sunscreen|449,2
ORD-20261004-4336,04/10/2026 21:46,Manish,Khanna,"chennai, tamil nadu",Home And Kitchen|Wall Clock|649,2
ORD-20261004-3543,04/10/2026 14:28,tanvi,Mukherjee,"PUNE, MAHARASHTRA",Electronics|Wireless Earbuds|1299,1
ORD-20261004-1822,2026-10-04 13:40:06,Priya,bhatt,"  Hyderabad, Telangana ",Home And Kitchen|Wall Clock|649,1
ORD-20261004-4502,04/10/2026 19:27,  Kriti ,Jain,"Pune, Maharashtra",Sports|Cricket Bat|1599,2
ORD-20261004-0956,2026-10-04 11:09:37,JAY,tiwari,"Pune, Maharashtra",Fashion|Sunglasses|999,1
ORD-20261004-1099,04/10/2026 15:48,Manish,  Arora ,"chennai, tamil nadu",Home And Kitchen|Storage Box|299,3
ORD-20261004-4062,04/10/2026 17:51,Saanvi,Pawar,"BENGALURU, KARNATAKA",Home And Kitchen|Bedsheet Set|1499,1
ORD-20261004-2195,2026-10-04 22:24:44,Anjali,joshi,"Nagpur, Maharashtra",Home And Kitchen|Bedsheet Set|1499,1
ORD-20261004-2784,2026-10-04 13:24:15,  Nidhi ,patel,"Mumbai, Maharashtra",Electronics|Smart Watch|2499,3
ORD-20261004-0041,2026-10-04 21:25:54,Sara,Malhotra,"Hyderabad, Telangana",Electronics|Wireless Earbuds|1299,1
ORD-20261004-4457,04/10/2026 23:11,Parth,Sinha,"mumbai, maharashtra",Home And Kitchen|Storage Box|299,1
ORD-20261004-4087,04-10-2026 22:42,Komal,Mukherjee,"CHENNAI, TAMIL NADU",Electronics|Wireless Earbuds|1299,5
ORD-20261004-3030,04/10/2026 13:25,sara,REDDY,"pune, maharashtra",Electronics|Power Bank|899,3
ORD-20261004-1729,04/10/2026 17:26,Yash,  Pawar ,"chennai, tamil nadu",Fashion|Cotton Kurta|799,1
ORD-20261004-3950,04/10/2026 19:35,aadhya,Kulkarni,"Mumbai, Maharashtra",Electronics|Power Bank|899,1
ORD-20261004-4148,04/10/2026 09:37,Myra,Modi,"Pune, Maharashtra",Electronics|Power Bank|899,3
ORD-20261004-4595,04/10/2026 13:19,ANJALI,dubey,"Ahmedabad, Gujarat",Fashion|Leather Wallet|499,2
ORD-20261004-3403,04/10/2026 18:23,  Nisha ,sinha,"  Surat, Gujarat ",Electronics|Power Bank|899,5
ORD-20261004-1543,04-10-2026 19:44,arjun,Pillai,"  Chennai, Tamil Nadu ",Electronics|Smart Watch|2499,1
,04-10-2026 17:05,Pooja,  Sinha ,"Pune, Maharashtra",Fashion|Denim Jeans|1199,1
ORD-20261004-3797,2026-10-04 07:04:03,Vihaan,Rathod,"Mumbai, Maharashtra",Sports|Football|799,3
ORD-20261004-3157,04/10/2026 23:49,Roshni,Kulkarni,"Pune, Maharashtra",Fashion|Running Shoes|2199,4
ORD-20261004-4667,04/10/2026 21:39,Parth,AGARWAL,"Vadodara, Gujarat",Fashion|Cotton Kurta|799,3
ORD-20261004-3884,04/10/2026 12:11,amit,Sharma,"Hyderabad, Telangana",Beauty|Hair Serum|549,
ORD-20261004-2451,2026-10-04 08:07:43,Sneha,Chauhan,"  Pune, Maharashtra ",Beauty|Face Wash|249,1
ORD-20261004-0909,2026-10-04 21:22:27,Nisha,chaudhary,"bengaluru, karnataka",Sports|Dumbbell Set|1899,1
ORD-20261004-3449,2026-10-04 21:02:46,VIVAAN,MODI,"  Chennai, Tamil Nadu ",Sports|Yoga Mat|699,0
ORD-20261004-2135,04/10/2026 16:30,dhruv,Pillai,"Mumbai, Maharashtra",Electronics|Laptop Stand|749,1
ORD-20261004-3070,2026-10-04 08:58:12,Dev,Mehta,"Vadodara, Gujarat",Sports|Yoga Mat|699,
ORD-20261004-0411,04/10/2026 17:16,  Neel ,Kapoor,"Ahmedabad, Gujarat",Fashion|Cotton Kurta|799,5.0
ORD-20261004-1713,04-10-2026 10:27,Diya,Mishra,,Home And Kitchen|Non Stick Pan|1099,1
ORD-20261004-4423,04/10/2062 07:08,myra,Vyas,"Bengaluru, Karnataka",Fashion|Running Shoes|2199,2
ORD-20261004-2637,04/10/2026 21:54,Neel,Trivedi,"Chennai, Tamil Nadu",Home And Kitchen|Wall Clock|649,2
ORD-20261004-1249,04-10-2026 03:01,Deepak,PATEL,"Nagpur, Maharashtra",Fashion|Sunglasses|999,1
ORD-20261004-2061,2026-10-04 09:29:47,Dhwani,Mehta,"bengaluru, karnataka",Sports|Yoga Mat|699,1
ORD-20261004-3804,04-10-2026 14:38,Vikas,chaudhary,"Surat, Gujarat",Fashion|Denim Jeans|1199,6
ORD-20261004-2824,04/10/2026 18:59,TANVI,Bose,"vadodara, gujarat",Home And Kitchen|Steel Water Bottle|399,1
ORD-20261004-0123,04/10/2026 08:32,navya,Bansal,"  Hyderabad, Telangana ",Beauty|Perfume|1299,5
ORD-20261004-2273,,Saanvi,patel,"Bengaluru, Karnataka",Electronics|Bluetooth Speaker|1799,4
ORD-20261004-0618,04/10/2026 21:00,Tanvi,Das,"Surat, Gujarat",Fashion|Running Shoes|2199,2
ORD-20261004-4083,04/10/2026 19:26,DHWANI,Pillai,"AHMEDABAD, GUJARAT",Sports|Football|799,
ORD-20261004-4528,04/10/2026 19:41,Sneha,Khanna,"Vadodara, Gujarat",Electronics|Wireless Earbuds|1299,2
ORD-20261004-3206,04/10/2026 18:25,Payal,patil,"Chennai, Tamil Nadu",Electronics|Wireless Earbuds|1299,4
ORD-20261004-0650,2026-10-04 18:47:19,Isha,  Parmar ,"kolkata, west bengal",Beauty|Perfume|1299,4
ORD-20261004-4783,2026-10-04 19:23:04,Pranav,rathod,"Ahmedabad, Gujarat",Electronics|Wireless Earbuds|1299,1
ORD-20261004-4345,04/10/2026 13:49,Anjali,Patel,"surat, gujarat",Sports|Skipping Rope|199,5
ORD-20261004-1669,04/10/2026 20:39,  Aadhya ,VYAS,"bengaluru, karnataka",Electronics|Bluetooth Speaker|1799,1
ORD-20261004-2629,04/10/2026 22:17,advik,Thakkar,"JAIPUR, RAJASTHAN",Electronics|Wireless Earbuds|1299,1
ORD-20261004-4008,04-10-2026 10:35,  Megha ,Jain,"bengaluru, karnataka",Beauty|Perfume|1299,2
ORD-20261004-2223,04/10/2026 20:44,Rajesh,Chauhan,"ahmedabad, gujarat",Fashion|Sunglasses|999,2
ORD-20261004-4349,2026-10-04 10:57:23,KUNAL,Agarwal,"MUMBAI, MAHARASHTRA",Electronics|Wireless Earbuds|1299,1
ORD-20261004-3405,04/10/2026 19:31,Anjali,Bansal,"Jaipur, Rajasthan",Home And Kitchen|Storage Box|299,1.0
ORD-20261004-2098,04/10/2026 16:10,Dhwani,Khanna,"Kolkata, West Bengal",Fashion|Sunglasses|999,3
ORD-20261004-2154,2026-10-04 15:15:30,Kriti,Sinha,"Pune, Maharashtra",Electronics|Smart Watch|2499,5
ORD-20261004-1966,04/10/2026 14:49,anjali,reddy,"BENGALURU, KARNATAKA",Beauty|Hair Serum|549,1
ORD-20261004-1972,04-10-2026 18:29,Reyansh,Patel,"Mumbai, Maharashtra",Electronics|Wireless Earbuds|1299,2
ORD-20261004-4662,04-10-2026 14:04,Parth,das,"chennai, tamil nadu",Beauty|Perfume|1299,2
ORD-20261004-0151,04/10/2026 21:31,Gaurav,Bhatt,"Kolkata, West Bengal",Electronics|Bluetooth Speaker|1799,1
ORD-20261004-0226,04/10/2026 22:23,Vivaan,rao,"Lucknow, Uttar Pradesh",Fashion|Running Shoes|2199,2
ORD-20261004-1017,2026-10-04 19:52:17,  Deepak ,Malhotra,"Mumbai, Maharashtra",Home And Kitchen|Bedsheet Set|1499,3
ORD-20261004-2924,2026-10-04 21:36:42,,Mishra,"  Delhi, Delhi ",Electronics|Smart Watch|2499,1
ORD-20261004-3391,2026-10-04 20:09:32,Gaurav,Pawar,"mumbai, maharashtra",Fashion|Denim Jeans|1199,1
ORD-20261004-4778,2026-10-04 17:44:27,saanvi,  Gupta ,"Mumbai, Maharashtra",Beauty|Face Wash|249,1
ORD-20261004-4206,2026-10-04 20:32:34,  Karan ,Bansal,"pune, maharashtra",Sports|Dumbbell Set|1899,2
ORD-20261004-2778,04/10/2026 12:14,DIVYA,parmar,"Lucknow, Uttar Pradesh",Fashion|Sunglasses|999,2
ORD-20261004-1881,04/10/2026 22:24,Nisha,Nair,"Bengaluru, Karnataka",Home And Kitchen|Non Stick Pan|1099,1
ORD-20261004-2009,2026-10-04 14:26:10,vivaan,Kumar,"Kolkata, West Bengal",Beauty|Hair Serum|549,1
ORD-20261004-2546,04/10/2026 20:06,Aditya,Shah,"Jaipur, Rajasthan",Home And Kitchen|Wall Clock|649,4
ORD-20261004-3522,04/10/2026 20:47,Arjun,Bose,"DELHI, DELHI",Electronics|Power Bank|899, 2 
ORD-20261004-3028,04/10/2026 10:19,Swati,agarwal,"bengaluru, karnataka",Electronics|Smart Watch|2499,4
ORD-20261004-1868,04/10/2026 13:53,Simran,Thakkar,"kolkata, west bengal",Fashion|Cotton Kurta|799,2
ORD-20261004-0457,04/10/2026 17:44,Sai,Mukherjee,"Kolkata, West Bengal",Home And Kitchen|Wall Clock|649,2
ORD-20261004-3516,04/10/2026 19:39,Arjun,  Bhatt ,"Surat, Gujarat",Home And Kitchen|Bedsheet Set|1499,1
ORD-20261004-2545,04/10/2026 19:34,Khushi,rathod,"Mumbai, Maharashtra",Fashion|Sunglasses|999,3
ORD-20261004-2860,04/10/2026 23:14,krishna,Trivedi,"Bengaluru, Karnataka",Electronics|Smart Watch|2499,2
ORD-20261004-4230,2026-10-04 11:56:38,rudra,joshi,"Hyderabad, Telangana",Home And Kitchen|Wall Clock|649,1
ORD-20261004-0024,04/10/2026 19:34,Neel,pillai,"Delhi, Delhi",Beauty|Hair Serum|549,5
ORD-20261004-3612,04/10/2026 17:07,tushar,Thakkar,"MYSURU, KARNATAKA",Fashion|Running Shoes|2199,1
ORD-20261004-0694,2026-10-04 16:56:55,AARAV,Modi,"Delhi, Delhi",Electronics|Wireless Earbuds|1299,1.0
ORD-20261004-0213,2026-10-04 13:33:13,komal,kumar,"vadodara, gujarat",Beauty|Lipstick|399,2
ORD-20261004-0902,2026-10-04 11:29:22,NISHA,khanna,"Delhi, Delhi",Fashion|Leather Wallet|499,2
ORD-20261004-0033,04-10-2026 20:18,MEGHA,Jain,,Fashion|Leather Wallet|499,2
ORD-20261004-1127,04/10/2026 07:03,Isha,  Kulkarni ,"Jaipur, Rajasthan",Sports|Dumbbell Set|1899,1
ORD-20261004-0598,04-10-2026 18:55,ritu,patel,"delhi, delhi",Fashion|Running Shoes|2199,2
ORD-20261004-3634,04/10/2026 12:59,nisha,parmar,"HYDERABAD, TELANGANA",Electronics|Wireless Earbuds|1299,1
ORD-20261004-3764,N/A,,MALHOTRA,"Surat, Gujarat",Fashion|Leather Wallet|499,1
ORD-20261004-2393,04-10-2026 21:24,Anika,Verma,"Jaipur, Rajasthan",Sports|Dumbbell Set|1899, 2 
ORD-20261004-0665,2026-10-04 21:30:42,Atharv,Chaudhary,"NAGPUR, MAHARASHTRA",Fashion|Sunglasses|999,1
ORD-20261004-1902,2026-10-04 21:14:03,ritu,  Vyas ,"hyderabad, telangana",Fashion|Sunglasses|999,1
ORD-20261004-4118,2026-10-04 10:43:05,rajesh,vyas,"Bengaluru, Karnataka",Beauty|Perfume|1299,1
ORD-20261004-0149,04/10/2026 21:45,neha,Arora,"Mumbai, Maharashtra",Beauty|Perfume|1299,2
ORD-20261004-3508,04-10-2026 01:56,anjali,Mehta,"chennai, tamil nadu",Home And Kitchen|Storage Box|299,1
ORD-20261004-0520,04/10/2026 16:51,Arjun,Chaudhary,"Vadodara, Gujarat",Fashion|Cotton Kurta|799,1
ORD-20261004-3760,04/10/2026 18:33,Roshni,RATHOD,"Surat, Gujarat",Beauty|Perfume|1299,1
ORD-20261004-4798,04/10/2026 12:21,  Shaurya ,Chaudhary,"Ahmedabad, Gujarat",Fashion|Running Shoes|2199,1
ORD-20261004-3048,04/10/2026 16:24,Pranav,  Agarwal ,"surat, gujarat",Fashion|Denim Jeans|1199,1
ORD-20261004-2643,04/10/2026 17:02,  Pooja ,Modi,"HYDERABAD, TELANGANA",Electronics|Smart Watch|2499,4
ORD-20261004-4253,04-10-2026 18:21,  Dhwani ,MISHRA,"Mumbai, Maharashtra",Electronics|Power Bank|899,2
ORD-20261004-1135,04/10/2026 17:01,Rahul,KHANNA,"Bengaluru, Karnataka",Sports|Yoga Mat|699,3
ORD-20261004-0675,04/10/2026 15:44,Neha,Kumar,"Delhi, Delhi",Fashion|Denim Jeans|1199,5
ORD-20261004-0201,04/10/2026 15:13,  Gaurav ,Shah,"Hyderabad, Telangana",Fashion|Cotton Kurta|799,1
ORD-20261004-0541,04/10/2026 17:58,Varun,  Yadav ,"surat, gujarat",Home And Kitchen|Steel Water Bottle|399,3
ORD-20261004-3576,04-10-2026 15:01,Advik,Gupta,"DELHI, DELHI",Fashion|Denim Jeans|1199,2
ORD-20261004-2099,2026-10-04 20:36:06,Anjali,SAXENA,"Chennai, Tamil Nadu",Fashion|Sunglasses|999,1
ORD-20261004-0852,04/10/2026 14:41,Yash,Patel,"Pune, Maharashtra",Fashion|Sunglasses|999,2
ORD-20261004-0789,04/10/2026 11:06,  Deepak ,Bhatt,,Fashion|Running Shoes|2199,3
ORD-20261004-1730,04-10-2026 21:11,Tushar,BANSAL,"Delhi, Delhi",Electronics|Smart Watch|2499,3
ORD-20261004-0790,2026-10-04 15:50:58,Jay,Iyer,"  Delhi, Delhi ",Fashion|Leather Wallet|499, 2 
ORD-20261004-0471,04/10/2026 22:37,vivaan,mishra,"DELHI, DELHI",Electronics|Smart Watch|2499,1
ORD-20261004-2927,2026-10-04 15:10:14,Manish,Patel,"Kolkata, West Bengal",Sports|Football|799,1
ORD-20261004-0817,2026-10-04 18:14:38,  Nisha ,Modi,,Electronics|Bluetooth Speaker|1799,1
ORD-20261004-2956,04-10-2026 18:50,Deepak,Das,"Surat, Gujarat",Home And Kitchen|Storage Box|299,3
ORD-20261004-3853,2026-10-04 18:46:22,Dev,malhotra,"SURAT, GUJARAT",Beauty|Hair Serum|549,2
ORD-20261004-0835,2026-10-04 13:26:15,Tanvi,Chaudhary,"Kolkata, West Bengal",Electronics|Power Bank|899,1
ORD-20261004-3513,04-10-2026 08:17,Harsh,  Arora ,"Kolkata, West Bengal",Electronics|Smart Watch|2499,5
ORD-20261004-4759,04/10/2026 19:27,Rudra,Pawar,"Delhi, Delhi",Sports|Skipping Rope|199,1
ORD-20261004-3863,2026-10-04 08:19:26,ANJALI,Jain,"  Pune, Maharashtra ",Fashion|Leather Wallet|499,4.0
ORD-20261004-4036,04/10/2026 19:48,  Tanvi ,Mukherjee,"Kolkata, West Bengal",Electronics|Smart Watch|2499,2
ORD-20261004-1600,04/10/2026 12:59,Pranav,solanki,"Mumbai, Maharashtra",Sports|Dumbbell Set|1899, 1 
ORD-20261004-4744,2026-10-04 23:44:23,Deepak,Chopra,"KOLKATA, WEST BENGAL",Fashion|Leather Wallet|499,1
ORD-20261004-0554,04-10-2026 18:22,Varun,Bose,"Mumbai, Maharashtra",Electronics|Wireless Earbuds|1299,1
ORD-20261004-2773,04/10/2026 14:00,Bhavna,Sharma,"Mumbai, Maharashtra",Fashion|Leather Wallet|499,1
ORD-20261004-0986,04/10/2026 19:32,Simran,trivedi,"  Ahmedabad, Gujarat ",Beauty|Face Wash|249,3
ORD-20261004-4530,04-10-2026 18:33,vikas,Solanki,"NAGPUR, MAHARASHTRA",Beauty|Face Wash|249,1
ORD-20261004-4527,04/10/2026 15:42,nidhi,rao,"  Coimbatore, Tamil Nadu ",Beauty|Perfume|1299, 2 
ORD-20261004-4246,2026-10-04 16:40:44,Amit,Khanna,"  Delhi, Delhi ",Sports|Cricket Bat|1599,1
ORD-20261004-1852,04/10/2026 11:02,gaurav,Malhotra,"Bengaluru, Karnataka",Beauty|Sunscreen|449,2
ORD-20261004-1526,04/10/2026 22:30,AANYA,Kalavadia,"Pune, Maharashtra",Beauty|Lipstick|399,1
ORD-20261004-3457,04/10/2026 16:06,swati,Patel,"Bengaluru, Karnataka",Sports|Football|799,1
ORD-20261004-0514,2026-10-04 19:32:38,aditya,Reddy,"Kolkata, West Bengal",Sports|Football|799,2
ORD-20261004-0542,04/10/2026 12:39,  Riya ,RAO,"Mumbai, Maharashtra",Home And Kitchen|Steel Water Bottle|399,1
ORD-20261004-0017,04/10/2026 12:35,saanvi,Saxena,"Surat, Gujarat",Sports|Skipping Rope|199,1
ORD-20261004-2368,2026-10-04 11:16:36,manish,Modi,"Mumbai, Maharashtra",Home And Kitchen|Bedsheet Set|1499, 1 
ORD-20261004-0898,04/10/2026 12:31,Kriti,Saxena,"Jaipur, Rajasthan",Beauty|Lipstick|399,1
ORD-20261004-2579,2026-10-04 14:02:49,Bhavna,Kapoor,"nagpur, maharashtra",Fashion|Running Shoes|2199,4
ORD-20261004-2354,04-10-2026 20:46,Ritu,Kulkarni,"MUMBAI, MAHARASHTRA",Beauty|Hair Serum|549,2
ORD-20261004-3904,04-10-2026 19:35,Shreya,Rathod,"Kolkata, West Bengal",Fashion|Running Shoes|2199,3
ORD-20261004-0215,2026-10-04 09:19:26,vivaan,Bose,"Hyderabad, Telangana",Fashion|Denim Jeans|1199,3
ORD-20261004-3130,04/10/2026 18:09,Dev,Parmar,"Surat, Gujarat",Electronics|Power Bank|899,2
ORD-20261004-1019,04/10/2026 11:38,Vihaan,Singh,"Delhi, Delhi",Fashion|Running Shoes|2199,1
ORD-20261004-3983,04/10/2026 09:11,Palak,,,Electronics|Power Bank|899,1
ORD-20261004-3391,2026-10-04 20:09:32,Gaurav,Pawar,"mumbai, maharashtra",Fashion|Denim Jeans|1199,1
ORD-20261004-4824,2026-10-04 08:53:32,Arjun,Bhatt,"Jaipur, Rajasthan",Home And Kitchen|Bedsheet Set|1499,1
ORD-20261004-3027,04/10/2026 21:01,  Sara ,pandya,"Coimbatore, Tamil Nadu",Beauty|Lipstick|399,2
ORD-20261004-1911,04/10/2026 16:07,MIHIR,saxena,"coimbatore, tamil nadu",Electronics|Power Bank|899,1
ORD-20261004-0944,04/10/2026 12:44,Nisha,  Khanna ,"delhi, delhi",Beauty|Lipstick|399,1
ORD-20261004-2435,04/10/2026 22:23,  Advik ,,"Surat, Gujarat",Home And Kitchen|Storage Box|299,1
ORD-20261004-3101,04/10/2026 11:31,Megha,Verma,"Coimbatore, Tamil Nadu",Beauty|Lipstick|399,1
ORD-20261004-4011,2026-10-04 10:37:44,  Mansi ,  Thakkar ,"Chennai, Tamil Nadu",Fashion|Cotton Kurta|799,2
ORD-20261004-1774,2026-10-04 21:35:47,simran,AGARWAL,"HYDERABAD, TELANGANA",Sports|Cricket Bat|1599, 2 
ORD-20261004-1095,04/10/2026 13:41,Suresh,malhotra,"LUCKNOW, UTTAR PRADESH",Sports|Football|799,2
ORD-20261004-4727,04/10/2026 17:44,aadhya,  Chaudhary ,"Surat, Gujarat",Sports|Cricket Bat|1599,1
ORD-20261004-0927,04-10-2026 22:12,Ayaan,Arora,"Bengaluru, Karnataka",Electronics|Wireless Earbuds|1299,2
ORD-20261004-3284,2026-10-04 22:15:55,Aadhya,modi,"hyderabad, telangana",Electronics|Wireless Earbuds|1299,3
ORD-20261004-4468,04/10/2026 20:07,Mansi,Sharma,"Lucknow, Uttar Pradesh",Electronics|Laptop Stand|749,1
ORD-20261004-2831,04/10/2026 21:08,Yash,malhotra,"Jaipur, Rajasthan",Fashion|Denim Jeans|1199,2
ORD-20261004-0255,04/10/2026 17:01,Aanya,  Menon ,"Pune, Maharashtra",Fashion|Leather Wallet|499,1
ORD-20261004-4286,2026-10-04 22:32:13,Aadhya,Chaudhary,"ahmedabad, gujarat",Fashion|Leather Wallet|499,1
ORD-20261004-1782,04/10/2026 17:26,vivaan,desai,"  Chennai, Tamil Nadu ",Fashion|Cotton Kurta|799,1
ORD-20261004-0916,2026-10-04 07:16:24,anika,  Sinha ,,Fashion|Sunglasses|999,2
ORD-20261004-4829,2026-10-04 13:35:19,Khushi,Kapoor,"Vadodara, Gujarat",Beauty|Face Wash|249,3
ORD-20261004-2264,2026-10-04 11:53:59,anjali,Rathod,"Coimbatore, Tamil Nadu",Fashion|Leather Wallet|499,3
ORD-20261004-0605,N/A,Vikas,Patil,"Mumbai, Maharashtra",Sports|Yoga Mat|699,1
ORD-20261004-2603,2026-10-04 11:31:31,Priya,  Trivedi ,"Bengaluru, Karnataka",Electronics|Bluetooth Speaker|1799,1
ORD-20261004-2293,2026-10-04 16:09:45,sneha,Verma,"Kolkata, West Bengal",Home And Kitchen|Storage Box|299,4
ORD-20261004-2376,2026-10-04 07:50:08,NIKHIL,Gupta,"Pune, Maharashtra",Fashion|Running Shoes|2199,2
ORD-20261004-0754,2026-10-04 23:47:48,rajesh,Dubey,"ahmedabad, gujarat",Beauty|Lipstick|399,3
ORD-20261004-1732,04/10/2062 20:04,Nisha,Sinha,"Hyderabad, Telangana",Fashion|Cotton Kurta|799,2
ORD-20261004-4770,04-10-2026 17:55,Shreya,gupta,,Sports|Yoga Mat|699,1
ORD-20261004-1832,04/10/2026 20:10,Ananya,Kalavadia,"Mumbai, Maharashtra",Electronics|Power Bank|899,1
ORD-20261004-4076,2026-10-04 22:59:45,AYAAN,Rao,"Bengaluru, Karnataka",Fashion|Sunglasses|999,2
ORD-20261004-0048,04/10/2026 20:09,sneha,Menon,"Bengaluru, Karnataka",Fashion|Leather Wallet|499,4
ORD-20261004-2576,04-10-2026 09:34,tushar,modi,"coimbatore, tamil nadu",Home And Kitchen|Bedsheet Set|1499,2
ORD-20261004-0785,04/10/2026 23:56,Simran,gupta,"  Surat, Gujarat ",Home And Kitchen|Wall Clock|649,1
ORD-20261004-0536,04/10/2026 00:51,Pranav,  Parmar ,"PUNE, MAHARASHTRA",Beauty|Lipstick|399,2
ORD-20261004-4517,04/10/2026 12:52,Nidhi,Arora,"Hyderabad, Telangana",Fashion|Cotton Kurta|799,1
ORD-20261004-4061,04/10/2026 17:50,ANANYA,Saxena,"CHENNAI, TAMIL NADU",Sports|Yoga Mat|699,2
ORD-20261004-0798,04-10-2026 19:50,Hetal,Chopra,"  Ahmedabad, Gujarat ",Sports|Yoga Mat|699,1
ORD-20261004-3478,2026-10-04 15:33:26,Gaurav,vyas,"Delhi, Delhi",Electronics|Smart Watch|2499,2
ORD-20261004-1861,04/10/2026 08:14,Parth,Chopra,"BENGALURU, KARNATAKA",Fashion|Leather Wallet|499,1
ORD-20261004-0196,2026-10-04 16:12:06,Simran,  Patel ,"Ahmedabad, Gujarat",Beauty|Lipstick|399,1
ORD-20261004-1847,04/10/2026 22:28,Shaurya,Nair,"Pune, Maharashtra",Fashion|Denim Jeans|1199,1
ORD-20261004-2725,04/10/2026 13:17,Rohan,Shah,"  Lucknow, Uttar Pradesh ",Beauty|Lipstick|399,2
ORD-20261004-0756,2026-10-04 17:13:59,Kunal,Saxena,"nagpur, maharashtra",Fashion|Denim Jeans|1199,4
ORD-20261004-1191,2026-10-04 10:37:44,,Chopra,"Jaipur, Rajasthan",Electronics|Power Bank|899,1
ORD-20261004-0023,04/10/2026 18:54,Harsh,mehta,"Mumbai, Maharashtra",Home And Kitchen|Wall Clock|649,2
ORD-20261004-0838,2026-10-04 18:34:48,atharv,Vyas,"Nagpur, Maharashtra",Electronics|Power Bank|899,1
ORD-20261004-4389,04/10/2026 22:23,Neha,Arora,"Mumbai, Maharashtra",Electronics|Wireless Earbuds|1299,1
ORD-20261004-2490,04/10/2025 21:41,Saanvi,Chaudhary,"bengaluru, karnataka",Electronics|Power Bank|899,1
ORD-20261004-3881,04/10/2026 22:55,  Atharv ,Shah,"Vadodara, Gujarat",Sports|Cricket Bat|1599,1
ORD-20261004-1890,04/10/2026 17:47,Shaurya,Parmar,"Kolkata, West Bengal",Beauty|Sunscreen|449,1
ORD-20261004-0573,2026-10-04 18:12:01,Sara,Thakkar,"  Mumbai, Maharashtra ",Sports|Dumbbell Set|1899,2
ORD-20261004-0910,2026-10-04 15:54:27,Vivaan,Rathod,"jaipur, rajasthan",Beauty|Sunscreen|449,1
ORD-20261004-1512,04/10/2026 08:46,anjali,Pillai,"Delhi, Delhi",Fashion|Cotton Kurta|799,2
ORD-20261004-1317,2026-10-04 22:42:26,krishna,chauhan,"coimbatore, tamil nadu",Electronics|Bluetooth Speaker|1799,1
ORD-20261004-0612,04-10-2026 10:36,rohan,Gupta,"Pune, Maharashtra",Home And Kitchen|Bedsheet Set|1499, 6 
ORD-20261004-3577,04-10-2026 17:34,DHWANI,Chauhan,"jaipur, rajasthan",Fashion|Sunglasses|999,1
ORD-20261004-4787,04/10/2026 20:28,DHRUV,Trivedi,"Jaipur, Rajasthan",Fashion|Running Shoes|2199,1
ORD-20261004-2093,04/10/2026 21:56,vikas,THAKKAR,"Ahmedabad, Gujarat",Home And Kitchen|Storage Box|299,1
ORD-20261004-0766,2026-10-04 21:13:40,  Arjun ,Thakkar,"Jaipur, Rajasthan",Home And Kitchen|Storage Box|299,1
ORD-20261004-2260,2026-10-04 22:47:08,om,patil,"Bengaluru, Karnataka",Fashion|Sunglasses|999, 2 
ORD-20261004-1137,04/10/2026 10:18,payal,Solanki,"Bengaluru, Karnataka",Beauty|Face Wash|249,2
ORD-20261004-0937,,Jay,  Tiwari ,"pune, maharashtra",Electronics|Power Bank|899,2
ORD-20261004-0560,04-10-2026 13:18,Rajesh,Bansal,"Pune, Maharashtra",Home And Kitchen|Wall Clock|649,1
ORD-20261004-2219,04-10-2026 01:56,Shaurya,mukherjee,"Ahmedabad, Gujarat",Beauty|Face Wash|249,3
ORD-20261004-4682,04/10/2026 20:58,Aarav,dubey,"Hyderabad, Telangana",Electronics|Wireless Earbuds|1299,2
ORD-20261004-2507,04/10/2026 19:24,Priya,  Sinha ,"  Nagpur, Maharashtra ",Home And Kitchen|Storage Box|299,6
ORD-20261004-4638,04/10/2026 19:31,Aryan,  Singh ,"Ahmedabad, Gujarat",Electronics|Bluetooth Speaker|1799,1
ORD-20261004-3613,04/10/2026 18:54,Simran,Chopra,"Lucknow, Uttar Pradesh",Electronics|Laptop Stand|749,2
ORD-20261004-4813,04/10/2026 11:36,sara,bose,"Chennai, Tamil Nadu",Home And Kitchen|Bedsheet Set|1499,1
ORD-20261004-1047,2026-10-04 19:43:55,Shaurya,Joshi,"jaipur, rajasthan",Home And Kitchen|Steel Water Bottle|399,2
ORD-20261004-0353,04/10/2026 13:56,Rahul,Patil,"MUMBAI, MAHARASHTRA",Sports|Cricket Bat|1599,1
ORD-20261004-0441,04-10-2026 16:15,Om,Gupta,"Pune, Maharashtra",Sports|Dumbbell Set|1899,2
ORD-20261004-1494,2026-10-04 09:22:35,manish,PATEL,"mumbai, maharashtra",Home And Kitchen|Steel Water Bottle|399,2
ORD-20261004-3831,04/10/2026 16:35,,,"Mumbai, Maharashtra",Electronics|Bluetooth Speaker|1799,2
ORD-20261004-1024,04/10/2026 17:41,Divya,Tiwari,"Bengaluru, Karnataka",Home And Kitchen|Steel Water Bottle|399,1
ORD-20261004-1172,04-10-2026 09:36,  Suresh ,  Joshi ,"Chennai, Tamil Nadu",Beauty|Sunscreen|449,1
ORD-20261004-0205,04/10/2026 22:41,  Kunal ,Rao,"Delhi, Delhi",Home And Kitchen|Bedsheet Set|1499,1
ORD-20261004-4085,04/10/2026 20:10,Harsh,,"bengaluru, karnataka",Sports|Yoga Mat|699,1
ORD-20261004-3143,2026-10-04 12:49:19,Tushar,,"Ahmedabad, Gujarat",Fashion|Sunglasses|999,1
ORD-20261004-3915,04/10/2026 15:46,Karan,yadav,"delhi, delhi",Fashion|Denim Jeans|1199,
ORD-20261004-2764,04/10/2026 23:14,  Hetal ,Mehta,"Hyderabad, Telangana",Electronics|Wireless Earbuds|1299,3
ORD-20261004-2981,04/10/2026 21:45,  Suresh ,Kumar,"Ahmedabad, Gujarat",Fashion|Running Shoes|2199,1
ORD-20261004-0813,2026-10-04 20:38:46,Manish,Das,"Mumbai, Maharashtra",Fashion|Sunglasses|999,2
ORD-20261004-3153,04/10/2026 20:03,Vihaan,Rathod,"mumbai, maharashtra",Sports|Dumbbell Set|1899,1
ORD-20261004-4153,04/10/2026 19:35,Shreya,joshi,"  Surat, Gujarat ",Sports|Cricket Bat|1599,1
ORD-20261004-4576,04/10/2026 07:44,Janvi,Sinha,"Surat, Gujarat",Home And Kitchen|Storage Box|299,3
ORD-20261004-0716,2026-10-04 09:51:56,Pooja,GHOSH,"Surat, Gujarat",Fashion|Running Shoes|2199,1
ORD-20261004-0454,04-10-2026 10:55,anika,patel,"  Surat, Gujarat ",Fashion|Cotton Kurta|799,1
ORD-20261004-0478,2026-10-04 20:47:35,Mansi,ghosh,"Surat, Gujarat",Electronics|Smart Watch|2499,1
ORD-20261004-4378,04/10/2026 05:17,Isha,thakkar,"MUMBAI, MAHARASHTRA",Fashion|Running Shoes|2199,2
ORD-20261004-4659,2026-10-04 15:27:46,Mihir,MALHOTRA,"Chennai, Tamil Nadu",Fashion|Running Shoes|2199,3
ORD-20261004-0829,2026-10-04 23:39:20,YASH,Malhotra,"Chennai, Tamil Nadu",Sports|Football|799,1
ORD-20261004-2434,04/10/2026 13:36,Saanvi,trivedi,"Surat, Gujarat",Electronics|Laptop Stand|749,1
ORD-20261004-3733,04/10/2026 22:40,MIHIR,MODI,"ahmedabad, gujarat",Electronics|Wireless Earbuds|1299,3
ORD-20261004-0744,04/10/2026 12:43,Jay,Das,"Surat, Gujarat",,2
ORD-20261004-2535,04/10/2026 14:30,Rahul,MUKHERJEE,"Chennai, Tamil Nadu",Fashion|Denim Jeans|1199,6
ORD-20261004-0052,04/10/2026 11:31,Ayaan,solanki,"MUMBAI, MAHARASHTRA",Sports|Dumbbell Set|1899,1
ORD-20261004-3598,04/10/2026 22:47,Advik,Kulkarni,"Chennai, Tamil Nadu",Fashion|Denim Jeans|1199,2
ORD-20261004-0279,04/10/2026 22:57,ADITYA,verma,"Mumbai, Maharashtra",Home And Kitchen|Steel Water Bottle|399,1
ORD-20261004-2739,04/10/2026 16:57,Varun,Dubey,"Pune, Maharashtra",Fashion|Sunglasses|999,1
ORD-20261004-4561,2026-10-04 19:27:23,YASH,Menon,"Mumbai, Maharashtra",Electronics|Laptop Stand|749,2
ORD-20261004-4574,04/10/2026 07:07,Saanvi,trivedi,"hyderabad, telangana",Home And Kitchen|Steel Water Bottle|399,1
ORD-20261004-2723,04/10/2026 17:53,Kunal,Pawar,"Mumbai, Maharashtra",Home And Kitchen|Wall Clock|649,1
ORD-20261004-2931,2026-10-04 19:22:40,Navya,pandya,"mumbai, maharashtra",Fashion|Leather Wallet|499,1
ORD-20261004-0628,2026-10-04 19:31:47,  Atharv ,Joshi,"Ahmedabad, Gujarat",Electronics|Wireless Earbuds|1299,1.0
,04-10-2026 15:15,,  Kalavadia ,"Bengaluru, Karnataka",Sports|Cricket Bat|1599,1
ORD-20261004-0963,04/10/2026 12:20,Dhruv,  Saxena ,"Pune, Maharashtra",Sports|Football|799,5
ORD-20261004-3774,04/10/2026 21:00,sneha,Shah,"  Bengaluru, Karnataka ",Home And Kitchen|Storage Box|299,0
ORD-20261004-4745,04/10/2026 22:03,rahul,Vyas,"  Mumbai, Maharashtra ",Fashion|Denim Jeans|1199,1
ORD-20261004-3064,04-10-2026 21:56,Myra,Singh,"Lucknow, Uttar Pradesh",Electronics|Power Bank|899,1
ORD-20261004-3749,04-10-2026 20:22,Parth,Kumar,"Mumbai, Maharashtra",Home And Kitchen|Non Stick Pan|1099,1
ORD-20261004-0734,2026-10-04 22:29:37,vivaan,Modi,"Hyderabad, Telangana",Electronics|Laptop Stand|749,2
ORD-20261004-2974,04/10/2026 19:23,Harsh,AGARWAL,"Mysuru, Karnataka",Fashion|Sunglasses|999,1
ORD-20261004-4422,04/10/2026 08:04,Reyansh,Verma,"Mysuru, Karnataka",Beauty|Face Wash|249,1
ORD-20261004-2992,2026-10-04 16:16:18,Shaurya,patil,"Mysuru, Karnataka",Home And Kitchen|Wall Clock|649,1
ORD-20261004-0606,2026-10-04 09:54:54,Simran,modi,N/A,Home And Kitchen|Bedsheet Set|1499,4
ORD-20261004-1294,04/10/2026 14:49,Neel,Sinha,"Ahmedabad, Gujarat",Electronics|Bluetooth Speaker|1799,2
ORD-20261004-2226,04/10/2026 13:54,nisha,Agarwal,"Delhi, Delhi",Electronics|Power Bank|899,2
ORD-20261004-0994,04/10/2026 22:15,Krishna,Shah,"Nagpur, Maharashtra",Fashion|Running Shoes|2199,1
ORD-20261004-2258,2026-10-04 16:22:59,parth,  Das ,"CHENNAI, TAMIL NADU",Electronics|Bluetooth Speaker|1799,1
ORD-20261004-0500,04-10-2026 20:24,Shaurya,Joshi,"BENGALURU, KARNATAKA",Fashion|Leather Wallet|499,4
ORD-20261004-2382,2026-10-04 23:06:54,Harsh,kapoor,"Bengaluru, Karnataka",Sports|Dumbbell Set|1899,4
ORD-20261004-4241,04/10/2026 20:56,Amit,nair,"hyderabad, telangana",Fashion|Leather Wallet|499,2
ORD-20261004-4389,04/10/2026 22:23,Neha,Arora,"Mumbai, Maharashtra",Electronics|Wireless Earbuds|1299,1
ORD-20261004-1460,2026-10-04 15:05:51,Ishaan,Reddy,"DELHI, DELHI",Fashion|Running Shoes|2199,2
ORD-20261004-2979,04-10-2026 21:46,Pooja,Pawar,"Jaipur, Rajasthan",Fashion|Running Shoes|2199,-1
ORD-20261004-2331,2026-10-04 11:46:22,Navya,  Malhotra ,"Jaipur, Rajasthan",Beauty|Face Wash|249,3
ORD-20261004-2394,2026-10-04 12:47:49,gaurav,Jain,"COIMBATORE, TAMIL NADU",Home And Kitchen|Storage Box|299,1
ORD-20261004-1545,04/10/2026 19:42,karan,Patel,"  Delhi, Delhi ",Fashion|Sunglasses|999,1
ORD-20261004-2182,2026-10-04 15:33:12,shreya,Trivedi,"LUCKNOW, UTTAR PRADESH",Electronics|Bluetooth Speaker|1799,2
ORD-20261004-3047,04/10/2026 19:53,  Kabir ,,"delhi, delhi",Home And Kitchen|Storage Box|299,1
ORD-20261004-1166,04/10/2026 22:33,Varun,  Tiwari ,"mysuru, karnataka",Home And Kitchen|Wall Clock|649,1
ORD-20261004-4610,04/10/2026 21:55,Vivaan,Joshi,"Jaipur, Rajasthan",Fashion|Running Shoes|2199,2
ORD-20261004-1834,04/10/2026 21:22,SIMRAN,Joshi,"Mumbai, Maharashtra",Beauty|Hair Serum|549,6
ORD-20261004-1034,04-10-2026 05:50,Roshni,  Chauhan ,"Delhi, Delhi",Electronics|Smart Watch|2499, 1 
ORD-20261004-1051,04/10/2026 20:51,sneha,Pawar,"NAGPUR, MAHARASHTRA",Home And Kitchen|Steel Water Bottle|399,1
ORD-20261004-1155,04/10/2026 23:12,  Vivaan ,Pawar,"Mysuru, Karnataka",Sports|Dumbbell Set|1899,6
ORD-20261004-3664,2026-10-04 17:15:15,Priya,chaudhary,"  Delhi, Delhi ",Beauty|Face Wash|249,1
ORD-20261004-4404,2026-10-04 21:48:13,Kunal,  Vyas ,"Mumbai, Maharashtra",Fashion|Cotton Kurta|799,3
ORD-20261004-1167,2026-10-04 22:45:45,Ishaan,Malhotra,"VADODARA, GUJARAT",Beauty|Sunscreen|449,5
ORD-20261004-1646,2026-10-04 14:11:06,Hetal,Nair,"JAIPUR, RAJASTHAN",Home And Kitchen|Steel Water Bottle|399,-2
ORD-20261004-1773,04/10/2026 16:24,Myra,Saxena,N/A,Beauty|Lipstick|399,3
ORD-20261004-2340,04/10/2026 11:26,arjun,Patel,"Pune, Maharashtra",Electronics|Wireless Earbuds|1299,2.0
ORD-20261004-0321,2026-10-04 22:16:58,  Palak ,  Menon ,"KOLKATA, WEST BENGAL",Electronics|Wireless Earbuds|1299,1
ORD-20261004-1141,04-10-2026 13:59,Komal,Bose,"Surat, Gujarat",Electronics|Bluetooth Speaker|1799,1
ORD-20261004-1203,N/A,ananya,Tiwari,"Bengaluru, Karnataka",Home And Kitchen|Steel Water Bottle|399, 2 
ORD-20261004-4538,2026-10-04 20:51:13,NAVYA,Sinha,"  Surat, Gujarat ",Fashion|Sunglasses|999,1
ORD-20261004-2656,2026-10-04 21:36:40,Neha,Modi,"Ahmedabad, Gujarat",Beauty|Perfume|1299,1
ORD-20261004-1684,04-10-2026 12:28,  Riya ,  Rao ,"Mumbai, Maharashtra",Electronics|Laptop Stand|749,1
ORD-20261004-1871,04/10/2026 15:54,megha,KHANNA,"Hyderabad, Telangana",Fashion|Sunglasses|999,1
ORD-20261004-2290,04-10-2026 15:58,Ishaan,arora,"Delhi, Delhi",Home And Kitchen|Non Stick Pan|1099,1
ORD-20261004-0864,2026-10-04 15:27:07,Aditi,Thakkar,"Mumbai, Maharashtra",Fashion|Leather Wallet|499,6
ORD-20261004-2110,04-10-2026 17:13,Simran,trivedi,N/A,Electronics|Laptop Stand|749,2
ORD-20261004-2274,2026-10-04 19:32:56,Aryan,joshi,"Lucknow, Uttar Pradesh",Fashion|Cotton Kurta|799,1
ORD-20261004-3960,04/10/2026 14:48,Anika,SINHA,"Nagpur, Maharashtra",Home And Kitchen|Bedsheet Set|1499,2
ORD-20261004-0747,2026-10-04 11:18:31,Aryan,Pillai,"Mumbai, Maharashtra",Beauty|Perfume|1299,1
ORD-20261004-4373,04/10/2026 22:45,rudra,  Singh ,"chennai, tamil nadu",Electronics|Laptop Stand|749,1
ORD-20261004-0629,04/10/2026 22:12,Palak,Das,"PUNE, MAHARASHTRA",Electronics|Wireless Earbuds|1299,1
ORD-20261004-1753,2026-10-04 11:26:36,Om,mishra,"AHMEDABAD, GUJARAT",Electronics|Laptop Stand|749,6
ORD-20261004-3422,04/10/2026 11:13,ritu,Mehta,"Kolkata, West Bengal",Home And Kitchen|Non Stick Pan|1099,1.0
ORD-20261004-2461,2026-10-04 09:00:17,Simran,solanki,"AHMEDABAD, GUJARAT",Beauty|Hair Serum|549,1
ORD-20261004-1070,2026-10-04 02:02:38,Yash,PATIL,"hyderabad, telangana",Electronics|Bluetooth Speaker|1799, 2 
ORD-20261004-2237,04/10/2026 15:10,sara,Kumar,"Kolkata, West Bengal",Electronics|Laptop Stand|749,3
ORD-20261004-1173,2026-10-04 21:50:40,Swati,  Joshi ,"Kolkata, West Bengal",Fashion|Leather Wallet|499,4
ORD-20261004-0307,04/10/2026 12:05,nisha,Khanna,"Delhi, Delhi",Home And Kitchen|Non Stick Pan|1099,2
ORD-20261004-0172,04/10/2026 22:32,Gaurav,iyer,"Mumbai, Maharashtra",Fashion|Leather Wallet|499,1
ORD-20261004-3988,2026-10-04 23:33:27,Dhruv,DUBEY,"nagpur, maharashtra",Sports|Skipping Rope|199,2
ORD-20261004-3712,2026-10-04 22:02:44,Krupa,Kulkarni,"delhi, delhi",Fashion|Denim Jeans|1199,1
ORD-20261004-0579,04/10/2026 14:32,Krupa,Jain,"Coimbatore, Tamil Nadu",Electronics|Smart Watch|2499,1.0
ORD-20261004-2138,2026-10-04 13:38:12,  Tanvi ,Bansal,"Vadodara, Gujarat",Home And Kitchen|Wall Clock|649,1
ORD-20261004-1570,04-10-2026 10:03,Isha,Mukherjee,"Mumbai, Maharashtra",Fashion|Sunglasses|999,1
ORD-20261004-4070,04/10/2026 20:16,Krupa,Chauhan,"  Bengaluru, Karnataka ",Electronics|Laptop Stand|749,5
ORD-20261004-1550,04/10/2026 19:05,om,Tiwari,"Pune, Maharashtra",Sports|Football|799,1
ORD-20261004-3349,2026-10-04 10:47:56,nidhi,Iyer,"Kolkata, West Bengal",Beauty|Perfume|1299,2
ORD-20261004-1116,04/10/2026 19:02,Saanvi,DUBEY,"Pune, Maharashtra",Fashion|Cotton Kurta|799,4
ORD-20261004-3642,04-10-2026 19:13,Isha,Sharma,"Jaipur, Rajasthan",Fashion|Sunglasses|999,1
ORD-20261004-4484,04/10/2026 20:36,rohan,Nair,"Mumbai, Maharashtra",Fashion|Sunglasses|999,1
ORD-20261004-4159,2026-10-04 09:43:45,rahul,Desai,"Chennai, Tamil Nadu",Home And Kitchen|Steel Water Bottle|399,1
ORD-20261004-3729,04-10-2026 13:49,Kriti,Modi,"Mumbai, Maharashtra",Beauty|Hair Serum|549,5
ORD-20261004-0586,2026-10-04 20:29:00,Tanvi,Pillai,"  Hyderabad, Telangana ",Fashion|Sunglasses|999,1
ORD-20261004-2170,04/10/2026 09:02,kriti,Patil,"mysuru, karnataka",Electronics|Smart Watch|2499,2
ORD-20261004-3632,04/10/2026 20:27,Nidhi,Das,"  Hyderabad, Telangana ",Fashion|Denim Jeans|1199,1
ORD-20261004-1611,04/10/2026 12:08,Payal,Rathod,"  Mumbai, Maharashtra ",Home And Kitchen|Non Stick Pan|1099,1
ORD-20261004-0395,04/10/2026 17:36,Simran,Tiwari,"Jaipur, Rajasthan",Home And Kitchen|Bedsheet Set|1499,3
ORD-20261004-2156,2026-10-04 20:13:45,Dhruv,Verma,"Delhi, Delhi",Fashion|Leather Wallet|499,4
ORD-20261004-4791,2026-10-04 11:14:40,jay,JAIN,"BENGALURU, KARNATAKA",Beauty|Lipstick|399,1
ORD-20261004-1516,04-10-2026 12:16,pooja,ghosh,"SURAT, GUJARAT",Beauty|Lipstick|399,4
ORD-20261004-3538,04/10/2026 17:39,Atharv,Parmar,"Mumbai, Maharashtra",Sports|Dumbbell Set|1899,1
ORD-20261004-1419,04/10/2026 15:32,yash,Pillai,"Ahmedabad, Gujarat",Electronics|Laptop Stand|749,2
ORD-20261004-2006,04/10/2026 11:09,Advik,kulkarni,"Chennai, Tamil Nadu",Electronics|Bluetooth Speaker|1799,1
ORD-20261004-3775,2026-10-04 20:07:15,Pari,Chopra,"surat, gujarat",Fashion|Sunglasses|999,1
ORD-20261004-3102,2026-10-04 09:20:37,bhavna,DUBEY,"Hyderabad, Telangana",Home And Kitchen|Storage Box|299,2
ORD-20261004-2861,04/10/2026 20:23,Shreya,singh,"Delhi, Delhi",Home And Kitchen|Wall Clock|649,4
ORD-20261004-4850,04-10-2026 02:33,Pari,Agarwal,"hyderabad, telangana",Home And Kitchen|Non Stick Pan|1099,1
ORD-20261004-1859,04/10/2026 21:31,Reyansh,,"Mumbai, Maharashtra",Sports|Cricket Bat|1599,1
ORD-20261004-1367,04/10/2026 16:01,JANVI,chauhan,"MYSURU, KARNATAKA",Fashion|Cotton Kurta|799,2
ORD-20261004-3875,2026-10-04 16:54:37,Anika,Kulkarni,"COIMBATORE, TAMIL NADU",Electronics|Power Bank|899,1
ORD-20261004-1156,04/10/2026 14:08,Harsh,patil,"Mumbai, Maharashtra",Fashion|Leather Wallet|499,1
ORD-20261004-3235,04/10/2026 11:16,gaurav,Shah,"  Chennai, Tamil Nadu ",Sports|Dumbbell Set|1899,1
ORD-20261004-4176,04-10-2026 20:51,GAURAV,  Vyas ,"Delhi, Delhi",Beauty|Hair Serum|549, 1 
ORD-20261004-0546,N/A,Megha,reddy,"Delhi, Delhi",Fashion|Sunglasses|999,1
ORD-20261004-2893,2026-10-04 21:50:20,DEV,Thakkar,"pune, maharashtra",Electronics|Wireless Earbuds|1299, 3 
ORD-20261004-2262,2026-10-04 21:33:54,Myra,rao,"delhi, delhi",Beauty|Sunscreen|449,1
ORD-20261004-2605,04/10/2026 13:21,kabir,Singh,"Kolkata, West Bengal",Electronics|Power Bank|899,1
ORD-20261004-1038,04/10/2026 22:17,Anika,Yadav,"DELHI, DELHI",Fashion|Cotton Kurta|799,
ORD-20261004-4302,2026-10-04 08:44:32,Anjali,  Mishra ,"hyderabad, telangana",Beauty|Hair Serum|549,2
ORD-20261004-2109,04/10/2026 19:59,anjali,Pandya,"delhi, delhi",Electronics|Bluetooth Speaker|1799,1
ORD-20261004-4475,04-10-2026 08:25,Neha,Mishra,"Kolkata, West Bengal",Home And Kitchen|Steel Water Bottle|399,1
ORD-20261004-1557,2026-10-04 13:37:17,Gaurav,rao,"delhi, delhi",Fashion|Sunglasses|999,2
ORD-20261004-3283,04/10/2026 05:19,  Reyansh ,chaudhary,,Electronics|Smart Watch|2499, 1 
ORD-20261004-3845,04/10/2026 17:07,Ayaan,Mukherjee,"surat, gujarat",Home And Kitchen|Storage Box|299,6
ORD-20261004-3241,2026-10-04 12:14:07,Simran,Desai,"Hyderabad, Telangana",Home And Kitchen|Bedsheet Set|1499,1
ORD-20261004-2688,04/10/2026 19:22,Nisha,  Kapoor ,"  Bengaluru, Karnataka ",Beauty|Sunscreen|449, 1 
ORD-20261004-4006,2026-10-04 23:33:58,Suresh,Solanki,"Vadodara, Gujarat",Electronics|Bluetooth Speaker|1799,2
ORD-20261004-2255,2026-10-04 07:54:56,anjali,Reddy,"Bengaluru, Karnataka",Home And Kitchen|Wall Clock|649,2
ORD-20261004-3607,2026-10-04 12:20:05,  Kriti ,Verma,"Bengaluru, Karnataka",Fashion|Running Shoes|2199,1
ORD-20261004-0603,04/10/2026 01:25,  Aarav ,Trivedi,"Surat, Gujarat",Beauty|Perfume|1299,3
ORD-20261004-2593,04-10-2026 17:29,  Aditya ,Mishra,"DELHI, DELHI",Electronics|Bluetooth Speaker|1799,1
ORD-20261004-0491,2026-10-04 18:03:31,SARA,Desai,"Nagpur, Maharashtra",Sports|Cricket Bat|1599,2
ORD-20261004-4700,2026-10-04 10:44:30,  Nisha ,khanna,"Delhi, Delhi",Beauty|Sunscreen|449,3
,04/10/2026 21:29,Anjali,Patel,"Delhi, Delhi",Beauty|Sunscreen|449,1
ORD-20261004-2655,04/10/2026 13:13,Nisha,Chaudhary,"delhi, delhi",Electronics|Wireless Earbuds|1299,2
ORD-20261004-0193,04/10/2026 20:40,Varun,kalavadia,"Kolkata, West Bengal",Fashion|Running Shoes|2199,1
ORD-20261004-3394,04/10/2026 19:26,PRIYA,Menon,"chennai, tamil nadu",Fashion|Denim Jeans|1199,1.0
ORD-20261004-4137,04/10/2026 22:59,  Ananya ,Dubey,"SURAT, GUJARAT",Beauty|Perfume|1299,5
ORD-20261004-3693,04/10/2026 19:46,Tushar,Arora,"Kolkata, West Bengal",Home And Kitchen|Storage Box|299,3
ORD-20261004-2070,2026-10-04 11:47:06,navya,Patil,"coimbatore, tamil nadu",Beauty|Hair Serum|549,6.0
ORD-20261004-0209,04/10/2026 03:17,GAURAV,Vyas,"DELHI, DELHI",Fashion|Denim Jeans|1199,2
ORD-20261004-1423,04-10-2026 06:11,Krishna,Bose,"Surat, Gujarat",Home And Kitchen|Storage Box|299,3
ORD-20261004-2718,04-10-2026 14:48,roshni,Singh,"ahmedabad, gujarat",Beauty|Hair Serum|549,
ORD-20261004-4822,04/10/2026 10:10,  Dhwani ,Pandya,"Coimbatore, Tamil Nadu",Electronics|Laptop Stand|749,1.0
ORD-20261004-3030,04/10/2026 13:25,sara,REDDY,"pune, maharashtra",Electronics|Power Bank|899,3
ORD-20261004-1209,04/10/2026 11:43,Kavya,Menon,"Chennai, Tamil Nadu",Electronics|Power Bank|899,1
ORD-20261004-2635,04/10/2026 22:32,Krishna,Srivastava,"PUNE, MAHARASHTRA",Beauty|Perfume|1299,3
ORD-20261004-3887,04-10-2026 19:00,RAHUL,Dubey,"Jaipur, Rajasthan",Electronics|Power Bank|899,2
ORD-20261004-2148,04/10/2026 17:43,Ananya,Malhotra,"pune, maharashtra",Beauty|Hair Serum|549,1
ORD-20261004-0262,04/10/2026 06:09,Payal,kumar,"Mumbai, Maharashtra",Home And Kitchen|Wall Clock|649,2
ORD-20261004-4386,2026-10-04 18:37:27,ADVIK,Kumar,"bengaluru, karnataka",Electronics|Laptop Stand|749,4
ORD-20261004-0125,2026-10-04 18:29:59,Tanvi,patil,"hyderabad, telangana",Beauty|Face Wash|249,2
ORD-20261004-3609,04-10-2026 17:33,reyansh,iyer,"bengaluru, karnataka",Fashion|Leather Wallet|499,2
ORD-20261004-1246,04/10/2026 14:22,diya,Joshi,"Mumbai, Maharashtra",Electronics|Wireless Earbuds|1299,2
ORD-20261004-4426,04-10-2026 21:47,Anika,Vyas,"Coimbatore, Tamil Nadu",Fashion|Leather Wallet|499,2
ORD-20261004-3371,2026-10-04 13:22:48,  Saanvi ,CHAUDHARY,"Ahmedabad, Gujarat",Sports|Skipping Rope|199,1
ORD-20261004-2114,2026-10-04 23:16:43,Rajesh,Das,"Ahmedabad, Gujarat",Fashion|Denim Jeans|1199,2
ORD-20261004-1495,04/10/2026 15:14,swati,  Shah ,"jaipur, rajasthan",Home And Kitchen|Non Stick Pan|1099,2
ORD-20261004-4096,2026-10-04 15:28:52,Rahul,Mishra,"Ahmedabad, Gujarat",Home And Kitchen|Bedsheet Set|1499,1
ORD-20261004-0978,04/10/2026 21:57,Mansi,bose,"Kolkata, West Bengal",Sports|Yoga Mat|699,4
ORD-20261004-4054,2026-10-04 19:24:55,  Sai ,Kapoor,"Mumbai, Maharashtra",Home And Kitchen|Wall Clock|649,1.0
ORD-20261004-4413,04/10/2026 20:41,hetal,Nair,"MUMBAI, MAHARASHTRA",Beauty|Lipstick|399,1
ORD-20261004-3239,04/10/2026 21:00,palak,CHAUDHARY,"Mumbai, Maharashtra",Beauty|Lipstick|399,4
ORD-20261004-4245,04/10/2026 20:45,Yash,Rao,"Bengaluru, Karnataka",Beauty|Hair Serum|549,2
ORD-20261004-3404,04/10/2026 20:06,null,THAKKAR,"Coimbatore, Tamil Nadu",Home And Kitchen|Wall Clock|649,2
ORD-20261004-0061,04/10/2026 18:47,Aanya,Bhatt,"HYDERABAD, TELANGANA",Electronics|Wireless Earbuds|1299,1
ORD-20261004-0018,04-10-2026 10:53,Diya,yadav,"  Chennai, Tamil Nadu ",Fashion|Running Shoes|2199,3
ORD-20261004-3090,04/10/2026 20:46,null,Sharma,"nagpur, maharashtra",Electronics|Power Bank|899,2
ORD-20261004-1189,04/10/2026 18:25,mansi,ghosh,,Electronics|Bluetooth Speaker|1799,1
ORD-20261004-4637,2026-10-04 15:58:18,  Yash ,nair,"Mumbai, Maharashtra",Fashion|Denim Jeans|1199,2
ORD-20261004-3056,2026-10-04 11:46:50,  Myra ,Vyas,"bengaluru, karnataka",Home And Kitchen|Bedsheet Set|1499,1
ORD-20261004-1124,04/10/2026 13:59,kavya,bansal,"Delhi, Delhi",Sports|Cricket Bat|1599,
ORD-20261004-1891,04/10/2026 19:31,payal,Srivastava,"PUNE, MAHARASHTRA",Fashion|Sunglasses|999,1
ORD-20261004-4635,04/10/2026 09:43,  Shaurya ,Bhatt,"chennai, tamil nadu",Sports|Yoga Mat|699,
ORD-20261004-3913,2026-10-04 21:24:40,Aryan,Reddy,"Kolkata, West Bengal",Sports|Skipping Rope|199,2
ORD-20261004-2107,04/10/2026 13:00,om,Trivedi,"SURAT, GUJARAT",Beauty|Hair Serum|549,1
ORD-20261004-4084,04/10/2026 13:43,Aarav,Kapoor,"Bengaluru, Karnataka",Home And Kitchen|Bedsheet Set|1499,1
ORD-20261004-1856,2026-10-04 19:41:26,KOMAL,Reddy,"Pune, Maharashtra",Sports|Dumbbell Set|1899,1.0
ORD-20261004-2822,2026-10-04 06:48:01,pooja,Chaudhary,"  Delhi, Delhi ",Beauty|Lipstick|399,2
ORD-20261004-3763,04/10/2026 16:11,  Ayaan ,VERMA,"Hyderabad, Telangana",Fashion|Sunglasses|999,3
ORD-20261004-3017,04-10-2026 00:01,Megha,verma,"Coimbatore, Tamil Nadu",Sports|Skipping Rope|199,4
ORD-20261004-2675,04/10/2026 14:08,sneha,modi,"Kolkata, West Bengal",Fashion|Cotton Kurta|799,1
ORD-20261004-4040,04/10/2026 12:15,Dev,Patil,"Jaipur, Rajasthan",Electronics|Bluetooth Speaker|1799,1
ORD-20261004-3824,04/10/2026 14:48,SAANVI,  Yadav ,"HYDERABAD, TELANGANA",Fashion|Cotton Kurta|799,1
ORD-20261004-3819,04/10/2026 21:49,  Dhwani ,mukherjee,"Mysuru, Karnataka",Beauty|Face Wash|249,four
ORD-20261004-3323,04/10/2026 21:03,  Vihaan ,Rathod,"Mumbai, Maharashtra",Sports|Football|799,1
ORD-20261004-1417,04/10/2026 19:05,,Jain,"DELHI, DELHI",Electronics|Power Bank|899,2
ORD-20261004-1057,04/10/2026 10:40,Tanvi,Verma,"  Coimbatore, Tamil Nadu ",Fashion|Running Shoes|2199, 1 
ORD-20261004-4597,04/10/2026 14:24,Manish,Verma,"Chennai, Tamil Nadu",Fashion|Denim Jeans|1199,3
ORD-20261004-3087,04-10-2026 10:08,Simran,bansal,"Kolkata, West Bengal",Beauty|Lipstick|399,1
ORD-20261004-1273,04/10/2026 13:47,Isha,Kumar,"Pune, Maharashtra",Beauty|Face Wash|249,2
ORD-20261004-3177,04-10-2026 01:01,Shaurya,pawar,"hyderabad, telangana",Fashion|Leather Wallet|499,2
ORD-20261004-3320,2026-10-04 17:48:41,aditya,pillai,"coimbatore, tamil nadu",Sports|Football|799,2
ORD-20261004-1406,2026-10-04 09:51:43,Reyansh,Rathod,"Kolkata, West Bengal",Sports|Cricket Bat|1599,1
ORD-20261004-1968,04/10/2026 18:59,Sai,Joshi,"  Mumbai, Maharashtra ",Sports|Dumbbell Set|1899,3
ORD-20261004-2028,04/10/2026 16:05,Pranav,Rathod,"Ahmedabad, Gujarat",Electronics|Wireless Earbuds|1299,1
ORD-20261004-0315,04/10/2026 11:28,Vihaan,Thakkar,"Mumbai, Maharashtra",Sports|Cricket Bat|1599,3
ORD-20261004-2297,2026-10-04 12:08:49,parth,Mukherjee,"Nagpur, Maharashtra",Beauty|Perfume|1299,3
ORD-20261004-3780,04/10/2026 16:16,Tanvi,Patil,"Hyderabad, Telangana",Electronics|Bluetooth Speaker|1799,6
ORD-20261004-4412,04/10/2026 01:05,Aditya,Kalavadia,"Ahmedabad, Gujarat",Electronics|Power Bank|899,2
ORD-20261004-0638,2026-10-04 18:17:31,vivaan,  Saxena ,"Mumbai, Maharashtra",Sports|Dumbbell Set|1899,3
ORD-20261004-4042,2026-10-04 20:55:46,Ayaan,Joshi,"kolkata, west bengal",Fashion|Running Shoes|2199,1
ORD-20261004-4247,04/10/2026 13:09,ISHAAN,Solanki,"mysuru, karnataka",Fashion|Cotton Kurta|799,3
ORD-20261004-1476,04-10-2026 23:29,  Shreya ,trivedi,"Jaipur, Rajasthan",Sports|Football|799,2
ORD-20261004-3328,04/10/2026 15:57,  Komal ,THAKKAR,"Coimbatore, Tamil Nadu",Beauty|Face Wash|249,1
ORD-20261004-3290,04/10/2026 11:32,Vivaan,  Menon ,"Delhi, Delhi",Fashion|Leather Wallet|499,
ORD-20261004-0490,04-10-2026 20:16,Ritu,kalavadia,"Bengaluru, Karnataka",Fashion|Running Shoes|2199,1
ORD-20261004-0253,04/10/2026 12:57,Dhruv,patel,"  Bengaluru, Karnataka ",Sports|Football|799,2
ORD-20261004-3100,04/10/2026 17:27,Parth,  Mehta ,"  Vadodara, Gujarat ",Fashion|Sunglasses|999,1.0
ORD-20261004-3287,2026-10-04 15:48:31,anjali,Das,"  Ahmedabad, Gujarat ",Beauty|Face Wash|249,2
ORD-20261004-1520,2026-10-04 11:15:44,riya,Rao,"Mumbai, Maharashtra",Beauty|Sunscreen|449,1
ORD-20261004-0389,2026-10-04 13:05:20,Aryan,KALAVADIA,"Pune, Maharashtra",Electronics|Power Bank|899,3
ORD-20261004-4749,,Pranav,khanna,"Bengaluru, Karnataka",Fashion|Cotton Kurta|799,1
ORD-20261004-4511,04/10/2026 15:23,Advik,,"Hyderabad, Telangana",Fashion|Leather Wallet|499,3
ORD-20261004-1009,04/10/2026 20:28,  Krishna ,CHAUHAN,"Chennai, Tamil Nadu",Home And Kitchen|Non Stick Pan|1099,1.0
ORD-20261004-2011,2026-10-04 07:56:59,navya,Modi,"Mumbai, Maharashtra",Beauty|Hair Serum|549,2
ORD-20261004-0643,2026-10-04 21:48:02,,Chopra,"Delhi, Delhi",Fashion|Sunglasses|999,2
ORD-20261004-3929,04-10-2026 12:28,Dev,Vyas,"vadodara, gujarat",Electronics|Smart Watch|2499, 6 
ORD-20261004-0284,04/10/2026 20:01,Manish,Verma,"Bengaluru, Karnataka",Fashion|Denim Jeans|1199,1
ORD-20261004-1132,2026-10-04 11:21:03,sai,bansal,"Ahmedabad, Gujarat",Fashion|Leather Wallet|499,2
ORD-20261004-0098,04/10/2026 06:56,Janvi,TRIVEDI,"  Pune, Maharashtra ",Fashion|Sunglasses|999,1
ORD-20261004-1568,2026-10-04 18:52:38,ARJUN,Sharma,"  Chennai, Tamil Nadu ",Sports|Dumbbell Set|1899,1.0
ORD-20261004-1911,04/10/2026 16:07,MIHIR,saxena,"coimbatore, tamil nadu",Electronics|Power Bank|899,1
ORD-20261004-0335,2026-10-04 15:01:39,Saanvi,Trivedi,"Coimbatore, Tamil Nadu",Sports|Football|799,1
ORD-20261004-0272,04-10-2026 12:50,Ishaan,Agarwal,"  Delhi, Delhi ",Fashion|Sunglasses|999,0
ORD-20261004-1716,04/10/2026 12:09,Gaurav,iyer,"mumbai, maharashtra",Electronics|Smart Watch|2499,2
ORD-20261004-3025,2026-10-04 20:25:53,shreya,Malhotra,"  Lucknow, Uttar Pradesh ",Fashion|Denim Jeans|1199, 2 
ORD-20261004-2897,04/10/2026 22:55,Manish,  Tiwari ,"Mumbai, Maharashtra",Fashion|Running Shoes|2199,1
ORD-20261004-4797,2026-10-04 16:26:56,Divya,patil,"  Mumbai, Maharashtra ",Beauty|Perfume|1299,2
ORD-20261004-3361,2026-10-04 11:08:52,aditi,Chauhan,"bengaluru, karnataka",Home And Kitchen|Steel Water Bottle|399,2
ORD-20261004-4751,04/10/2026 20:42,Dhwani,Patil,"Vadodara, Gujarat",Sports|Skipping Rope|199,3
ORD-20261004-0611,2026-10-04 11:22:35,vihaan,Mehta,"kolkata, west bengal",Fashion|Running Shoes|2199,4
ORD-20261004-2360,04-10-2026 19:08,Harsh,KAPOOR,"Pune, Maharashtra",Fashion|Cotton Kurta|799,3
ORD-20261004-1077,04/10/2026 18:18,Komal,  Singh ,"Delhi, Delhi",Electronics|Laptop Stand|749,1
ORD-20261004-2842,04-10-2026 17:55,AARAV,Modi,"Pune, Maharashtra",Sports|Yoga Mat|699,1
ORD-20261004-3968,04-10-2026 06:34,Vikas,Arora,"surat, gujarat",Fashion|Denim Jeans|1199,1
ORD-20261004-2385,2026-10-04 14:51:54,myra,Nair,"Ahmedabad, Gujarat",Beauty|Sunscreen|449,2
ORD-20261004-3526,2026-10-04 09:47:32,Vihaan,Dubey,"Hyderabad, Telangana",Electronics|Smart Watch|2499,2
ORD-20261004-1499,04/10/2026 22:11,Ishaan,Mishra,"Hyderabad, Telangana",Sports|Skipping Rope|199,2
ORD-20261004-3687,04/10/2026 13:45,Roshni,IYER,"bengaluru, karnataka",Beauty|Hair Serum|549, 1 
ORD-20261004-0070,2026-10-04 12:07:34,Anjali,Dubey,"Ahmedabad, Gujarat",Fashion|Sunglasses|999,1
ORD-20261004-3659,04-10-2026 11:51,tushar,verma,"Jaipur, Rajasthan",Electronics|Laptop Stand|749,3
ORD-20261004-1853,04/10/2026 17:05,PALAK,Dubey,"Mumbai, Maharashtra",Electronics|Laptop Stand|749,5
ORD-20261004-0991,04/10/2026 21:19,Ishaan,DESAI,"Chennai, Tamil Nadu",Fashion|Cotton Kurta|799,5
ORD-20261004-3971,04/10/2026 12:47,Sneha,Malhotra,"Ahmedabad, Gujarat",Home And Kitchen|Wall Clock|649,1
ORD-20261004-0522,04-10-2026 11:34,Dhwani,Mukherjee,"Mysuru, Karnataka",Sports|Skipping Rope|199,1
ORD-20261004-0691,04/10/2026 19:16,Karan,Pillai,"mumbai, maharashtra",Sports|Skipping Rope|199,1
ORD-20261004-0437,04/10/2026 22:39,Megha,Dubey,"MUMBAI, MAHARASHTRA",Electronics|Bluetooth Speaker|1799,3
ORD-20261004-3723,04-10-2026 18:56,DIVYA,Bhatt,"AHMEDABAD, GUJARAT",Electronics|Laptop Stand|749,3
ORD-20261004-3595,2026-10-04 23:17:36,VIKAS,Yadav,"Nagpur, Maharashtra",Electronics|Laptop Stand|749,2
ORD-20261004-1817,2026-10-04 14:23:28,palak,Chopra,"  Hyderabad, Telangana ",Beauty|Lipstick|399,2
ORD-20261004-4806,2026-10-04 15:02:33,Roshni,Singh,"Ahmedabad, Gujarat",Fashion|Running Shoes|2199,1
ORD-20261004-2926,04/10/2026 17:00,Parth,SINHA,"Coimbatore, Tamil Nadu",Electronics|Laptop Stand|749,1.0
ORD-20261004-0730,2026-10-04 09:58:30,Saanvi,bose,"chennai, tamil nadu",Sports|Yoga Mat|699,4
ORD-20261004-2193,04/10/2026 08:12,MYRA,Verma,"Ahmedabad, Gujarat",Electronics|Laptop Stand|749,1
ORD-20261004-0769,04/10/2026 12:24,Sneha,rao,"Delhi, Delhi",Sports|Skipping Rope|199,2
ORD-20261004-3900,04/10/2025 11:49,  Vikas ,patil,"VADODARA, GUJARAT",Fashion|Running Shoes|2199,2
ORD-20261004-3074,04/10/2026 20:33,ADITYA,Pawar,"Coimbatore, Tamil Nadu",Beauty|Face Wash|249,1.0
ORD-20261004-4143,04/10/2026 09:26,Kriti,menon,,Beauty|Hair Serum|549,1
ORD-20261004-4173,04-10-2026 11:12,pranav,Pandya,,Fashion|Running Shoes|2199,1
ORD-20261004-2190,04/10/2026 18:13,Diya,Thakkar,"Surat, Gujarat",Electronics|Bluetooth Speaker|1799,3
ORD-20261004-0617,2026-10-04 19:26:05,SARA,  Kulkarni ,"Vadodara, Gujarat",Home And Kitchen|Bedsheet Set|1499, 2 
ORD-20261004-3483,04/10/2026 15:24,Sara,pandya,"Coimbatore, Tamil Nadu",Sports|Yoga Mat|699,1
ORD-20261004-2356,04/10/2026 21:13,Dev,Kapoor,"Ahmedabad, Gujarat",Fashion|Leather Wallet|499,3
ORD-20261004-0241,04/10/2026 21:26,Arjun,JAIN,"Nagpur, Maharashtra",Electronics|Bluetooth Speaker|1799,3
ORD-20261004-0721,04/10/2026 20:44,Vivaan,sinha,"Ahmedabad, Gujarat",Beauty|Face Wash|249,1
ORD-20261004-4415,04/10/2026 13:27,Navya,Das,"lucknow, uttar pradesh",Fashion|Leather Wallet|499,
ORD-20261004-0993,04/10/2026 18:28,kriti,Arora,"CHENNAI, TAMIL NADU",Electronics|Power Bank|899,2.0
ORD-20261004-3213,04/10/2026 11:33,Priya,Srivastava,"chennai, tamil nadu",Fashion|Sunglasses|999,2
ORD-20261004-4441,2026-10-04 10:19:01,reyansh,  Joshi ,"Bengaluru, Karnataka",Fashion|Running Shoes|2199,1
ORD-20261004-1879,2026-10-04 12:32:28,Kavya,Mishra,"  Bengaluru, Karnataka ",Fashion|Sunglasses|999,2
ORD-20261004-2498,04/10/2026 13:49,Megha,DAS,"  Pune, Maharashtra ",Electronics|Wireless Earbuds|1299,1
ORD-20261004-4154,2026-10-04 19:39:04,  Kavya ,Kumar,"Mumbai, Maharashtra",Sports|Cricket Bat|1599, 1 
ORD-20261004-3974,2026-10-04 15:29:42,Hetal,Bhatt,"nagpur, maharashtra",Fashion|Sunglasses|999,1
ORD-20261004-4596,2026-10-04 14:47:54,Mansi,Joshi,"Mysuru, Karnataka",Fashion|Running Shoes|2199,2
ORD-20261004-3075,04/10/2026 13:00,Sara,Gupta,"Mumbai, Maharashtra",Fashion|Cotton Kurta|799,4
ORD-20261004-1230,04/10/2026 13:40,krupa,Rathod,"Jaipur, Rajasthan",Fashion|Denim Jeans|1199,2
ORD-20261004-1201,04/10/2026 10:26,DIVYA,Shah,"Mumbai, Maharashtra",Electronics|Laptop Stand|749,2
ORD-20261004-4377,04/10/2026 20:04,dhwani,Dubey,"  Hyderabad, Telangana ",Sports|Yoga Mat|699,2.0
ORD-20261004-1296,2026-10-04 16:23:53,Anika,reddy,"Delhi, Delhi",Home And Kitchen|Steel Water Bottle|399,4
ORD-20261004-0230,04/10/2026 09:21,Harsh,  Chaudhary ,"Mumbai, Maharashtra",Electronics|Laptop Stand|749,4
ORD-20261004-2933,04/10/2026 15:51,Advik,Pawar,"Ahmedabad, Gujarat",Beauty|Perfume|1299,3
ORD-20261004-3523,2026-10-04 13:21:49,saanvi,  Kapoor ,"Jaipur, Rajasthan",Fashion|Cotton Kurta|799,1
ORD-20261004-0127,04/10/2026 20:46,Krishna,Mukherjee,"Lucknow, Uttar Pradesh",Fashion|Sunglasses|999,1
ORD-20261004-1540,04/10/2026 06:31,ARJUN,  Thakkar ,"pune, maharashtra",Beauty|Sunscreen|449,2
ORD-20261004-2819,04/10/2026 21:35,Payal,KALAVADIA,"Pune, Maharashtra",Fashion|Denim Jeans|1199,3
,2026-10-04 09:24:04,Shaurya,Ghosh,"Delhi, Delhi",Beauty|Sunscreen|449,2
ORD-20261004-3885,2026-10-04 14:57:49,SURESH,Bose,"Mumbai, Maharashtra",Sports|Football|799,1.0
ORD-20261004-1425,04/10/2026 13:43,Parth,Jain,"Nagpur, Maharashtra",Electronics|Power Bank|899,1
ORD-20261004-3000,04/10/2026 20:03,Krupa,Srivastava,"Bengaluru, Karnataka",Fashion|Sunglasses|999,2
ORD-20261004-0303,04/10/2026 13:32,Jay,Pawar,"Chennai, Tamil Nadu",Home And Kitchen|Wall Clock|649, 2 
ORD-20261004-2094,04-10-2026 13:21,  Ayaan ,Thakkar,"Mumbai, Maharashtra",Fashion|Denim Jeans|1199,3
ORD-20261004-2621,N/A,  Kriti ,Menon,"VADODARA, GUJARAT",Sports|Yoga Mat|699,1
ORD-20261004-2547,04-10-2026 17:00,Tushar,Bhatt,"Mumbai, Maharashtra",Electronics|Wireless Earbuds|1299,2
ORD-20261004-1975,2026-10-04 18:33:21,null,Kalavadia,"Ahmedabad, Gujarat",Electronics|Laptop Stand|749,3
ORD-20261004-3562,2026-10-04 22:38:53,DHRUV,Arora,"Hyderabad, Telangana",Fashion|Leather Wallet|499,1
ORD-20261004-3666,2026-10-04 20:51:57,payal,verma,"  Lucknow, Uttar Pradesh ",Home And Kitchen|Bedsheet Set|1499,1
ORD-20261004-4013,04/10/2026 21:36,swati,Singh,"CHENNAI, TAMIL NADU",Fashion|Leather Wallet|499,1
ORD-20261004-1955,04/10/2026 22:33,hetal,kalavadia,"Mumbai, Maharashtra",Fashion|Cotton Kurta|799,2
ORD-20261004-0391,04/10/2026 16:17,Reyansh,Parmar,"  Coimbatore, Tamil Nadu ",Beauty|Lipstick|399,1
ORD-20261004-2456,04/10/2026 09:48,arjun,joshi,"Mysuru, Karnataka",Electronics|Power Bank|899,2
ORD-20261004-3767,2026-10-04 18:43:12,Varun,parmar,"Mysuru, Karnataka",Fashion|Cotton Kurta|799,1
ORD-20261004-1988,04/10/2026 20:31,Pari,joshi,"Pune, Maharashtra",Home And Kitchen|Bedsheet Set|1499,2
ORD-20261004-0482,2026-10-04 21:13:53,Parth,PAWAR,"  Bengaluru, Karnataka ",,1
ORD-20261004-4026,04/10/2026 20:48,Diya,Patil,"jaipur, rajasthan",Home And Kitchen|Steel Water Bottle|399,2
ORD-20261004-1701,04/10/2026 21:07,Rajesh,  Kalavadia ,"pune, maharashtra",Fashion|Sunglasses|999,3
ORD-20261004-1848,04-10-2026 13:52,tanvi,  Kumar ,"Ahmedabad, Gujarat",Beauty|Lipstick|399,1
ORD-20261004-4123,04/10/2026 13:31,ATHARV,  Saxena ,"Mumbai, Maharashtra",Beauty|Sunscreen|449,1
ORD-20261004-0660,04/10/2026 21:36,Deepak,Tiwari,"Bengaluru, Karnataka",Electronics|Power Bank|899,3
ORD-20261004-1567,04/10/2026 06:37,Shaurya,Arora,"Delhi, Delhi",Fashion|Cotton Kurta|799,1
ORD-20261004-0903,04/10/2026 20:08,Aarav,JOSHI,"Chennai, Tamil Nadu",Sports|Yoga Mat|699,1
ORD-20261004-2443,2026-10-04 01:34:01,krupa,Pillai,"Jaipur, Rajasthan",Electronics|Power Bank|899,2
ORD-20261004-3808,2026-10-04 11:35:55,vikas,  Sharma ,"Ahmedabad, Gujarat",Fashion|Running Shoes|2199,2
ORD-20261004-4541,2026-10-04 17:57:09,dhwani,nair,"Mumbai, Maharashtra",Fashion|Running Shoes|2199,1
ORD-20261004-4353,04/10/2026 21:11,Swati,Menon,,Beauty|Hair Serum|549,1
ORD-20261004-2631,2026-10-04 06:12:24,Atharv,thakkar,"Coimbatore, Tamil Nadu",Home And Kitchen|Steel Water Bottle|399,3
ORD-20261004-1035,2026-10-04 12:23:02,Ayaan,  Saxena ,"  Hyderabad, Telangana ",Electronics|Wireless Earbuds|1299,one
ORD-20261004-0107,04/10/2026 22:28,Sneha,JAIN,"Pune, Maharashtra",Home And Kitchen|Wall Clock|649,4
ORD-20261004-2920,04/10/2026 21:15,REYANSH,Pawar,"Mumbai, Maharashtra",Home And Kitchen|Non Stick Pan|1099,1
ORD-20261004-2578,2026-10-04 18:29:49,Priya,sinha,"nagpur, maharashtra",Electronics|Bluetooth Speaker|1799,3
ORD-20261004-2466,2026-10-04 18:34:34,ARYAN,solanki,"Coimbatore, Tamil Nadu",Sports|Yoga Mat|699,3
ORD-20261004-3372,04/10/2026 12:12,Kavya,Saxena,"Pune, Maharashtra",Home And Kitchen|Steel Water Bottle|399,1
ORD-20261004-2000,04/10/2026 20:09,  Sara ,Joshi,"Delhi, Delhi",Home And Kitchen|Bedsheet Set|1499,2
ORD-20261004-2417,2026-10-04 09:57:10,Isha,Kapoor,"  Kolkata, West Bengal ",Beauty|Perfume|1299,1
ORD-20261004-2459,04/10/2026 10:11,Divya,Pawar,"SURAT, GUJARAT",Fashion|Leather Wallet|499,1
ORD-20261004-0165,04/10/2026 13:43,  Amit ,Nair,"Coimbatore, Tamil Nadu",Electronics|Bluetooth Speaker|1799,3
ORD-20261004-1537,04-10-2026 13:47,  Vihaan ,Pawar,"Hyderabad, Telangana",Electronics|Wireless Earbuds|1299,2
ORD-20261004-0423,04/10/2026 06:51,Vihaan,Mukherjee,"Jaipur, Rajasthan",Home And Kitchen|Storage Box|299,1
ORD-20261004-2857,04/10/2026 21:32,  Kabir ,Pillai,"MUMBAI, MAHARASHTRA",Home And Kitchen|Wall Clock|649,4
ORD-20261004-0998,04/10/2026 19:14,  Myra ,iyer,"LUCKNOW, UTTAR PRADESH",Home And Kitchen|Storage Box|299,1
ORD-20261004-1714,04/10/2026 01:35,krishna,Chauhan,"chennai, tamil nadu",Electronics|Bluetooth Speaker|1799,1
ORD-20261004-2891,04-10-2026 18:58,Reyansh,Trivedi,"jaipur, rajasthan",Fashion|Sunglasses|999,1
ORD-20261004-3994,04-10-2026 23:45,simran,Thakkar,"Kolkata, West Bengal",Fashion|Sunglasses|999,3
ORD-20261004-1424,04/10/2026 13:33,Ritu,Vyas,"Hyderabad, Telangana",Fashion|Sunglasses|999,1
ORD-20261004-2178,04-10-2026 11:24,Neel,Pawar,"LUCKNOW, UTTAR PRADESH",Beauty|Lipstick|399,4
ORD-20261004-0163,04/10/2026 17:17,Aadhya,Vyas,"Ahmedabad, Gujarat",Fashion|Cotton Kurta|799,2
ORD-20261004-4598,04/10/2026 14:14,nikhil,vyas,"pune, maharashtra",Sports|Cricket Bat|1599,1
ORD-20261004-2572,2026-10-04 22:36:24,Divya,Patel,"Delhi, Delhi",Home And Kitchen|Storage Box|299,2
ORD-20261004-0310,04/10/2026 16:20,  Hetal ,Jain,"hyderabad, telangana",Beauty|Lipstick|399,6
ORD-20261004-3861,04/10/2026 03:49,Sneha,Sharma,"surat, gujarat",Home And Kitchen|Wall Clock|649,2
ORD-20261004-2782,04/10/2026 11:35,  Suresh ,REDDY,"Mumbai, Maharashtra",Home And Kitchen|Bedsheet Set|1499,2
ORD-20261004-4278,2026-10-04 16:29:27,shreya,Dubey,"Ahmedabad, Gujarat",Sports|Yoga Mat|699,2
ORD-20261004-4354,04/10/2026 13:44,DEEPAK,SINGH,"DELHI, DELHI",Fashion|Sunglasses|999,2
ORD-20261004-4347,04/10/2026 18:46,,ghosh,"Chennai, Tamil Nadu",Home And Kitchen|Storage Box|299,6
ORD-20261004-1238,2026-10-04 02:06:16,Anika,Kulkarni,"hyderabad, telangana",Fashion|Denim Jeans|1199,1
ORD-20261004-4807,04/10/2026 14:34,Om,TIWARI,"Pune, Maharashtra",Electronics|Bluetooth Speaker|1799,1
ORD-20261004-3988,2026-10-04 23:33:27,Dhruv,DUBEY,"nagpur, maharashtra",Sports|Skipping Rope|199,2
ORD-20261004-4843,2026-10-04 21:50:20,komal,Malhotra,"  Pune, Maharashtra ",Beauty|Perfume|1299,3
ORD-20261004-4594,04/10/2026 05:26,Riya,Yadav,"  Ahmedabad, Gujarat ",Sports|Skipping Rope|199,2
ORD-20261004-4400,2026-10-04 05:34:31,Aanya,,"pune, maharashtra",Fashion|Running Shoes|2199,4
ORD-20261004-2797,2026-10-04 22:55:38,Mihir,Yadav,"Ahmedabad, Gujarat",Beauty|Face Wash|249,1
ORD-20261004-1663,04/10/2026 09:10,Rudra,YADAV,"Bengaluru, Karnataka",Electronics|Laptop Stand|749,1
ORD-20261004-3813,04/10/2026 09:26,Dev,  Parmar ,"CHENNAI, TAMIL NADU",Fashion|Leather Wallet|499,1.0
ORD-20261004-3959,2026-10-04 13:07:10,payal,Saxena,"MYSURU, KARNATAKA",Electronics|Power Bank|899,1
ORD-20261004-4066,04/10/2026 18:05,Krishna,chaudhary,"Chennai, Tamil Nadu",Fashion|Denim Jeans|1199,6
ORD-20261004-0770,04/10/2026 11:41,RUDRA,verma,"Ahmedabad, Gujarat",Electronics|Laptop Stand|749,1
ORD-20261004-2157,04/10/2026 14:38,,Chauhan,"  Ahmedabad, Gujarat ",Fashion|Sunglasses|999,3
ORD-20261004-2604,04/10/2026 17:09,SAANVI,malhotra,"  Pune, Maharashtra ",Beauty|Face Wash|249,1
ORD-20261004-2761,2026-10-04 21:43:54,NEHA,VYAS,"Ahmedabad, Gujarat",Electronics|Bluetooth Speaker|1799,1
ORD-20261004-0888,04/10/2026 16:36,Gaurav,  Verma ,"Delhi, Delhi",Sports|Cricket Bat|1599,1
ORD-20261004-4134,2026-10-04 07:19:35,tushar,  Yadav ,"Mumbai, Maharashtra",Fashion|Sunglasses|999,1
ORD-20261004-1429,04/10/2026 22:12,ritu,Solanki,"Jaipur, Rajasthan",Home And Kitchen|Storage Box|299,1
ORD-20261004-0338,04/10/2026 17:53,DIVYA,Desai,"Mysuru, Karnataka",Electronics|Wireless Earbuds|1299,2
ORD-20261004-4000,2026-10-04 21:12:39,Rudra,Yadav,"bengaluru, karnataka",Sports|Yoga Mat|699,2
ORD-20261004-0714,2026-10-04 15:52:05,vihaan,Verma,"mumbai, maharashtra",Fashion|Running Shoes|2199,1
ORD-20261004-2329,04/10/2026 18:02,Vihaan,Arora,"Mysuru, Karnataka",Fashion|Sunglasses|999,4
ORD-20261004-2257,04-10-2026 03:45,Anjali,saxena,"delhi, delhi",Sports|Dumbbell Set|1899,2
ORD-20261004-0392,04-10-2026 03:41,Myra,tiwari,"Kolkata, West Bengal",Electronics|Bluetooth Speaker|1799,1
ORD-20261004-4047,04/10/2026 21:05,Rajesh,PANDYA,"Chennai, Tamil Nadu",Fashion|Leather Wallet|499,3
ORD-20261004-3418,04/10/2026 11:03,Aadhya,kulkarni,"MUMBAI, MAHARASHTRA",Beauty|Sunscreen|449, 1 
ORD-20261004-3072,2026-10-04 21:59:16,Deepak,Malhotra,"Ahmedabad, Gujarat",Fashion|Leather Wallet|499,1
ORD-20261004-2381,2026-10-04 02:46:35,Om,  Reddy ,"bengaluru, karnataka",Fashion|Running Shoes|2199,2
ORD-20261004-1436,04/10/2026 20:35,  Myra ,Trivedi,"Pune, Maharashtra",Electronics|Wireless Earbuds|1299,2
ORD-20261004-1897,04/10/2026 22:00,KOMAL,Chopra,"  Surat, Gujarat ",Fashion|Cotton Kurta|799,1
ORD-20261004-1300,04/10/2026 11:41,Tushar,  Sharma ,"Chennai, Tamil Nadu",Fashion|Running Shoes|2199,1
ORD-20261004-0501,04/10/2026 14:28,Navya,Mehta,"BENGALURU, KARNATAKA",Electronics|Wireless Earbuds|1299,1
ORD-20261004-1058,04/10/2026 07:43,riya,Tiwari,"Hyderabad, Telangana",Beauty|Face Wash|249,1
ORD-20261004-0111,04-10-2026 09:15,Ishaan,CHAUHAN,"Chennai, Tamil Nadu",Sports|Cricket Bat|1599,3.0
ORD-20261004-1098,2026-10-04 01:18:44,Dhwani,patel,"Pune, Maharashtra",Fashion|Cotton Kurta|799,2
ORD-20261004-2811,04-10-2026 14:27,Kabir,Parmar,"HYDERABAD, TELANGANA",Beauty|Sunscreen|449,2
ORD-20261004-3752,04/10/2026 15:03,Simran,jain,"Jaipur, Rajasthan",Fashion|Denim Jeans|1199,2
ORD-20261004-2433,2026-10-04 21:01:31,Nikhil,Bhatt,"Coimbatore, Tamil Nadu",Fashion|Denim Jeans|1199,2
ORD-20261004-2715,04/10/2026 18:21,  Harsh ,Chauhan,"MYSURU, KARNATAKA",Fashion|Sunglasses|999,2
ORD-20261004-1018,04/10/2026 21:56,  Harsh ,Rao,"Hyderabad, Telangana",Fashion|Cotton Kurta|799,1
ORD-20261004-2180,2026-10-04 07:14:58,Shreya,GUPTA,"Hyderabad, Telangana",Beauty|Hair Serum|549,2
ORD-20261004-2968,2026-10-04 13:33:06,,Yadav,"Delhi, Delhi",Fashion|Denim Jeans|1199,2
ORD-20261004-0636,04/10/2026 06:53,Vivaan,desai,"Chennai, Tamil Nadu",Fashion|Cotton Kurta|799,1
ORD-20261004-2626,04-10-2026 18:07,Khushi,Mishra,"AHMEDABAD, GUJARAT",Fashion|Cotton Kurta|799,5
ORD-20261004-0152,04/10/2026 21:10,varun,agarwal,"kolkata, west bengal",Sports|Dumbbell Set|1899,1
ORD-20261004-3187,04/10/2026 14:11,Khushi,,"AHMEDABAD, GUJARAT",Fashion|Sunglasses|999, 1 
ORD-20261004-0414,04/10/2026 23:16,NAVYA,REDDY,"Kolkata, West Bengal",Fashion|Leather Wallet|499,6
ORD-20261004-4604,04/10/2026 12:16,  Aditya ,Agarwal,"  Coimbatore, Tamil Nadu ",Home And Kitchen|Non Stick Pan|1099,1
ORD-20261004-4057,2026-10-04 16:34:46,Sai,Solanki,"ahmedabad, gujarat",Home And Kitchen|Wall Clock|649,1
ORD-20261004-2564,04-10-2026 01:44,Kunal,Shah,"  Ahmedabad, Gujarat ",Beauty|Face Wash|249,1
ORD-20261004-1965,04-10-2026 17:27,KABIR,pandya,"Hyderabad, Telangana",Sports|Yoga Mat|699,5
ORD-20261004-4231,2026-10-04 11:38:13,hetal,Bose,"  Nagpur, Maharashtra ",Electronics|Laptop Stand|749,2
ORD-20261004-0341,04-10-2026 22:30,Priya,Srivastava,"Chennai, Tamil Nadu",Sports|Cricket Bat|1599,2
ORD-20261004-2581,04/10/2026 20:54,Dhwani,  Kulkarni ,"Jaipur, Rajasthan",Sports|Dumbbell Set|1899,5
ORD-20261004-3416,2026-10-04 22:15:15,Mansi,,"vadodara, gujarat",Fashion|Leather Wallet|499,1
ORD-20261004-1528,2026-10-04 19:41:39,sneha,Menon,"Mysuru, Karnataka",Electronics|Laptop Stand|749,1
ORD-20261004-1368,2026-10-04 15:23:32,  Om ,Chaudhary,"JAIPUR, RAJASTHAN",Home And Kitchen|Non Stick Pan|1099,2
ORD-20261004-3873,04/10/2026 14:17,  Sai ,Sinha,"chennai, tamil nadu",Beauty|Hair Serum|549,-4
ORD-20261004-2959,04/10/2026 16:58,  Aditya ,Sharma,"Jaipur, Rajasthan",Sports|Yoga Mat|699,5
ORD-20261004-3430,04/10/2026 17:41,Ishaan,sinha,"Chennai, Tamil Nadu",Sports|Yoga Mat|699,5.0
ORD-20261004-2296,04/10/2026 12:39,ADITYA,Dubey,"Delhi, Delhi",Electronics|Bluetooth Speaker|1799,1
ORD-20261004-1674,04/10/2026 23:09,Karan,sinha,"  Hyderabad, Telangana ",Beauty|Lipstick|399,5
ORD-20261004-2584,04/10/2026 09:36,Karan,Gupta,N/A,Electronics|Bluetooth Speaker|1799,3
ORD-20261004-2738,04/10/2026 22:27,Rajesh,Mukherjee,"Nagpur, Maharashtra",,1
ORD-20261004-4544,04/10/2026 20:54,Tanvi,Patil,"Hyderabad, Telangana",Home And Kitchen|Non Stick Pan|1099,2
ORD-20261004-4618,04/10/2026 21:46,ritu,Vyas,"hyderabad, telangana",Home And Kitchen|Bedsheet Set|1499,1
ORD-20261004-2062,2026-10-04 11:13:21,Ishaan,Ghosh,"surat, gujarat",Fashion|Sunglasses|999,1
ORD-20261004-3911,04/10/2026 11:28,Mihir,Khanna,"chennai, tamil nadu",Electronics|Power Bank|899,1
ORD-20261004-0140,2026-10-04 22:13:58,Neel,Shah,"Surat, Gujarat",Beauty|Hair Serum|549,1
ORD-20261004-4186,04/10/2026 20:41,pranav,Rao,"  Bengaluru, Karnataka ",Home And Kitchen|Storage Box|299,3
ORD-20261004-3245,2026-10-04 15:49:04,  Roshni ,Modi,"Pune, Maharashtra",Home And Kitchen|Wall Clock|649,2
ORD-20261004-1885,2026-10-04 15:29:53,Mansi,Shah,"Kolkata, West Bengal",Fashion|Leather Wallet|499,1
ORD-20261004-2699,04/10/2026 21:30,Deepak,Desai,"Vadodara, Gujarat",Fashion|Cotton Kurta|799,1
ORD-20261004-0396,30/02/2026 12:37,KRITI,PARMAR,"Ahmedabad, Gujarat",Sports|Cricket Bat|1599,1.0
ORD-20261004-3855,2026-10-04 18:27:17,Manish,Menon,"  Hyderabad, Telangana ",Fashion|Denim Jeans|1199,1
ORD-20261004-0355,04-10-2026 01:22,simran,Trivedi,"Chennai, Tamil Nadu",Home And Kitchen|Wall Clock|649,2
ORD-20261004-2515,04-10-2026 20:47,Dev,NAIR,"hyderabad, telangana",Beauty|Hair Serum|549,1
ORD-20261004-3369,04-10-2026 12:55,  Bhavna ,  Chaudhary ,"Hyderabad, Telangana",Electronics|Power Bank|899,2
ORD-20261004-0632,04/10/2026 19:44,komal,Rathod,"Pune, Maharashtra",Home And Kitchen|Storage Box|299,1
ORD-20261004-1937,2026-10-04 14:13:40,bhavna,arora,"Surat, Gujarat",Home And Kitchen|Steel Water Bottle|399,1
ORD-20261004-0101,04/10/2026 19:22,  Dev ,KHANNA,"LUCKNOW, UTTAR PRADESH",Electronics|Laptop Stand|749,1
ORD-20261004-4310,04/10/2026 20:36,Swati,Patil,"BENGALURU, KARNATAKA",Electronics|Smart Watch|2499,1
ORD-20261004-1912,2026-10-04 19:54:16,  Isha ,mukherjee,"mumbai, maharashtra",Home And Kitchen|Wall Clock|649,1
ORD-20261004-0885,04/10/2026 12:33,Rudra,Saxena,"Ahmedabad, Gujarat",Beauty|Sunscreen|449,1
ORD-20261004-1821,04/10/2026 15:35,Swati,Singh,"kolkata, west bengal",Fashion|Denim Jeans|1199,1
ORD-20261004-0374,04/10/2026 14:33,SAANVI,Reddy,"Pune, Maharashtra",Electronics|Laptop Stand|749,4
ORD-20261004-0097,04/10/2026 19:58,Rohan,Kulkarni,"Hyderabad, Telangana",Sports|Football|799,2
ORD-20261004-1163,2026-10-04 15:12:39,jay,kulkarni,"Ahmedabad, Gujarat",Fashion|Leather Wallet|499,4
ORD-20261004-3193,04/10/2026 11:32,Suresh,SINGH,"Delhi, Delhi",Beauty|Perfume|1299,2
ORD-20261004-1867,04/10/2026 01:27,Amit,Shah,"Pune, Maharashtra",Electronics|Wireless Earbuds|1299,1
ORD-20261004-2234,2026-10-04 19:39:38,Krupa,Parmar,"pune, maharashtra",Fashion|Running Shoes|2199, 1 
ORD-20261004-1031,04/10/2026 10:30,Shaurya,Singh,"Chennai, Tamil Nadu",Sports|Football|799,1
ORD-20261004-1262,2026-10-04 09:11:33,Ananya,  Arora ,"Nagpur, Maharashtra",Fashion|Leather Wallet|499,1
ORD-20261004-2349,04/10/2026 06:22,vihaan,MENON,"Hyderabad, Telangana",Sports|Football|799,2
ORD-20261004-3959,2026-10-04 13:07:10,payal,Saxena,"MYSURU, KARNATAKA",Electronics|Power Bank|899,1
ORD-20261004-0380,04/10/2026 12:58,Parth,,"Surat, Gujarat",Beauty|Face Wash|249,4.0
ORD-20261004-2008,04/10/2026 12:27,Neel,  Pandya ,"Bengaluru, Karnataka",Home And Kitchen|Wall Clock|649,2
ORD-20261004-2858,04/10/2026 18:26,Nidhi,Sharma,"Bengaluru, Karnataka",Fashion|Denim Jeans|1199,2
ORD-20261004-3469,04/10/2026 23:18,Divya,,"Surat, Gujarat",Fashion|Cotton Kurta|799,3
ORD-20261004-2586,2026-10-04 10:56:16,Nidhi,KAPOOR,"Bengaluru, Karnataka",Beauty|Hair Serum|549,2
ORD-20261004-4385,04/10/2026 20:33,Krishna,DAS,"  Mysuru, Karnataka ",Electronics|Wireless Earbuds|1299,1
ORD-20261004-1373,2026-10-04 20:20:22,roshni,Kalavadia,"Delhi, Delhi",Home And Kitchen|Wall Clock|649,1
ORD-20261004-1465,2026-10-04 21:22:13,,Pawar,N/A,Fashion|Running Shoes|2199,2
ORD-20261004-3343,2026-10-04 13:10:43,Varun,Pillai,"Bengaluru, Karnataka",Fashion|Sunglasses|999,2
ORD-20261004-2770,04/10/2026 11:56,YASH,Pandya,"jaipur, rajasthan",Fashion|Leather Wallet|499,1
ORD-20261004-0853,2026-10-04 20:20:25,Hetal,Pandya,"Surat, Gujarat",Beauty|Perfume|1299,4
ORD-20261004-2685,2026-10-04 13:30:11,bhavna,  Malhotra ,"Jaipur, Rajasthan",Beauty|Perfume|1299,3
ORD-20261004-1950,2026-10-04 12:52:53,Vivaan,  Kumar ,"VADODARA, GUJARAT",Sports|Yoga Mat|699,4
ORD-20261004-1694,04-10-2026 16:46,Pooja,Shah,"  Kolkata, West Bengal ",Fashion|Denim Jeans|1199,1
ORD-20261004-1011,04-10-2026 12:47,Deepak,sharma,"  Chennai, Tamil Nadu ",Electronics|Power Bank|899,4
ORD-20261004-1311,2026-10-04 12:57:13,Shaurya,Khanna,"Hyderabad, Telangana",Beauty|Perfume|1299,2
ORD-20261004-0679,04/10/2026 13:17,pari,Kulkarni,"JAIPUR, RAJASTHAN",Beauty|Sunscreen|449,
ORD-20261004-3001,04/10/2026 20:47,VIVAAN,  Desai ,"chennai, tamil nadu",Home And Kitchen|Non Stick Pan|1099,0
ORD-20261004-0704,04/10/2026 20:54,Navya,Verma,"bengaluru, karnataka",Beauty|Lipstick|399,1
ORD-20261004-2031,04/10/2026 16:21,Vivaan,agarwal,"Mumbai, Maharashtra",Beauty|Face Wash|249,2
ORD-20261004-1080,2026-10-04 22:20:03,Anjali,dubey,"Delhi, Delhi",Home And Kitchen|Steel Water Bottle|399, 1 
ORD-20261004-1487,04-10-2026 19:02,reyansh,Trivedi,"jaipur, rajasthan",Sports|Dumbbell Set|1899,2
,04/10/2026 10:52,null,CHAUHAN,"pune, maharashtra",Sports|Skipping Rope|199,1
ORD-20261004-2488,04/10/2026 14:23,Jay,Pawar,"Nagpur, Maharashtra",Home And Kitchen|Storage Box|299,3
ORD-20261004-4657,04-10-2026 12:47,Gaurav,iyer,"Mumbai, Maharashtra",Sports|Skipping Rope|199,4
ORD-20261004-4048,2026-10-04 11:50:46,Advik,Shah,"Delhi, Delhi",Beauty|Hair Serum|549,2
ORD-20261004-2118,04/10/2026 11:32,  Varun ,  Yadav ,"Surat, Gujarat",Fashion|Cotton Kurta|799,3
ORD-20261004-0913,04-10-2026 22:42,  Om ,Bansal,"Surat, Gujarat",Electronics|Power Bank|899,1
ORD-20261004-4569,2026-10-04 17:51:29,Nidhi,yadav,"coimbatore, tamil nadu",Fashion|Cotton Kurta|799,3
ORD-20261004-1183,2026-10-04 22:01:31,Mihir,reddy,"Bengaluru, Karnataka",Electronics|Wireless Earbuds|1299,1
ORD-20261004-2294,2026-10-04 15:32:10,Hetal,Kapoor,"Chennai, Tamil Nadu",Fashion|Cotton Kurta|799,1
ORD-20261004-2701,04/10/2026 22:31,Ritu,Shah,"  Chennai, Tamil Nadu ",Fashion|Sunglasses|999,
ORD-20261004-1636,2026-10-04 20:29:30,  Amit ,Rathod,"Delhi, Delhi",Electronics|Power Bank|899,1
ORD-20261004-1751,04-10-2026 13:32,Navya,  Sinha ,"Delhi, Delhi",Fashion|Leather Wallet|499,3
ORD-20261004-0419,04/10/2026 15:25,Kriti,pillai,"Hyderabad, Telangana",Home And Kitchen|Steel Water Bottle|399,2
ORD-20261004-2750,2026-10-04 11:51:49,Rajesh,Tiwari,"Mysuru, Karnataka",Beauty|Perfume|1299,2
ORD-20261004-4276,2026-10-04 06:07:07,VIHAAN,modi,"Lucknow, Uttar Pradesh",Home And Kitchen|Non Stick Pan|1099,1
ORD-20261004-2302,04-10-2026 18:15,Pooja,,"  Jaipur, Rajasthan ",Fashion|Denim Jeans|1199,5
ORD-20261004-2777,04/10/2026 22:03,  Saanvi ,MALHOTRA,"pune, maharashtra",Beauty|Sunscreen|449,1
ORD-20261004-3799,2026-10-04 21:23:29,Saanvi,Iyer,"Delhi, Delhi",Beauty|Sunscreen|449,1
ORD-20261004-2112,04/10/2026 11:07,Roshni,modi,"Pune, Maharashtra",Electronics|Smart Watch|2499,1
ORD-20261004-0259,04/10/2026 19:33,  Navya ,Pandya,"Hyderabad, Telangana",Beauty|Face Wash|249,4
ORD-20261004-2733,04/10/2026 12:19,Tushar,Yadav,"Lucknow, Uttar Pradesh",Electronics|Laptop Stand|749, 2 
ORD-20261004-3839,04-10-2026 23:25,Amit,Rathod,"Coimbatore, Tamil Nadu",Fashion|Running Shoes|2199,1
ORD-20261004-3036,04/10/2026 17:00,Khushi,Kapoor,"Jaipur, Rajasthan",,2
ORD-20261004-0856,04/10/2026 10:39,Priya,Tiwari,"PUNE, MAHARASHTRA",Electronics|Smart Watch|2499,2
ORD-20261004-4306,2026-10-04 14:30:33,Nidhi,Kulkarni,"Surat, Gujarat",Fashion|Denim Jeans|1199,1
ORD-20261004-2040,04/10/2026 18:21,  Dhruv ,PARMAR,"delhi, delhi",Electronics|Smart Watch|2499, 2 
ORD-20261004-4675,2026-10-04 23:22:27,sai,Rathod,"  Jaipur, Rajasthan ",Sports|Dumbbell Set|1899, 1 
ORD-20261004-2816,2026-10-04 06:11:37,Sai,,"  Chennai, Tamil Nadu ",Fashion|Leather Wallet|499,1
ORD-20261004-3069,2026-10-04 23:49:37,aryan,  Pandya ,"Chennai, Tamil Nadu",Fashion|Denim Jeans|1199,2
ORD-20261004-3459,04/10/2026 08:59,khushi,Sharma,"  Bengaluru, Karnataka ",Electronics|Laptop Stand|749,1
ORD-20261004-2105,04/10/2026 16:39,Arjun,Mehta,"Lucknow, Uttar Pradesh",Fashion|Cotton Kurta|799,1
ORD-20261004-3008,2026-10-04 20:29:51,rahul,dubey,"Jaipur, Rajasthan",Beauty|Sunscreen|449,1
ORD-20261004-4259,2026-10-04 22:38:14,Anjali,Saxena,"DELHI, DELHI",Fashion|Leather Wallet|499,2
ORD-20261004-4449,2026-10-04 18:30:20,Advik,Dubey,"jaipur, rajasthan",,1
ORD-20261004-4543,2026-10-04 21:24:57,Aditi,Parmar,"Kolkata, West Bengal",Fashion|Denim Jeans|1199,1
ORD-20261004-4029,2026-10-04 14:46:07,Aryan,Bansal,"Hyderabad, Telangana",Home And Kitchen|Storage Box|299,1
ORD-20261004-4285,04/10/2026 14:49,Pooja,Yadav,"ahmedabad, gujarat",Fashion|Running Shoes|2199,1
ORD-20261004-3635,04-10-2026 19:16,  Ananya ,Jain,"Delhi, Delhi",Sports|Skipping Rope|199,1
ORD-20261004-4746,04-10-2026 19:18,Yash,Sharma,"hyderabad, telangana",Home And Kitchen|Bedsheet Set|1499,1
ORD-20261004-0012,04/10/2026 16:20,shaurya,Bhatt,"Chennai, Tamil Nadu",Home And Kitchen|Bedsheet Set|1499,1
ORD-20261004-4480,2026-10-04 04:32:18,kunal,Singh,"Chennai, Tamil Nadu",Fashion|Running Shoes|2199,1
ORD-20261004-2703,04/10/2026 08:54,Sai,joshi,"Bengaluru, Karnataka",Electronics|Power Bank|899,1
ORD-20261004-3186,04/10/2026 15:30,Divya,DAS,"Surat, Gujarat",Beauty|Hair Serum|549,2.0
ORD-20261004-0936,04/10/2026 18:29,DEEPAK,NAIR,"  Coimbatore, Tamil Nadu ",Beauty|Hair Serum|549,1
ORD-20261004-3795,04/10/2026 11:15,Ayaan,Jain,"Delhi, Delhi",Beauty|Face Wash|249,2
ORD-20261004-4250,2026-10-04 20:01:49,Reyansh,patil,"Mumbai, Maharashtra",Home And Kitchen|Storage Box|299,1
ORD-20261004-0476,04/10/2026 21:38,RIYA,Patel,"MUMBAI, MAHARASHTRA",Beauty|Hair Serum|549,1
ORD-20261004-2442,04/10/2026 18:45,Divya,PILLAI,"  Ahmedabad, Gujarat ",Beauty|Face Wash|249,6
ORD-20261004-2651,04/10/2026 14:43,Mansi,CHAUHAN,"Ahmedabad, Gujarat",Fashion|Denim Jeans|1199,1
ORD-20261004-1517,2026-10-04 10:56:04,Sara,  Kumar ,"kolkata, west bengal",Home And Kitchen|Non Stick Pan|1099,1
ORD-20261004-2362,2026-10-04 01:46:13,Nisha,VERMA,"Surat, Gujarat",Fashion|Cotton Kurta|799,1
ORD-20261004-1889,04/10/2026 16:59,Rajesh,Saxena,"Ahmedabad, Gujarat",Electronics|Power Bank|899,1
ORD-20261004-0779,2026-10-04 16:01:40,Saanvi,Iyer,"Delhi, Delhi",Home And Kitchen|Storage Box|299,1
ORD-20261004-0044,04/10/2026 21:43,Divya,Trivedi,"Bengaluru, Karnataka",Home And Kitchen|Wall Clock|649,1
ORD-20261004-1743,04/10/2026 14:13,Rahul,vyas,"Mumbai, Maharashtra",Fashion|Running Shoes|2199,6
ORD-20261004-4163,04/10/2026 18:30,Payal,nair,"Bengaluru, Karnataka",Beauty|Hair Serum|549,1
ORD-20261004-1973,04/10/2026 20:05,neha,,"vadodara, gujarat",Home And Kitchen|Storage Box|299,1
ORD-20261004-3825,04-10-2026 19:58,  Dhruv ,  Verma ,"Bengaluru, Karnataka",Beauty|Face Wash|249,3
ORD-20261004-0320,04/10/2026 21:13,  Nisha ,  Mishra ,"hyderabad, telangana",Fashion|Leather Wallet|499,1
ORD-20261004-2209,04-10-2026 23:30,aryan,Agarwal,"Jaipur, Rajasthan",Home And Kitchen|Storage Box|299,1
ORD-20261004-4394,2026-10-04 16:28:46,Swati,Shah,"Mumbai, Maharashtra",Beauty|Hair Serum|549,2
ORD-20261004-2881,04-10-2026 17:13,Bhavna,Tiwari,"bengaluru, karnataka",Sports|Cricket Bat|1599, 4 
ORD-20261004-3354,04/10/2026 22:52,,Menon,"Kolkata, West Bengal",Sports|Cricket Bat|1599,2
ORD-20261004-2712,04/10/2026 10:13,Divya,Arora,"bengaluru, karnataka",Electronics|Smart Watch|2499,2
ORD-20261004-1357,04/10/2026 15:34,Hetal,Patil,"kolkata, west bengal",Electronics|Smart Watch|2499,1
ORD-20261004-3004,2026-10-04 08:40:04,KUNAL,Bhatt,"Surat, Gujarat",Beauty|Lipstick|399,1
ORD-20261004-0842,04/10/2026 16:46,Vihaan,Jain,"Mumbai, Maharashtra",Home And Kitchen|Storage Box|299,1
ORD-20261004-2155,04/10/2026 13:18,nikhil,Joshi,"Kolkata, West Bengal",Fashion|Denim Jeans|1199,1
ORD-20261004-3618,2026-10-04 21:54:04,null,Bansal,"Mumbai, Maharashtra",Fashion|Leather Wallet|499,1
ORD-20261004-3023,04/10/2026 15:54,krishna,bose,"mumbai, maharashtra",Sports|Football|799,1
ORD-20261004-0719,04-10-2026 17:32,krupa,yadav,"chennai, tamil nadu",Sports|Dumbbell Set|1899,3
ORD-20261004-1951,2026-10-04 17:03:46,tushar,PARMAR,"Chennai, Tamil Nadu",Sports|Yoga Mat|699,1
ORD-20261004-3909,04-10-2026 23:24,Diya,Trivedi,"bengaluru, karnataka",Home And Kitchen|Wall Clock|649,1
ORD-20261004-4316,04/10/2026 08:57,Divya,Modi,"Delhi, Delhi",Sports|Dumbbell Set|1899,1
ORD-20261004-3408,2026-10-04 18:28:36,pooja,  Kulkarni ,"Ahmedabad, Gujarat",Beauty|Sunscreen|449,5
ORD-20261004-2330,04/10/2026 18:36,Harsh,Parmar,"Bengaluru, Karnataka",Fashion|Running Shoes|2199,1
ORD-20261004-2502,04/10/2026 13:42,pooja,Menon,"surat, gujarat",Home And Kitchen|Non Stick Pan|1099,1
ORD-20261004-1946,2026-10-04 16:30:24,sai,Arora,"Hyderabad, Telangana",Beauty|Sunscreen|449,2
ORD-20261004-3115,04/10/2026 18:55,Krishna,BOSE,"Mumbai, Maharashtra",Electronics|Laptop Stand|749,1
ORD-20261004-3748,2026-10-04 05:14:13,Megha,Yadav,"Delhi, Delhi",Sports|Yoga Mat|699, 3 
ORD-20261004-3162,04/10/2026 14:00,Parth,  Tiwari ,"lucknow, uttar pradesh",Beauty|Perfume|1299,1
ORD-20261004-3584,2026-10-04 11:22:32,Deepak,  Thakkar ,"delhi, delhi",Home And Kitchen|Wall Clock|649,3
ORD-20261004-1199,2026-10-04 13:21:55,Neel,SRIVASTAVA,"Coimbatore, Tamil Nadu",Home And Kitchen|Steel Water Bottle|399,2
ORD-20261004-3001,04/10/2026 20:47,VIVAAN,  Desai ,"chennai, tamil nadu",Home And Kitchen|Non Stick Pan|1099,0
ORD-20261004-2315,04/10/2026 22:15,Khushi,  Rathod ,"MUMBAI, MAHARASHTRA",Electronics|Bluetooth Speaker|1799,1
ORD-20261004-1247,2026-10-04 22:18:31,Parth,Arora,"mumbai, maharashtra",Sports|Football|799,1
ORD-20261004-2454,2026-10-04 16:27:55,Riya,Jain,"Bengaluru, Karnataka",Sports|Skipping Rope|199,1
ORD-20261004-1402,2026-10-04 19:37:15,Pooja,Bose,"Jaipur, Rajasthan",Sports|Football|799,1
ORD-20261004-0461,2026-10-04 08:25:05,Sara,CHAUHAN,"Mumbai, Maharashtra",Beauty|Face Wash|249,1
ORD-20261004-1489,2026-10-04 17:51:49,sara,Kulkarni,"Kolkata, West Bengal",Sports|Yoga Mat|699,2
ORD-20261004-0283,2026-10-04 19:50:29,Kavya,Tiwari,"Hyderabad, Telangana",Electronics|Wireless Earbuds|1299,
ORD-20261004-1000,04/10/2026 07:47,  Vihaan ,Menon,"bengaluru, karnataka",Home And Kitchen|Bedsheet Set|1499,1
ORD-20261004-4812,04-10-2026 14:20,Krishna,Patel,"Chennai, Tamil Nadu",Electronics|Power Bank|899,2
ORD-20261004-1872,04-10-2026 22:11,  Nidhi ,Yadav,"coimbatore, tamil nadu",Fashion|Sunglasses|999,1
ORD-20261004-0270,04/10/2026 18:46,Aanya,Pillai,"Pune, Maharashtra",Fashion|Running Shoes|2199,2
ORD-20261004-4796,04/10/2026 16:41,Neha,Arora,"Mumbai, Maharashtra",Fashion|Sunglasses|999,1
ORD-20261004-4587,2026-10-04 16:17:45,bhavna,Jain,"Vadodara, Gujarat",Fashion|Running Shoes|2199,2
ORD-20261004-4099,04-10-2026 13:22,shreya,Gupta,"Delhi, Delhi",Fashion|Sunglasses|999,5
ORD-20261004-2982,2026-10-04 13:00:07,Roshni,Iyer,"Bengaluru, Karnataka",Fashion|Running Shoes|2199,1
ORD-20261004-3221,2026-10-04 19:12:45,Sara,Singh,"  Ahmedabad, Gujarat ",Sports|Yoga Mat|699,3
ORD-20261004-1405,2026-10-04 10:03:30,  Krishna ,  Nair ,"Hyderabad, Telangana",Beauty|Perfume|1299,2
ORD-20261004-2570,04/10/2026 13:34,rudra,Jain,"DELHI, DELHI",Fashion|Leather Wallet|499,1
ORD-20261004-0130,,Parth,Singh,"  Delhi, Delhi ",Sports|Football|799,1
ORD-20261004-2531,04/10/2026 10:09,Reyansh,ghosh,"Lucknow, Uttar Pradesh",Beauty|Lipstick|399,1
ORD-20261004-3297,04-10-2026 18:28,diya,Yadav,"Mumbai, Maharashtra",Sports|Yoga Mat|699,2
ORD-20261004-0549,2026-10-04 21:48:18,gaurav,tiwari,"MUMBAI, MAHARASHTRA",Home And Kitchen|Steel Water Bottle|399, 1 
ORD-20261004-1605,04-10-2026 20:35,Aryan,RATHOD,"Lucknow, Uttar Pradesh",Sports|Skipping Rope|199,1
ORD-20261004-0658,04-10-2026 20:40,  Hetal ,Sharma,"Coimbatore, Tamil Nadu",Home And Kitchen|Wall Clock|649,2
ORD-20261004-3570,2026-10-04 22:50:41,aadhya,Tiwari,"Jaipur, Rajasthan",Fashion|Denim Jeans|1199,1
ORD-20261004-2342,2026-10-04 20:27:45,payal,Menon,"Kolkata, West Bengal",Electronics|Smart Watch|2499,two
ORD-20261004-3603,2026-10-04 21:50:35,Riya,Saxena,"lucknow, uttar pradesh",Sports|Yoga Mat|699, 1 
ORD-20261004-2463,04/10/2026 07:13,Ayaan,Malhotra,"Surat, Gujarat",Electronics|Smart Watch|2499,3
ORD-20261004-0506,2026-10-04 20:07:07,mansi,Khanna,"hyderabad, telangana",Fashion|Running Shoes|2199,2
ORD-20261004-0582,2026-10-04 14:09:03,Komal,MEHTA,"mumbai, maharashtra",Sports|Football|799,1
ORD-20261004-2058,04/10/2026 18:45,Nidhi,rao,"HYDERABAD, TELANGANA",Electronics|Bluetooth Speaker|1799,6
ORD-20261004-2863,04/10/2026 18:26,  Aditya ,MENON,"surat, gujarat",Beauty|Lipstick|399,1
ORD-20261004-2647,2026-10-04 22:38:11,Dhruv,KUMAR,"bengaluru, karnataka",Electronics|Laptop Stand|749,1
ORD-20261004-0940,2026-10-04 15:50:14,Sara,CHAUHAN,"Mumbai, Maharashtra",Electronics|Power Bank|899,1
ORD-20261004-0924,04/10/2026 18:38,pooja,Gupta,"Pune, Maharashtra",Electronics|Power Bank|899,1
ORD-20261004-0460,04/10/2026 10:08,Deepak,Sharma,"Chennai, Tamil Nadu",Home And Kitchen|Bedsheet Set|1499,1
ORD-20261004-0056,04/10/2026 21:28,Diya,  Verma ,"Lucknow, Uttar Pradesh",Fashion|Denim Jeans|1199,1
ORD-20261004-1812,2026-10-04 19:32:36,  Sara ,Nair,"  Kolkata, West Bengal ",Fashion|Running Shoes|2199,1
ORD-20261004-0169,04/10/2026 12:44,Om,Jain,"Surat, Gujarat",Home And Kitchen|Storage Box|299,1
ORD-20261004-4430,04-10-2026 14:19,Komal,Sinha,"Pune, Maharashtra",Sports|Yoga Mat|699,1
ORD-20261004-2529,04/10/2026 22:00,Neel,THAKKAR,"Hyderabad, Telangana",Home And Kitchen|Steel Water Bottle|399,1
ORD-20261004-2582,2026-10-04 07:52:03,  Komal ,ghosh,"Delhi, Delhi",Fashion|Denim Jeans|1199,1
ORD-20261004-0493,2026-10-04 12:02:04,Shreya,SRIVASTAVA,"Ahmedabad, Gujarat",Sports|Cricket Bat|1599,1
ORD-20261004-0104,04/10/2026 20:05,Swati,desai,"Pune, Maharashtra",Sports|Cricket Bat|1599,1
ORD-20261004-3230,04/10/2026 22:49,simran,Mehta,"Bengaluru, Karnataka",Fashion|Cotton Kurta|799,1
ORD-20261004-3949,04/10/2026 09:26,Rahul,Tiwari,"Surat, Gujarat",Fashion|Running Shoes|2199,1
ORD-20261004-3015,2026-10-04 21:57:26,dhwani,pawar,"Pune, Maharashtra",Fashion|Leather Wallet|499,1
ORD-20261004-1392,04/10/2026 23:53,rajesh,verma,"Kolkata, West Bengal",Electronics|Power Bank|899, 2 
ORD-20261004-2590,04-10-2026 08:07,  Rudra ,Pawar,"Delhi, Delhi",Fashion|Running Shoes|2199,1
ORD-20261004-4207,04/10/2026 20:30,Kabir,Mishra,"bengaluru, karnataka",Fashion|Cotton Kurta|799,1
ORD-20261004-3793,04/10/2026 13:39,Sara,  Pawar ,"  Pune, Maharashtra ",Electronics|Wireless Earbuds|1299,4.0
ORD-20261004-4825,2026-10-04 16:32:29,aditi,  Das ,"ahmedabad, gujarat",Beauty|Sunscreen|449,1
ORD-20261004-2817,04-10-2026 19:35,KAVYA,Solanki,"Nagpur, Maharashtra",Electronics|Smart Watch|2499,2
ORD-20261004-3451,04/10/2025 23:10,NISHA,Modi,"Ahmedabad, Gujarat",Fashion|Denim Jeans|1199, 2 
ORD-20261004-1160,04/10/2026 14:45,Riya,trivedi,"Chennai, Tamil Nadu",Fashion|Leather Wallet|499,2
ORD-20261004-0698,04/10/2026 17:00,kavya,reddy,"Pune, Maharashtra",Fashion|Running Shoes|2199,1
ORD-20261004-4279,2026-10-04 14:35:13,  Aryan ,Mishra,"Mumbai, Maharashtra",Beauty|Sunscreen|449,5
ORD-20261004-4673,04/10/2026 15:23,Riya,Gupta,"Bengaluru, Karnataka",Fashion|Denim Jeans|1199,5.0
ORD-20261004-4035,04/10/2026 21:00,Megha,  Agarwal ,"hyderabad, telangana",Home And Kitchen|Bedsheet Set|1499,1
ORD-20261004-4284,2026-10-04 23:45:33,VIKAS,  Singh ,"Delhi, Delhi",Beauty|Perfume|1299,2
ORD-20261004-0867,2026-10-04 18:02:49,ananya,Mishra,"KOLKATA, WEST BENGAL",Fashion|Leather Wallet|499,3
ORD-20261004-3429,2026-10-04 10:02:29,megha,Reddy,"Vadodara, Gujarat",Electronics|Bluetooth Speaker|1799,1
ORD-20261004-4651,04/10/2026 18:16,Navya,Rathod,"Ahmedabad, Gujarat",Sports|Cricket Bat|1599,2
ORD-20261004-0249,04-10-2026 11:12,Megha,Menon,"MUMBAI, MAHARASHTRA",Fashion|Denim Jeans|1199,4
ORD-20261004-3644,04/10/2026 11:48,Sara,Reddy,"Hyderabad, Telangana",Sports|Cricket Bat|1599,4
ORD-20261004-1501,04/10/2026 19:49,Isha,  Kumar ,"pune, maharashtra",Fashion|Running Shoes|2199,3
ORD-20261004-4747,2026-10-04 17:25:15,pooja,Malhotra,"Bengaluru, Karnataka",Electronics|Power Bank|899,2
ORD-20261004-2650,04/10/2026 06:44,Simran,sharma,"MUMBAI, MAHARASHTRA",Fashion|Cotton Kurta|799,2
ORD-20261004-1645,2026-10-04 14:34:29,diya,Gupta,"BENGALURU, KARNATAKA",Sports|Yoga Mat|699,3
ORD-20261004-3743,04-10-2026 21:14,Aanya,  Mishra ,"chennai, tamil nadu",Fashion|Sunglasses|999,2
ORD-20261004-2812,2026-10-04 22:40:38,  Shreya ,  Thakkar ,"Delhi, Delhi",Fashion|Cotton Kurta|799,1
ORD-20261004-3970,04/10/2026 20:07,Simran,Menon,"Delhi, Delhi",Fashion|Cotton Kurta|799,1
ORD-20261004-2929,04/10/2026 00:51,  Deepak ,  Modi ,"Jaipur, Rajasthan",Electronics|Bluetooth Speaker|1799,1
ORD-20261004-2452,2026-10-04 17:51:12,Rudra,malhotra,"Mumbai, Maharashtra",Home And Kitchen|Storage Box|299,3.0
ORD-20261004-3705,04/10/2026 11:22,kriti,joshi,"lucknow, uttar pradesh",Fashion|Denim Jeans|1199,2
ORD-20261004-1328,04/10/2026 20:22,Ritu,thakkar,"Kolkata, West Bengal",Beauty|Face Wash|249,4
ORD-20261004-4189,04/10/2026 13:34,Hetal,Jain,"Chennai, Tamil Nadu",Electronics|Laptop Stand|749,one
ORD-20261004-1882,04/10/2026 07:35,POOJA,Kalavadia,"Kolkata, West Bengal",Beauty|Perfume|1299,1
ORD-20261004-3676,2026-10-04 22:53:46,Jay,Mukherjee,"  Mumbai, Maharashtra ",Beauty|Face Wash|249,1
ORD-20261004-2338,04/10/2026 22:33,Aditi,  Patil ,"Surat, Gujarat",Sports|Football|799,1
ORD-20261004-2826,2026-10-04 21:21:34,Diya,Mehta,"Vadodara, Gujarat",Sports|Dumbbell Set|1899,1
ORD-20261004-2898,04-10-2026 07:52,Mansi,  Pandya ,"Pune, Maharashtra",Fashion|Leather Wallet|499,2.0
ORD-20261004-4444,04-10-2026 17:13,Saanvi,DESAI,"Bengaluru, Karnataka",Fashion|Sunglasses|999,4.0
ORD-20261004-2854,2026-10-04 18:44:18,Aarav,Modi,"Bengaluru, Karnataka",Fashion|Cotton Kurta|799,1.0
ORD-20261004-0243,2026-10-04 11:03:03,Nisha,  Vyas ,"delhi, delhi",Electronics|Laptop Stand|749,1
ORD-20261004-0093,2026-10-04 15:46:39,Pranav,Agarwal,"DELHI, DELHI",Home And Kitchen|Bedsheet Set|1499,1
ORD-20261004-3426,04/10/2026 17:37,Neha,Reddy,,Fashion|Sunglasses|999,3
ORD-20261004-3870,04-10-2026 16:30,Aarav,Modi,"chennai, tamil nadu",Beauty|Lipstick|399,3
ORD-20261004-0066,04/10/2026 16:02,Neel,DUBEY,"Mumbai, Maharashtra",Electronics|Bluetooth Speaker|1799,4
ORD-20261004-2304,04/10/2026 06:50,myra,Srivastava,"Hyderabad, Telangana",Fashion|Cotton Kurta|799,1
ORD-20261004-0440,04-10-2026 14:15,Swati,Yadav,"Jaipur, Rajasthan",Home And Kitchen|Storage Box|299,4
ORD-20261004-3755,04-10-2026 21:59,Anjali,Kalavadia,"DELHI, DELHI",Fashion|Sunglasses|999,
ORD-20261004-1768,04-10-2026 08:26,Nisha,Sinha,"Chennai, Tamil Nadu",Sports|Dumbbell Set|1899,1
ORD-20261004-4477,04/10/2026 13:05,Kavya,Malhotra,"pune, maharashtra",Electronics|Smart Watch|2499,
ORD-20261004-0159,04/10/2026 16:06,Nidhi,Pandya,"mumbai, maharashtra",Fashion|Denim Jeans|1199,2
ORD-20261004-2985,2026-10-04 16:09:31,mansi,desai,,Electronics|Smart Watch|2499,2
ORD-20261004-3707,2026-10-04 08:46:23,Roshni,Rao,"Chennai, Tamil Nadu",Fashion|Cotton Kurta|799,3
ORD-20261004-1994,2026-10-04 13:18:41,Krupa,ARORA,"  Ahmedabad, Gujarat ",Sports|Dumbbell Set|1899,2
ORD-20261004-4669,04/10/2026 16:13,Dev,Sinha,"SURAT, GUJARAT",Fashion|Running Shoes|2199,3
ORD-20261004-0261,04/10/2026 21:13,AYAAN,Rao,"COIMBATORE, TAMIL NADU",Home And Kitchen|Bedsheet Set|1499,1
ORD-20261004-2806,04/10/2026 20:25,neel,khanna,"SURAT, GUJARAT",Sports|Football|799, 2 
ORD-20261004-2757,04-10-2026 19:16,KOMAL,MEHTA,"Mumbai, Maharashtra",Electronics|Smart Watch|2499,1
ORD-20261004-3975,2026-10-04 12:23:50,Vihaan,IYER,"Delhi, Delhi",Electronics|Smart Watch|2499,1
ORD-20261004-0132,04/10/2026 12:19,Manish,,"mysuru, karnataka",Sports|Skipping Rope|199,1
ORD-20261004-1193,2026-10-04 22:23:05,  Bhavna ,kulkarni,"Delhi, Delhi",Sports|Cricket Bat|1599,1
ORD-20261004-2399,04-10-2026 18:26,Varun,CHAUHAN,"ahmedabad, gujarat",Home And Kitchen|Storage Box|299,1
ORD-20261004-2953,04/10/2026 10:22,Kunal,Mehta,"Mysuru, Karnataka",Fashion|Denim Jeans|1199,1
ORD-20261004-3257,2026-10-04 15:50:38,rahul,Patil,"mumbai, maharashtra",,2
ORD-20261004-2054,04/10/2026 19:04,AYAAN,Kapoor,"  Mumbai, Maharashtra ",Fashion|Cotton Kurta|799,2
ORD-20261004-1477,2026-10-04 13:52:48,Pari,Gupta,"chennai, tamil nadu",Fashion|Leather Wallet|499,3
ORD-20261004-2900,04/10/2026 08:53,BHAVNA,Tiwari,,Fashion|Cotton Kurta|799,1
ORD-20261004-1384,2026-10-04 15:36:23,Bhavna,  Khanna ,"surat, gujarat",Home And Kitchen|Bedsheet Set|1499,1
ORD-20261004-0150,2026-10-04 04:26:30,  Hetal ,Arora,"Nagpur, Maharashtra",Fashion|Leather Wallet|499,4
ORD-20261004-3926,04-10-2026 14:08,Dev,malhotra,"  Delhi, Delhi ",Sports|Cricket Bat|1599,one
ORD-20261004-0782,04/10/2026 17:42,ATHARV,joshi,"AHMEDABAD, GUJARAT",Sports|Yoga Mat|699,5
ORD-20261004-4384,2026-10-04 15:42:31,HETAL,yadav,,Fashion|Leather Wallet|499,3
ORD-20261004-2481,04/10/2026 13:46,Anjali,Patil,"Bengaluru, Karnataka",Beauty|Hair Serum|549, 1 
ORD-20261004-1833,2026-10-04 22:26:43,  Ishaan ,Khanna,"Bengaluru, Karnataka",Electronics|Bluetooth Speaker|1799,3
ORD-20261004-1786,2026-10-04 21:27:04,Pooja,Shah,"Kolkata, West Bengal",Electronics|Bluetooth Speaker|1799,1
ORD-20261004-1864,04/10/2025 20:32,Tanvi,MISHRA,"hyderabad, telangana",Fashion|Sunglasses|999,1
ORD-20261004-0339,04/10/2026 20:15,Anjali,  Srivastava ,"Lucknow, Uttar Pradesh",Electronics|Power Bank|899,4
ORD-20261004-1724,04/10/2026 19:17,Harsh,Pandya,"Bengaluru, Karnataka",Electronics|Power Bank|899,3
ORD-20261004-1408,04-10-2026 20:05,Saanvi,Kulkarni,"mumbai, maharashtra",Electronics|Bluetooth Speaker|1799,1
ORD-20261004-3303,04-10-2026 21:54,tushar,Pawar,"MUMBAI, MAHARASHTRA",Fashion|Running Shoes|2199,4
ORD-20261004-0591,04/10/2026 22:24,khushi,DUBEY,"Bengaluru, Karnataka",Home And Kitchen|Bedsheet Set|1499,-1
ORD-20261004-3731,04/10/2026 18:33,  Krishna ,Singh,"bengaluru, karnataka",Fashion|Denim Jeans|1199,1.0
ORD-20261004-2319,2026-10-04 11:30:08,Pari,chopra,"Chennai, Tamil Nadu",Sports|Skipping Rope|199,1.0
ORD-20261004-1987,04-10-2026 12:23,Aditya,Srivastava,"AHMEDABAD, GUJARAT",Home And Kitchen|Wall Clock|649,3
ORD-20261004-4653,2026-10-04 13:34:39,Tanvi,  Iyer ,"Delhi, Delhi",Electronics|Bluetooth Speaker|1799,3
ORD-20261004-1619,04/10/2026 22:31,isha,Chaudhary,"  Vadodara, Gujarat ",,2
ORD-20261004-0762,04/10/2026 10:57,Dhruv,RATHOD,"MUMBAI, MAHARASHTRA",Home And Kitchen|Storage Box|299,2
ORD-20261004-0429,2026-10-04 06:34:41,MANISH,Kulkarni,"VADODARA, GUJARAT",Electronics|Power Bank|899,1
ORD-20261004-1800,2026-10-04 16:04:17,Kriti,Parmar,"Ahmedabad, Gujarat",Sports|Yoga Mat|699,5
ORD-20261004-4658,2026-10-04 17:29:57,  Divya ,,"Pune, Maharashtra",Fashion|Sunglasses|999,1
ORD-20261004-2081,2026-10-04 19:13:55,,Sharma,"Vadodara, Gujarat",Fashion|Sunglasses|999,2
ORD-20261004-0235,,Gaurav,  Chaudhary ,"  Delhi, Delhi ",Electronics|Bluetooth Speaker|1799,2
ORD-20261004-3639,2026-10-04 19:36:47,SARA,SRIVASTAVA,"Delhi, Delhi",Electronics|Wireless Earbuds|1299,3
ORD-20261004-0810,04/10/2026 18:04,Aditya,singh,"Mumbai, Maharashtra",Electronics|Smart Watch|2499,1
ORD-20261004-3404,04/10/2026 20:06,null,THAKKAR,"Coimbatore, Tamil Nadu",Home And Kitchen|Wall Clock|649,2
ORD-20261004-3381,04/10/2026 20:33,Advik,DAS,"pune, maharashtra",Electronics|Bluetooth Speaker|1799,2
ORD-20261004-2470,04/10/2026 18:46,Tanvi,Rathod,"Vadodara, Gujarat",Fashion|Cotton Kurta|799,1
ORD-20261004-2902,04-10-2026 21:59,kavya,Saxena,"delhi, delhi",Home And Kitchen|Steel Water Bottle|399,1.0
ORD-20261004-3858,2026-10-04 15:14:07,Rudra,Patel,"Mumbai, Maharashtra",Home And Kitchen|Bedsheet Set|1499,1
ORD-20261004-2372,04/10/2026 17:52,Swati,Menon,N/A,Home And Kitchen|Non Stick Pan|1099,2.0
ORD-20261004-4108,2026-10-04 20:06:22,Aadhya,Joshi,"Chennai, Tamil Nadu",Electronics|Smart Watch|2499,1
ORD-20261004-2320,04/10/2026 07:14,Saanvi,Trivedi,"Mumbai, Maharashtra",Sports|Cricket Bat|1599, 1 
ORD-20261004-1765,2026-10-04 19:53:59,Aanya,kumar,"lucknow, uttar pradesh",Electronics|Power Bank|899,1
ORD-20261004-0985,04/10/2026 19:03,Rahul,Mehta,"jaipur, rajasthan",Electronics|Smart Watch|2499,4
ORD-20261004-3792,04-10-2026 11:21,Tanvi,desai,"Kolkata, West Bengal",Home And Kitchen|Wall Clock|649,2
ORD-20261004-0434,04/10/2026 10:13,Isha,Chaudhary,"Bengaluru, Karnataka",,1
ORD-20261004-0543,,ISHAAN,DESAI,"Chennai, Tamil Nadu",Beauty|Face Wash|249,1
ORD-20261004-2246,2026-10-04 12:27:17,Palak,bose,"mumbai, maharashtra",Beauty|Perfume|1299,2
ORD-20261004-2216,04/10/2026 22:24,Nidhi,Kulkarni,"CHENNAI, TAMIL NADU",Beauty|Face Wash|249,4
ORD-20261004-2185,04/10/2026 23:39,PARTH,Desai,"pune, maharashtra",Fashion|Denim Jeans|1199,1
ORD-20261004-3942,,karan,Verma,"CHENNAI, TAMIL NADU",Fashion|Running Shoes|2199,1
ORD-20261004-1532,2026-10-04 11:25:27,Krishna,Bose,"  Delhi, Delhi ",Sports|Cricket Bat|1599,2
ORD-20261004-1263,04/10/2026 13:41,Pranav,Mishra,"MUMBAI, MAHARASHTRA",Electronics|Wireless Earbuds|1299,1
ORD-20261004-3268,2026-10-04 17:47:59,navya,arora,"Pune, Maharashtra",Fashion|Denim Jeans|1199,1
ORD-20261004-2142,04/10/2026 22:50,Divya,Bhatt,"chennai, tamil nadu",Home And Kitchen|Bedsheet Set|1499,1
ORD-20261004-1597,04/10/2026 13:48,Parth,Modi,"Mumbai, Maharashtra",Fashion|Running Shoes|2199,1
ORD-20261004-2366,2026-10-04 11:24:34,Kriti,Reddy,,Home And Kitchen|Bedsheet Set|1499,1
ORD-20261004-0112,2026-10-04 13:44:38,Vikas,modi,"Bengaluru, Karnataka",Home And Kitchen|Bedsheet Set|1499,
ORD-20261004-2892,2026-10-04 13:48:16,Palak,Pillai,"MUMBAI, MAHARASHTRA",Home And Kitchen|Non Stick Pan|1099,1
ORD-20261004-3509,2026-10-04 15:47:38,anjali,Pillai,"Nagpur, Maharashtra",Fashion|Running Shoes|2199,3
ORD-20261004-3907,2026-10-04 19:12:57,pranav,  Tiwari ,"MUMBAI, MAHARASHTRA",Home And Kitchen|Steel Water Bottle|399,4
ORD-20261004-3215,04/10/2026 16:33,kriti,Arora,"Chennai, Tamil Nadu",Home And Kitchen|Non Stick Pan|1099,1
ORD-20261004-2005,04/10/2026 09:10,  Swati ,Desai,"Bengaluru, Karnataka",Home And Kitchen|Non Stick Pan|1099,2
ORD-20261004-0890,2026-10-04 20:30:58,DIYA,rao,"BENGALURU, KARNATAKA",Electronics|Bluetooth Speaker|1799,3
ORD-20261004-2977,04/10/2026 20:41,  Shaurya ,Patel,"hyderabad, telangana",Electronics|Bluetooth Speaker|1799,2
ORD-20261004-1887,04/10/2026 13:41,Sara,Shah,"Lucknow, Uttar Pradesh",Electronics|Smart Watch|2499,1
ORD-20261004-4588,04/10/2026 15:50,Gaurav,Verma,"Vadodara, Gujarat",Sports|Dumbbell Set|1899, 4 
ORD-20261004-3721,2026-10-04 09:47:37,Megha,Yadav,"NAGPUR, MAHARASHTRA",Beauty|Sunscreen|449,1
ORD-20261004-2117,04/10/2026 11:37,HARSH,  Verma ,"surat, gujarat",Beauty|Perfume|1299,
,2026-10-04 21:32:30,divya,desai,"Pune, Maharashtra",Fashion|Cotton Kurta|799,2
ORD-20261004-1916,04/10/2026 20:26,roshni,RAO,"Delhi, Delhi",Home And Kitchen|Storage Box|299,5
ORD-20261004-0251,2026-10-04 11:07:20,  Hetal ,Tiwari,"Mysuru, Karnataka",Beauty|Hair Serum|549,1
ORD-20261004-1032,2026-10-04 18:35:53,rajesh,rathod,"Mumbai, Maharashtra",Fashion|Sunglasses|999,2
ORD-20261004-3573,2026-10-04 23:28:47,rohan,yadav,"Coimbatore, Tamil Nadu",Home And Kitchen|Non Stick Pan|1099,
ORD-20261004-3399,2026-10-04 15:37:46,Megha,MALHOTRA,"Chennai, Tamil Nadu",Electronics|Power Bank|899,3.0
ORD-20261004-2230,04/10/2026 22:58,Rahul,kapoor,"Chennai, Tamil Nadu",Beauty|Lipstick|399,
ORD-20261004-2710,04-10-2026 16:44,Kunal,Mukherjee,"Jaipur, Rajasthan",Sports|Cricket Bat|1599,2
ORD-20261004-1082,2026-10-04 21:35:09,Shreya,Srivastava,"Ahmedabad, Gujarat",Beauty|Perfume|1299,1.0
ORD-20261004-2168,04/10/2026 08:03,Janvi,Nair,"Mumbai, Maharashtra",Home And Kitchen|Non Stick Pan|1099,1
ORD-20261004-0365,04/10/2026 06:26,Pooja,Kumar,"Surat, Gujarat",Fashion|Denim Jeans|1199,1
ORD-20261004-4630,04-10-2026 19:20,Saanvi,Malhotra,"Pune, Maharashtra",Beauty|Face Wash|249,2
ORD-20261004-3598,04/10/2026 22:47,Advik,Kulkarni,"Chennai, Tamil Nadu",Fashion|Denim Jeans|1199,2
ORD-20261004-2508,04/10/2026 07:58,DHRUV,Jain,"Chennai, Tamil Nadu",Home And Kitchen|Storage Box|299,1
ORD-20261004-2972,04-10-2026 14:40,tushar,kapoor,"Mysuru, Karnataka",Fashion|Running Shoes|2199, 5 
ORD-20261004-2575,04/10/2026 18:20,Tushar,PANDYA,"Surat, Gujarat",Electronics|Smart Watch|2499,1
ORD-20261004-4039,2026-10-04 00:30:24,Hetal,Trivedi,"Lucknow, Uttar Pradesh",Electronics|Smart Watch|2499,1.0
ORD-20261004-3583,04-10-2026 08:32,Harsh,Pandya,"MUMBAI, MAHARASHTRA",Sports|Yoga Mat|699,2
ORD-20261004-2299,2026-10-04 23:00:37,null,bansal,"Hyderabad, Telangana",Beauty|Face Wash|249,1
ORD-20261004-0435,04/10/2026 17:53,Pooja,Pillai,"Mumbai, Maharashtra",Electronics|Laptop Stand|749,1.0
ORD-20261004-3128,04/10/2026 22:38,ayaan,Thakkar,"LUCKNOW, UTTAR PRADESH",Sports|Yoga Mat|699,5
ORD-20261004-3024,04/10/2026 23:32,Ayaan,arora,"Mumbai, Maharashtra",Home And Kitchen|Wall Clock|649,2
ORD-20261004-4203,04/10/2026 09:33,Rahul,PARMAR,"Bengaluru, Karnataka",Electronics|Wireless Earbuds|1299,1
ORD-20261004-4507,04/10/2026 19:24,Vikas,Vyas,"  Hyderabad, Telangana ",Beauty|Hair Serum|549,3.0
ORD-20261004-0015,04-10-2026 10:41,Yash,VYAS,"Kolkata, West Bengal",Fashion|Cotton Kurta|799,1
ORD-20261004-1621,2026-10-04 09:30:22,VIVAAN,Menon,"jaipur, rajasthan",Fashion|Denim Jeans|1199,2
ORD-20261004-1363,04/10/2026 17:35,PAYAL,Sharma,"Kolkata, West Bengal",Fashion|Denim Jeans|1199,1
ORD-20261004-2291,2026-10-04 11:44:07,Dev,Trivedi,"Delhi, Delhi",Electronics|Bluetooth Speaker|1799,2
ORD-20261004-0229,04/10/2026 18:49,arjun,Gupta,"Bengaluru, Karnataka",Fashion|Sunglasses|999,2
ORD-20261004-2520,04-10-2026 15:53,swati,mukherjee,"mumbai, maharashtra",Electronics|Laptop Stand|749,2
ORD-20261004-1089,,Anika,Mishra,"Mumbai, Maharashtra",Beauty|Face Wash|249,3
ORD-20261004-2064,04/10/2026 07:24,Nikhil,  Bhatt ,"Coimbatore, Tamil Nadu",Electronics|Bluetooth Speaker|1799,1.0
ORD-20261004-2763,2026-10-04 19:45:36,kunal,Chopra,"Chennai, Tamil Nadu",Fashion|Sunglasses|999,3
ORD-20261004-4255,04/10/2026 20:53,MEGHA,mukherjee,"DELHI, DELHI",Sports|Yoga Mat|699,2
ORD-20261004-2254,04/10/2026 13:31,,  Kulkarni ,"Mumbai, Maharashtra",Fashion|Sunglasses|999,1
ORD-20261004-0863,2026-10-04 12:54:28,Pranav,Kapoor,"Surat, Gujarat",Electronics|Power Bank|899,2.0
ORD-20261004-1649,04/10/2026 22:07,HETAL,Mehta,"Mysuru, Karnataka",Fashion|Cotton Kurta|799,-1
ORD-20261004-0733,04/10/2026 06:38,Palak,Das,"Pune, Maharashtra",Fashion|Denim Jeans|1199,2
ORD-20261004-3842,2026-10-04 17:13:48,Nikhil,  Patil ,"Chennai, Tamil Nadu",Fashion|Running Shoes|2199,1
ORD-20261004-1451,2026-10-04 19:46:36,VIKAS,Dubey,"  Pune, Maharashtra ",Fashion|Leather Wallet|499,2
ORD-20261004-2284,04/10/2026 10:56,KARAN,THAKKAR,"Chennai, Tamil Nadu",Fashion|Denim Jeans|1199,1
ORD-20261004-0873,2026-10-04 14:58:15,  Tushar ,Kalavadia,"Jaipur, Rajasthan",Sports|Cricket Bat|1599,1
ORD-20261004-1978,2026-10-04 10:40:56,tanvi,patil,"surat, gujarat",Electronics|Laptop Stand|749,1
ORD-20261004-1283,04/10/2026 14:28,Mansi,  Thakkar ,"chennai, tamil nadu",Electronics|Smart Watch|2499,1
ORD-20261004-3525,2026-10-04 20:53:51,Varun,Patil,"mysuru, karnataka",Sports|Skipping Rope|199,1
ORD-20261004-4397,04/10/2026 18:56,Varun,Desai,"delhi, delhi",Home And Kitchen|Storage Box|299,4
ORD-20261004-1365,2026-10-04 21:05:30,Yash,Pillai,"pune, maharashtra",Electronics|Wireless Earbuds|1299,2
ORD-20261004-3398,2026-10-04 10:39:54,aanya,  Shah ,"bengaluru, karnataka",Fashion|Denim Jeans|1199,5
ORD-20261004-1125,04/10/2026 12:13,  Krishna ,Singh,"Surat, Gujarat",Home And Kitchen|Steel Water Bottle|399,2.0
ORD-20261004-2269,04/10/2026 20:07,SWATI,Nair,"BENGALURU, KARNATAKA",Home And Kitchen|Wall Clock|649,1
ORD-20261004-1110,2026-10-04 13:48:38,Kriti,Pawar,"Delhi, Delhi",Home And Kitchen|Non Stick Pan|1099,6
ORD-20261004-2632,04/10/2026 11:03,Vikas,Bose,"ahmedabad, gujarat",Sports|Yoga Mat|699,1
ORD-20261004-3226,2026-10-04 22:53:01,nikhil,Tiwari,"MUMBAI, MAHARASHTRA",Fashion|Denim Jeans|1199,1
ORD-20261004-1258,04/10/2026 22:39,Nisha,Khanna,"delhi, delhi",Electronics|Bluetooth Speaker|1799,1
ORD-20261004-0387,N/A,Vivaan,shah,"Hyderabad, Telangana",Fashion|Leather Wallet|499,2
ORD-20261004-0124,04-10-2026 17:03,Vivaan,BOSE,"Bengaluru, Karnataka",Beauty|Sunscreen|449,2
ORD-20261004-4419,2026-10-04 23:32:29,divya,Srivastava,"Pune, Maharashtra",Fashion|Denim Jeans|1199,4
ORD-20261004-1398,04/10/2026 18:13,nikhil,  Vyas ,"Pune, Maharashtra",Fashion|Running Shoes|2199,1
ORD-20261004-0953,04-10-2026 13:24,Harsh,reddy,"Chennai, Tamil Nadu",Electronics|Wireless Earbuds|1299,2
ORD-20261004-1792,04/10/2026 18:11,Reyansh,Srivastava,"AHMEDABAD, GUJARAT",Sports|Football|799,1
ORD-20261004-1628,04/10/2025 13:18,dev,chaudhary,"Bengaluru, Karnataka",Electronics|Smart Watch|2499,1
ORD-20261004-3238,04/10/2026 13:30,YASH,Thakkar,"mumbai, maharashtra",Fashion|Cotton Kurta|799, 1 
ORD-20261004-3185,2026-10-04 16:38:47,null,VYAS,"PUNE, MAHARASHTRA",Beauty|Sunscreen|449,1
ORD-20261004-3981,2026-10-04 12:57:03,Roshni,,"Delhi, Delhi",Sports|Yoga Mat|699,2
ORD-20261004-0816,2026-10-04 11:39:30,RITU,mehta,"Delhi, Delhi",Home And Kitchen|Bedsheet Set|1499,1
ORD-20261004-2248,04/10/2062 12:17,,Ghosh,"  Delhi, Delhi ",Home And Kitchen|Non Stick Pan|1099,1
ORD-20261004-2652,04-10-2026 19:18,  Yash ,Sharma,"Vadodara, Gujarat",Fashion|Leather Wallet|499,2
ORD-20261004-2136,04/10/2026 22:51,KRISHNA,  Sharma ,"Pune, Maharashtra",Electronics|Bluetooth Speaker|1799,1
ORD-20261004-0597,2026-10-04 21:13:41,TUSHAR,pawar,"Kolkata, West Bengal",Beauty|Hair Serum|549,2
ORD-20261004-4103,2026-10-04 14:34:28,Shaurya,bansal,"jaipur, rajasthan",Fashion|Running Shoes|2199,1
ORD-20261004-3294,04/10/2026 09:36,pranav,  Kapoor ,"Surat, Gujarat",Beauty|Sunscreen|449,2
ORD-20261004-4337,04/10/2026 10:47,mansi,Mishra,"Mumbai, Maharashtra",Electronics|Bluetooth Speaker|1799,1
ORD-20261004-1180,04/10/2026 21:24,aryan,Bose,"Vadodara, Gujarat",Home And Kitchen|Storage Box|299,1
ORD-20261004-4702,2026-10-04 17:10:44,Hetal,SINHA,"Kolkata, West Bengal",Sports|Dumbbell Set|1899,1
ORD-20261004-0559,2026-10-04 19:33:52,Ritu,pillai,"Chennai, Tamil Nadu",Home And Kitchen|Bedsheet Set|1499,1
ORD-20261004-3923,04/10/2026 10:25,aryan,Joshi,"Mumbai, Maharashtra",Fashion|Leather Wallet|499,-2
ORD-20261004-2918,04/10/2026 22:46,Sara,Malhotra,"  Pune, Maharashtra ",Beauty|Sunscreen|449,1.0
ORD-20261004-2253,04/10/2026 20:19,Dhwani,,"mysuru, karnataka",Fashion|Denim Jeans|1199,3
ORD-20261004-2921,04-10-2026 13:37,diya,Trivedi,"Bengaluru, Karnataka",Fashion|Leather Wallet|499,2
ORD-20261004-1344,04/10/2026 17:47,Ayaan,Rathod,"VADODARA, GUJARAT",Fashion|Sunglasses|999,1
ORD-20261004-0899,04/10/2026 12:05,ROHAN,gupta,"pune, maharashtra",Home And Kitchen|Non Stick Pan|1099, 1 
ORD-20261004-0373,04-10-2026 08:08,Tanvi,Pillai,"Jaipur, Rajasthan",Home And Kitchen|Storage Box|299,2
ORD-20261004-2172,04/10/2026 15:02,DHWANI,Agarwal,"AHMEDABAD, GUJARAT",Electronics|Wireless Earbuds|1299,2
ORD-20261004-0703,04/10/2026 21:33,Megha,Agarwal,"Mumbai, Maharashtra",Home And Kitchen|Non Stick Pan|1099,-1
ORD-20261004-1171,2026-10-04 20:53:21,  Sneha ,Sharma,"Mumbai, Maharashtra",Home And Kitchen|Wall Clock|649,2
ORD-20261004-1851,2026-10-04 16:14:23,Divya,Tiwari,"  Kolkata, West Bengal ",Electronics|Bluetooth Speaker|1799,2
ORD-20261004-4065,04/10/2026 16:48,  Sara ,chauhan,"MUMBAI, MAHARASHTRA",Beauty|Perfume|1299, 1 
ORD-20261004-3655,2026-10-04 19:35:02,Bhavna,CHOPRA,N/A,Home And Kitchen|Steel Water Bottle|399,2
ORD-20261004-4193,2026-10-04 11:45:01,Pooja,Srivastava,"bengaluru, karnataka",Home And Kitchen|Storage Box|299,3
ORD-20261004-3155,04-10-2026 18:34,Sai,  Kumar ,"Pune, Maharashtra",Sports|Yoga Mat|699,1
ORD-20261004-2429,04/10/2026 09:46,Deepak,Mehta,"delhi, delhi",Fashion|Running Shoes|2199,1
ORD-20261004-0267,04/10/2026 09:38,  Anika ,Shah,"  Pune, Maharashtra ",Sports|Skipping Rope|199,3
ORD-20261004-0384,2026-10-04 18:49:10,Varun,Yadav,"surat, gujarat",Fashion|Cotton Kurta|799,1
ORD-20261004-3830,04/10/2026 13:46,  Aryan ,  Desai ,"Delhi, Delhi",Beauty|Sunscreen|449,1
ORD-20261004-2993,04/10/2026 13:13,Hetal,  Menon ,"Delhi, Delhi",Home And Kitchen|Non Stick Pan|1099,2
ORD-20261004-4440,2026-10-04 17:32:59,Pooja,Gupta,"Pune, Maharashtra",Home And Kitchen|Wall Clock|649,1
ORD-20261004-3591,04/10/2026 20:32,hetal,  Arora ,"  Delhi, Delhi ",Fashion|Running Shoes|2199,1
ORD-20261004-3123,2026-10-04 10:57:17,advik,Joshi,"Chennai, Tamil Nadu",Home And Kitchen|Wall Clock|649,1
ORD-20261004-1815,2026-10-04 17:16:39,Ananya,Khanna,"Ahmedabad, Gujarat",Home And Kitchen|Non Stick Pan|1099,2.0
ORD-20261004-2386,04/10/2026 21:40,Komal,CHAUHAN,"Delhi, Delhi",Sports|Yoga Mat|699,2
ORD-20261004-1922,04/10/2026 19:47,Pari,  Joshi ,"PUNE, MAHARASHTRA",Beauty|Perfume|1299,1
ORD-20261004-3766,04-10-2026 18:50,Om,Trivedi,"SURAT, GUJARAT",Fashion|Leather Wallet|499,3
ORD-20261004-3623,04/10/2026 21:24,Shreya,Rathod,"Kolkata, West Bengal",Electronics|Wireless Earbuds|1299,2
ORD-20261004-0275,04/10/2026 11:44,Arjun,  Chopra ,"  Coimbatore, Tamil Nadu ",Sports|Cricket Bat|1599, 1 
ORD-20261004-0090,2026-10-04 17:37:03,Divya,modi,"surat, gujarat",Electronics|Bluetooth Speaker|1799,2
ORD-20261004-4438,04/10/2026 19:34,Priya,Vyas,"JAIPUR, RAJASTHAN",Fashion|Denim Jeans|1199,2
ORD-20261004-4467,04-10-2026 20:48,vikas,  Singh ,"Delhi, Delhi",Electronics|Wireless Earbuds|1299,1
ORD-20261004-3514,2026-10-04 22:41:07,Pooja,Pawar,"jaipur, rajasthan",Fashion|Sunglasses|999,0
ORD-20261004-1744,2026-10-04 16:46:58,riya,Patel,"Vadodara, Gujarat",Fashion|Cotton Kurta|799,3
ORD-20261004-1926,04-10-2026 15:22,Pranav,MISHRA,"bengaluru, karnataka",Fashion|Running Shoes|2199,4
ORD-20261004-0421,04/10/2026 20:32,nisha,khanna,"  Delhi, Delhi ",Sports|Cricket Bat|1599,1
ORD-20261004-0793,2026-10-04 22:18:38,Shaurya,Kumar,"HYDERABAD, TELANGANA",Electronics|Bluetooth Speaker|1799,4
ORD-20261004-4348,04/10/2026 21:23,Dhwani,MUKHERJEE,"Surat, Gujarat",Sports|Dumbbell Set|1899,6
ORD-20261004-1376,04/10/2026 10:55,KABIR,Vyas,"Delhi, Delhi",Fashion|Sunglasses|999,3
ORD-20261004-4058,2026-10-04 19:37:20,Aditi,DUBEY,"Mumbai, Maharashtra",Fashion|Sunglasses|999,1
ORD-20261004-3470,04-10-2026 22:34,Aryan,KULKARNI,"Kolkata, West Bengal",Beauty|Perfume|1299,2
ORD-20261004-1179,2026-10-04 20:45:16,Shreya,  Das ,"NAGPUR, MAHARASHTRA",Electronics|Bluetooth Speaker|1799,2
ORD-20261004-0970,04-10-2026 11:43,aryan,pillai,,Electronics|Smart Watch|2499,1
ORD-20261004-3482,04-10-2026 17:15,Tanvi,Kalavadia,"Pune, Maharashtra",Fashion|Leather Wallet|499,-2
ORD-20261004-1653,04/10/2026 18:23,NISHA,Kulkarni,"Mumbai, Maharashtra",Home And Kitchen|Non Stick Pan|1099,1
ORD-20261004-3216,2026-10-04 21:04:47,  Janvi ,Bhatt,"Bengaluru, Karnataka",Electronics|Power Bank|899,3
ORD-20261004-3936,04/10/2026 20:37,amit,Gupta,"Ahmedabad, Gujarat",Beauty|Face Wash|249,6
ORD-20261004-2791,04/10/2026 13:22,  Vikas ,Mishra,"Kolkata, West Bengal",Home And Kitchen|Non Stick Pan|1099,0
ORD-20261004-2439,04-10-2026 08:53,Aryan,Pillai,"Mumbai, Maharashtra",Electronics|Wireless Earbuds|1299,1.0
ORD-20261004-3966,04-10-2026 10:39,KRUPA,  Gupta ,"  Lucknow, Uttar Pradesh ",Electronics|Power Bank|899,1
ORD-20261004-0551,04/10/2026 20:34,Shaurya,Chauhan,"Hyderabad, Telangana",Home And Kitchen|Storage Box|299,1
ORD-20261004-1657,2026-10-04 22:35:22,  Varun ,Yadav,"SURAT, GUJARAT",Home And Kitchen|Storage Box|299, 2 
ORD-20261004-1039,2026-10-04 14:39:14,Karan,  Modi ,"  Bengaluru, Karnataka ",Fashion|Sunglasses|999,6
ORD-20261004-2047,04/10/2026 19:26,karan,Gupta,"bengaluru, karnataka",Electronics|Wireless Earbuds|1299,2.0
ORD-20261004-4169,04/10/2026 14:11,suresh,mukherjee,"Bengaluru, Karnataka",Home And Kitchen|Steel Water Bottle|399,1
ORD-20261004-1371,04/10/2026 21:51,Tanvi,Mehta,"  Mysuru, Karnataka ",Electronics|Laptop Stand|749,1
ORD-20261004-2388,04/10/2026 18:10,Deepak,Agarwal,"Hyderabad, Telangana",Home And Kitchen|Bedsheet Set|1499,2
ORD-20261004-0139,2026-10-04 10:33:14,navya,,"Surat, Gujarat",Beauty|Lipstick|399,1
ORD-20261004-2934,04-10-2026 22:08,Anjali,SOLANKI,"Coimbatore, Tamil Nadu",Sports|Skipping Rope|199,1
ORD-20261004-3234,04/10/2026 19:04,SIMRAN,Agarwal,"Mumbai, Maharashtra",Fashion|Denim Jeans|1199,2
ORD-20261004-0471,04/10/2026 22:37,vivaan,mishra,"DELHI, DELHI",Electronics|Smart Watch|2499,1
ORD-20261004-3224,04/10/2026 17:13,Tanvi,  Thakkar ,"LUCKNOW, UTTAR PRADESH",Electronics|Smart Watch|2499,2
ORD-20261004-3910,2026-10-04 19:45:35,Riya,Gupta,,Sports|Yoga Mat|699,4
ORD-20261004-4196,04/10/2026 04:20,simran,  Mishra ,"surat, gujarat",Fashion|Cotton Kurta|799,4
ORD-20261004-1214,2026-10-04 11:45:50,varun,Chopra,"chennai, tamil nadu",Beauty|Face Wash|249,1
ORD-20261004-1139,04-10-2026 17:53,Sara,NAIR,"Ahmedabad, Gujarat",Electronics|Smart Watch|2499,3
ORD-20261004-2478,2026-10-04 09:43:33,KABIR,Kalavadia,"Lucknow, Uttar Pradesh",Beauty|Perfume|1299,6
ORD-20261004-3251,04/10/2026 17:11,Simran,Yadav,"Ahmedabad, Gujarat",Home And Kitchen|Steel Water Bottle|399,1.0
ORD-20261004-0003,2026-10-04 23:44:50,Ayaan,Desai,"Jaipur, Rajasthan",Beauty|Face Wash|249,1
ORD-20261004-0479,2026-10-04 05:05:18,ishaan,sharma,"Ahmedabad, Gujarat",Fashion|Cotton Kurta|799,1
ORD-20261004-3073,04/10/2026 19:45,Aarav,Agarwal,"Kolkata, West Bengal",Electronics|Laptop Stand|749,2
ORD-20261004-0690,04/10/2026 20:12,Krupa,Das,"Delhi, Delhi",Beauty|Lipstick|399,3
ORD-20261004-4239,04/10/2026 21:51,KABIR,  Saxena ,"AHMEDABAD, GUJARAT",Beauty|Hair Serum|549,1
ORD-20261004-0011,2026-10-04 12:41:22,parth,Bhatt,"vadodara, gujarat",Home And Kitchen|Storage Box|299,
ORD-20261004-2494,04/10/2026 06:24,Simran,THAKKAR,"Kolkata, West Bengal",Home And Kitchen|Storage Box|299,2.0
ORD-20261004-2583,04-10-2026 09:09,Nidhi,  Singh ,"Pune, Maharashtra",Fashion|Leather Wallet|499,3
ORD-20261004-2189,2026-10-04 13:43:56,Ishaan,Sinha,"Nagpur, Maharashtra",Sports|Cricket Bat|1599,1
ORD-20261004-1253,04-10-2026 02:20,Isha,kalavadia,"jaipur, rajasthan",Fashion|Sunglasses|999,1
ORD-20261004-1231,04/10/2026 22:57,ADVIK,Pandya,"delhi, delhi",Electronics|Power Bank|899,2
ORD-20261004-4367,04-10-2026 12:57,Aanya,Iyer,"Jaipur, Rajasthan",Electronics|Bluetooth Speaker|1799,1
ORD-20261004-3217,2026-10-04 20:26:17,Parth,pawar,"Bengaluru, Karnataka",Beauty|Sunscreen|449,1
ORD-20261004-2684,2026-10-04 23:34:13,Kriti,Srivastava,"Mumbai, Maharashtra",Electronics|Power Bank|899,1
ORD-20261004-0645,04/10/2026 14:48,DEEPAK,Patel,"Bengaluru, Karnataka",Fashion|Denim Jeans|1199,3
ORD-20261004-0498,04-10-2026 21:51,Megha,Kalavadia,"Surat, Gujarat",Electronics|Bluetooth Speaker|1799,2.0
ORD-20261004-2530,2026-10-04 11:48:15,Kabir,Kapoor,"KOLKATA, WEST BENGAL",Fashion|Running Shoes|2199,1
ORD-20261004-3990,2026-10-04 10:08:12,Payal,Desai,"Ahmedabad, Gujarat",Beauty|Perfume|1299,2
ORD-20261004-1455,04-10-2026 15:49,riya,patil,"Bengaluru, Karnataka",Beauty|Face Wash|249,3
ORD-20261004-1709,04/10/2026 10:06,Rohan,arora,"Surat, Gujarat",Sports|Football|799,2
ORD-20261004-2082,04/10/2026 22:12,Parth,Parmar,"lucknow, uttar pradesh",Fashion|Running Shoes|2199, 4 
ORD-20261004-2534,04-10-2026 14:47,Anjali,PARMAR,"kolkata, west bengal",Beauty|Sunscreen|449,1
ORD-20261004-4300,04-10-2026 22:47,OM,Kapoor,"Mumbai, Maharashtra",Fashion|Leather Wallet|499,3
ORD-20261004-1616,2026-10-04 06:45:32,Harsh,  Singh ,"Nagpur, Maharashtra",Fashion|Sunglasses|999,1
ORD-20261004-1538,2026-10-04 11:09:20,riya,Thakkar,"DELHI, DELHI",Electronics|Laptop Stand|749,1
ORD-20261004-3757,04/10/2026 14:37,payal,Malhotra,"Kolkata, West Bengal",Sports|Cricket Bat|1599,1
ORD-20261004-3040,04-10-2026 13:48,Nisha,  Khanna ,"DELHI, DELHI",,4
ORD-20261004-1212,04/10/2026 17:58,Parth,BANSAL,"Nagpur, Maharashtra",Home And Kitchen|Bedsheet Set|1499,2
ORD-20261004-2689,2026-10-04 11:42:22,Aadhya,Bose,"Pune, Maharashtra",Sports|Dumbbell Set|1899,
ORD-20261004-2307,04/10/2026 18:57,Riya,,"kolkata, west bengal",Fashion|Leather Wallet|499, 2 
ORD-20261004-3497,2026-10-04 18:28:34,ananya,chauhan,"mysuru, karnataka",Beauty|Perfume|1299,1
ORD-20261004-1592,2026-10-04 17:15:17,  Kunal ,Pawar,"MUMBAI, MAHARASHTRA",Beauty|Lipstick|399,1
ORD-20261004-0148,04/10/2026 19:08,neel,Malhotra,"Mysuru, Karnataka",Fashion|Sunglasses|999,2.0
ORD-20261004-0547,04/10/2026 13:33,Ayaan,thakkar,"Lucknow, Uttar Pradesh",Sports|Football|799,2.0
ORD-20261004-1556,04/10/2026 19:16,neel,  Trivedi ,"Chennai, Tamil Nadu",Sports|Dumbbell Set|1899,3
ORD-20261004-4358,2026-10-04 18:17:01,Arjun,solanki,"bengaluru, karnataka",Fashion|Denim Jeans|1199,2
ORD-20261004-0750,04/10/2026 13:35,aditya,  Srivastava ,"  Ahmedabad, Gujarat ",Fashion|Denim Jeans|1199,1
ORD-20261004-4460,2026-10-04 17:02:19,Navya,iyer,"JAIPUR, RAJASTHAN",Fashion|Running Shoes|2199,3
ORD-20261004-3258,04/10/2026 03:03,Gaurav,Menon,"Hyderabad, Telangana",Home And Kitchen|Steel Water Bottle|399,1
ORD-20261004-1339,30/02/2026 22:09,  Sara ,Parmar,"Jaipur, Rajasthan",Electronics|Wireless Earbuds|1299,1
ORD-20261004-2709,04-10-2026 20:03,Anika,arora,"  Kolkata, West Bengal ",Sports|Cricket Bat|1599,1
,2026-10-04 20:56:46,Rajesh,Ghosh,"Nagpur, Maharashtra",Sports|Dumbbell Set|1899,2
ORD-20261004-1497,04-10-2026 09:13,Pari,singh,"Ahmedabad, Gujarat",Electronics|Power Bank|899,1
ORD-20261004-4133,04/10/2026 20:08,Atharv,das,"Hyderabad, Telangana",Sports|Football|799,1
ORD-20261004-2574,04/10/2026 12:58,aditi,Chauhan,"Bengaluru, Karnataka",Electronics|Wireless Earbuds|1299,1
ORD-20261004-2313,04-10-2026 12:24,tanvi,Patel,"delhi, delhi",Fashion|Cotton Kurta|799,3
ORD-20261004-4307,2026-10-04 21:34:29,navya,  Mukherjee ,"pune, maharashtra",Fashion|Sunglasses|999,3
ORD-20261004-0624,04-10-2026 18:01,Swati,Solanki,"pune, maharashtra",Electronics|Bluetooth Speaker|1799,2.0
ORD-20261004-0521,04/10/2026 12:01,Harsh,KUMAR,"Chennai, Tamil Nadu",Electronics|Bluetooth Speaker|1799,1
ORD-20261004-3515,04/10/2026 15:22,VARUN,  Shah ,"Hyderabad, Telangana",Home And Kitchen|Wall Clock|649,1
ORD-20261004-0820,2026-10-04 15:54:54,DEEPAK,Mishra,"Chennai, Tamil Nadu",Fashion|Leather Wallet|499,
ORD-20261004-0908,04/10/2026 17:31,karan,iyer,"Kolkata, West Bengal",Electronics|Power Bank|899,1
ORD-20261004-0079,04/10/2026 16:34,MANISH,Khanna,"chennai, tamil nadu",Electronics|Power Bank|899,3
ORD-20261004-1248,2026-10-04 16:12:17,Rahul,  Menon ,"Delhi, Delhi",Fashion|Leather Wallet|499,1
ORD-20261004-4641,2026-10-04 17:44:57,Atharv,Vyas,"Pune, Maharashtra",Home And Kitchen|Steel Water Bottle|399,1
ORD-20261004-1496,2026-10-04 23:15:17,Krishna,gupta,"Surat, Gujarat",Fashion|Denim Jeans|1199,2
ORD-20261004-4127,04/10/2026 15:42,Nisha,Saxena,,Home And Kitchen|Steel Water Bottle|399,2
ORD-20261004-3194,04/10/2026 09:34,  Kabir ,Modi,"Mumbai, Maharashtra",Beauty|Lipstick|399,1
ORD-20261004-4382,04-10-2026 19:47,Aryan,DUBEY,"Lucknow, Uttar Pradesh",Home And Kitchen|Non Stick Pan|1099,1
ORD-20261004-2056,2026-10-04 04:39:18,Kriti,Nair,"Ahmedabad, Gujarat",Beauty|Hair Serum|549, 1 
ORD-20261004-4004,2026-10-04 02:12:37,DIVYA,DUBEY,"Delhi, Delhi",Beauty|Sunscreen|449,1
ORD-20261004-1718,04/10/2026 20:21,Deepak,singh,"Delhi, Delhi",Electronics|Bluetooth Speaker|1799,5
ORD-20261004-4420,04/10/2026 13:35,Navya,bansal,"Mumbai, Maharashtra",Home And Kitchen|Storage Box|299,3
ORD-20261004-3576,04-10-2026 15:01,Advik,Gupta,"DELHI, DELHI",Fashion|Denim Jeans|1199,2
ORD-20261004-3060,04-10-2026 19:59,ANJALI,  Bose ,"mumbai, maharashtra",Fashion|Leather Wallet|499,3
ORD-20261004-2741,04/10/2026 11:14,Neel,agarwal,"Lucknow, Uttar Pradesh",Sports|Cricket Bat|1599,2
ORD-20261004-1340,2026-10-04 08:29:49,Reyansh,ghosh,"Kolkata, West Bengal",Fashion|Running Shoes|2199, 4 
ORD-20261004-3867,04/10/2026 21:54,Hetal,Mehta,"BENGALURU, KARNATAKA",Home And Kitchen|Steel Water Bottle|399, 2 
ORD-20261004-4205,2026-10-04 20:28:20,tanvi,Mehta,"mumbai, maharashtra",Sports|Football|799,2
ORD-20261004-2557,2026-10-04 19:02:54,Kunal,  Nair ,"PUNE, MAHARASHTRA",Electronics|Smart Watch|2499, 1 
ORD-20261004-3366,04-10-2026 13:44,neha,Mishra,"  Kolkata, West Bengal ",Fashion|Leather Wallet|499,1
ORD-20261004-4293,2026-10-04 08:16:51,Navya,Saxena,"Kolkata, West Bengal",Fashion|Cotton Kurta|799,1
ORD-20261004-3415,04/10/2026 21:24,Ritu,MEHTA,"  Kolkata, West Bengal ",Electronics|Wireless Earbuds|1299,1
ORD-20261004-4187,04/10/2026 15:22,Khushi,bansal,"Hyderabad, Telangana",Electronics|Power Bank|899,6.0
ORD-20261004-1151,2026-10-04 12:29:43,SHAURYA,Ghosh,"Delhi, Delhi",Fashion|Denim Jeans|1199,1
ORD-20261004-3275,04/10/2026 12:45,Yash,srivastava,"Vadodara, Gujarat",Fashion|Cotton Kurta|799,1
ORD-20261004-1076,04-10-2026 07:59,Nisha,pandya,"pune, maharashtra",Sports|Skipping Rope|199,1
ORD-20261004-4274,04/10/2026 04:20,Navya,Bansal,"Mumbai, Maharashtra",Fashion|Leather Wallet|499,1
,2026-10-04 15:47:28,Khushi,rathod,"MUMBAI, MAHARASHTRA",Sports|Yoga Mat|699,1
ORD-20261004-4258,04/10/2026 22:51,Sara,Joshi,"  Mysuru, Karnataka ",Fashion|Leather Wallet|499,4
ORD-20261004-0378,04/10/2026 12:06,,bose,"Bengaluru, Karnataka",Fashion|Sunglasses|999,1
ORD-20261004-3941,,Arjun,kapoor,"  Hyderabad, Telangana ",Electronics|Bluetooth Speaker|1799,1
ORD-20261004-2252,04/10/2026 03:56,Vikas,Srivastava,"jaipur, rajasthan",Fashion|Sunglasses|999,1
ORD-20261004-3973,2026-10-04 10:59:01,Myra,  Jain ,"Lucknow, Uttar Pradesh",Electronics|Smart Watch|2499,1
ORD-20261004-3633,2026-10-04 13:29:12,Vikas,,"Surat, Gujarat",Sports|Dumbbell Set|1899,2
ORD-20261004-2523,04/10/2026 13:29,Tanvi,  Pandya ,"  Surat, Gujarat ",Electronics|Wireless Earbuds|1299,2
ORD-20261004-2978,04/10/2026 21:04,aarav,Ghosh,"Mysuru, Karnataka",Beauty|Lipstick|399,2
ORD-20261004-3933,04/10/2026 19:10,dev,jain,"Coimbatore, Tamil Nadu",Home And Kitchen|Wall Clock|649,3
ORD-20261004-4578,04/10/2026 11:58,  Parth ,bhatt,"  Mumbai, Maharashtra ",Fashion|Sunglasses|999,1
ORD-20261004-0670,04/10/2026 08:23,Khushi,Mukherjee,"Nagpur, Maharashtra",Fashion|Running Shoes|2199,1
ORD-20261004-3324,04/10/2026 18:12,Vivaan,Kumar,"Vadodara, Gujarat",Home And Kitchen|Bedsheet Set|1499,1
ORD-20261004-4524,04/10/2026 11:49,,  Tiwari ,"Surat, Gujarat",Fashion|Sunglasses|999,1
ORD-20261004-1842,04-10-2026 08:53,aryan,Kulkarni,"kolkata, west bengal",Fashion|Denim Jeans|1199,2
ORD-20261004-3812,04/10/2026 12:21,Reyansh,Mukherjee,"Lucknow, Uttar Pradesh",Beauty|Hair Serum|549,1
ORD-20261004-2548,2026-10-04 14:25:46,  Ritu ,Trivedi,"COIMBATORE, TAMIL NADU",Sports|Skipping Rope|199,1
ORD-20261004-1468,04/10/2026 13:41,Neel,Bansal,"Bengaluru, Karnataka",Home And Kitchen|Wall Clock|649,2
ORD-20261004-0749,2026-10-04 12:48:34,Aadhya,Bansal,"Hyderabad, Telangana",Fashion|Running Shoes|2199,4.0
ORD-20261004-0772,04/10/2026 13:40,  Kriti ,bose,"mumbai, maharashtra",Fashion|Denim Jeans|1199, 1 
ORD-20261004-4059,2026-10-04 21:35:28,Aryan,BANSAL,"BENGALURU, KARNATAKA",Sports|Cricket Bat|1599,2
ORD-20261004-2336,04-10-2026 12:04,Saanvi,Malhotra,"Delhi, Delhi",Beauty|Sunscreen|449,2
ORD-20261004-0298,04/10/2026 16:23,Aditya,Pawar,"Pune, Maharashtra",Beauty|Face Wash|249,1
ORD-20261004-4225,04/10/2026 21:48,Anjali,Khanna,"Mumbai, Maharashtra",Home And Kitchen|Non Stick Pan|1099,1.0
ORD-20261004-0737,2026-10-04 08:48:22,Priya,  Srivastava ,"  Chennai, Tamil Nadu ",Fashion|Sunglasses|999,3
ORD-20261004-0562,04/10/2026 09:54,payal,Jain,"Bengaluru, Karnataka",Electronics|Wireless Earbuds|1299,4
ORD-20261004-1576,04/10/2026 04:28,Kriti,Arora,"Chennai, Tamil Nadu",Fashion|Denim Jeans|1199,2
ORD-20261004-4166,04/10/2026 17:09,Roshni,Arora,"Hyderabad, Telangana",Home And Kitchen|Non Stick Pan|1099,2
ORD-20261004-1650,2026-10-04 06:12:18,Arjun,Modi,"Mumbai, Maharashtra",Fashion|Sunglasses|999,4
ORD-20261004-0728,,Kunal,RAO,"hyderabad, telangana",Home And Kitchen|Steel Water Bottle|399,2
ORD-20261004-0509,04/10/2026 20:42,riya,Solanki,"Ahmedabad, Gujarat",Fashion|Sunglasses|999,1
ORD-20261004-0372,04/10/2026 15:27,Vikas,PATEL,"hyderabad, telangana",Home And Kitchen|Storage Box|299,2
ORD-20261004-1146,2026-10-04 20:17:50,  Bhavna ,Pandya,"Surat, Gujarat",Beauty|Face Wash|249,1
ORD-20261004-3810,04/10/2026 19:31,AADHYA,Pandya,"Mumbai, Maharashtra",Fashion|Cotton Kurta|799,2
ORD-20261004-4764,2026-10-04 22:44:47,  Janvi ,Kapoor,"KOLKATA, WEST BENGAL",Sports|Yoga Mat|699,2
ORD-20261004-4037,04/10/2026 17:20,sneha,Chaudhary,"Mumbai, Maharashtra",Fashion|Running Shoes|2199,1
ORD-20261004-3198,04/10/2026 18:30,Myra,Malhotra,"MYSURU, KARNATAKA",Home And Kitchen|Steel Water Bottle|399,-1
ORD-20261004-0439,2026-10-04 16:13:32,dhruv,Sinha,"Mumbai, Maharashtra",Fashion|Denim Jeans|1199,2
ORD-20261004-0174,04/10/2026 06:31,rudra,srivastava,"Chennai, Tamil Nadu",Home And Kitchen|Non Stick Pan|1099,4
ORD-20261004-3091,2026-10-04 15:04:00,Kabir,Sharma,"  Mumbai, Maharashtra ",Fashion|Sunglasses|999,2
ORD-20261004-1924,04/10/2026 21:41,Rahul,Dubey,"Jaipur, Rajasthan",Sports|Skipping Rope|199,1
ORD-20261004-1738,,KUNAL,Yadav,"Chennai, Tamil Nadu",Home And Kitchen|Steel Water Bottle|399,4
ORD-20261004-0532,04/10/2026 06:15,Varun,Desai,"delhi, delhi",Fashion|Leather Wallet|499,4
ORD-20261004-2087,2026-10-04 08:16:10,BHAVNA,Arora,"Kolkata, West Bengal",Home And Kitchen|Bedsheet Set|1499,4
ORD-20261004-1065,04/10/2026 20:51,Priya,shah,"  Delhi, Delhi ",Home And Kitchen|Wall Clock|649,1
ORD-20261004-2872,04/10/2026 12:17,tanvi,  Jain ,"vadodara, gujarat",,2
ORD-20261004-1002,04/10/2026 14:41,Krupa,parmar,"Pune, Maharashtra",Sports|Dumbbell Set|1899,3
ORD-20261004-3295,04-10-2026 07:56,yash,Vyas,"JAIPUR, RAJASTHAN",Fashion|Cotton Kurta|799,1
ORD-20261004-3747,04/10/2026 21:30,Ayaan,REDDY,"surat, gujarat",Fashion|Denim Jeans|1199, 1 
ORD-20261004-2493,2026-10-04 19:23:59,ishaan,kapoor,"Nagpur, Maharashtra",Fashion|Sunglasses|999, 1 
ORD-20261004-0465,04-10-2026 12:54,Swati,patil,"bengaluru, karnataka",Fashion|Sunglasses|999,2
ORD-20261004-2683,2026-10-04 22:26:32,REYANSH,bhatt,"Ahmedabad, Gujarat",Home And Kitchen|Steel Water Bottle|399,3
ORD-20261004-4781,04/10/2026 15:18,KHUSHI,Saxena,"hyderabad, telangana",Electronics|Bluetooth Speaker|1799,1
ORD-20261004-4098,04/10/2026 19:43,  Karan ,  Sinha ,"hyderabad, telangana",Home And Kitchen|Non Stick Pan|1099,3
ORD-20261004-1985,04/10/2026 19:26,Parth,Vyas,"Pune, Maharashtra",Fashion|Sunglasses|999,1
ORD-20261004-4110,04/10/2026 12:11,Bhavna,Parmar,"AHMEDABAD, GUJARAT",Home And Kitchen|Steel Water Bottle|399,1
ORD-20261004-3770,04/10/2026 11:16,Shreya,mehta,"Pune, Maharashtra",Fashion|Leather Wallet|499,2
ORD-20261004-2247,04/10/2026 22:54,Anjali,  Pandya ,"Mumbai, Maharashtra",Fashion|Running Shoes|2199,2
ORD-20261004-1571,04/10/2026 21:13,Sara,  Iyer ,"  Delhi, Delhi ",Fashion|Running Shoes|2199,5
ORD-20261004-1779,2026-10-04 20:33:04,Swati,  Trivedi ,"  Delhi, Delhi ",Fashion|Sunglasses|999,1
ORD-20261004-3116,04/10/2026 07:09,arjun,  Srivastava ,"Mumbai, Maharashtra",Fashion|Running Shoes|2199,1.0
ORD-20261004-2779,04/10/2026 22:33,Rohan,Chauhan,"BENGALURU, KARNATAKA",Sports|Football|799,1
ORD-20261004-3402,2026-10-04 08:09:37,Anika,menon,"nagpur, maharashtra",Home And Kitchen|Storage Box|299,1
ORD-20261004-0126,04/10/2026 20:17,  Hetal ,Pawar,"Hyderabad, Telangana",Home And Kitchen|Storage Box|299,1
ORD-20261004-3188,04/10/2026 16:36,SWATI,Malhotra,"hyderabad, telangana",Electronics|Smart Watch|2499,2
ORD-20261004-1396,2026-10-04 06:23:32,Dev,Parmar,"Delhi, Delhi",Home And Kitchen|Storage Box|299,3
,04/10/2026 15:57,Saanvi,Patil,"Surat, Gujarat",Beauty|Perfume|1299,1
ORD-20261004-1790,04/10/2026 14:01,rahul,Dubey,"  Jaipur, Rajasthan ",Sports|Cricket Bat|1599,
ORD-20261004-2128,2026-10-04 12:27:39,Divya,Rao,"chennai, tamil nadu",Electronics|Bluetooth Speaker|1799,1
ORD-20261004-2639,2026-10-04 11:54:37,Krupa,Jain,"Kolkata, West Bengal",Electronics|Wireless Earbuds|1299,1
ORD-20261004-3203,04/10/2026 20:49,  Atharv ,Trivedi,"Pune, Maharashtra",Home And Kitchen|Bedsheet Set|1499,1
ORD-20261004-2238,04/10/2026 17:28,navya,Srivastava,"Mumbai, Maharashtra",Home And Kitchen|Non Stick Pan|1099,1
ORD-20261004-3092,2026-10-04 15:45:22,SIMRAN,Patel,"MUMBAI, MAHARASHTRA",Fashion|Denim Jeans|1199,1
ORD-20261004-3943,2026-10-04 19:52:11,Komal,DESAI,"Hyderabad, Telangana",Sports|Football|799, 3 
ORD-20261004-2267,2026-10-04 20:58:39,yash,Thakkar,"Mumbai, Maharashtra",Electronics|Wireless Earbuds|1299,2
ORD-20261004-1466,2026-10-04 09:44:33,  Neel ,Pandya,"Bengaluru, Karnataka",Electronics|Bluetooth Speaker|1799,1
ORD-20261004-4124,2026-10-04 05:10:19,manish,Verma,"Chennai, Tamil Nadu",Electronics|Laptop Stand|749,1
ORD-20261004-1640,04/10/2026 13:39,anika,IYER,"bengaluru, karnataka",Fashion|Sunglasses|999,4
ORD-20261004-4837,2026-10-04 09:04:26,Sneha,Saxena,"  Chennai, Tamil Nadu ",Fashion|Cotton Kurta|799,2
ORD-20261004-0001,04/10/2026 11:06,PAYAL,Iyer,"Delhi, Delhi",Fashion|Leather Wallet|499,2
ORD-20261004-0997,04/10/2026 10:40,  Swati ,Desai,"pune, maharashtra",Beauty|Face Wash|249,2
ORD-20261004-2600,2026-10-04 11:25:28,Deepak,DUBEY,"Chennai, Tamil Nadu",Electronics|Wireless Earbuds|1299,1.0
ORD-20261004-4291,2026-10-04 18:15:44,reyansh,  Kapoor ,"Hyderabad, Telangana",Sports|Yoga Mat|699,3.0
ORD-20261004-3823,2026-10-04 19:19:11,saanvi,Vyas,"surat, gujarat",Fashion|Leather Wallet|499,5
ORD-20261004-1627,2026-10-04 20:35:37,saanvi,MALHOTRA,"Pune, Maharashtra",Electronics|Power Bank|899,3
ORD-20261004-1667,2026-10-04 10:16:31,Gaurav,Vyas,"COIMBATORE, TAMIL NADU",Beauty|Face Wash|249,1
ORD-20261004-1844,04-10-2026 16:52,Tanvi,Mehta,"Mysuru, Karnataka",Fashion|Denim Jeans|1199,1
ORD-20261004-0568,2026-10-04 20:21:53,payal,CHAUHAN,"delhi, delhi",Fashion|Cotton Kurta|799,3
ORD-20261004-3502,04-10-2026 21:04,  Vikas ,Patil,"Vadodara, Gujarat",Beauty|Face Wash|249,1
ORD-20261004-1308,2026-10-04 09:29:50,  Aadhya ,Das,"delhi, delhi",Electronics|Laptop Stand|749, 2 
ORD-20261004-0245,04/10/2026 12:21,  Vihaan ,Modi,"Pune, Maharashtra",Beauty|Lipstick|399,2
ORD-20261004-2009,2026-10-04 14:26:10,vivaan,Kumar,"Kolkata, West Bengal",Beauty|Hair Serum|549,1
ORD-20261004-3674,04/10/2026 20:36,Jay,Rao,"mumbai, maharashtra",Fashion|Running Shoes|2199,1
ORD-20261004-2344,04/10/2026 17:36,Khushi,rathod,"Mumbai, Maharashtra",Electronics|Wireless Earbuds|1299,1
ORD-20261004-3164,04/10/2026 00:40,pranav,Pandya,"Pune, Maharashtra",Fashion|Cotton Kurta|799,3
ORD-20261004-3082,04/10/2026 18:02,Shaurya,Sinha,"Delhi, Delhi",Electronics|Bluetooth Speaker|1799,2
ORD-20261004-4533,04/10/2026 07:33,Krupa,Sinha,"kolkata, west bengal",Beauty|Lipstick|399,1
ORD-20261004-2229,2026-10-04 19:27:41,Sara,Bansal,"Nagpur, Maharashtra",Electronics|Bluetooth Speaker|1799,-1
ORD-20261004-4823,04/10/2026 18:14,Sai,Bose,"  Bengaluru, Karnataka ",Fashion|Cotton Kurta|799,
ORD-20261004-1703,2026-10-04 17:42:30,DHWANI,Bhatt,"Pune, Maharashtra",Home And Kitchen|Storage Box|299,3
ORD-20261004-1416,04/10/2026 13:59,Karan,Rao,"Hyderabad, Telangana",Beauty|Face Wash|249,2
ORD-20261004-2558,2026-10-04 11:01:50,gaurav,Bansal,"kolkata, west bengal",Electronics|Power Bank|899,2.0
ORD-20261004-4801,04-10-2026 22:47,shreya,Nair,"Bengaluru, Karnataka",Fashion|Cotton Kurta|799,2
ORD-20261004-1742,04-10-2026 18:04,Rahul,Pandya,"  Vadodara, Gujarat ",Home And Kitchen|Steel Water Bottle|399,1
ORD-20261004-1181,04/10/2026 12:39,rudra,Yadav,"Bengaluru, Karnataka",Fashion|Denim Jeans|1199,2
ORD-20261004-3955,04/10/2026 18:21,DEEPAK,Arora,"Ahmedabad, Gujarat",Electronics|Power Bank|899,1.0
ORD-20261004-3524,2026-10-04 12:49:49,Dhruv,Dubey,"Nagpur, Maharashtra",Fashion|Sunglasses|999,4
ORD-20261004-1749,2026-10-04 20:15:26,,kumar,"  Jaipur, Rajasthan ",Electronics|Bluetooth Speaker|1799,1
ORD-20261004-4019,04/10/2026 15:20,Anjali,Kalavadia,"HYDERABAD, TELANGANA",Sports|Skipping Rope|199,1
ORD-20261004-0293,2026-10-04 07:50:01,VARUN,Tiwari,"mysuru, karnataka",Home And Kitchen|Steel Water Bottle|399,1
ORD-20261004-1599,04-10-2026 18:37,Sneha,Modi,"kolkata, west bengal",Fashion|Leather Wallet|499, 1 
ORD-20261004-4331,04/10/2026 16:33,Neel,sinha,"Ahmedabad, Gujarat",Fashion|Cotton Kurta|799,1
ORD-20261004-3550,2026-10-04 20:44:48,sai,Mehta,"hyderabad, telangana",Fashion|Sunglasses|999,2.0
ORD-20261004-3506,2026-10-04 22:31:44,ADITI,  Sinha ,"mumbai, maharashtra",Fashion|Cotton Kurta|799, 3 
ORD-20261004-0075,04-10-2026 07:57,Sneha,REDDY,"Mumbai, Maharashtra",Sports|Cricket Bat|1599,1
ORD-20261004-1186,2026-10-04 20:33:10,Jay,Mukherjee,"Mumbai, Maharashtra",Electronics|Power Bank|899,1
ORD-20261004-1052,04-10-2026 08:37,Varun,Vyas,"Bengaluru, Karnataka",Home And Kitchen|Non Stick Pan|1099,2
ORD-20261004-4022,2026-10-04 11:29:54,Harsh,Chaudhary,"Bengaluru, Karnataka",Beauty|Perfume|1299,4
ORD-20261004-1059,,  Rohan ,Saxena,"chennai, tamil nadu",Fashion|Cotton Kurta|799,1
ORD-20261004-1000,04/10/2026 07:47,  Vihaan ,Menon,"bengaluru, karnataka",Home And Kitchen|Bedsheet Set|1499,1
ORD-20261004-1986,04/10/2026 09:07,Janvi,Patil,"Nagpur, Maharashtra",Home And Kitchen|Bedsheet Set|1499,1
ORD-20261004-1981,04/10/2026 21:15,Yash,Nair,"Mumbai, Maharashtra",Electronics|Smart Watch|2499,1
ORD-20261004-1322,04/10/2026 23:24,Aryan,malhotra,"hyderabad, telangana",Beauty|Lipstick|399,1
ORD-20261004-3585,2026-10-04 07:24:17,Simran,srivastava,"DELHI, DELHI",Home And Kitchen|Storage Box|299,2
ORD-20261004-1692,2026-10-04 07:24:58,Saanvi,Das,"Vadodara, Gujarat",Electronics|Smart Watch|2499,1.0
ORD-20261004-2222,04/10/2026 23:37,  Rahul ,Modi,"surat, gujarat",Home And Kitchen|Steel Water Bottle|399,1
ORD-20261004-0815,04/10/2026 22:35,suresh,Bose,"  Jaipur, Rajasthan ",Fashion|Leather Wallet|499,1
ORD-20261004-1222,04/10/2026 21:15,Simran,Verma,"Kolkata, West Bengal",Home And Kitchen|Wall Clock|649,1
ORD-20261004-3787,2026-10-04 16:46:05,Om,  Mehta ,"VADODARA, GUJARAT",Electronics|Wireless Earbuds|1299,4
ORD-20261004-0879,04-10-2026 19:43,Sai,Joshi,"pune, maharashtra",Home And Kitchen|Storage Box|299,
ORD-20261004-4526,2026-10-04 20:29:19,Rajesh,Mehta,"Mumbai, Maharashtra",Sports|Yoga Mat|699,1
ORD-20261004-2527,04/10/2026 21:00,Pooja,  Gupta ,"Pune, Maharashtra",Fashion|Running Shoes|2199,1.0
ORD-20261004-4292,04/10/2026 10:03,pranav,Joshi,"Kolkata, West Bengal",Fashion|Running Shoes|2199,2
ORD-20261004-2347,04/10/2026 20:37,Varun,Tiwari,"Kolkata, West Bengal",Electronics|Power Bank|899,1
ORD-20261004-2215,2026-10-04 13:29:01,Shreya,Menon,"SURAT, GUJARAT",Beauty|Lipstick|399,1
ORD-20261004-1549,04/10/2026 11:50,Megha,Das,"Mumbai, Maharashtra",Sports|Cricket Bat|1599, 1 
ORD-20261004-2875,04/10/2026 12:51,RITU,  Trivedi ,"Coimbatore, Tamil Nadu",Electronics|Wireless Earbuds|1299,4
ORD-20261004-3330,2026-10-04 13:55:32,arjun,BHATT,"Surat, Gujarat",Sports|Football|799,3
ORD-20261004-0622,04-10-2026 10:42,ATHARV,thakkar,"Hyderabad, Telangana",Electronics|Power Bank|899,2
ORD-20261004-3732,04/10/2026 18:21,Sneha,menon,"Mumbai, Maharashtra",Electronics|Laptop Stand|749,1
ORD-20261004-4513,04/10/2026 19:45,Aarav,Thakkar,"PUNE, MAHARASHTRA",Sports|Cricket Bat|1599,5
ORD-20261004-0444,2026-10-04 10:36:28,aanya,Pillai,"  Mysuru, Karnataka ",Electronics|Smart Watch|2499,1
ORD-20261004-0181,04-10-2026 15:35,KAVYA,Thakkar,"delhi, delhi",Sports|Cricket Bat|1599,5
ORD-20261004-1722,2026-10-04 18:16:01,Varun,Malhotra,"Hyderabad, Telangana",Home And Kitchen|Storage Box|299,1
ORD-20261004-0531,04/10/2026 22:53,Vihaan,Pawar,"Mumbai, Maharashtra",Fashion|Leather Wallet|499,2.0
ORD-20261004-3207,04/10/2026 08:55,KRITI,  Trivedi ,N/A,Home And Kitchen|Wall Clock|649,1
ORD-20261004-2783,31/02/2026 10:54,  Sneha ,patil,"Kolkata, West Bengal",Electronics|Bluetooth Speaker|1799,2
ORD-20261004-1875,04-10-2026 17:20,Tushar,singh,"Chennai, Tamil Nadu",Home And Kitchen|Storage Box|299,4
ORD-20261004-2038,2026-10-04 21:13:51,Atharv,Shah,"MUMBAI, MAHARASHTRA",Sports|Skipping Rope|199, 1 
ORD-20261004-3928,04/10/2026 19:40,Tanvi,,"Kolkata, West Bengal",Electronics|Power Bank|899,1
ORD-20261004-1105,04-10-2026 18:30,Anjali,Parmar,"Kolkata, West Bengal",Fashion|Running Shoes|2199,1.0
ORD-20261004-1996,2026-10-04 17:38:08,Roshni,Bose,"bengaluru, karnataka",Home And Kitchen|Bedsheet Set|1499,0
ORD-20261004-0105,04-10-2026 01:15,Simran,Pandya,"Mumbai, Maharashtra",Home And Kitchen|Non Stick Pan|1099,1
ORD-20261004-4215,2026-10-04 21:42:51,Riya,Chopra,"Kolkata, West Bengal",Beauty|Sunscreen|449,1
ORD-20261004-3692,04/10/2026 20:06,nisha,Agarwal,"  Mumbai, Maharashtra ",Beauty|Perfume|1299,
ORD-20261004-4674,04/10/2026 10:10,Myra,YADAV,"Jaipur, Rajasthan",Sports|Football|799,1
ORD-20261004-2100,04/10/2026 13:49,nidhi,Pawar,"Pune, Maharashtra",Sports|Dumbbell Set|1899, 2 
ORD-20261004-2327,04/10/2026 19:03,neel,Sinha,"Ahmedabad, Gujarat",Fashion|Cotton Kurta|799, 1 
ORD-20261004-0366,2026-10-04 15:31:45,Advik,Dubey,"Delhi, Delhi",Sports|Skipping Rope|199,4
ORD-20261004-2856,04/10/2026 17:23,parth,pandya,"Kolkata, West Bengal",Fashion|Running Shoes|2199,3
ORD-20261004-3294,04/10/2026 09:36,pranav,  Kapoor ,"Surat, Gujarat",Beauty|Sunscreen|449,2
ORD-20261004-3425,2026-10-04 10:22:58,arjun,Shah,"DELHI, DELHI",Beauty|Perfume|1299, 2 
ORD-20261004-0054,2026-10-04 12:04:55,Vikas,  Pillai ,"  Surat, Gujarat ",Beauty|Perfume|1299,2
ORD-20261004-0881,2026-10-04 14:31:53,Dhruv,Chopra,"  Bengaluru, Karnataka ",Electronics|Bluetooth Speaker|1799,1
ORD-20261004-0945,04/10/2026 21:30,Roshni,Yadav,"Delhi, Delhi",Sports|Skipping Rope|199,
ORD-20261004-0099,2026-10-04 20:57:28,aryan,Pillai,"Mumbai, Maharashtra",Fashion|Sunglasses|999,3
ORD-20261004-0304,04-10-2026 18:04,NEHA,Sinha,,Fashion|Running Shoes|2199,3
ORD-20261004-2455,2026-10-04 05:02:56,pari,Ghosh,"Chennai, Tamil Nadu",Home And Kitchen|Steel Water Bottle|399,1
ORD-20261004-2203,04/10/2026 23:07,neha,Bose,"Delhi, Delhi",Home And Kitchen|Non Stick Pan|1099,1
ORD-20261004-2730,04/10/2026 12:32,Kavya,MALHOTRA,"KOLKATA, WEST BENGAL",Electronics|Wireless Earbuds|1299,2
ORD-20261004-2804,04/10/2026 13:18,Arjun,sharma,"CHENNAI, TAMIL NADU",Fashion|Leather Wallet|499,1
ORD-20261004-1513,2026-10-04 17:47:34,Nikhil,Kalavadia,"Mysuru, Karnataka",Sports|Football|799,2
ORD-20261004-4317,04/10/2026 22:06,Nidhi,Singh,"SURAT, GUJARAT",Electronics|Wireless Earbuds|1299,1
ORD-20261004-0718,04-10-2026 21:10,Mansi,  Kalavadia ,"Ahmedabad, Gujarat",Home And Kitchen|Storage Box|299,4
ORD-20261004-3190,04/10/2026 13:26,SARA,Arora,"mumbai, maharashtra",Sports|Cricket Bat|1599,1
ORD-20261004-1918,2026-10-04 02:29:59,Ayaan,PATEL,"mumbai, maharashtra",Home And Kitchen|Steel Water Bottle|399,4
ORD-20261004-0849,04/10/2026 18:39,Kriti,Dubey,"Delhi, Delhi",Fashion|Denim Jeans|1199,5
ORD-20261004-2025,2026-10-04 10:38:12,  Dhwani ,Mishra,"Jaipur, Rajasthan",Electronics|Bluetooth Speaker|1799,
ORD-20261004-4570,04/10/2026 18:29,Saanvi,Desai,"Ahmedabad, Gujarat",,4
ORD-20261004-4723,04/10/2026 11:36,riya,  Sinha ,"Jaipur, Rajasthan",Electronics|Power Bank|899,1
ORD-20261004-1202,N/A,deepak,Menon,"AHMEDABAD, GUJARAT",Beauty|Lipstick|399,2
ORD-20261004-0648,04-10-2026 09:56,Neel,Shah,"Coimbatore, Tamil Nadu",Fashion|Leather Wallet|499,1
ORD-20261004-1461,2026-10-04 21:29:51,harsh,  Singh ,"  Pune, Maharashtra ",Electronics|Laptop Stand|749,1
ORD-20261004-0786,04-10-2026 17:02,Arjun,Rao,"Surat, Gujarat",Home And Kitchen|Steel Water Bottle|399,5
ORD-20261004-3197,2026-10-04 14:23:07,Rajesh,Rathod,"  Delhi, Delhi ",Fashion|Sunglasses|999,1
ORD-20261004-0043,04/10/2026 07:06,Rudra,PARMAR,"  Kolkata, West Bengal ",Home And Kitchen|Wall Clock|649, 1 
ORD-20261004-3331,04/10/2026 22:46,Yash,Dubey,"Bengaluru, Karnataka",Electronics|Power Bank|899,4
ORD-20261004-4509,04/10/2026 01:29,Deepak,PATIL,"bengaluru, karnataka",Fashion|Sunglasses|999,2
ORD-20261004-0565,2026-10-04 21:05:41,Aanya,VERMA,"Mysuru, Karnataka",Home And Kitchen|Storage Box|299,1
ORD-20261004-2396,2026-10-04 22:28:06,  Shaurya ,Tiwari,"Delhi, Delhi",Fashion|Denim Jeans|1199,1
ORD-20261004-1656,04/10/2026 22:27,palak,modi,"Ahmedabad, Gujarat",Beauty|Face Wash|249,1
ORD-20261004-0667,04/10/2026 12:43,Palak,Rathod,"Delhi, Delhi",Beauty|Perfume|1299,5
ORD-20261004-2051,04/10/2026 23:04,PARI,Sinha,"Ahmedabad, Gujarat",Home And Kitchen|Non Stick Pan|1099,1
ORD-20261004-4038,2026-10-04 20:56:48,Kavya,DUBEY,"pune, maharashtra",Fashion|Leather Wallet|499,3
ORD-20261004-1255,2026-10-04 16:34:07,Pari,Dubey,"Jaipur, Rajasthan",Electronics|Smart Watch|2499,1
ORD-20261004-2367,2026-10-04 08:15:01,  Vikas ,KUMAR,"  Bengaluru, Karnataka ",Home And Kitchen|Steel Water Bottle|399,1
ORD-20261004-0028,04/10/2026 16:49,Suresh,Srivastava,"Kolkata, West Bengal",Fashion|Leather Wallet|499,1
ORD-20261004-3779,04-10-2026 14:09,Neha,vyas,"Surat, Gujarat",Beauty|Sunscreen|449,5
ORD-20261004-3690,04-10-2026 18:36,Palak,Pawar,"AHMEDABAD, GUJARAT",Electronics|Smart Watch|2499,4
ORD-20261004-2889,04-10-2026 17:20,Komal,trivedi,"Jaipur, Rajasthan",Fashion|Denim Jeans|1199,2
ORD-20261004-0930,2026-10-04 21:21:01,khushi,  Rathod ,,Fashion|Running Shoes|2199,2
ORD-20261004-0557,04/10/2026 21:12,Saanvi,Desai,"bengaluru, karnataka",,1
ORD-20261004-2289,2026-10-04 10:47:07,Pooja,Bhatt,"hyderabad, telangana",Fashion|Cotton Kurta|799,3
ORD-20261004-4501,2026-10-04 16:00:05,Aryan,Pillai,"BENGALURU, KARNATAKA",Beauty|Perfume|1299,1
ORD-20261004-3114,04-10-2026 21:37,Tushar,Dubey,"  Chennai, Tamil Nadu ",Electronics|Wireless Earbuds|1299,1
ORD-20261004-1708,04/10/2026 22:00,Om,Thakkar,"ahmedabad, gujarat",Beauty|Hair Serum|549,1
ORD-20261004-1733,2026-10-04 21:43:18,Ayaan,Patel,"jaipur, rajasthan",Home And Kitchen|Steel Water Bottle|399,2
ORD-20261004-2374,04/10/2026 18:45,Shreya,Shah,"Hyderabad, Telangana",Fashion|Denim Jeans|1199,1
ORD-20261004-4301,04/10/2026 16:23,ROHAN,  Gupta ,"Pune, Maharashtra",Home And Kitchen|Non Stick Pan|1099,1
ORD-20261004-1618,04/10/2026 10:45,Isha,Patel,"Jaipur, Rajasthan",Fashion|Sunglasses|999,1
ORD-20261004-3637,04/10/2026 12:14,Bhavna,pandya,"  Chennai, Tamil Nadu ",Home And Kitchen|Storage Box|299,1
ORD-20261004-3931,04-10-2026 07:54,krishna,  Modi ,"delhi, delhi",Fashion|Leather Wallet|499,5
ORD-20261004-1920,04/10/2026 20:07,varun,Joshi,"Coimbatore, Tamil Nadu",Fashion|Running Shoes|2199,2
ORD-20261004-3684,04/10/2026 20:17,Mihir,Modi,"Chennai, Tamil Nadu",Fashion|Sunglasses|999,-5
ORD-20261004-3312,2026-10-04 14:13:35,Aarav,Solanki,"BENGALURU, KARNATAKA",Fashion|Leather Wallet|499,2
ORD-20261004-2888,04/10/2026 11:57,Diya,Parmar,"Pune, Maharashtra",Home And Kitchen|Bedsheet Set|1499,4
ORD-20261004-3914,2026-10-04 02:46:56,amit,Bose,"  Ahmedabad, Gujarat ",,2
ORD-20261004-3498,04-10-2026 15:44,  Gaurav ,THAKKAR,"Kolkata, West Bengal",Fashion|Running Shoes|2199,2
ORD-20261004-4338,04-10-2026 21:46,Roshni,Khanna,"Jaipur, Rajasthan",Fashion|Denim Jeans|1199,1
ORD-20261004-4033,04/10/2026 12:15,Aadhya,  Dubey ,"  Mumbai, Maharashtra ",Fashion|Cotton Kurta|799,5
,04/10/2026 20:34,varun,Sinha,"Jaipur, Rajasthan",Home And Kitchen|Wall Clock|649,2
ORD-20261004-2205,04/10/2026 12:40,Sai,Trivedi,"Hyderabad, Telangana",Electronics|Wireless Earbuds|1299,3
ORD-20261004-1097,04/10/2026 14:16,Gaurav,kalavadia,"Delhi, Delhi",Beauty|Sunscreen|449,2
ORD-20261004-0281,,Navya,SAXENA,"  Ahmedabad, Gujarat ",Fashion|Leather Wallet|499,1
ORD-20261004-3396,30/02/2026 09:09,  Aarav ,Parmar,"Delhi, Delhi",Fashion|Leather Wallet|499,1
ORD-20261004-3018,04-10-2026 21:11,Mihir,Pandya,"AHMEDABAD, GUJARAT",Electronics|Laptop Stand|749,3
ORD-20261004-3463,2026-10-04 19:06:13,Tanvi,Patil,"HYDERABAD, TELANGANA",Fashion|Sunglasses|999,4
ORD-20261004-1572,2026-10-04 23:51:40,Dhruv,Patil,"MYSURU, KARNATAKA",Electronics|Wireless Earbuds|1299,1
ORD-20261004-0280,04/10/2026 12:38,  Sara ,  Saxena ,"  Kolkata, West Bengal ",Fashion|Running Shoes|2199,1
ORD-20261004-1403,04/10/2026 15:08,,yadav,"surat, gujarat",Home And Kitchen|Wall Clock|649,2
ORD-20261004-1479,2026-10-04 21:53:09,Kriti,Thakkar,"Mysuru, Karnataka",Sports|Dumbbell Set|1899, 3 
ORD-20261004-0077,04-10-2026 16:30,Dev,Arora,"MUMBAI, MAHARASHTRA",Fashion|Leather Wallet|499,2
ORD-20261004-1200,2026-10-04 02:20:42,Pranav,Sharma,"jaipur, rajasthan",Electronics|Wireless Earbuds|1299,1
ORD-20261004-2256,04/10/2026 22:52,Rudra,kulkarni,"  Bengaluru, Karnataka ",Home And Kitchen|Non Stick Pan|1099,1
ORD-20261004-1206,04/10/2026 14:42,  Khushi ,,"Hyderabad, Telangana",Electronics|Smart Watch|2499,1
ORD-20261004-1587,04-10-2026 12:13,Parth,pawar,"bengaluru, karnataka",Sports|Yoga Mat|699,3
ORD-20261004-1691,04/10/2026 11:09,Anjali,Bose,"Mumbai, Maharashtra",Fashion|Cotton Kurta|799,3
ORD-20261004-2613,04/10/2026 17:39,Reyansh,solanki,"Surat, Gujarat",Home And Kitchen|Bedsheet Set|1499,1
ORD-20261004-3231,2026-10-04 13:46:46,Jay,pawar,"Chennai, Tamil Nadu",Fashion|Leather Wallet|499,1
ORD-20261004-1652,04/10/2026 19:33,Neha,  Singh ,"Surat, Gujarat",Home And Kitchen|Non Stick Pan|1099,1
ORD-20261004-2568,04/10/2026 21:32,Anika,Kumar,"  Surat, Gujarat ",Electronics|Power Bank|899,1
ORD-20261004-3668,2026-10-04 13:51:16,Kunal,Sharma,"Mysuru, Karnataka",Sports|Dumbbell Set|1899,1
ORD-20261004-4030,2026-10-04 21:30:09,Parth,Pandya,"Hyderabad, Telangana",Fashion|Leather Wallet|499,1
ORD-20261004-0006,04/10/2026 06:59,Tanvi,  Trivedi ,"Bengaluru, Karnataka",Sports|Yoga Mat|699,1
ORD-20261004-0960,2026-10-04 20:49:02,  Priya ,BHATT,"Hyderabad, Telangana",Electronics|Laptop Stand|749,1
ORD-20261004-0149,04/10/2026 21:45,neha,Arora,"Mumbai, Maharashtra",Beauty|Perfume|1299,2
ORD-20261004-4218,2026-10-04 20:41:53,DIYA,  Joshi ,"kolkata, west bengal",Electronics|Smart Watch|2499,2
ORD-20261004-1221,04-10-2026 07:24,Rajesh,menon,"HYDERABAD, TELANGANA",Sports|Dumbbell Set|1899,1
ORD-20261004-3912,04/10/2026 18:47,Aryan,  Pawar ,"Nagpur, Maharashtra",Electronics|Smart Watch|2499,-2
ORD-20261004-2445,04/10/2026 22:20,jay,Pawar,"Chennai, Tamil Nadu",Home And Kitchen|Bedsheet Set|1499,1
ORD-20261004-2669,2026-10-04 18:15:56,  Kunal ,Trivedi,"bengaluru, karnataka",Electronics|Wireless Earbuds|1299,1
ORD-20261004-0477,04/10/2026 13:29,SIMRAN,KALAVADIA,"Mumbai, Maharashtra",Sports|Football|799,4
ORD-20261004-3105,2026-10-04 14:56:50,Aanya,  Trivedi ,,Electronics|Bluetooth Speaker|1799,2
ORD-20261004-0746,04/10/2026 21:05,saanvi,Solanki,"Lucknow, Uttar Pradesh",Fashion|Cotton Kurta|799,1
ORD-20261004-0119,04/10/2026 12:07,Aryan,Pandya,"Mumbai, Maharashtra",Home And Kitchen|Non Stick Pan|1099,1
ORD-20261004-1631,04-10-2026 21:21,Advik,Srivastava,"Hyderabad, Telangana",Fashion|Leather Wallet|499,4
ORD-20261004-1363,04/10/2026 17:35,PAYAL,Sharma,"Kolkata, West Bengal",Fashion|Denim Jeans|1199,1
ORD-20261004-4430,04-10-2026 14:19,Komal,Sinha,"Pune, Maharashtra",Sports|Yoga Mat|699,1
ORD-20261004-2813,2026-10-04 14:36:04,Megha,Thakkar,"  Mumbai, Maharashtra ",Fashion|Cotton Kurta|799, 3 
ORD-20261004-1043,04/10/2026 20:11,  Sneha ,parmar,"Pune, Maharashtra",Fashion|Cotton Kurta|799,1
ORD-20261004-3736,04-10-2026 13:14,  Karan ,  Saxena ,"PUNE, MAHARASHTRA",Electronics|Laptop Stand|749,4
ORD-20261004-0707,2026-10-04 20:06:18,Ishaan,Verma,"Lucknow, Uttar Pradesh",Beauty|Lipstick|399,2
ORD-20261004-3010,04/10/2026 21:59,Vikas,Parmar,"Jaipur, Rajasthan",Fashion|Sunglasses|999, 3 
ORD-20261004-3348,04/10/2026 19:32,Dhwani,chaudhary,"  Mumbai, Maharashtra ",Electronics|Wireless Earbuds|1299,2
ORD-20261004-4703,,Harsh,  Kumar ,"Chennai, Tamil Nadu",Electronics|Bluetooth Speaker|1799,2
ORD-20261004-2899,2026-10-04 14:12:57,Pari,Mehta,"  Mumbai, Maharashtra ",Beauty|Hair Serum|549,1
ORD-20261004-1898,04/10/2026 20:06,ananya,sinha,"Vadodara, Gujarat",Sports|Dumbbell Set|1899,2
ORD-20261004-2279,04/10/2026 15:06,Komal,Bhatt,"chennai, tamil nadu",Home And Kitchen|Steel Water Bottle|399,1
ORD-20261004-2672,2026-10-04 08:14:28,amit,iyer,"Delhi, Delhi",Home And Kitchen|Non Stick Pan|1099,5
ORD-20261004-0299,04/10/2026 12:58,Anika,Menon,"nagpur, maharashtra",Electronics|Smart Watch|2499,1
ORD-20261004-3565,04/10/2026 17:38,divya,Arora,"Bengaluru, Karnataka",Home And Kitchen|Steel Water Bottle|399,1
ORD-20261004-2814,04/10/2026 12:59,  Rudra ,Das,"Pune, Maharashtra",Fashion|Sunglasses|999,1
ORD-20261004-0524,04-10-2026 19:13,Karan,Rao,"mumbai, maharashtra",Sports|Yoga Mat|699,2
ORD-20261004-2928,04/10/2026 10:31,payal,  Shah ,"bengaluru, karnataka",Beauty|Face Wash|249,3
ORD-20261004-4810,2026-10-04 21:51:56,Hetal,Ghosh,"Vadodara, Gujarat",Sports|Football|799,3
ORD-20261004-2856,04/10/2026 17:23,parth,pandya,"Kolkata, West Bengal",Fashion|Running Shoes|2199,3
ORD-20261004-0947,2026-10-04 18:25:45,komal,Joshi,"  Coimbatore, Tamil Nadu ",Beauty|Perfume|1299,3
ORD-20261004-2740,04/10/2026 09:58,Suresh,Desai,"Delhi, Delhi",Electronics|Laptop Stand|749,1
ORD-20261004-3227,04/10/2026 17:43,vivaan,kalavadia,"Vadodara, Gujarat",Electronics|Smart Watch|2499,6
ORD-20261004-0356,2026-10-04 22:20:52,nidhi,Gupta,"Chennai, Tamil Nadu",Electronics|Laptop Stand|749,3
ORD-20261004-2210,04/10/2026 12:12,Myra,Bansal,"Nagpur, Maharashtra",Beauty|Face Wash|249,1
ORD-20261004-2691,2026-10-04 20:53:19,Shaurya,ghosh,"delhi, delhi",Fashion|Denim Jeans|1199,1
ORD-20261004-0051,04/10/2026 10:32,null,Mishra,"  Ahmedabad, Gujarat ",Sports|Football|799, 1 
ORD-20261004-3980,2026-10-04 14:09:49,SAI,VERMA,"Mumbai, Maharashtra",Electronics|Smart Watch|2499,1
ORD-20261004-0198,30/02/2026 22:09,Advik,Verma,"MYSURU, KARNATAKA",Fashion|Cotton Kurta|799,4
ORD-20261004-1229,04-10-2026 11:41,Myra,Agarwal,"Kolkata, West Bengal",Sports|Football|799,4
ORD-20261004-0370,04/10/2026 19:33,vivaan,gupta,"chennai, tamil nadu",Electronics|Wireless Earbuds|1299,1
ORD-20261004-0190,04-10-2026 08:10,  Amit ,Iyer,"Bengaluru, Karnataka",Electronics|Smart Watch|2499,2
ORD-20261004-1240,04/10/2026 12:59,Pranav,Chaudhary,"Pune, Maharashtra",Beauty|Hair Serum|549,
ORD-20261004-3012,04/10/2026 18:26,  Atharv ,Chauhan,"surat, gujarat",Sports|Cricket Bat|1599,2
ORD-20261004-3237,2026-10-04 23:27:06,Ritu,reddy,"Bengaluru, Karnataka",Home And Kitchen|Wall Clock|649,5
ORD-20261004-1316,04/10/2026 21:54,  Ritu ,Thakkar,"MYSURU, KARNATAKA",Electronics|Wireless Earbuds|1299,3
ORD-20261004-3437,04/10/2026 21:36,aarav,KHANNA,"Bengaluru, Karnataka",Electronics|Wireless Earbuds|1299,1
ORD-20261004-1752,04/10/2026 12:12,KARAN,KALAVADIA,"Surat, Gujarat",Fashion|Leather Wallet|499,1
ORD-20261004-0358,04/10/2026 19:51,Myra,Dubey,"bengaluru, karnataka",Fashion|Denim Jeans|1199,
ORD-20261004-2324,2026-10-04 14:44:59,Nisha,Kulkarni,"Ahmedabad, Gujarat",Home And Kitchen|Non Stick Pan|1099,1
ORD-20261004-3400,2026-10-04 20:01:22,Anika,shah,"pune, maharashtra",Sports|Yoga Mat|699,3
ORD-20261004-4788,04-10-2026 13:35,Tushar,gupta,"mumbai, maharashtra",Home And Kitchen|Storage Box|299,1
ORD-20261004-1392,04/10/2026 23:53,rajesh,verma,"Kolkata, West Bengal",Electronics|Power Bank|899, 2 
ORD-20261004-1767,04/10/2026 14:21,VIKAS,Jain,"Bengaluru, Karnataka",Fashion|Running Shoes|2199,-2
ORD-20261004-4212,2026-10-04 19:53:44,Aryan,Patel,"Chennai, Tamil Nadu",Fashion|Cotton Kurta|799,5
ORD-20261004-4580,04/10/2026 20:48,Rahul,Mukherjee,"Chennai, Tamil Nadu",Beauty|Lipstick|399,1
ORD-20261004-4268,2026-10-04 09:07:17,krupa,Jain,"Ahmedabad, Gujarat",Electronics|Smart Watch|2499,1
ORD-20261004-1130,04/10/2026 18:58,mansi,Agarwal,"Delhi, Delhi",Fashion|Running Shoes|2199,5
ORD-20261004-3106,2026-10-04 10:29:10,Sneha,Pandya,"Kolkata, West Bengal",Sports|Yoga Mat|699,4
ORD-20261004-2411,2026-10-04 19:27:15,SIMRAN,pandya,"PUNE, MAHARASHTRA",Sports|Football|799,2
ORD-20261004-3307,04/10/2026 22:30,Sara,Chopra,"Lucknow, Uttar Pradesh",Electronics|Power Bank|899,1
ORD-20261004-2077,04/10/2026 11:40,Vikas,ghosh,,Sports|Dumbbell Set|1899,2
ORD-20261004-0289,04/10/2026 19:16,om,Pandya,"Delhi, Delhi",Electronics|Laptop Stand|749,2
ORD-20261004-3536,04/10/2026 17:27,komal,iyer,"Pune, Maharashtra",Fashion|Denim Jeans|1199,1
ORD-20261004-2050,04/10/2026 19:16,Riya,pandya,"  Mumbai, Maharashtra ",Electronics|Laptop Stand|749,
ORD-20261004-2292,2026-10-04 22:54:26,Pooja,Menon,"Delhi, Delhi",Fashion|Sunglasses|999,1
ORD-20261004-3680,04/10/2026 18:43,Janvi,Chauhan,"Delhi, Delhi",Sports|Cricket Bat|1599,3
ORD-20261004-4401,04/10/2026 16:38,Payal,mishra,"AHMEDABAD, GUJARAT",Fashion|Denim Jeans|1199,3.0
ORD-20261004-1134,N/A,Saanvi,Dubey,"Pune, Maharashtra",Electronics|Laptop Stand|749,1
ORD-20261004-0250,04/10/2026 11:53,Priya,RAO,"Delhi, Delhi",Electronics|Laptop Stand|749,1
ORD-20261004-1123,04/10/2026 13:32,myra,vyas,"BENGALURU, KARNATAKA",Fashion|Cotton Kurta|799,2
ORD-20261004-1974,2026-10-04 14:40:23,kunal,bansal,"Hyderabad, Telangana",Home And Kitchen|Wall Clock|649,1
ORD-20261004-4531,04-10-2026 12:09,Megha,Thakkar,"mumbai, maharashtra",Fashion|Sunglasses|999,2
ORD-20261004-1838,04-10-2026 14:13,Megha,Tiwari,"Mumbai, Maharashtra",Electronics|Laptop Stand|749,2
ORD-20261004-3888,2026-10-04 09:09:26,Rudra,Jain,"Mumbai, Maharashtra",Home And Kitchen|Non Stick Pan|1099,3
ORD-20261004-1220,04-10-2026 15:09,Aditi,Ghosh,"Coimbatore, Tamil Nadu",Fashion|Sunglasses|999,3
ORD-20261004-2410,2026-10-04 16:06:28,Neha,Vyas,"Vadodara, Gujarat",Fashion|Sunglasses|999,1.0
ORD-20261004-4234,04/10/2026 19:19,rohan,Pawar,"Chennai, Tamil Nadu",Sports|Dumbbell Set|1899,1
ORD-20261004-3933,04/10/2026 19:10,dev,jain,"Coimbatore, Tamil Nadu",Home And Kitchen|Wall Clock|649,3
ORD-20261004-1909,2026-10-04 17:33:55,Tushar,Pawar,"mumbai, maharashtra",Electronics|Wireless Earbuds|1299,1
ORD-20261004-3669,04/10/2026 18:50,Anjali,Pawar,"Ahmedabad, Gujarat",Fashion|Leather Wallet|499,2
ORD-20261004-1356,2026-10-04 16:33:21,Rohan,  Reddy ,"Mumbai, Maharashtra",Home And Kitchen|Bedsheet Set|1499,2.0
ORD-20261004-4182,2026-10-04 13:56:03,vihaan,KULKARNI,"  Hyderabad, Telangana ",Fashion|Denim Jeans|1199,5
ORD-20261004-0323,04/10/2026 15:58,Janvi,ARORA,"Kolkata, West Bengal",Electronics|Smart Watch|2499,1
ORD-20261004-1769,2026-10-04 19:27:08,Kabir,Pandya,"Chennai, Tamil Nadu",Fashion|Leather Wallet|499,3
ORD-20261004-1269,04/10/2026 21:46,Palak,KUMAR,"kolkata, west bengal",Electronics|Bluetooth Speaker|1799, 3 
ORD-20261004-2807,04-10-2026 12:12,Amit,,"Bengaluru, Karnataka",Beauty|Perfume|1299,2
ORD-20261004-2130,04/10/2026 22:39,ANJALI,Kapoor,"Delhi, Delhi",Home And Kitchen|Non Stick Pan|1099,2
ORD-20261004-3414,04-10-2026 11:09,Aryan,kulkarni,"Vadodara, Gujarat",Home And Kitchen|Bedsheet Set|1499,3
ORD-20261004-0369,04/10/2026 03:49,VIVAAN,Mukherjee,"Jaipur, Rajasthan",Beauty|Lipstick|399,5
ORD-20261004-0451,04/10/2026 13:00,  Kunal ,bansal,"Hyderabad, Telangana",Home And Kitchen|Bedsheet Set|1499, 3 
ORD-20261004-0927,04-10-2026 22:12,Ayaan,Arora,"Bengaluru, Karnataka",Electronics|Wireless Earbuds|1299,2
ORD-20261004-3353,04/10/2026 14:04,Dhruv,  Sinha ,"BENGALURU, KARNATAKA",Electronics|Bluetooth Speaker|1799,2
ORD-20261004-0872,2026-10-04 11:07:01,Varun,Kalavadia,"Chennai, Tamil Nadu",Electronics|Power Bank|899,1
ORD-20261004-4473,04/10/2026 10:21,Aditya,mishra,,Fashion|Leather Wallet|499,1
ORD-20261004-4443,04/10/2026 21:31,  Priya ,Kumar,"Bengaluru, Karnataka",Beauty|Hair Serum|549,3
ORD-20261004-3035,04/10/2026 19:54,Advik,CHAUDHARY,"Mumbai, Maharashtra",Electronics|Smart Watch|2499,1
ORD-20261004-2436,04/10/2026 09:12,,bose,"Nagpur, Maharashtra",Fashion|Denim Jeans|1199,1
ORD-20261004-2634,04/10/2026 18:37,Vikas,  Vyas ,"Hyderabad, Telangana",Beauty|Face Wash|249,1
ORD-20261004-0078,04/10/2026 17:52,null,bose,"Lucknow, Uttar Pradesh",Home And Kitchen|Storage Box|299,3
ORD-20261004-4786,2026-10-04 12:26:59,Anika,  Singh ,"Chennai, Tamil Nadu",Fashion|Denim Jeans|1199,2
ORD-20261004-4452,2026-10-04 12:30:07,Vivaan,Menon,"Jaipur, Rajasthan",Fashion|Denim Jeans|1199,1
ORD-20261004-0553,04/10/2026 05:16,Vihaan,  Vyas ,"COIMBATORE, TAMIL NADU",Beauty|Face Wash|249,1
ORD-20261004-1257,2026-10-04 17:46:44,nidhi,saxena,"Jaipur, Rajasthan",Electronics|Smart Watch|2499,1
ORD-20261004-4164,04-10-2026 23:27,,Rathod,"Jaipur, Rajasthan",Beauty|Face Wash|249,2
ORD-20261004-1313,2026-10-04 11:40:09,KHUSHI,Desai,"LUCKNOW, UTTAR PRADESH",Electronics|Laptop Stand|749,1
ORD-20261004-0383,2026-10-04 11:52:47,Manish,Bose,"Ahmedabad, Gujarat",Fashion|Sunglasses|999,1
ORD-20261004-3480,04/10/2026 11:16,Vikas,Modi,"  Delhi, Delhi ",Fashion|Running Shoes|2199, 2 
ORD-20261004-2271,04/10/2026 13:53,PARI,Solanki,"  Bengaluru, Karnataka ",Beauty|Lipstick|399,1
ORD-20261004-1440,2026-10-04 23:36:27,Tushar,  Yadav ,"  Lucknow, Uttar Pradesh ",Fashion|Cotton Kurta|799,1
ORD-20261004-0895,04-10-2026 13:25,Varun,SAXENA,"mumbai, maharashtra",Beauty|Sunscreen|449,2
ORD-20261004-0420,04/10/2026 19:47,  Kriti ,tiwari,"Vadodara, Gujarat",Sports|Skipping Rope|199,3
ORD-20261004-0634,2026-10-04 23:50:47,  Janvi ,shah,"Mysuru, Karnataka",Beauty|Lipstick|399,2
ORD-20261004-1270,2026-10-04 06:00:27,Mansi,Singh,"Bengaluru, Karnataka",Fashion|Running Shoes|2199,1
ORD-20261004-2397,2026-10-04 13:37:30,Kunal,,"Ahmedabad, Gujarat",Fashion|Running Shoes|2199,5
ORD-20261004-1682,04/10/2026 19:58,  Priya ,mishra,"Delhi, Delhi",Fashion|Sunglasses|999,1
ORD-20261004-1780,04/10/2026 07:48,Nikhil,Sinha,"Bengaluru, Karnataka",Beauty|Face Wash|249,3.0
ORD-20261004-1565,04/10/2062 19:09,Mansi,Pawar,"Kolkata, West Bengal",Fashion|Sunglasses|999,2.0
ORD-20261004-3621,04-10-2026 13:34,Nidhi,Chauhan,"hyderabad, telangana",Fashion|Sunglasses|999,2
ORD-20261004-0137,2026-10-04 21:38:35,pari,pillai,"mumbai, maharashtra",Home And Kitchen|Bedsheet Set|1499,1
ORD-20261004-3086,04/10/2026 08:34,Neel,Khanna,"nagpur, maharashtra",Home And Kitchen|Bedsheet Set|1499,1
ORD-20261004-2754,04-10-2026 23:04,  Suresh ,Pawar,"Chennai, Tamil Nadu",Fashion|Denim Jeans|1199,1
ORD-20261004-2192,04/10/2026 14:14,Isha,Thakkar,"Delhi, Delhi",Fashion|Leather Wallet|499,2
ORD-20261004-4270,04/10/2026 19:18,JAY,SINHA,"  Nagpur, Maharashtra ",Fashion|Denim Jeans|1199,2
ORD-20261004-0314,04/10/2026 00:58,  Suresh ,  Dubey ,"lucknow, uttar pradesh",Home And Kitchen|Storage Box|299,5
ORD-20261004-0197,04/10/2026 20:51,Mansi,Pandya,"Pune, Maharashtra",Sports|Football|799,2
ORD-20261004-0642,04-10-2026 13:09,Rudra,  Rao ,"Surat, Gujarat",Sports|Skipping Rope|199,1
ORD-20261004-4224,04/10/2026 10:27,deepak,mishra,,Fashion|Leather Wallet|499,3
ORD-20261004-3738,04/10/2026 10:08,Sai,Agarwal,"  Nagpur, Maharashtra ",Home And Kitchen|Steel Water Bottle|399,3
ORD-20261004-1481,04-10-2026 20:45,Ananya,Patil,"Bengaluru, Karnataka",Electronics|Power Bank|899,1
ORD-20261004-1997,04/10/2026 15:05,Komal,Reddy,"Delhi, Delhi",Home And Kitchen|Wall Clock|649,2
ORD-20261004-3586,04-10-2026 16:44,Tanvi,Vyas,"Mumbai, Maharashtra",Fashion|Sunglasses|999,1
ORD-20261004-3316,2026-10-04 22:26:16,Krishna,DAS,"Kolkata, West Bengal",Home And Kitchen|Non Stick Pan|1099,2.0
ORD-20261004-4332,04/10/2026 13:40,Tanvi,Agarwal,"Surat, Gujarat",Beauty|Hair Serum|549,1
ORD-20261004-0376,04/10/2026 11:42,karan,Das,"kolkata, west bengal",Beauty|Sunscreen|449,1
ORD-20261004-4067,04-10-2026 13:31,Vikas,dubey,"Lucknow, Uttar Pradesh",Fashion|Denim Jeans|1199,3
ORD-20261004-4161,2026-10-04 20:14:37,Rudra,chopra,"Ahmedabad, Gujarat",Electronics|Bluetooth Speaker|1799,1
ORD-20261004-0351,04-10-2026 21:19,ADVIK,Sharma,"Coimbatore, Tamil Nadu",Electronics|Wireless Earbuds|1299,2
ORD-20261004-0208,04/10/2026 21:39,Gaurav,Kumar,"mumbai, maharashtra",Fashion|Denim Jeans|1199,1
ORD-20261004-0934,2026-10-04 15:56:20,om,  Singh ,"Mumbai, Maharashtra",Electronics|Smart Watch|2499,2
ORD-20261004-4380,04/10/2026 17:56,Kavya,Kalavadia,"Delhi, Delhi",Home And Kitchen|Wall Clock|649,1
ORD-20261004-2966,04/10/2026 14:31,Anika,Sinha,"Bengaluru, Karnataka",Beauty|Lipstick|399, 2 
ORD-20261004-2612,04-10-2026 12:46,Karan,Ghosh,"vadodara, gujarat",Home And Kitchen|Steel Water Bottle|399,5
ORD-20261004-4383,04/10/2026 20:25,bhavna,Kalavadia,"Bengaluru, Karnataka",Beauty|Perfume|1299,1
ORD-20261004-2644,04/10/2026 12:49,Sai,  Sinha ,"chennai, tamil nadu",Fashion|Running Shoes|2199,1
ORD-20261004-1811,04/10/2026 11:28,Neel,BANSAL,"Delhi, Delhi",Home And Kitchen|Storage Box|299,2
ORD-20261004-2184,04/10/2026 15:51,Rajesh,kumar,"Mumbai, Maharashtra",Sports|Dumbbell Set|1899,1
ORD-20261004-4069,2026-10-04 13:54:26,Anjali,  Arora ,"Pune, Maharashtra",Fashion|Denim Jeans|1199,1
ORD-20261004-2894,04/10/2026 22:05,yash,modi,"kolkata, west bengal",Sports|Football|799,2
ORD-20261004-1170,04/10/2026 09:09,,Arora,"surat, gujarat",Sports|Skipping Rope|199,3
ORD-20261004-2560,04/10/2026 23:11,Rudra,Modi,"Surat, Gujarat",Beauty|Perfume|1299,1
ORD-20261004-1575,04/10/2026 19:13,SIMRAN,Bansal,"Kolkata, West Bengal",Electronics|Wireless Earbuds|1299,1
ORD-20261004-1236,04/10/2026 14:08,krishna,malhotra,"jaipur, rajasthan",Fashion|Denim Jeans|1199,2
ORD-20261004-1204,04/10/2026 12:43,isha,kalavadia,"Jaipur, Rajasthan",Electronics|Power Bank|899,1
ORD-20261004-1725,04/10/2026 01:33,VIHAAN,Nair,"kolkata, west bengal",Home And Kitchen|Non Stick Pan|1099, 1 
ORD-20261004-2853,2026-10-04 21:12:06,Swati,trivedi,"Delhi, Delhi",Sports|Dumbbell Set|1899,2
ORD-20261004-2169,04-10-2026 00:59,SHREYA,Sharma,"Hyderabad, Telangana",Fashion|Running Shoes|2199,1
ORD-20261004-2879,04/10/2026 07:59,Krupa,,"delhi, delhi",Sports|Yoga Mat|699,1.0
ORD-20261004-2268,04-10-2026 12:35,  Jay ,Pawar,"Chennai, Tamil Nadu",Electronics|Bluetooth Speaker|1799, 2 
ORD-20261004-0683,04/10/2026 19:22,KARAN,CHAUHAN,"Ahmedabad, Gujarat",Beauty|Lipstick|399,5
ORD-20261004-2666,04/10/2026 17:38,Krupa,Gupta,"Nagpur, Maharashtra",Sports|Skipping Rope|199,1
ORD-20261004-4303,04/10/2026 23:54,Nidhi,yadav,"coimbatore, tamil nadu",Electronics|Smart Watch|2499,1
ORD-20261004-3561,04/10/2026 11:59,Swati,patel,"Hyderabad, Telangana",Sports|Football|799,1
ORD-20261004-3908,04/10/2026 12:30,Aditya,Khanna,"Mumbai, Maharashtra",Sports|Cricket Bat|1599,1
ORD-20261004-0489,04/10/2026 10:16,  Nikhil ,bhatt,"Coimbatore, Tamil Nadu",Beauty|Face Wash|249,1
ORD-20261004-2008,04/10/2026 12:27,Neel,  Pandya ,"Bengaluru, Karnataka",Home And Kitchen|Wall Clock|649,2
ORD-20261004-2595,04/10/2026 08:49,deepak,Yadav,"Chennai, Tamil Nadu",Sports|Skipping Rope|199,
ORD-20261004-3921,04/10/2026 19:21,kriti,nair,"Nagpur, Maharashtra",Fashion|Leather Wallet|499,3
ORD-20261004-4135,04/10/2026 13:49,Pranav,Pawar,"Mysuru, Karnataka",Fashion|Running Shoes|2199,4
ORD-20261004-1873,2026-10-04 17:38:04,kriti,Srivastava,"Mumbai, Maharashtra",Sports|Football|799,1
ORD-20261004-3614,04/10/2026 19:50,palak,Yadav,"pune, maharashtra",Sports|Cricket Bat|1599,1
ORD-20261004-4050,04-10-2026 17:06,Dhruv,Trivedi,"delhi, delhi",Sports|Dumbbell Set|1899,1
ORD-20261004-0870,04-10-2026 21:30,kriti,  Chaudhary ,"HYDERABAD, TELANGANA",Fashion|Cotton Kurta|799,1
ORD-20261004-2794,2026-10-04 12:00:29,ritu,Agarwal,"Hyderabad, Telangana",Electronics|Smart Watch|2499,2
ORD-20261004-1029,2026-10-04 20:39:45,palak,Dubey,"Mumbai, Maharashtra",Beauty|Hair Serum|549,2
ORD-20261004-2449,2026-10-04 13:17:30,SWATI,Pandya,"jaipur, rajasthan",Electronics|Smart Watch|2499,1
ORD-20261004-2559,2026-10-04 11:52:14,deepak,Thakkar,"Delhi, Delhi",Fashion|Sunglasses|999,1
ORD-20261004-4776,2026-10-04 16:37:42,Kriti,Parmar,"Ahmedabad, Gujarat",Sports|Football|799,1
ORD-20261004-1519,04/10/2026 19:50,mansi,das,"Mumbai, Maharashtra",Fashion|Leather Wallet|499,2
ORD-20261004-1446,2026-10-04 10:45:22,deepak,  Reddy ,"  Hyderabad, Telangana ",Fashion|Leather Wallet|499,1
ORD-20261004-1877,2026-10-04 08:00:21,Yash,THAKKAR,"Mumbai, Maharashtra",Home And Kitchen|Storage Box|299,2
ORD-20261004-1331,2026-10-04 17:45:01,Vihaan,  Sharma ,"Mumbai, Maharashtra",Fashion|Denim Jeans|1199,1
ORD-20261004-2123,04/10/2026 10:35,Arjun,Sharma,"Chennai, Tamil Nadu",Beauty|Lipstick|399,1
ORD-20261004-0939,04/10/2026 15:21,Tanvi,Bose,"Vadodara, Gujarat",Fashion|Leather Wallet|499,3
ORD-20261004-3953,04/10/2026 21:53,  Vikas ,modi,"DELHI, DELHI",Home And Kitchen|Wall Clock|649,2
ORD-20261004-2004,04/10/2026 11:29,Nidhi,patel,"Bengaluru, Karnataka",Fashion|Leather Wallet|499,4
ORD-20261004-1413,N/A,  Kunal ,bose,"  Delhi, Delhi ",Electronics|Smart Watch|2499,1
ORD-20261004-4606,04/10/2026 02:32,rahul,sharma,"delhi, delhi",Sports|Cricket Bat|1599,1
ORD-20261004-3678,04/10/2026 18:03,  Roshni ,SRIVASTAVA,"mumbai, maharashtra",Sports|Football|799,2
ORD-20261004-1298,04/10/2026 12:28,RITU,rathod,"Kolkata, West Bengal",Electronics|Power Bank|899,3
ORD-20261004-4244,04-10-2026 19:39,Aryan,Mukherjee,"Mumbai, Maharashtra",Sports|Yoga Mat|699,0
ORD-20261004-2585,04/10/2026 22:03,Kavya,Agarwal,"Hyderabad, Telangana",Electronics|Bluetooth Speaker|1799,2
ORD-20261004-2460,04-10-2026 20:01,Advik,Arora,"Bengaluru, Karnataka",Electronics|Smart Watch|2499,2
ORD-20261004-3397,04/10/2026 21:02,  Anika ,sinha,"NAGPUR, MAHARASHTRA",Beauty|Hair Serum|549,1
ORD-20261004-0413,2026-10-04 18:01:26,  Rudra ,  Das ,"Chennai, Tamil Nadu",Sports|Cricket Bat|1599,1
ORD-20261004-2565,04/10/2026 19:04,simran,mukherjee,"  Pune, Maharashtra ",Electronics|Wireless Earbuds|1299,1
ORD-20261004-1569,2026-10-04 13:53:10,rajesh,verma,"Kolkata, West Bengal",Fashion|Leather Wallet|499,1.0
ORD-20261004-4563,04-10-2026 12:25,Kavya,chaudhary,,Electronics|Bluetooth Speaker|1799,
ORD-20261004-1464,04-10-2026 00:20,Rudra,Kapoor,"  Mysuru, Karnataka ",Fashion|Running Shoes|2199,2
ORD-20261004-0999,04/10/2026 21:12,Ritu,Nair,"Delhi, Delhi",Electronics|Power Bank|899,1
ORD-20261004-2671,N/A,Payal,Mishra,"lucknow, uttar pradesh",Home And Kitchen|Wall Clock|649,2
ORD-20261004-3924,04/10/2026 14:50,divya,Dubey,"AHMEDABAD, GUJARAT",Fashion|Denim Jeans|1199,1.0
ORD-20261004-4848,04/10/2026 11:42,sara,Joshi,"Ahmedabad, Gujarat",Home And Kitchen|Steel Water Bottle|399,1
ORD-20261004-1651,04-10-2026 15:39,rudra,Rao,"Surat, Gujarat",Electronics|Smart Watch|2499,1
ORD-20261004-1372,2026-10-04 13:29:57,Aryan,Dubey,"Surat, Gujarat",Home And Kitchen|Storage Box|299,1
ORD-20261004-3460,04/10/2026 11:14,PRIYA,bhatt,"Hyderabad, Telangana",Beauty|Sunscreen|449,3
ORD-20261004-0108,04/10/2026 11:06,gaurav,Solanki,"pune, maharashtra",Electronics|Wireless Earbuds|1299,2.0
ORD-20261004-1560,04-10-2026 11:12,Pari,Kapoor,"  Hyderabad, Telangana ",Electronics|Smart Watch|2499,1
ORD-20261004-1028,2026-10-04 17:38:28,ayaan,  Thakkar ,"  Hyderabad, Telangana ",Home And Kitchen|Steel Water Bottle|399,0
ORD-20261004-4092,04-10-2026 09:57,Janvi,mukherjee,"  Nagpur, Maharashtra ",Sports|Cricket Bat|1599,1
ORD-20261004-4122,2026-10-04 11:03:46,Shreya,Pillai,"Mumbai, Maharashtra",,3
ORD-20261004-3355,04/10/2026 13:22,ADVIK,Malhotra,"CHENNAI, TAMIL NADU",Sports|Cricket Bat|1599,1
ORD-20261004-0859,04/10/2026 17:06,Aadhya,Patel,"ahmedabad, gujarat",Beauty|Face Wash|249,1
ORD-20261004-3652,04-10-2026 21:49,Arjun,Gupta,"Pune, Maharashtra",Fashion|Cotton Kurta|799,3
ORD-20261004-0427,2026-10-04 14:54:32,dev,CHAUHAN,"Jaipur, Rajasthan",Sports|Football|799,2
ORD-20261004-0743,04-10-2026 19:19,deepak,Pandya,"Delhi, Delhi",Home And Kitchen|Storage Box|299,1
ORD-20261004-3021,04/10/2026 16:58,Vivaan,DESAI,"Chennai, Tamil Nadu",Fashion|Running Shoes|2199,2
ORD-20261004-4408,04/10/2026 12:15,manish,Bhatt,"KOLKATA, WEST BENGAL",Electronics|Bluetooth Speaker|1799,
ORD-20261004-2887,04/10/2026 12:24,Krishna,Parmar,"jaipur, rajasthan",Beauty|Lipstick|399,1
ORD-20261004-0723,04/10/2026 15:26,deepak,Patil,"Vadodara, Gujarat",Electronics|Smart Watch|2499, 2 
ORD-20261004-2649,04/10/2026 13:07,myra,Malhotra,"Mumbai, Maharashtra",Fashion|Cotton Kurta|799,1
ORD-20261004-0121,04-10-2026 19:43,KOMAL,Sharma,"Chennai, Tamil Nadu",Home And Kitchen|Steel Water Bottle|399,1
ORD-20261004-2487,2026-10-04 12:17:37,  Ishaan ,TRIVEDI,"  Hyderabad, Telangana ",Electronics|Power Bank|899,1
ORD-20261004-4007,04/10/2026 21:46,Roshni,Singh,"Ahmedabad, Gujarat",Sports|Dumbbell Set|1899,1
ORD-20261004-2759,04/10/2026 12:12,  Shaurya ,Kumar,"Delhi, Delhi",Beauty|Lipstick|399,1
ORD-20261004-3714,2026-10-04 11:05:19,NIKHIL,Vyas,"pune, maharashtra",Sports|Football|799,1
ORD-20261004-0359,04-10-2026 15:05,kunal,Ghosh,"  Nagpur, Maharashtra ",Electronics|Laptop Stand|749,4
ORD-20261004-1910,04/10/2026 11:48,Rahul,Dubey,"Delhi, Delhi",Fashion|Sunglasses|999,1
ORD-20261004-4642,04/10/2026 15:21,Krishna,Bansal,"mumbai, maharashtra",Sports|Yoga Mat|699, 1 
ORD-20261004-3453,04/10/2026 21:28,AADHYA,Das,"Pune, Maharashtra",Fashion|Denim Jeans|1199, 2 
ORD-20261004-2707,2026-10-04 10:57:55,Jay,RATHOD,"Vadodara, Gujarat",Beauty|Lipstick|399,1
ORD-20261004-2810,04/10/2026 20:33,om,bansal,"Delhi, Delhi",Sports|Football|799,2.0
ORD-20261004-1483,04-10-2026 07:58,myra,Mehta,"BENGALURU, KARNATAKA",Home And Kitchen|Bedsheet Set|1499,2
ORD-20261004-1810,04/10/2026 15:13,  Roshni ,GUPTA,"Bengaluru, Karnataka",Fashion|Sunglasses|999,1
ORD-20261004-0029,04/10/2026 10:56,  Roshni ,Iyer,"Bengaluru, Karnataka",Fashion|Running Shoes|2199,1
ORD-20261004-2954,04/10/2026 19:00,pranav,Malhotra,"Bengaluru, Karnataka",Home And Kitchen|Non Stick Pan|1099,3
ORD-20261004-3765,2026-10-04 17:13:25,Vihaan,dubey,"Bengaluru, Karnataka",Fashion|Cotton Kurta|799, 2 
ORD-20261004-3203,04/10/2026 20:49,  Atharv ,Trivedi,"Pune, Maharashtra",Home And Kitchen|Bedsheet Set|1499,1
ORD-20261004-3948,04/10/2026 18:20,Kriti,Trivedi,"Coimbatore, Tamil Nadu",Fashion|Leather Wallet|499,2
ORD-20261004-4089,04/10/2026 19:58,Sara,Chauhan,,Fashion|Running Shoes|2199,3
ORD-20261004-1547,04/10/2026 19:05,harsh,Bansal,"Pune, Maharashtra",Home And Kitchen|Non Stick Pan|1099,3
ORD-20261004-3268,2026-10-04 17:47:59,navya,arora,"Pune, Maharashtra",Fashion|Denim Jeans|1199,1
ORD-20261004-3837,2026-10-04 22:48:13,Priya,Bhatt,"Hyderabad, Telangana",Electronics|Wireless Earbuds|1299, 2 
ORD-20261004-3103,04/10/2026 15:23,sara,Chauhan,"MUMBAI, MAHARASHTRA",Sports|Yoga Mat|699,1
ORD-20261004-3442,2026-10-04 17:14:49,Priya,Das,"delhi, delhi",Fashion|Cotton Kurta|799,6
ORD-20261004-0465,04-10-2026 12:54,Swati,patil,"bengaluru, karnataka",Fashion|Sunglasses|999,2
ORD-20261004-2659,04/10/2026 21:16,Aditya,Jain,"Ahmedabad, Gujarat",Sports|Football|799,1
ORD-20261004-1678,04/10/2026 18:23,ARJUN,Joshi,"BENGALURU, KARNATAKA",Fashion|Denim Jeans|1199,1
ORD-20261004-2377,2026-10-04 22:21:07,  Hetal ,  Malhotra ,"Surat, Gujarat",Beauty|Sunscreen|449,1
ORD-20261004-2682,04-10-2026 16:21,Shaurya,bhatt,"CHENNAI, TAMIL NADU",Fashion|Leather Wallet|499,1
ORD-20261004-1525,04-10-2026 08:57,Jay,Kulkarni,"Vadodara, Gujarat",Sports|Yoga Mat|699,1
ORD-20261004-4620,04/10/2026 11:49,  Tushar ,PARMAR,"chennai, tamil nadu",Home And Kitchen|Storage Box|299,1
ORD-20261004-2332,04/10/2026 08:54,DIVYA,Verma,"surat, gujarat",Beauty|Face Wash|249,5
ORD-20261004-4327,04/10/2026 17:40,Vihaan,Parmar,"  Chennai, Tamil Nadu ",Sports|Football|799,5.0
ORD-20261004-1457,2026-10-04 20:31:39,harsh,Kumar,"Chennai, Tamil Nadu",Fashion|Leather Wallet|499,5.0
ORD-20261004-1590,04/10/2026 11:43,,Chopra,"kolkata, west bengal",Fashion|Running Shoes|2199,1
ORD-20261004-3043,2026-10-04 21:26:00,REYANSH,sharma,"  Delhi, Delhi ",Home And Kitchen|Non Stick Pan|1099,4
ORD-20261004-0386,04/10/2026 21:07,janvi,Saxena,"Vadodara, Gujarat",Home And Kitchen|Wall Clock|649,2
ORD-20261004-0363,04-10-2026 15:19,Krishna,  Chopra ,"SURAT, GUJARAT",Fashion|Sunglasses|999,
ORD-20261004-4660,2026-10-04 13:36:08,Simran,bhatt,"chennai, tamil nadu",Fashion|Leather Wallet|499, 4 
ORD-20261004-2876,04/10/2025 23:11,bhavna,KALAVADIA,"BENGALURU, KARNATAKA",Electronics|Wireless Earbuds|1299,3
ORD-20261004-3496,2026-10-04 16:30:05,Khushi,  Bhatt ,"Bengaluru, Karnataka",Fashion|Cotton Kurta|799,1
ORD-20261004-3039,04-10-2026 10:24,reyansh,Bhatt,"CHENNAI, TAMIL NADU",Home And Kitchen|Storage Box|299,3
ORD-20261004-1597,04/10/2026 13:48,Parth,Modi,"Mumbai, Maharashtra",Fashion|Running Shoes|2199,1
ORD-20261004-2095,04/10/2026 11:42,nisha,Pawar,"Bengaluru, Karnataka",Electronics|Smart Watch|2499,1
ORD-20261004-1472,04/10/2026 13:56,Dev,BOSE,"vadodara, gujarat",Fashion|Leather Wallet|499,1
ORD-20261004-3531,04/10/2026 11:51,Divya,Thakkar,"Bengaluru, Karnataka",Beauty|Hair Serum|549,1
ORD-20261004-1026,04-10-2026 11:57,Myra,Sharma,"NAGPUR, MAHARASHTRA",Fashion|Leather Wallet|499,
ORD-20261004-4079,04/10/2026 10:53,Khushi,Ghosh,"DELHI, DELHI",Fashion|Leather Wallet|499,2
ORD-20261004-4535,30/02/2026 18:39,SHREYA,Srivastava,"Ahmedabad, Gujarat",Sports|Skipping Rope|199,2
ORD-20261004-1168,04/10/2026 19:41,nidhi,Bhatt,"Ahmedabad, Gujarat",Home And Kitchen|Steel Water Bottle|399,4
ORD-20261004-2373,04-10-2026 21:31,  Vikas ,Dubey,"Kolkata, West Bengal",Beauty|Lipstick|399,1
ORD-20261004-0613,04/10/2026 20:28,nikhil,GUPTA,"  Pune, Maharashtra ",Fashion|Denim Jeans|1199, 1 
ORD-20261004-4105,04/10/2026 13:47,Ayaan,Bose,"Jaipur, Rajasthan",Beauty|Hair Serum|549,1
ORD-20261004-0824,2026-10-04 19:57:47,MANSI,Thakkar,"Chennai, Tamil Nadu",Home And Kitchen|Wall Clock|649,2
ORD-20261004-3575,04/10/2026 11:16,Riya,Saxena,"LUCKNOW, UTTAR PRADESH",Electronics|Laptop Stand|749, 3 
ORD-20261004-3574,04/10/2026 01:04,Sai,sinha,"CHENNAI, TAMIL NADU",Sports|Football|799,3
ORD-20261004-4425,04/10/2026 13:25,Reyansh,Bhatt,"  Chennai, Tamil Nadu ",Home And Kitchen|Non Stick Pan|1099,3
ORD-20261004-4600,2026-10-04 18:13:54,Tanvi,Sinha,"Bengaluru, Karnataka",Home And Kitchen|Steel Water Bottle|399,1
ORD-20261004-0556,2026-10-04 21:42:59,Pranav,SHARMA,"Jaipur, Rajasthan",Home And Kitchen|Steel Water Bottle|399,
ORD-20261004-1582,2026-10-04 23:46:07,Shaurya,Iyer,"kolkata, west bengal",Electronics|Wireless Earbuds|1299,3
ORD-20261004-4340,04/10/2026 12:52,Yash,Sharma,"ahmedabad, gujarat",Beauty|Lipstick|399,1
ORD-20261004-1349,04/10/2026 18:37,Kriti,Menon,"  Vadodara, Gujarat ",Fashion|Cotton Kurta|799,5.0
ORD-20261004-4656,04/10/2026 03:47,Aditya,Bansal,"  Hyderabad, Telangana ",Beauty|Sunscreen|449,4
ORD-20261004-2497,04/10/2026 14:38,Gaurav,solanki,"Bengaluru, Karnataka",Electronics|Laptop Stand|749,1
ORD-20261004-0114,,null,Bose,"Pune, Maharashtra",Home And Kitchen|Bedsheet Set|1499,-1
ORD-20261004-0516,04/10/2026 22:50,Ritu,Kumar,"Bengaluru, Karnataka",Home And Kitchen|Wall Clock|649,1
ORD-20261004-0069,04/10/2026 13:54,Jay,Das,"Surat, Gujarat",Sports|Dumbbell Set|1899,-4
ORD-20261004-3432,04-10-2026 21:08,Kriti,Parmar,"Ahmedabad, Gujarat",Fashion|Leather Wallet|499,2
ORD-20261004-3142,2026-10-04 20:22:59,Ishaan,SHAH,"Pune, Maharashtra",Home And Kitchen|Wall Clock|649,2
ORD-20261004-4015,2026-10-04 17:32:09,priya,Verma,"Chennai, Tamil Nadu",Beauty|Perfume|1299,1
ORD-20261004-1925,2026-10-04 20:49:59,Dhruv,dubey,"delhi, delhi",Electronics|Laptop Stand|749,1
ORD-20261004-3487,04/10/2026 21:06,Kunal,Mehta,"MYSURU, KARNATAKA",Sports|Cricket Bat|1599,3
ORD-20261004-0134,04/10/2026 14:29,Manish,KUMAR,"Chennai, Tamil Nadu",Fashion|Running Shoes|2199,1
ORD-20261004-2986,2026-10-04 20:59:18,Advik,Desai,"  Pune, Maharashtra ",Sports|Skipping Rope|199,1
ORD-20261004-0684,04-10-2026 12:46,Krupa,Sharma,"Vadodara, Gujarat",Home And Kitchen|Steel Water Bottle|399,3
ORD-20261004-1849,04/10/2026 22:12,dhruv,sinha,"surat, gujarat",Fashion|Running Shoes|2199,1
ORD-20261004-0138,04/10/2026 17:21,  Tanvi ,Modi,"mumbai, maharashtra",Sports|Dumbbell Set|1899,1
ORD-20261004-3902,04/10/2026 21:12,Janvi,gupta,"lucknow, uttar pradesh",Electronics|Wireless Earbuds|1299,
ORD-20261004-0257,2026-10-04 18:42:06,Harsh,Shah,"Bengaluru, Karnataka",Fashion|Denim Jeans|1199,1
ORD-20261004-1462,04-10-2026 09:24,Jay,Mukherjee,"Mumbai, Maharashtra",Home And Kitchen|Bedsheet Set|1499,2
ORD-20261004-3548,04/10/2026 18:40,Aditi,Rathod,"Pune, Maharashtra",Sports|Cricket Bat|1599,1
ORD-20261004-1346,2026-10-04 17:42:46,nidhi,Bhatt,"Nagpur, Maharashtra",Sports|Skipping Rope|199,4.0
ORD-20261004-1788,04/10/2026 20:05,Arjun,Pillai,"Mumbai, Maharashtra",Electronics|Power Bank|899,3
ORD-20261004-1364,04/10/2026 01:29,Krupa,Gupta,"Lucknow, Uttar Pradesh",Fashion|Leather Wallet|499, 3 
ORD-20261004-4034,04/10/2026 21:09,  Bhavna ,Kalavadia,"Pune, Maharashtra",Sports|Yoga Mat|699,3
ORD-20261004-2406,2026-10-04 09:45:12,Shaurya,KAPOOR,"Chennai, Tamil Nadu",Fashion|Sunglasses|999,1.0
ORD-20261004-0084,04/10/2026 23:07,Vihaan,Thakkar,"mumbai, maharashtra",Electronics|Wireless Earbuds|1299,4
ORD-20261004-0418,2026-10-04 10:30:52,  Khushi ,  Singh ,"Delhi, Delhi",Electronics|Bluetooth Speaker|1799,1
ORD-20261004-3059,04/10/2026 18:30,Kabir,Solanki,"Lucknow, Uttar Pradesh",Beauty|Lipstick|399,2
ORD-20261004-4364,04-10-2026 20:40,riya,gupta,"Pune, Maharashtra",Home And Kitchen|Steel Water Bottle|399,2
ORD-20261004-3790,2026-10-04 18:42:14,Diya,Trivedi,"Chennai, Tamil Nadu",Home And Kitchen|Steel Water Bottle|399,3
ORD-20261004-2864,04/10/2026 23:09,Priya,Kumar,"Kolkata, West Bengal",Electronics|Smart Watch|2499,3
ORD-20261004-1602,04-10-2026 12:47,Kriti,Pandya,"Vadodara, Gujarat",Fashion|Denim Jeans|1199,1
ORD-20261004-2971,04/10/2026 21:39,Tanvi,Trivedi,"Hyderabad, Telangana",Electronics|Wireless Earbuds|1299,1
ORD-20261004-0984,2026-10-04 22:02:07,Karan,Verma,"Chennai, Tamil Nadu",Beauty|Lipstick|399,1
ORD-20261004-2944,04/10/2026 21:39,RAJESH,Shah,,Fashion|Running Shoes|2199,3
ORD-20261004-1086,04/10/2026 20:23,Karan,GUPTA,"Bengaluru, Karnataka",Sports|Cricket Bat|1599,1.0
ORD-20261004-0964,04-10-2026 09:19,vikas,Saxena,"Mumbai, Maharashtra",Fashion|Cotton Kurta|799,2
ORD-20261004-2111,04/10/2026 19:09,anika,Pandya,"delhi, delhi",Beauty|Perfume|1299,6
ORD-20261004-1467,2026-10-04 21:46:31,shreya,trivedi,"LUCKNOW, UTTAR PRADESH",Home And Kitchen|Bedsheet Set|1499,3
ORD-20261004-1393,2026-10-04 10:56:58,Khushi,khanna,"Ahmedabad, Gujarat",Sports|Dumbbell Set|1899,2
ORD-20261004-1219,04/10/2026 08:25,Ayaan,agarwal,"jaipur, rajasthan",Electronics|Smart Watch|2499,1
ORD-20261004-4281,2026-10-04 17:58:31,dhruv,Chaudhary,"ahmedabad, gujarat",Home And Kitchen|Bedsheet Set|1499, 3 
ORD-20261004-2060,04/10/2026 20:04,Anika,ghosh,"Mumbai, Maharashtra",Fashion|Denim Jeans|1199,2
ORD-20261004-2314,04/10/2026 09:19,Varun,CHAUHAN,"  Delhi, Delhi ",Electronics|Wireless Earbuds|1299,4
ORD-20261004-0778,2026-10-04 10:09:03,Divya,SOLANKI,"PUNE, MAHARASHTRA",Electronics|Laptop Stand|749,3
ORD-20261004-4455,04/10/2026 13:41,Aanya,  Singh ,"Chennai, Tamil Nadu",Fashion|Running Shoes|2199,2
ORD-20261004-0874,04/10/2026 21:10,Priya,Kapoor,"pune, maharashtra",Fashion|Cotton Kurta|799, 2 
ORD-20261004-3580,04/10/2062 19:11,Jay,Kulkarni,"Mumbai, Maharashtra",Fashion|Running Shoes|2199,one
ORD-20261004-3315,04-10-2026 21:30,payal,srivastava,"Mumbai, Maharashtra",Home And Kitchen|Bedsheet Set|1499,1
ORD-20261004-2591,04/10/2026 18:00,roshni,Kulkarni,"  Pune, Maharashtra ",Beauty|Perfume|1299,-2
ORD-20261004-0309,04/10/2026 13:07,  Hetal ,Arora,"nagpur, maharashtra",Electronics|Power Bank|899,2
ORD-20261004-1211,2026-10-04 17:42:11,Rahul,Vyas,"mumbai, maharashtra",Electronics|Smart Watch|2499,2
ORD-20261004-4492,2026-10-04 13:33:47,Anika,Solanki,"chennai, tamil nadu",Fashion|Sunglasses|999,1
ORD-20261004-2868,2026-10-04 22:39:47,DEEPAK,Patil,"Bengaluru, Karnataka",Fashion|Leather Wallet|499,1
ORD-20261004-2206,04/10/2026 20:38,Rajesh,  Rao ,"Mumbai, Maharashtra",Fashion|Running Shoes|2199,5
ORD-20261004-2072,04/10/2026 22:24,Mansi,Ghosh,"Surat, Gujarat",Beauty|Perfume|1299,5
ORD-20261004-1698,2026-10-04 13:05:45,Aadhya,  Bansal ,"  Pune, Maharashtra ",Fashion|Leather Wallet|499,2
ORD-20261004-3906,04/10/2026 22:16,Shaurya,srivastava,"Mumbai, Maharashtra",Beauty|Face Wash|249,1
ORD-20261004-3347,04/10/2026 06:29,  Dhwani ,  Agarwal ,"Pune, Maharashtra",Beauty|Hair Serum|549,
ORD-20261004-3441,04/10/2026 07:07,Kabir,Pawar,"  Bengaluru, Karnataka ",Home And Kitchen|Non Stick Pan|1099, 1 
ORD-20261004-2937,04/10/2026 22:03,neha,Patil,"jaipur, rajasthan",Home And Kitchen|Steel Water Bottle|399,2
ORD-20261004-1348,04/10/2026 05:15,rudra,Joshi,"Surat, Gujarat",Electronics|Power Bank|899,1
ORD-20261004-0745,04/10/2026 14:14,ananya,Menon,"PUNE, MAHARASHTRA",Fashion|Running Shoes|2199,4
ORD-20261004-3972,2026-10-04 22:10:39,Kabir,das,"Mumbai, Maharashtra",Fashion|Running Shoes|2199,2.0
ORD-20261004-0367,2026-10-04 20:49:59,Gaurav,Desai,"Ahmedabad, Gujarat",,2.0
ORD-20261004-1705,04/10/2026 11:48,  Kabir ,Bhatt,"Mumbai, Maharashtra",Home And Kitchen|Wall Clock|649,5
ORD-20261004-1023,04/10/2026 10:56,Advik,Tiwari,"Chennai, Tamil Nadu",Home And Kitchen|Steel Water Bottle|399,1
ORD-20261004-0800,31/02/2026 16:17,  Bhavna ,khanna,"CHENNAI, TAMIL NADU",Beauty|Perfume|1299,3
ORD-20261004-2909,2026-10-04 22:39:10,atharv,  Pawar ,"  Kolkata, West Bengal ",Electronics|Smart Watch|2499,3
,04/10/2026 19:56,Aryan,Tiwari,"Kolkata, West Bengal",Fashion|Sunglasses|999,2
ORD-20261004-2910,04/10/2026 01:54,isha,saxena,"Hyderabad, Telangana",Home And Kitchen|Steel Water Bottle|399,1
ORD-20261004-2303,04/10/2026 21:30,hetal,arora,"  Mysuru, Karnataka ",Electronics|Bluetooth Speaker|1799,2
ORD-20261004-3479,04/10/2026 18:11,Riya,das,"Kolkata, West Bengal",Beauty|Perfume|1299,5
ORD-20261004-2653,04/10/2026 14:19,Parth,Bhatt,"Mumbai, Maharashtra",Beauty|Perfume|1299, 4 
ORD-20261004-0217,2026-10-04 21:05:21,  Manish ,CHOPRA,"Mumbai, Maharashtra",Beauty|Sunscreen|449,2
ORD-20261004-2152,04/10/2026 12:34,ayaan,Saxena,"hyderabad, telangana",Home And Kitchen|Wall Clock|649,2
ORD-20261004-4243,04-10-2026 18:48,ishaan,Iyer,"MUMBAI, MAHARASHTRA",Electronics|Bluetooth Speaker|1799,1
ORD-20261004-0911,2026-10-04 20:25:33,Diya,Pawar,"Mumbai, Maharashtra",Fashion|Running Shoes|2199,1
ORD-20261004-0337,2026-10-04 17:07:39,Kriti,Parmar,"Ahmedabad, Gujarat",Fashion|Sunglasses|999,1
ORD-20261004-2318,2026-10-04 22:44:18,Kunal,  Reddy ,"Mumbai, Maharashtra",Electronics|Laptop Stand|749,1
ORD-20261004-4520,04-10-2026 06:53,  Vikas ,Thakkar,"Mumbai, Maharashtra",Electronics|Wireless Earbuds|1299,3
ORD-20261004-0574,2026-10-04 15:12:44,Rahul,chaudhary,"Chennai, Tamil Nadu",Home And Kitchen|Bedsheet Set|1499, 3 
ORD-20261004-3420,2026-10-04 01:25:07,,Reddy,"Surat, Gujarat",Beauty|Face Wash|249,2
ORD-20261004-4294,,riya,Sinha,"Jaipur, Rajasthan",Home And Kitchen|Storage Box|299,6
ORD-20261004-4656,04/10/2026 03:47,Aditya,Bansal,"  Hyderabad, Telangana ",Beauty|Sunscreen|449,4
ORD-20261004-4156,04-10-2026 23:04,OM,Pawar,"Delhi, Delhi",Fashion|Cotton Kurta|799,1
ORD-20261004-3038,04-10-2026 21:06,SHREYA,desai,"bengaluru, karnataka",Beauty|Perfume|1299,1.0
ORD-20261004-0228,04-10-2026 22:37,Tanvi,  Pandya ,"Ahmedabad, Gujarat",Fashion|Sunglasses|999,2
ORD-20261004-3209,04/10/2026 23:21,  Om ,trivedi,"SURAT, GUJARAT",Beauty|Lipstick|399,1
ORD-20261004-4433,04/10/2026 22:20,neha,sharma,"HYDERABAD, TELANGANA",Electronics|Power Bank|899,2
ORD-20261004-4685,2026-10-04 18:58:21,  Megha ,parmar,"Delhi, Delhi",Electronics|Smart Watch|2499,1
ORD-20261004-3393,04/10/2026 12:18,Anika,Iyer,"  Mumbai, Maharashtra ",Sports|Football|799,2
ORD-20261004-4775,04/10/2026 12:31,  Sneha ,dubey,"  Nagpur, Maharashtra ",Home And Kitchen|Non Stick Pan|1099,3
ORD-20261004-4694,04-10-2026 19:37,Simran,Pawar,"delhi, delhi",Fashion|Sunglasses|999,2
ORD-20261004-4552,04/10/2026 21:13,Aditi,Sinha,"pune, maharashtra",Beauty|Lipstick|399,2
ORD-20261004-2820,2026-10-04 22:18:36,Riya,Singh,"Chennai, Tamil Nadu",Home And Kitchen|Non Stick Pan|1099,2
ORD-20261004-2751,04/10/2026 02:14,MANISH,joshi,"  Hyderabad, Telangana ",Fashion|Denim Jeans|1199,1
ORD-20261004-4081,2026-10-04 18:51:31,Anika,Reddy,"Delhi, Delhi",Beauty|Lipstick|399,4
ORD-20261004-0530,2026-10-04 19:31:16,Aditya,Shah,"pune, maharashtra",Fashion|Running Shoes|2199, 1 
ORD-20261004-2122,2026-10-04 20:55:52,Aanya,Chauhan,"Kolkata, West Bengal",Fashion|Cotton Kurta|799,1
ORD-20261004-2737,04/10/2026 13:14,Sara,Srivastava,"Mumbai, Maharashtra",Fashion|Leather Wallet|499,5
ORD-20261004-2625,04/10/2026 20:55,KRITI,menon,"Vadodara, Gujarat",Beauty|Face Wash|249,1
ORD-20261004-1113,2026-10-04 12:33:30,Om,Tiwari,"Pune, Maharashtra",Home And Kitchen|Wall Clock|649,1
ORD-20261004-3626,04/10/2026 18:51,payal,Rao,"Hyderabad, Telangana",Home And Kitchen|Wall Clock|649,2
ORD-20261004-2962,2026-10-04 20:34:50,Aadhya,Tiwari,"Delhi, Delhi",Fashion|Leather Wallet|499,4
ORD-20261004-3279,04/10/2062 15:46,Priya,GHOSH,"Vadodara, Gujarat",Home And Kitchen|Bedsheet Set|1499,1
ORD-20261004-3578,04/10/2026 14:44,HARSH,Das,"VADODARA, GUJARAT",Sports|Dumbbell Set|1899,3
ORD-20261004-4650,04/10/2026 19:25,Kriti,kapoor,"Mumbai, Maharashtra",Sports|Yoga Mat|699,2
ORD-20261004-2630,04/10/2026 16:25,Aditya,Mishra,"pune, maharashtra",Fashion|Cotton Kurta|799,3
ORD-20261004-3117,04/10/2026 18:30,Rudra,Pillai,"AHMEDABAD, GUJARAT",Electronics|Wireless Earbuds|1299,2
ORD-20261004-2537,04/10/2026 19:35,sneha,Kumar,"bengaluru, karnataka",Home And Kitchen|Steel Water Bottle|399,1
ORD-20261004-4773,04/10/2026 19:09,VIVAAN,pawar,"Lucknow, Uttar Pradesh",Fashion|Running Shoes|2199,1
ORD-20261004-4537,04/10/2026 21:13,ISHAAN,nair,"mysuru, karnataka",Beauty|Sunscreen|449,1
ORD-20261004-4053,04/10/2026 12:43,Mihir,Verma,"Chennai, Tamil Nadu",Electronics|Smart Watch|2499,2
ORD-20261004-4202,04/10/2026 02:45,rajesh,joshi,"chennai, tamil nadu",Home And Kitchen|Bedsheet Set|1499,1
ORD-20261004-3589,04/10/2026 19:21,Myra,Ghosh,"pune, maharashtra",Electronics|Wireless Earbuds|1299,5
ORD-20261004-4607,04/10/2026 00:49,vikas,vyas,"Hyderabad, Telangana",Fashion|Cotton Kurta|799,1
ORD-20261004-0278,2026-10-04 21:24:30,Khushi,MALHOTRA,"ahmedabad, gujarat",Sports|Skipping Rope|199,2
ORD-20261004-4272,2026-10-04 20:44:09,Pari,KUMAR,"PUNE, MAHARASHTRA",Fashion|Sunglasses|999,2
ORD-20261004-2013,2026-10-04 18:28:04,Aditi,Singh,"bengaluru, karnataka",Sports|Yoga Mat|699,3
ORD-20261004-4016,2026-10-04 22:13:08,Anjali,parmar,"kolkata, west bengal",Sports|Football|799,2
ORD-20261004-0455,2026-10-04 12:40:44,diya,Desai,"Mumbai, Maharashtra",Electronics|Wireless Earbuds|1299,1.0
ORD-20261004-1601,04/10/2026 11:59,  Komal ,  Trivedi ,"Delhi, Delhi",Beauty|Sunscreen|449,1
ORD-20261004-1714,04/10/2026 01:35,krishna,Chauhan,"chennai, tamil nadu",Electronics|Bluetooth Speaker|1799,1
ORD-20261004-1870,,Isha,parmar,"  Hyderabad, Telangana ",Fashion|Sunglasses|999,3
ORD-20261004-0693,2026-10-04 12:34:45,Isha,Nair,"Ahmedabad, Gujarat",Home And Kitchen|Bedsheet Set|1499,2
ORD-20261004-1529,2026-10-04 14:48:06,Tanvi,Gupta,"mumbai, maharashtra",Fashion|Sunglasses|999,1
ORD-20261004-0260,04/10/2026 16:55,Shaurya,,"Mumbai, Maharashtra",Sports|Skipping Rope|199,1
ORD-20261004-3099,04-10-2026 23:54,POOJA,SINHA,"Pune, Maharashtra",Fashion|Cotton Kurta|799,2
ORD-20261004-2673,2026-10-04 15:41:51,  Janvi ,Gupta,"Lucknow, Uttar Pradesh",Sports|Dumbbell Set|1899,2
ORD-20261004-4200,04/10/2026 22:30,om,Tiwari,"pune, maharashtra",Sports|Dumbbell Set|1899,3.0
ORD-20261004-4145,2026-10-04 09:23:58,Arjun,  Pillai ,"Chennai, Tamil Nadu",Fashion|Denim Jeans|1199,1
ORD-20261004-3679,04/10/2026 20:20,rohan,CHOPRA,"LUCKNOW, UTTAR PRADESH",Electronics|Wireless Earbuds|1299, 3 
ORD-20261004-3504,2026-10-04 20:46:18,Varun,Dubey,"Bengaluru, Karnataka",Home And Kitchen|Non Stick Pan|1099,4
ORD-20261004-2444,2026-10-04 20:15:38,aanya,Shah,"HYDERABAD, TELANGANA",Fashion|Running Shoes|2199,1
ORD-20261004-3096,2026-10-04 12:52:04,  Jay ,MUKHERJEE,"Mumbai, Maharashtra",Fashion|Sunglasses|999,2
ORD-20261004-2323,2026-10-04 05:04:31,Aryan,singh,"mumbai, maharashtra",Beauty|Hair Serum|549,1
ORD-20261004-3009,2026-10-04 10:21:15,Diya,Parmar,"Pune, Maharashtra",Sports|Football|799,1
ORD-20261004-3019,2026-10-04 16:05:19,Myra,Desai,"bengaluru, karnataka",Electronics|Smart Watch|2499,4
ORD-20261004-4214,04/10/2026 18:47,pooja,Sinha,"mumbai, maharashtra",Sports|Yoga Mat|699,4
ORD-20261004-3932,04/10/2026 17:50,Hetal,srivastava,"mumbai, maharashtra",Fashion|Leather Wallet|499,1
ORD-20261004-3365,2026-10-04 18:12:22,Pranav,  Khanna ,"Jaipur, Rajasthan",Fashion|Leather Wallet|499,-3
ORD-20261004-3121,2026-10-04 17:17:13,Varun,Kalavadia,"Kolkata, West Bengal",Fashion|Running Shoes|2199,2
ORD-20261004-3817,2026-10-04 15:17:26,khushi,Srivastava,"Bengaluru, Karnataka",Home And Kitchen|Bedsheet Set|1499,3
ORD-20261004-1717,04/10/2026 13:08,Divya,KUMAR,"  Delhi, Delhi ",Home And Kitchen|Non Stick Pan|1099,4
ORD-20261004-0417,2026-10-04 18:33:32,Bhavna,Chaudhary,"Hyderabad, Telangana",Fashion|Running Shoes|2199,1
ORD-20261004-4722,04/10/2026 20:44,saanvi,Singh,"MUMBAI, MAHARASHTRA",Electronics|Bluetooth Speaker|1799, 2 
ORD-20261004-1642,04-10-2026 12:06,Manish,Jain,"Hyderabad, Telangana",Home And Kitchen|Wall Clock|649,1
ORD-20261004-2073,2026-10-04 22:00:02,  Harsh ,Saxena,"Ahmedabad, Gujarat",Home And Kitchen|Bedsheet Set|1499,5
ORD-20261004-1775,04/10/2026 18:04,Rahul,Ghosh,"Pune, Maharashtra",Fashion|Cotton Kurta|799,2
ORD-20261004-3358,04/10/2026 20:45,parth,Malhotra,"Chennai, Tamil Nadu",Electronics|Laptop Stand|749,2
ORD-20261004-2076,2026-10-04 21:44:50,Gaurav,verma,"Mumbai, Maharashtra",Beauty|Face Wash|249,
ORD-20261004-0666,04/10/2026 12:11,Pari,Kapoor,"Hyderabad, Telangana",Beauty|Lipstick|399,2.0
ORD-20261004-1008,04/10/2026 01:19,navya,Ghosh,"Chennai, Tamil Nadu",Fashion|Cotton Kurta|799,1
ORD-20261004-2475,04/10/2026 20:08,karan,Bhatt,"MUMBAI, MAHARASHTRA",Electronics|Laptop Stand|749,4
ORD-20261004-3520,2026-10-04 21:42:58,REYANSH,Malhotra,"BENGALURU, KARNATAKA",Electronics|Wireless Earbuds|1299,4
ORD-20261004-2996,04/10/2026 18:08,  Nikhil ,Malhotra,"mumbai, maharashtra",Electronics|Smart Watch|2499,2
ORD-20261004-2283,04-10-2026 12:10,,Thakkar,"Chennai, Tamil Nadu",Sports|Football|799,1
ORD-20261004-3032,2026-10-04 18:35:14,Deepak,Kulkarni,"mumbai, maharashtra",Home And Kitchen|Non Stick Pan|1099,1.0
ORD-20261004-3740,,Rajesh,Joshi,"Delhi, Delhi",Fashion|Denim Jeans|1199,3
ORD-20261004-3604,04-10-2026 20:27,pranav,Kapoor,"surat, gujarat",Electronics|Smart Watch|2499,2
ORD-20261004-3140,04/10/2026 21:15,ADVIK,Thakkar,"Jaipur, Rajasthan",Sports|Yoga Mat|699,1.0
ORD-20261004-1198,04-10-2026 11:39,Varun,MISHRA,"Ahmedabad, Gujarat",Fashion|Leather Wallet|499,2
ORD-20261004-1234,04/10/2026 19:40,shaurya,SAXENA,"  Mumbai, Maharashtra ",Home And Kitchen|Bedsheet Set|1499,1
ORD-20261004-2414,2026-10-04 19:25:10,Dhruv,Kapoor,"  Bengaluru, Karnataka ",Beauty|Lipstick|399,1
ORD-20261004-1307,2026-10-04 19:24:35,priya,PILLAI,"Hyderabad, Telangana",Fashion|Cotton Kurta|799,
ORD-20261004-4490,04/10/2026 09:14,dhwani,sinha,"Jaipur, Rajasthan",Beauty|Face Wash|249,2
ORD-20261004-4581,,Sai,Kapoor,"Coimbatore, Tamil Nadu",,3
ORD-20261004-2227,04/10/2026 21:10,navya,DAS,"Jaipur, Rajasthan",Electronics|Bluetooth Speaker|1799,2
ORD-20261004-4485,04/10/2026 20:29,Shaurya,Shah,"Surat, Gujarat",Sports|Football|799,5
ORD-20261004-4483,2026-10-04 20:53:21,Bhavna,Kulkarni,"Delhi, Delhi",Fashion|Cotton Kurta|799,1
ORD-20261004-4602,2026-10-04 14:46:07,Diya,Chaudhary,"BENGALURU, KARNATAKA",Electronics|Bluetooth Speaker|1799,1
ORD-20261004-1063,2026-10-04 11:32:23,Mihir,AGARWAL,"CHENNAI, TAMIL NADU",Electronics|Power Bank|899,1
ORD-20261004-4726,2026-10-04 16:36:56,Sara,srivastava,"Ahmedabad, Gujarat",Beauty|Perfume|1299,1
ORD-20261004-3288,2026-10-04 20:30:20,komal,Malhotra,"mumbai, maharashtra",Sports|Football|799,3
ORD-20261004-4361,04/10/2026 14:02,SIMRAN,Rao,"Ahmedabad, Gujarat",Electronics|Laptop Stand|749,3.0
ORD-20261004-2524,,SHREYA,Malhotra,"  Jaipur, Rajasthan ",Sports|Skipping Rope|199,2
ORD-20261004-0441,04-10-2026 16:15,Om,Gupta,"Pune, Maharashtra",Sports|Dumbbell Set|1899,2
ORD-20261004-3127,04/10/2026 09:18,Nidhi,Kapoor,"Jaipur, Rajasthan",Fashion|Leather Wallet|499,4
ORD-20261004-3558,2026-10-04 17:29:30,Pranav,Trivedi,"Mumbai, Maharashtra",Electronics|Laptop Stand|749,3
ORD-20261004-4547,04-10-2026 14:17,Megha,  Rao ,"  Pune, Maharashtra ",Electronics|Power Bank|899,1
ORD-20261004-1914,04-10-2026 13:11,harsh,Joshi,"Mumbai, Maharashtra",Fashion|Cotton Kurta|799,2
ORD-20261004-4757,04/10/2062 20:52,Simran,Chopra,"Chennai, Tamil Nadu",Electronics|Smart Watch|2499,1
ORD-20261004-3413,04-10-2026 21:25,Riya,gupta,"  Chennai, Tamil Nadu ",Fashion|Sunglasses|999,1
ORD-20261004-4429,04/10/2026 20:52,Nisha,kapoor,"Nagpur, Maharashtra",Beauty|Sunscreen|449,1
ORD-20261004-0402,04/10/2026 16:15,shreya,Desai,"  Bengaluru, Karnataka ",Beauty|Face Wash|249,1
ORD-20261004-2616,04/10/2026 21:11,Jay,  Bose ,"Kolkata, West Bengal",Electronics|Smart Watch|2499,1
ORD-20261004-1414,04/10/2026 05:06,Simran,Sinha,"  Bengaluru, Karnataka ",Electronics|Power Bank|899,2
ORD-20261004-1638,04/10/2026 23:27,Anjali,Patil,"  Jaipur, Rajasthan ",Sports|Cricket Bat|1599,1
ORD-20261004-1510,2026-10-04 12:04:07,Nidhi,Yadav,"Coimbatore, Tamil Nadu",Beauty|Face Wash|249,3
ORD-20261004-2244,04/10/2026 14:31,vikas,Kulkarni,"Mumbai, Maharashtra",Electronics|Laptop Stand|749,1
ORD-20261004-1598,04/10/2026 22:12,krupa,Gupta,"LUCKNOW, UTTAR PRADESH",Electronics|Power Bank|899,2
ORD-20261004-4165,2026-10-04 17:53:55,ARYAN,mukherjee,"mumbai, maharashtra",Fashion|Running Shoes|2199,2
ORD-20261004-1906,04-10-2026 03:16,  Rajesh ,pawar,"Mumbai, Maharashtra",Sports|Cricket Bat|1599,3
ORD-20261004-4323,04-10-2026 13:28,rohan,Dubey,"mumbai, maharashtra",Sports|Cricket Bat|1599,-1
ORD-20261004-1386,2026-10-04 10:16:22,Yash,Nair,"Mumbai, Maharashtra",Home And Kitchen|Bedsheet Set|1499,4
ORD-20261004-3298,04/10/2026 09:51,Aarav,  Bhatt ,"Hyderabad, Telangana",Electronics|Wireless Earbuds|1299,3
ORD-20261004-2850,04/10/2026 17:24,Pranav,Rathod,"ahmedabad, gujarat",Fashion|Running Shoes|2199,4
ORD-20261004-4508,2026-10-04 13:17:32,Om,Gupta,"ahmedabad, gujarat",Home And Kitchen|Non Stick Pan|1099,2
ORD-20261004-4018,04/10/2026 03:03,Pari,  Chaudhary ,"BENGALURU, KARNATAKA",Sports|Yoga Mat|699,-1
ORD-20261004-3952,04/10/2026 15:58,KARAN,das,"KOLKATA, WEST BENGAL",Home And Kitchen|Steel Water Bottle|399,1
ORD-20261004-4158,,nikhil,reddy,"  Chennai, Tamil Nadu ",Fashion|Cotton Kurta|799,1
ORD-20261004-2351,N/A,mansi,Kulkarni,"Hyderabad, Telangana",Electronics|Power Bank|899,3
ORD-20261004-4548,04/10/2026 17:01,Aadhya,Dubey,"Delhi, Delhi",Electronics|Laptop Stand|749,3
ORD-20261004-4603,04-10-2026 21:06,SAI,BANSAL,"Coimbatore, Tamil Nadu",Electronics|Smart Watch|2499,5
ORD-20261004-0463,04-10-2026 07:48,Priya,Patil,"Nagpur, Maharashtra",Fashion|Running Shoes|2199,2
ORD-20261004-1278,04/10/2026 13:12,Pranav,  Kumar ,"Jaipur, Rajasthan",,1
ORD-20261004-3321,04-10-2026 19:52,MANSI,GHOSH,"Surat, Gujarat",Electronics|Bluetooth Speaker|1799,
ORD-20261004-0943,2026-10-04 20:21:03,Dhwani,Sharma,"  Nagpur, Maharashtra ",Fashion|Sunglasses|999,1
ORD-20261004-0133,2026-10-04 11:40:19,jay,Srivastava,"Lucknow, Uttar Pradesh",Fashion|Cotton Kurta|799,4
ORD-20261004-3599,04/10/2026 21:36,Janvi,patel,"Bengaluru, Karnataka",Fashion|Sunglasses|999,1
ORD-20261004-2389,04/10/2026 16:36,Divya,Malhotra,"Chennai, Tamil Nadu",Sports|Football|799,2
